event_id,user_id,event_type,page,product_id,session_id,event_at
1,829,page_view,cart,66,5f5f90c2-c8c3-4fd4-a249-afdc1f8d08da,2024-01-11 16:35:00
2,940,page_view,cart,84,45dbee89-19a8-491b-917e-3b63fd062ebd,2024-09-01 08:55:00
3,697,search,search,91,bd74d54d-449f-43aa-aa63-ae3fefd36092,2024-12-30 15:23:00
4,543,remove_from_cart,profile,7,a155be6e-2d41-4690-a9a4-a6e6b3deb2bc,2024-03-27 09:48:00
5,605,add_to_cart,search,59,e61250a0-cf46-41ae-8e56-85ffbf399c86,2024-02-04 06:34:00
6,615,search,product,59,86d0c43e-6014-466d-bc4b-27d921c17d5d,2024-10-17 22:14:00
7,347,remove_from_cart,cart,88,7bc37358-5e97-490c-b7c2-43105b1d293c,2024-05-17 10:50:00
8,939,search,profile,100,635eede5-b3e6-48c4-bec7-1a1f0be3cc4e,2024-11-12 00:21:00
9,881,purchase,product,84,ec4b26e9-a111-484a-9b41-f915a101d384,2024-02-01 03:37:00
10,765,search,cart,17,7ed3dbae-cc5b-439b-912d-8947a4163c59,2024-07-21 02:49:00
11,284,remove_from_cart,profile,57,20274ffd-d7b2-4fa9-b9c5-6245255390df,2024-11-23 16:10:00
12,850,remove_from_cart,cart,94,0df6f802-ad5d-4446-b8b4-b41714357cac,2024-11-23 12:27:00
13,234,purchase,product,7,b51289a8-9736-4abf-bfdc-166c8e81cd8e,2024-07-02 03:08:00
14,530,page_view,checkout,26,8f932337-bf98-4adf-b1a6-311f8f1db51f,2024-08-12 19:37:00
15,446,add_to_cart,home,59,588bf87d-cf3c-4ddc-bd0e-9b876a8a31e1,2024-05-04 06:48:00
16,949,add_to_cart,search,46,b697461b-8e3c-4f37-b86b-d69483130f3d,2024-07-21 17:40:00
17,256,purchase,search,98,3c572971-f404-4933-876a-872caf1e18cf,2024-11-20 10:28:00
18,41,page_view,home,43,409f14f6-7a90-4bfb-994f-94353749b76f,2024-12-12 01:53:00
19,723,add_to_cart,cart,27,f08e6c15-9f7c-41d8-ae77-040f7bbf7f92,2024-03-02 13:09:00
20,625,add_to_cart,product,94,f2d83fc5-a88d-44c8-beb0-78c7bf45473f,2024-06-13 12:11:00
21,127,add_to_cart,cart,25,0cff05f7-b805-4b77-9bb8-5aac95f9d710,2024-05-02 11:28:00
22,91,add_to_cart,home,42,0d884a69-a6c3-46e2-91bb-854a8d91b1f2,2024-09-06 09:39:00
23,132,page_view,product,82,be0789ac-b937-4f8e-bcc0-64ac0c57a4b9,2024-09-30 13:00:00
24,390,search,product,68,7176f5a0-5881-4a02-98bc-e469a48d748f,2024-11-09 14:49:00
25,137,search,checkout,5,c8d52a47-5c52-44ec-ad0e-c564646400b9,2024-03-13 08:23:00
26,412,remove_from_cart,profile,42,87dba097-cbde-44db-9f24-fd14d0024783,2024-04-29 03:43:00
27,863,page_view,checkout,51,e497e02e-9a27-4c7e-90bf-182bf468a718,2024-11-23 18:44:00
28,57,purchase,home,2,81366e3c-f354-4ccf-b433-715536c29988,2024-12-10 18:24:00
29,42,search,search,56,360d5494-6b48-406a-970b-51a592ccec4d,2024-08-26 09:16:00
30,234,remove_from_cart,search,99,918a8ff4-bc12-4a28-8b75-cf9f6f663e75,2024-04-25 08:23:00
31,976,purchase,home,53,443e7b9e-70dc-4543-a23a-a055b439810d,2024-12-24 21:07:00
32,963,remove_from_cart,profile,83,6d3f75ae-5dca-4ac1-a86b-713d266298a1,2024-08-05 06:15:00
33,399,page_view,checkout,87,d242f278-b358-456f-91a7-1fd90b5984a3,2024-02-11 00:48:00
34,714,page_view,product,88,d42c2cc6-ac60-4351-aaac-c7b8ea296db3,2024-03-24 06:04:00
35,185,add_to_cart,home,30,441dd98a-2de4-4972-a9a9-98131c54d4e6,2024-07-23 15:10:00
36,438,search,cart,57,7cca6776-8868-4614-af95-80f555099c54,2024-04-27 01:34:00
37,89,purchase,search,6,1d4cf2ab-3ff2-4fae-a78e-8a778a94b385,2024-04-11 10:01:00
38,213,remove_from_cart,product,6,76c78ab4-cec9-4b46-9e34-704e11ad0036,2024-07-23 04:32:00
39,737,search,cart,94,746aa831-862f-4360-b928-650c419498e7,2024-09-26 23:00:00
40,282,add_to_cart,cart,71,62f76806-c41d-4bd9-87f9-898337fde4f5,2024-06-18 03:40:00
41,79,purchase,search,93,3293dc30-4882-4b53-bf02-6b761889f773,2024-10-12 23:14:00
42,599,add_to_cart,home,9,47fa6216-77df-4e49-ac43-2b0c39155cea,2024-06-08 07:40:00
43,387,purchase,search,45,19b650cc-81ee-4199-a026-6241c949dec6,2024-09-27 14:14:00
44,199,remove_from_cart,checkout,49,7429c742-ef9d-4854-813f-bf08a4609790,2024-09-04 13:59:00
45,754,purchase,search,17,bba035cb-29c3-4a62-946b-be41cb5992da,2024-11-11 06:03:00
46,27,purchase,product,61,019d72cd-92a4-4e3c-b23f-89b1beeb0828,2024-01-08 07:57:00
47,518,purchase,checkout,38,88816f3d-9672-4e1c-bc4a-386ef86f0279,2024-08-09 08:14:00
48,520,remove_from_cart,home,68,ff376566-f037-4c73-9c04-55f2a7692637,2024-09-22 05:23:00
49,689,purchase,home,37,bfaa8047-c4fe-4b57-bf00-b5c0bebbffcf,2024-05-16 23:48:00
50,346,remove_from_cart,cart,21,608f9b7b-7b23-4b8a-92fa-1c1bc04fa3b2,2024-10-12 07:23:00
51,649,search,search,62,e4736a8c-1b38-45bb-9461-da5da53e975c,2024-11-17 08:11:00
52,100,page_view,search,35,10447a30-517f-40eb-8e85-b5fcc35f9b5c,2024-04-29 17:02:00
53,357,remove_from_cart,profile,59,388b0807-41da-4f39-91d6-fefb30d72b9a,2024-10-29 20:46:00
54,271,search,search,66,e22217b1-ec29-49c5-9451-2e3141cfc876,2024-04-28 00:56:00
55,123,search,checkout,7,701fe4d8-aa65-483a-ac5f-b92c3686195a,2024-10-01 00:49:00
56,733,purchase,cart,92,d57d9c42-d525-425c-b3e9-c1eaab0db04f,2024-04-22 18:14:00
57,676,search,search,47,b6d99bb7-1cc2-4839-9e7d-9a5d0b52bbfe,2024-07-11 14:48:00
58,781,purchase,home,4,04c6d144-6023-4f0d-93ea-3d48dcfec172,2024-12-26 08:11:00
59,491,page_view,search,66,c6913860-29a3-4498-ab65-2345fea62ffa,2024-05-02 19:26:00
60,769,remove_from_cart,cart,95,14231dc4-0ed9-45a5-b03a-57b80be83d3a,2024-09-26 20:37:00
61,912,remove_from_cart,profile,26,5907ab95-376e-4beb-951e-689d671dab61,2024-12-15 06:50:00
62,783,search,profile,2,db2e253c-c4e8-42d1-8349-6d77dd05fb20,2024-07-06 06:59:00
63,920,purchase,product,33,dbd4d798-ccad-4a2d-b2b4-ade7054c58be,2024-08-15 20:05:00
64,959,purchase,checkout,65,db27e31a-5c37-4da8-ac42-2729ab3d7032,2024-01-21 08:49:00
65,835,purchase,profile,86,afdad36e-0c81-4d70-a5ae-12433e185462,2024-10-10 01:22:00
66,646,remove_from_cart,cart,45,7c48d846-8c89-4c78-9bda-20173de5a769,2024-03-08 18:10:00
67,380,search,product,34,2d4576db-9827-4d2c-82dc-a75049dfea74,2024-10-24 03:18:00
68,560,page_view,search,58,2eb0348d-ce95-4311-aac0-4b89659fa322,2024-05-12 10:36:00
69,178,page_view,profile,65,a6faae0f-4637-4f08-a1fb-b8a86136155b,2024-10-20 06:06:00
70,794,page_view,cart,67,ecfe9fd9-a092-4e8f-87da-f1028f213b75,2024-09-03 12:49:00
71,534,purchase,search,94,756971ae-0c3e-455f-aa34-c35d2cf9c784,2024-05-11 12:04:00
72,563,remove_from_cart,home,50,74f1cc80-64eb-4c24-88dd-75d1c49ceb98,2024-06-14 23:31:00
73,65,remove_from_cart,home,85,de6abcbc-c24c-448a-b02b-8c97e510595e,2024-09-12 17:43:00
74,464,remove_from_cart,profile,92,a1b6d7b9-a300-4b08-8e62-aa1ca05ed820,2024-03-01 00:20:00
75,411,purchase,product,17,9dbb0b99-9633-4ef7-b347-b71c25830a41,2024-07-29 05:54:00
76,284,purchase,product,5,dbe96238-c065-45b5-bdaa-b49a70507148,2024-04-02 10:58:00
77,772,purchase,search,95,668b7bab-2f37-4547-b2f3-77f33bd6845a,2024-07-31 10:54:00
78,239,remove_from_cart,checkout,71,5194d399-6660-4f3c-abf3-19f0b740c89e,2024-07-15 13:25:00
79,472,add_to_cart,checkout,100,0eaa7e9e-84c2-4794-81bf-262483c51b9b,2024-01-15 07:58:00
80,149,page_view,home,82,e9bc4482-3630-465d-a357-789ad6804e0c,2024-12-12 22:10:00
81,284,remove_from_cart,search,55,8846f388-2164-4b15-b74e-8c85e379be2d,2024-02-12 11:56:00
82,282,purchase,search,74,2bf1713e-be16-4822-8712-9cf36a25d8c3,2024-09-16 09:57:00
83,272,page_view,search,87,e686f1e5-b94e-498a-8d1f-450d38029977,2024-06-27 02:38:00
84,609,purchase,search,27,5240a4b7-db5b-438d-a2b1-7f639b532d9a,2024-12-19 05:30:00
85,760,purchase,product,69,c09b0f5c-c047-418a-85b2-c7dcf14a316b,2024-10-28 20:03:00
86,524,add_to_cart,product,63,b8b73a5c-91ad-44ee-85e8-8b0513ee6f7f,2024-02-26 00:23:00
87,607,purchase,home,22,0210c91b-d851-4142-8ced-592d2138d93d,2024-04-11 07:44:00
88,622,search,home,36,53aa4c94-c749-41a9-8b63-78ae0b31cb92,2024-08-16 22:15:00
89,156,purchase,product,17,d0b27f4c-1f77-4983-a499-d64c1aea34c0,2024-05-19 06:44:00
90,932,purchase,cart,70,9231e9fe-0287-4299-9425-d46bae48cada,2024-12-31 22:06:00
91,106,purchase,product,45,820b41e4-f693-4c2f-979e-ed5a798569ea,2024-10-20 12:58:00
92,763,search,profile,58,1b1e8bff-7e97-47b4-8ddf-4b179daed77d,2024-02-03 16:23:00
93,73,page_view,cart,86,52424588-b730-47ba-8a55-a0291f99a7aa,2024-08-14 14:29:00
94,855,page_view,checkout,26,2507c7a6-0ca9-4f56-b9f1-c9751331e5ee,2024-02-29 22:20:00
95,631,add_to_cart,search,7,1c10bf35-dca8-4d31-938d-b065c5020053,2024-10-31 12:09:00
96,667,purchase,search,97,b94dbae8-0fec-4117-b48e-3f1ce6098105,2024-07-20 03:05:00
97,531,search,home,73,cd36b197-d94f-4fbe-bc82-b6bd3e6d2efe,2024-03-25 17:14:00
98,703,remove_from_cart,profile,88,56a62f4e-fa18-40f9-b64a-3bf8bc75a3a5,2024-05-17 01:53:00
99,134,purchase,profile,92,5c6d61fd-6940-46bb-b9a7-37a87eb0f217,2024-01-24 21:32:00
100,909,add_to_cart,cart,85,6e4df281-1c4c-4e9a-8c7c-2b9ed8f34b8e,2024-10-11 23:34:00
101,765,search,checkout,37,05a1e05f-8de5-452c-99f5-a699b04c3534,2024-11-20 20:13:00
102,384,remove_from_cart,home,99,c1732e0e-ff9b-4fb1-9d0d-28bc8089b486,2024-09-17 10:49:00
103,955,search,cart,21,3896ad2f-95e0-4056-9493-fddfad9b469a,2024-01-01 09:39:00
104,780,remove_from_cart,profile,33,1a88f5f5-0c79-4771-9e5c-ca2187fee7cc,2024-11-11 05:32:00
105,508,purchase,checkout,86,8a99c138-80f0-495e-bb78-e8024f44c674,2024-06-22 13:28:00
106,324,add_to_cart,search,53,98012025-9151-43af-91d8-41947204155a,2024-07-28 17:33:00
107,79,remove_from_cart,cart,83,6131a387-0256-4423-8b08-fbc751486a32,2024-04-18 18:52:00
108,134,remove_from_cart,home,26,68e62f28-0fa9-47f8-88eb-82619ee00cb9,2024-04-13 15:13:00
109,193,add_to_cart,checkout,85,d8bbe91b-eb7c-4dbe-b0c7-9835fcfb0202,2024-06-04 01:33:00
110,99,search,profile,39,83c73f31-cac3-47a5-ad61-40e6c6e41333,2024-06-07 09:35:00
111,585,page_view,product,4,f547cd3e-dbd9-4948-8b80-6737e0aec779,2024-09-23 09:08:00
112,816,purchase,product,46,8e78cade-54f4-4ce2-8732-4ca12a481970,2024-11-08 18:06:00
113,586,add_to_cart,home,41,94511bdb-e152-4ba7-815c-2151f55c9af7,2024-08-31 21:32:00
114,439,remove_from_cart,profile,36,1cd1fe4a-e3e1-4e56-ad79-62294973938f,2024-12-30 16:52:00
115,770,add_to_cart,search,56,0999eff9-a7bb-4d59-8d78-5f834538134c,2024-02-10 05:00:00
116,809,remove_from_cart,product,87,bf4f1c0c-b473-49dd-9290-f2a367bcb356,2024-09-18 14:01:00
117,37,page_view,search,7,337123a6-6007-4379-942c-412e0aa5dbd8,2024-07-11 05:18:00
118,437,remove_from_cart,product,9,b6d61fb9-64c2-48e4-8d24-a08de55d4c27,2024-11-17 21:50:00
119,130,add_to_cart,cart,52,71103392-389d-4f18-976c-58fd173477da,2024-03-19 08:18:00
120,225,purchase,checkout,20,f05103df-25dd-4515-a6a9-2854097e1397,2024-11-08 04:46:00
121,940,page_view,checkout,54,88565284-cbfe-484a-bf47-7192f414fdf7,2024-06-28 08:23:00
122,940,purchase,profile,82,43386d0e-b5c5-4efe-adaa-d1a730f8e0a5,2024-08-03 15:03:00
123,945,add_to_cart,checkout,7,24815eae-a0f6-453e-8723-f5548327fab1,2024-08-13 01:04:00
124,845,page_view,search,48,6f46cb7a-b0b6-4eb3-bb75-9e264fe18641,2024-07-05 15:49:00
125,995,remove_from_cart,product,65,c478e6dd-f05d-4984-bc63-191e80ebf7f5,2024-09-27 23:08:00
126,351,purchase,search,33,15248a35-6ba9-4701-b0a8-cdc598f3c69b,2024-12-18 06:29:00
127,96,page_view,checkout,83,93b6470c-a707-463b-9a18-4f231ecbab79,2024-02-06 21:44:00
128,897,search,cart,90,390e472f-3d02-495b-829c-539b85c85e04,2024-11-24 12:39:00
129,110,page_view,profile,93,2d98526d-b9a8-47b4-92be-72767b19cea5,2024-08-29 17:05:00
130,514,search,checkout,43,ec508e36-2f2c-4190-bcb1-22a91264fcda,2024-09-15 02:23:00
131,564,search,home,68,c5be67e2-3d87-4f5c-8bf3-9bd56ed344c2,2024-11-18 13:08:00
132,242,search,product,60,d7247749-8171-4957-b6ef-28429425ff16,2024-09-22 08:03:00
133,516,purchase,home,74,6690b687-ddc2-4da8-8f94-e81722d3b803,2024-07-05 15:05:00
134,353,purchase,product,98,9cad52b3-07ba-480e-8a6c-0718b82cf31e,2024-02-24 00:03:00
135,849,page_view,cart,63,bff86b5f-4339-4238-9e8e-eb4ac683262a,2024-12-27 02:50:00
136,585,remove_from_cart,home,56,da1d2345-2c9c-49dc-ac1b-fbca21136fa8,2024-12-01 10:57:00
137,444,search,cart,76,fa98c992-1472-455c-a92e-5a8a135e8224,2024-01-20 01:12:00
138,923,purchase,home,70,6c98bb46-a2a4-4dbd-bad2-3515a430e081,2024-08-01 02:59:00
139,310,purchase,product,76,5b84de7e-de9e-4d0c-98c4-608b006af375,2024-02-12 01:09:00
140,810,purchase,profile,38,4d375aee-d37a-4627-8fa0-2f6714ee0963,2024-03-29 06:30:00
141,816,search,product,58,5342dbe2-c436-446f-949c-4507b1cfe087,2024-11-28 13:08:00
142,923,add_to_cart,home,93,96087064-595b-4de9-b11e-60baffbf3a6f,2024-05-20 15:00:00
143,96,add_to_cart,checkout,88,b284a984-c761-4d5f-99f2-e38b455ded16,2024-01-10 23:23:00
144,905,purchase,profile,90,87fd9376-2cc7-4715-be66-28dceefbef5a,2024-03-21 19:08:00
145,413,purchase,search,21,6b3882bf-8a72-49cd-92ec-28e316f65c0f,2024-04-29 12:08:00
146,54,page_view,product,38,21bcba91-d5f3-4047-9f1e-93beb8f97111,2024-03-13 03:16:00
147,733,search,checkout,56,a4b6a03f-2370-439e-92ae-a13b4211c959,2024-04-27 00:09:00
148,722,search,search,51,352adb49-fc97-4986-bdb7-b3b86ab92f8a,2024-03-08 16:07:00
149,84,search,home,26,9558c8a9-62cd-4e85-b6d6-73fc05c956fa,2024-03-02 18:25:00
150,705,search,search,43,d037b88d-d3ff-4823-9c2b-8da798cae915,2024-04-08 11:37:00
151,71,add_to_cart,profile,45,e00774d6-dd73-4f6e-9577-a852474ea67b,2024-09-15 05:43:00
152,439,add_to_cart,checkout,94,ce951285-d92f-4e5e-87fe-f7d932e946a8,2024-05-24 14:33:00
153,941,search,profile,68,f5efa6e1-be0a-4ac6-b1c0-3ea7efdf3c00,2024-03-13 09:21:00
154,702,search,home,78,beb2944b-a8ca-4f20-821a-e012aa8edbf9,2024-09-23 15:34:00
155,116,add_to_cart,product,73,726ce14a-66dc-43a2-916b-a40588e82a81,2024-03-02 15:09:00
156,203,add_to_cart,search,67,b42bbb64-b815-4945-b6e4-c75653fcd2bc,2024-03-21 20:48:00
157,231,search,product,91,0ae5bb29-345f-42cf-a301-93f25ca678c6,2024-12-24 14:20:00
158,314,page_view,product,68,1ebb6739-d79b-46ee-ae27-8624acc5d94b,2024-08-29 01:23:00
159,945,remove_from_cart,cart,37,9719e296-d3ff-43a5-9d65-8f08706a1d3f,2024-01-14 10:44:00
160,305,purchase,cart,46,794a51c5-fe48-4b45-8af5-ec3a899d5052,2024-04-08 05:18:00
161,116,add_to_cart,checkout,80,72ad1ad8-288d-41af-bf07-875197004e8a,2024-01-21 15:02:00
162,816,add_to_cart,profile,83,94733ab3-f0b9-4df5-816f-c3446fbf5996,2024-06-02 18:39:00
163,972,page_view,cart,87,bfe94e08-e5dd-44cf-9b2f-fb6d450c9698,2024-02-23 00:44:00
164,482,page_view,checkout,71,6963bdbb-03f5-4866-9928-f5a2f09a1674,2024-08-23 16:36:00
165,431,purchase,cart,95,0675630f-362d-4aa7-9e40-2205105802ef,2024-04-14 22:24:00
166,938,page_view,home,36,3287a22e-dab1-4a5d-ae57-d0bb07e5ff32,2024-06-09 09:21:00
167,511,search,cart,18,7c11c18f-c4ee-4548-b291-25d39f9cff43,2024-09-11 11:14:00
168,478,add_to_cart,checkout,27,0de43b45-2ac4-4fe8-9de6-7646c423c80b,2024-03-26 12:54:00
169,932,search,cart,26,56519811-fdff-4800-8f1e-6c68b3b2398c,2024-08-18 04:16:00
170,320,remove_from_cart,search,61,5fecf349-c97c-4839-ad35-6b2babdfb583,2024-03-02 05:58:00
171,163,purchase,search,41,4a800e57-a473-428d-8001-7567fef0c0e0,2024-02-07 09:41:00
172,909,add_to_cart,checkout,77,1cb3f411-bf3d-4a0f-a18b-6e8911196815,2024-03-24 01:03:00
173,594,page_view,product,45,5d0e1e2c-cc72-4fb8-9905-341913f09c00,2024-09-18 11:15:00
174,885,remove_from_cart,profile,7,d09859e1-0e92-4af6-989d-2f791ff56e22,2024-03-09 19:31:00
175,934,page_view,search,74,e56213f1-9f4c-4044-be05-6496e07695d9,2024-06-30 07:32:00
176,804,search,checkout,3,3e642baf-b220-4e27-8926-b18ae9e3e962,2024-08-10 21:16:00
177,36,page_view,product,64,9c1ede77-fc9e-4388-92b2-2ff5a2b0faba,2024-05-17 17:36:00
178,402,purchase,search,17,9c42715d-b8d8-4ae2-a571-58c07933e19d,2024-08-07 07:57:00
179,503,purchase,search,17,b642303e-e81d-48d8-828e-6b0d37724296,2024-05-14 12:04:00
180,7,remove_from_cart,profile,74,e37e1cff-69a5-4459-b34b-52093e0ca3bc,2024-11-18 19:41:00
181,250,page_view,search,3,061aaf48-156a-4548-bf2b-40a89711e3ec,2024-05-30 21:19:00
182,796,purchase,search,37,b3a581cf-ff2d-40f8-b98c-acaf22799bff,2024-01-14 10:02:00
183,817,remove_from_cart,home,43,2c9934b8-948d-461a-92f2-8ca50eeb881e,2024-10-26 08:38:00
184,14,purchase,home,32,6d7ee89f-8fab-4b73-b476-ab233a87d568,2024-06-18 13:40:00
185,803,add_to_cart,checkout,2,661bb233-504f-4434-ba2f-ac854b4f3f55,2024-07-16 02:01:00
186,673,remove_from_cart,home,8,870a2f40-5c82-4e60-9210-9ecc157edda7,2024-11-02 03:31:00
187,826,page_view,search,81,4e5e683d-fc6e-4e78-a34d-d332c7fd899e,2024-07-05 07:28:00
188,153,search,home,60,4fbc378a-490c-4eb7-aab4-18896492b917,2024-09-04 23:16:00
189,7,search,search,72,dc549537-658d-4097-b2fb-2d29848ae503,2024-09-25 09:30:00
190,592,purchase,cart,85,73cd2196-4f3a-4402-bd67-54aca2ace110,2024-04-18 02:50:00
191,697,page_view,cart,95,f7ff7e37-8327-451e-9b20-d6edc31b0d70,2024-05-28 10:47:00
192,66,purchase,cart,28,85714620-8006-4982-a6fb-6d86b7f5add5,2024-05-04 22:41:00
193,604,search,product,67,ed0adf96-64bf-4a11-9d1e-fc5c74d60c7a,2024-09-30 07:24:00
194,865,purchase,home,6,90a08964-f642-4066-9086-5052e74c2a33,2024-10-30 14:16:00
195,869,page_view,search,71,b4e66a53-6d5d-4962-ad63-27f9058a93a9,2024-07-31 17:50:00
196,141,search,profile,91,901971ff-ca94-4bee-b9f7-e4395d9065e9,2024-09-08 23:22:00
197,502,page_view,search,87,2d3c672c-2a6c-4b3b-9ee5-1d39ae5bdd8b,2024-10-04 17:29:00
198,843,add_to_cart,profile,100,388b0da1-0717-4f03-9d24-de744daf3b0c,2024-12-17 06:03:00
199,704,purchase,cart,89,67e84fb6-df63-412e-ba5c-e5590e008f10,2024-06-26 15:53:00
200,563,purchase,profile,13,6ee9cb11-2e35-46c5-89cb-fbec5f9e7473,2024-07-13 10:55:00
201,568,remove_from_cart,home,96,a57787a6-7f7f-4807-9a55-a3717032476d,2024-04-10 00:02:00
202,750,search,product,21,9204fd1f-9b09-4a2f-a7b8-87fccb1eb980,2024-03-25 00:26:00
203,300,purchase,product,3,fd86380a-17fb-44ce-8def-d6c9e4211686,2024-08-03 20:27:00
204,500,add_to_cart,search,65,95d31569-2440-40de-9da6-39941fd897df,2024-05-03 13:49:00
205,87,search,profile,40,78f11d6d-a8e3-47e4-9972-55cbdf82237c,2024-12-31 02:46:00
206,882,page_view,product,65,c4a385c6-0dbb-4b3d-ad84-c77674084659,2024-12-25 21:44:00
207,946,add_to_cart,search,52,092320e5-56a2-44e0-84e9-0c5565a7e06f,2024-04-13 23:48:00
208,524,page_view,product,56,7ef45af1-9eb0-4962-ac69-8472ac9f8d0f,2024-06-08 19:55:00
209,671,add_to_cart,search,7,710c03bf-e8d6-440e-bda6-84522a49453a,2024-04-28 02:22:00
210,110,add_to_cart,product,96,6f29fc2d-6c68-4b5c-836f-f538f26c07d7,2024-08-08 10:41:00
211,802,search,home,90,8c7dc7e2-7bf5-49fc-8007-19cb26c924fb,2024-08-14 14:11:00
212,596,add_to_cart,cart,60,6abfc8f9-1b72-4f8a-9dec-aeed2da109bf,2024-09-28 06:27:00
213,240,purchase,search,14,b6780817-f377-41f3-a069-2dd7c5179882,2024-03-06 07:01:00
214,334,add_to_cart,product,42,64d502ef-0723-4d22-8478-114df59d1345,2024-03-11 13:03:00
215,42,page_view,profile,12,ee3b8002-40c8-4547-98d4-8645aa3583a7,2024-10-03 20:06:00
216,910,add_to_cart,product,3,5fd5405a-c3b3-4ada-8ac7-ea22a497c12f,2024-09-02 06:33:00
217,539,search,profile,8,63a8add0-e15e-4c2a-92fc-8239e194a48f,2024-02-09 20:09:00
218,171,page_view,product,34,96221247-e6d7-4bfd-8f36-9c3d61985764,2024-11-16 06:47:00
219,794,purchase,cart,17,a332ca60-dfb0-41b5-980b-af93345dfe2d,2024-02-18 01:04:00
220,33,purchase,profile,35,c0b54e8d-7bae-4130-bbca-3a1101072af2,2024-06-19 05:58:00
221,885,page_view,profile,45,108cd2d2-9e9f-4d41-b62c-0b7134e2760d,2024-12-26 01:02:00
222,604,search,home,9,117ff31c-aafb-4bcf-b280-8de8839af30a,2024-11-07 20:46:00
223,473,page_view,cart,65,e9e00ebe-65d0-4cf7-b419-6d2512ef08ef,2024-01-15 16:51:00
224,381,page_view,home,89,e8e8557b-0653-48cf-8606-65e1c6fd5414,2024-02-02 10:01:00
225,681,remove_from_cart,home,22,589a5711-4282-424d-bfd3-29e68bce9e27,2024-03-23 23:54:00
226,352,page_view,home,15,d572b5bc-a5f7-4f0b-a24e-4479be760d48,2024-03-26 16:29:00
227,797,remove_from_cart,home,67,e77e7355-c8e8-48bb-90df-f179da215606,2024-04-03 12:29:00
228,822,page_view,product,73,38cd56ed-c3f5-49d4-915c-0d80f306bbd5,2024-01-29 18:31:00
229,253,search,home,57,0a3acfa9-c26d-4fb5-9417-1e89ec13b8e1,2024-11-11 18:06:00
230,292,search,product,64,513b4108-ad5a-48d3-9675-bd944d30d19f,2024-02-25 19:05:00
231,33,remove_from_cart,cart,15,ba41e0fa-f335-4ff8-a175-0872aabd8f57,2024-06-04 03:16:00
232,391,search,search,16,37c3927d-d0f6-4475-8d77-af1c594e6cbc,2024-09-10 10:48:00
233,420,page_view,home,73,a6fe0dc7-ac36-4b36-b061-b9720003baed,2024-06-27 17:14:00
234,813,remove_from_cart,search,93,c9930880-624e-4a54-8db7-e5900a5d2401,2024-05-02 10:59:00
235,611,page_view,product,60,34111698-581f-4699-a410-2782fbe101c8,2024-06-20 07:26:00
236,763,add_to_cart,cart,61,bf638917-3f38-411f-bcbc-f111d9e4d430,2024-11-10 19:47:00
237,58,remove_from_cart,product,98,7a732911-ed56-46b0-a599-dab9c99684dc,2024-04-27 21:12:00
238,964,remove_from_cart,checkout,44,2e1a7bd5-1a17-4063-a998-30675f5d6bee,2024-01-07 18:54:00
239,72,purchase,search,25,bf897061-e2ca-45ff-b3b1-f93a0fdb0a9f,2024-07-01 23:26:00
240,197,purchase,cart,5,8a2346d4-1dc8-493f-80d4-a561a8db4808,2024-11-18 20:42:00
241,378,search,cart,65,0684adac-9362-416c-a3cb-312f0cbc1f00,2024-10-09 02:06:00
242,559,remove_from_cart,cart,58,8711380c-cf4b-4b56-8d90-7a411c3318b4,2024-08-31 02:30:00
243,24,purchase,checkout,47,0685dda6-5eca-4d76-aa68-78b8d631174f,2024-08-29 13:57:00
244,444,add_to_cart,checkout,10,c6b4416a-45cb-4e2e-9aa6-833743235392,2024-01-30 22:24:00
245,106,page_view,cart,23,8e01124c-66e0-4524-9558-fb0d741d6d5f,2024-01-17 07:01:00
246,485,add_to_cart,profile,94,701e2eb9-12a5-49fb-a442-9df8499983c0,2024-06-27 07:35:00
247,400,search,product,65,d63175b1-c219-44d0-85b3-b6a565a0f6ca,2024-02-03 10:39:00
248,850,purchase,search,3,ff187ec8-a341-44cd-a0ea-f5a5d5555940,2024-01-05 23:29:00
249,954,search,checkout,15,c73e9891-775b-436f-ae46-a7e0cdcc9315,2024-08-07 19:00:00
250,64,search,cart,32,d3868e01-cbc5-4ddf-8a63-5fd10ace526c,2024-05-13 22:29:00
251,336,remove_from_cart,home,96,955abf57-9196-4971-9068-1821908e76da,2024-08-12 09:33:00
252,102,remove_from_cart,cart,40,73b78792-d293-401a-b48a-8f61456eec6c,2024-05-01 18:16:00
253,288,purchase,profile,78,8be0ebf0-96c9-40ef-8990-4e99adae0de8,2024-03-27 12:25:00
254,179,purchase,product,77,e436fe3e-2c13-469d-9d1f-0c180e9fd7db,2024-06-25 03:37:00
255,988,search,home,92,e300b340-01d4-4105-ade5-cb0a2bc2c224,2024-04-26 17:56:00
256,946,add_to_cart,product,36,4b74c153-bcb8-496b-ba4f-5ce1b240e35e,2024-12-24 19:41:00
257,312,page_view,cart,44,98f04b46-2ec3-4309-a9ea-695886202164,2024-04-02 18:47:00
258,865,search,product,60,7b7c5e66-9c08-4250-b6f0-bac6f7239f5a,2024-08-24 15:43:00
259,465,page_view,product,48,603a7859-62af-4030-8c17-31b673b0af0a,2024-09-30 19:38:00
260,988,purchase,home,51,73fc7a0d-3c38-4147-8eb6-916a60190ba6,2024-01-12 01:05:00
261,210,page_view,home,32,a371b924-434d-41c8-977a-b021fb1f4e54,2024-12-10 20:31:00
262,514,purchase,home,70,dbb64a86-cc77-4f57-b590-62cc8bf6231b,2024-08-29 21:38:00
263,805,purchase,profile,91,695243db-7cee-43b9-9555-32ddff2bc61f,2024-09-25 20:54:00
264,593,add_to_cart,search,31,2a657f2f-00c4-4c54-870a-be039568dcd8,2024-01-30 18:03:00
265,945,purchase,checkout,19,c54b4f3f-e70e-4e55-882e-af35733485ee,2024-06-12 17:19:00
266,50,page_view,search,83,4e52d6b8-60c2-4d65-b322-9539ade68d54,2024-01-03 13:11:00
267,649,remove_from_cart,home,75,dd9d6b5f-5163-4248-8f7c-e48f82daaa7e,2024-05-19 13:45:00
268,394,purchase,home,43,fa170782-687b-4a43-b2c0-aa9efd1d597b,2024-01-01 13:33:00
269,581,page_view,product,47,f1f5d4da-22fc-444e-bd80-5e46f2943979,2024-07-08 23:10:00
270,883,search,search,99,d5411af3-1a67-422f-89f6-d584230d313c,2024-11-01 14:12:00
271,472,search,cart,4,bc7a0a61-b6d1-4028-920b-47f376f33ec1,2024-08-14 21:00:00
272,270,page_view,search,4,5beb6e08-a9ee-4891-b8de-cc2bb56212a2,2024-03-29 08:52:00
273,124,purchase,profile,100,88b18d37-7223-401a-ae81-156367470f59,2024-02-23 15:28:00
274,140,add_to_cart,checkout,73,89d0a4f4-1cdd-4f42-b182-bdf7b5e06655,2024-11-20 14:48:00
275,235,page_view,search,2,dc5abcc8-99dd-43d3-b863-2c4666dbc155,2024-06-17 07:51:00
276,861,add_to_cart,home,15,88de8134-7d78-42d7-9934-dea502b5b10a,2024-12-11 18:10:00
277,338,page_view,search,55,b4c02488-e7bd-4e0e-8ece-8c723e3c79c4,2024-05-24 14:01:00
278,265,search,cart,95,6328ef53-503a-4c1f-8eb3-7c04b4fd9aaa,2024-06-11 01:10:00
279,210,page_view,product,100,e88465a0-9ac1-4efd-a8d5-084cec03a84f,2024-08-18 23:18:00
280,727,remove_from_cart,checkout,16,c5c63bb4-3404-4c1b-9be1-6afd9970678b,2024-06-25 12:22:00
281,54,add_to_cart,checkout,13,27f999f0-8c13-422d-af8e-b9f83c6934b0,2024-06-14 23:45:00
282,930,page_view,home,62,37d1e984-85b0-4fac-bb83-9f710ede3c92,2024-05-11 17:32:00
283,227,search,product,56,fd9a3dd3-bf19-4696-9992-336f70eec80a,2024-10-02 04:52:00
284,57,page_view,product,5,aa75a831-78fd-4c4a-a92a-5a4f8b848b31,2024-03-14 22:50:00
285,921,page_view,cart,19,ddd42d38-5e43-430b-ab76-a29b5abf0054,2024-07-26 05:03:00
286,496,purchase,profile,61,51862489-7ae5-44c6-9485-8be24df33a3b,2024-10-20 11:45:00
287,831,purchase,cart,87,35c06047-f75d-4297-8393-637611a1fdfc,2024-08-24 03:46:00
288,775,search,checkout,77,387d7422-ae64-41fa-a158-2a6f403913d4,2024-08-17 04:23:00
289,17,page_view,checkout,77,6a3aaba9-2ff9-4b22-8e1e-27ea04fb8c06,2024-08-26 07:27:00
290,351,search,checkout,92,247b1184-bc13-40f9-9279-7855e8a0180a,2024-11-25 22:37:00
291,268,search,profile,19,f65e1d18-3cc8-4a8f-b100-0f3553f5517d,2024-12-03 06:07:00
292,648,remove_from_cart,home,15,a51041fd-daf0-4208-8225-c5aaef030169,2024-01-05 20:35:00
293,81,purchase,search,26,c1027636-7e12-4fd1-8b0e-197b2993ec7a,2024-02-10 07:21:00
294,867,purchase,home,80,7c89636c-4817-4db8-8739-fba1555a8319,2024-01-31 18:44:00
295,202,purchase,checkout,93,18221d4d-ba10-4a11-803d-663597960839,2024-02-26 15:26:00
296,370,search,search,11,d02c5806-857f-4784-a05c-f52f569532bd,2024-09-26 16:56:00
297,817,add_to_cart,checkout,49,7a4c3535-027c-4fda-9e13-1bf835828824,2024-01-12 13:04:00
298,666,purchase,home,17,00200499-197e-4c68-9300-516ba464d6b3,2024-06-30 10:44:00
299,57,purchase,cart,70,bfcdde42-c7f5-46ae-a790-5ee3832b839d,2024-05-15 18:12:00
300,625,page_view,profile,62,8421f742-77ec-4db1-9602-1056a2ca1072,2024-10-01 05:53:00
301,857,purchase,cart,8,b4bd4e69-3e1e-4f38-85f3-0a810ad68507,2024-10-07 06:17:00
302,954,remove_from_cart,cart,27,ba19d3c7-f01d-4c7d-a7dd-433606f454d3,2024-05-20 01:11:00
303,908,search,search,43,bef5138d-3e34-4873-b67f-f5ec4c166c6c,2024-12-18 10:37:00
304,609,page_view,home,66,6691be75-26db-4703-b5a2-5aaf5b70b776,2024-08-21 14:06:00
305,501,remove_from_cart,checkout,49,ded54cc9-83eb-4acb-b9f5-f1b2ac943497,2024-12-15 07:20:00
306,502,search,home,25,c7f152f7-ffb7-40f3-a1ac-c0f5a447843f,2024-09-16 02:34:00
307,435,search,product,21,48ace15b-d7e5-49fb-b4b2-5a9badbc3c28,2024-02-01 00:29:00
308,985,add_to_cart,search,94,e3f3ceb9-1910-44d5-ad86-773f0cf990df,2024-12-16 12:21:00
309,910,remove_from_cart,product,57,ce1d3929-1401-427b-b10f-135f78985d87,2024-01-02 03:07:00
310,136,purchase,search,75,0885dec0-dfe5-4f8b-90ef-5226b287c05f,2024-04-01 16:38:00
311,471,add_to_cart,product,34,095c9962-ef1e-465c-abc5-0a6b805feea7,2024-10-19 14:26:00
312,93,search,profile,29,857f55ef-76f4-448a-bafe-346fcbc4b635,2024-06-07 17:31:00
313,486,purchase,home,13,68a92a32-188f-482c-a1a6-f889b23e1aad,2024-04-23 03:01:00
314,731,search,search,55,bf8fe4a3-1f50-4f25-b69e-749af7ed0406,2024-03-08 08:23:00
315,203,page_view,home,41,50ece6ce-4ccc-4422-abbc-3dd990e3a663,2024-09-09 03:34:00
316,968,add_to_cart,checkout,43,215cab9b-ed68-4906-bb69-24a3ff36f3fd,2024-03-09 05:55:00
317,467,page_view,profile,2,6cd32392-bf61-439a-8d55-21da6da361e7,2024-07-25 16:16:00
318,420,purchase,checkout,46,553c0384-49a3-4587-984d-db257f203e78,2024-08-01 11:34:00
319,257,page_view,cart,24,f83f133a-722e-4c99-a738-6a119accfe48,2024-11-21 22:53:00
320,959,search,home,83,e8ff09c8-c5bc-4698-ac62-6f17e656c2a0,2024-02-01 06:52:00
321,454,remove_from_cart,search,58,27947f63-b63b-4df1-a3e3-de0b729029a6,2024-04-09 13:19:00
322,372,purchase,checkout,10,a023cb77-7b54-4376-b1df-e4903efe2696,2024-03-22 02:44:00
323,166,remove_from_cart,search,71,5f290143-4c9f-4cc7-9f61-1474cb3d7245,2024-08-16 13:40:00
324,914,remove_from_cart,home,42,4c4c279f-4460-4c3e-b61d-5d7b2342badf,2024-06-29 15:53:00
325,888,add_to_cart,home,87,9bdcb191-303c-428a-ba41-38b2222b25fa,2024-05-06 02:44:00
326,637,page_view,product,75,fc4a2c43-c547-472f-9621-25caf84bc687,2024-07-12 16:58:00
327,248,search,profile,7,eb399b5a-95f9-4c2f-a5f8-7440e920e38b,2024-03-27 16:10:00
328,591,purchase,checkout,63,4c1a88cb-7711-492c-a6e0-5b8d4b36ea09,2024-03-31 05:49:00
329,17,purchase,home,99,5bc2e157-18bf-43aa-aeeb-434b925853a6,2024-11-25 02:13:00
330,970,remove_from_cart,home,83,dfdf8e71-3919-4337-ae1b-6a749b1f1462,2024-12-30 07:12:00
331,417,purchase,search,97,4941b2f7-35cb-46e6-8e89-f095d8cf77ef,2024-10-29 09:52:00
332,623,remove_from_cart,search,19,4398cdca-e0b2-4920-85bc-445c0f3818b1,2024-09-10 17:13:00
333,437,purchase,checkout,36,9dac2fc1-88f0-44ce-ac6b-bc4d54fba43a,2024-05-31 15:12:00
334,174,remove_from_cart,cart,58,039ec057-3160-4f86-bde4-97f20b5b78d9,2024-02-28 18:58:00
335,339,remove_from_cart,cart,73,3c7ae78e-a665-4c1e-aa49-1e2c401f1bf8,2024-08-10 17:16:00
336,488,add_to_cart,checkout,88,81c08ab3-fa24-4e51-8e9a-bdbaa38e8137,2024-07-24 01:16:00
337,71,add_to_cart,search,12,976daf81-d018-4824-80f2-60e6a5314731,2024-09-01 15:07:00
338,498,page_view,checkout,75,12af4215-2ed7-41e1-89c3-78001bce11c7,2024-10-29 09:17:00
339,318,add_to_cart,profile,72,b8a892f6-1be2-48c7-9775-a38878d312a0,2024-04-06 18:24:00
340,219,add_to_cart,cart,64,7e47944b-7ea5-44fc-8ce5-872c2dd3a5a9,2024-01-21 00:19:00
341,172,search,profile,85,33119f0a-dc68-4865-8123-0bee9cd4bfb7,2024-07-09 10:46:00
342,728,remove_from_cart,checkout,15,42a808d4-09ab-4fe6-bf0f-bab130c3341b,2024-03-25 01:02:00
343,452,add_to_cart,home,50,558b4566-b7d4-4d01-ab12-60cad531063f,2024-10-11 01:34:00
344,45,purchase,search,24,a84bb6d1-6990-4968-85e4-654375c076f0,2024-05-18 04:15:00
345,634,search,checkout,82,48646275-b3a0-4a0d-a095-e3bc4857286e,2024-08-12 12:44:00
346,494,remove_from_cart,product,17,f4d2ec4d-5f58-444a-8142-3723cc1adfd1,2024-11-15 18:36:00
347,550,add_to_cart,search,13,20b850f3-2524-4037-927d-ec493157c485,2024-10-09 15:44:00
348,349,search,search,7,abb16922-6b64-41a1-aeae-6f5eb97e6e7f,2024-07-04 16:33:00
349,308,page_view,search,98,b10dbbad-ed8f-41f9-8c6a-d3b19d4ce33d,2024-11-27 22:19:00
350,526,add_to_cart,cart,54,ca57fd7f-53e6-4060-804b-36758c1ee30f,2024-05-31 21:58:00
351,908,page_view,home,68,72670943-b2b5-4e9f-ab8c-b10470227077,2024-09-24 00:53:00
352,238,remove_from_cart,checkout,58,0e1dfad1-b912-43bd-be20-ff78fe7d8587,2024-01-24 22:01:00
353,433,page_view,checkout,78,13862c56-56f0-4740-a769-2fd175839051,2024-04-19 17:50:00
354,272,purchase,product,66,f47aa0fc-d4e9-4f9d-9d2c-aeede7a6344b,2024-02-07 00:48:00
355,708,purchase,product,64,bfd60d21-405a-4be8-a42a-a5c66df2a7f9,2024-01-03 21:28:00
356,173,page_view,search,48,635975e6-e17e-4c32-8b5a-a668852d324a,2024-01-19 17:08:00
357,141,purchase,home,52,c5aa82bb-d75c-4820-b2d7-63133c318128,2024-05-07 09:02:00
358,352,remove_from_cart,checkout,37,4c9fb00e-9cf8-4d37-831e-22076dd6b648,2024-11-09 16:20:00
359,630,page_view,home,61,d0c22b0d-1095-4758-a9eb-abd110e6d8a1,2024-06-26 05:52:00
360,317,page_view,profile,2,df9b6c4b-ad81-4a1e-a4c0-26e0f79c2ae3,2024-02-06 14:23:00
361,371,page_view,cart,76,a8de6ce8-20fd-4a06-a48a-f9303779d35b,2024-12-06 07:20:00
362,461,search,home,37,12f8c1da-93c2-4932-96f8-e7669758b1d2,2024-02-17 04:30:00
363,965,purchase,home,10,b353e087-dcc9-4c2f-a97e-05e5031cca67,2024-07-03 07:12:00
364,983,search,checkout,77,d760bca4-6150-4dcb-84e6-bbdcbca4ff2a,2024-03-10 21:34:00
365,245,search,product,77,30a5032e-a642-4d2b-9022-a00d1eab62a9,2024-03-04 04:52:00
366,247,search,profile,16,2966d50a-59d8-46eb-9edb-54279bf77699,2024-02-11 20:35:00
367,982,purchase,cart,84,08e25823-e631-4f1a-932f-8f79a31692bd,2024-01-24 01:50:00
368,508,remove_from_cart,product,97,631bcc68-a3fe-4f61-9b40-f2609dfbebe6,2024-03-14 12:10:00
369,550,remove_from_cart,product,22,fe254373-0bfc-4182-a49c-af07117c1060,2024-04-24 21:31:00
370,394,page_view,profile,81,f30a4c63-892a-4e76-99dc-468d5bcec2fa,2024-04-19 10:24:00
371,486,add_to_cart,search,36,e5c59ae6-3009-4b84-8301-ffcbf747d59d,2024-05-20 04:18:00
372,839,purchase,product,18,52aeae6e-75e0-48d3-8855-90d6de09d83d,2024-03-21 13:18:00
373,955,purchase,product,65,54a2ddef-39ec-4baa-9f62-4afabd4677eb,2024-05-06 20:15:00
374,225,remove_from_cart,profile,31,f7e57c1d-542b-478b-b80d-6e2c7c502e63,2024-03-22 20:24:00
375,46,add_to_cart,product,18,fc3eab24-75bb-46ba-91f8-89b41f518f23,2024-03-17 21:28:00
376,339,purchase,home,64,6d3f65e9-544f-4f76-9eb0-59dae0a2a40f,2024-11-29 11:33:00
377,220,remove_from_cart,profile,35,624be82f-2dad-4fa4-9e08-bc863597abde,2024-12-09 02:52:00
378,468,add_to_cart,home,80,6b06a0c2-0acb-4f55-99fa-6af9178bf3b5,2024-09-16 22:05:00
379,749,search,home,92,2ea4647f-d6aa-4d36-9b6b-bc31850c843c,2024-10-21 22:59:00
380,147,remove_from_cart,profile,85,daad3a87-36c0-4990-87d7-ab31edf21ae0,2024-03-13 08:07:00
381,832,add_to_cart,search,56,402aec19-ec5b-4788-a2b8-0dbe41af0257,2024-04-25 11:51:00
382,617,purchase,cart,21,22a5b4b2-3bfd-41e9-99ad-831cc01bfd98,2024-03-11 16:44:00
383,521,add_to_cart,product,4,f70ee28a-2280-4b7d-a839-d1708c205d24,2024-11-13 07:37:00
384,502,remove_from_cart,search,71,07b6619b-96a7-489b-bfa6-a7256f390fdb,2024-01-19 00:52:00
385,808,search,product,79,be942d3c-7ce4-4ba7-bd54-edaa7550aba7,2024-04-28 13:28:00
386,450,search,cart,11,06ca48a2-cf86-4f65-962c-a5c5887473e1,2024-05-21 11:21:00
387,277,search,cart,37,a79b4c8d-cc8d-4510-9109-08a04ef8f39b,2024-05-19 23:19:00
388,145,search,profile,60,e12d324b-342b-432b-b18f-1a9acc17fb1b,2024-04-23 15:09:00
389,439,search,product,21,9ca020e7-38fc-4866-90fa-bca6d27b16d1,2024-04-28 06:51:00
390,260,search,product,26,49a5bbfe-a8d6-46ed-86a9-aab2ae2d72e2,2024-09-05 21:22:00
391,381,purchase,profile,81,2cc541aa-a9a1-4216-ad3d-3017b697a3ed,2024-04-22 15:34:00
392,349,page_view,product,77,99c9d8ba-9c95-485b-8278-f3787df78415,2024-04-10 02:06:00
393,886,purchase,cart,28,39062729-29c7-4f7d-b01c-bb6d15033f73,2024-02-28 04:55:00
394,940,purchase,cart,45,de260900-6833-49f6-b65d-460f7f245a53,2024-07-14 22:47:00
395,631,purchase,checkout,46,d9fc533d-d686-4957-9bb6-5e16ecc13362,2024-08-14 01:22:00
396,490,page_view,checkout,12,28d6833f-aa2c-4179-a192-f574f8a5529f,2024-07-04 19:41:00
397,89,search,product,30,a47b5240-f036-4091-8f91-176b95a770d2,2024-04-25 07:23:00
398,405,add_to_cart,profile,84,8bb39b66-8aab-4d80-96d9-fac2d0e8724e,2024-07-09 10:01:00
399,126,add_to_cart,cart,98,8f74e583-d781-425d-8dda-b7d156f44417,2024-10-09 09:07:00
400,780,page_view,profile,94,19dac1da-31a0-45cf-ab9e-30bd0803a208,2024-05-04 23:16:00
401,86,page_view,product,57,245d4776-62e5-48d5-a268-2d91d5b9f7f0,2024-04-08 21:08:00
402,25,add_to_cart,product,5,1588f6e4-d201-457a-be13-8e017f248624,2024-02-12 14:14:00
403,987,search,product,17,eb6db408-3458-4478-a029-543dd213a053,2024-11-18 13:49:00
404,994,page_view,checkout,69,b466f1c3-286d-43c1-9e2c-e0f274d7eeec,2024-07-20 20:55:00
405,570,purchase,checkout,30,fc49139a-d756-427d-8057-c87113a4df2d,2024-01-01 15:01:00
406,640,search,checkout,37,0ce5f60d-c85c-4089-af1e-4f4ab34ecfd5,2024-10-05 17:26:00
407,822,add_to_cart,search,96,04e5ab54-afdf-4c14-9105-7e1b88b6dbde,2024-11-08 16:54:00
408,464,remove_from_cart,checkout,72,b74a844b-a043-4db5-a28e-880781a61f26,2024-02-20 18:10:00
409,640,search,cart,74,2a717093-efd7-4627-915b-6641a6483f15,2024-02-11 02:01:00
410,132,search,search,40,d757bc54-eee6-491e-86e0-1c810c31c568,2024-10-24 20:13:00
411,539,add_to_cart,cart,2,7206632a-34e8-4518-97b0-36ba6cb26673,2024-10-18 07:09:00
412,957,purchase,cart,25,2393f7da-e82d-4098-b6b0-5179e44eed2f,2024-03-06 19:46:00
413,398,search,cart,65,e3eb965e-cf77-44d0-b491-395509e81a9c,2024-07-21 06:55:00
414,704,add_to_cart,home,90,dec06fb7-d0b7-4ea9-bb14-5d1b205495c7,2024-02-11 07:46:00
415,961,page_view,checkout,42,a84dc212-92d8-473d-96e6-4a74b8f99167,2024-04-10 06:10:00
416,243,search,profile,51,81ef8bf6-ba58-4e52-96ab-39b39379d5d6,2024-11-07 02:52:00
417,101,search,checkout,49,d97b91a8-253f-461e-a263-55abb02fc1ad,2024-06-07 21:48:00
418,114,page_view,cart,12,f5c5d596-50cf-4419-851c-fddbbe68985c,2024-07-16 09:53:00
419,719,remove_from_cart,checkout,43,8a7d2137-54a2-4d4b-89e8-cc30946a3406,2024-11-05 04:12:00
420,637,purchase,cart,77,2544fd03-1d04-4c49-ae3f-22a983eecda8,2024-08-29 17:09:00
421,443,search,home,7,92e93bef-89d1-4837-8d85-b5fc598162d3,2024-09-26 00:00:00
422,289,purchase,home,26,6a97eaec-ceaa-4272-a2b6-f3fc62aa515e,2024-04-05 05:26:00
423,42,page_view,search,65,83852487-2821-420e-9572-d780a0c68141,2024-09-29 09:54:00
424,958,add_to_cart,search,11,e013563b-9b3a-4196-9ba9-0512e3b91c82,2024-04-13 22:17:00
425,635,purchase,product,16,8f0a238b-85ba-4853-aeb6-7e0bb1d1b9d7,2024-01-11 11:13:00
426,576,search,search,83,952a1dbd-7fe7-4c12-831a-1c60a0646ccc,2024-12-03 19:14:00
427,104,add_to_cart,search,91,7197421d-1aea-4964-94fa-278554c26d7b,2024-01-05 09:55:00
428,900,remove_from_cart,product,65,6b125e3f-6741-4ff7-a026-367a8b44649d,2024-03-15 07:47:00
429,432,page_view,checkout,5,bb2aefef-b880-47a8-992f-192994e0e513,2024-02-13 00:42:00
430,993,search,checkout,19,54e7d0ff-d452-4e93-8d1a-e2a415664d70,2024-10-13 19:40:00
431,971,add_to_cart,profile,69,63420134-0f88-4720-abec-aba8a7660010,2024-03-28 02:08:00
432,867,page_view,home,13,516356d3-03a9-4580-a12d-e51bd468dca4,2024-07-04 03:00:00
433,937,purchase,home,96,fe7bd2e6-a9f6-494e-9c99-3ef3d95d6781,2024-11-02 15:51:00
434,528,remove_from_cart,search,62,b0e4b740-3ccb-4003-820e-0c04bdf343ac,2024-12-12 00:18:00
435,961,add_to_cart,profile,5,c95e374a-47e9-4130-bd1f-c28fd58cd498,2024-10-24 14:43:00
436,877,purchase,profile,52,27230848-00ec-4bcf-aecc-f7226d07f3a1,2024-08-06 21:52:00
437,247,page_view,home,7,c6cc8014-26a7-494b-a9ee-e3c642733adc,2024-11-04 09:21:00
438,206,page_view,search,94,f9c0b5b6-a561-4e3a-b399-c71883fd9967,2024-12-28 20:17:00
439,143,add_to_cart,product,50,7ff44139-4acd-42b2-afd0-910384230b73,2024-06-16 23:51:00
440,245,add_to_cart,checkout,11,9a8aa50a-e02d-4f14-99d3-29d334b23259,2024-05-12 15:49:00
441,711,add_to_cart,profile,87,dce5b1e0-4cd8-4a6f-82fd-864918f6d352,2024-06-26 00:30:00
442,967,purchase,product,26,6da3d35e-b870-49b8-a65e-c0bff3c3e4e7,2024-04-26 04:49:00
443,470,remove_from_cart,home,75,e907fa40-cff2-44fe-9432-c628079691ab,2024-12-05 08:58:00
444,317,remove_from_cart,search,29,fcc47db3-8c35-4371-b97a-88d5fcb93690,2024-02-12 15:59:00
445,945,remove_from_cart,profile,75,e86301c6-c056-4e0f-a2ca-c3fda28ec865,2024-04-19 13:00:00
446,818,page_view,checkout,11,f6f7a614-f6f4-47f6-a8c5-139f81b41650,2024-08-11 22:32:00
447,486,purchase,product,95,632bd6df-46f4-4ce4-bb38-48c1e6a30303,2024-01-16 15:12:00
448,477,add_to_cart,product,85,b6cb4055-cce4-44f7-8eec-0c9f65d85d36,2024-06-10 15:23:00
449,559,remove_from_cart,search,31,e2577841-2195-4816-91b6-733072498ea8,2024-07-25 06:38:00
450,122,purchase,home,14,475037a0-a98e-49e5-9ce4-85e207eb6a67,2024-04-18 16:39:00
451,571,search,home,1,e98fe5bd-fdac-4d00-b326-1839861fdd82,2024-03-14 18:20:00
452,844,purchase,search,67,4ecd6ca7-aee9-49be-be5a-118426a643ce,2024-03-05 05:43:00
453,214,add_to_cart,profile,44,c448a6b5-c71c-41d7-bb8e-b6ba7c8b8c45,2024-09-28 13:08:00
454,220,remove_from_cart,product,85,cf170493-364f-40c5-9cc1-163e2b696c40,2024-03-08 07:52:00
455,299,add_to_cart,product,54,fcb497ae-93d6-4cae-8e35-cbcecdcf730d,2024-06-03 02:01:00
456,125,remove_from_cart,profile,36,ecb4b47c-1614-487e-9a90-4cf5aeb93d2b,2024-03-13 06:57:00
457,6,remove_from_cart,checkout,50,800d44e3-f0dd-4bb8-b84a-5a2a2fc8e116,2024-06-21 14:28:00
458,432,page_view,profile,98,6ca5c530-487b-429f-9087-68f089b4ba46,2024-07-25 03:40:00
459,654,add_to_cart,cart,16,54fbb9bc-54fc-44a1-93c9-7e3ef155a060,2024-09-05 08:15:00
460,310,add_to_cart,home,4,d4eba5ba-aa29-43f1-b6aa-66de7a010094,2024-10-04 09:15:00
461,632,search,search,73,fe6c7b48-b81b-4262-9881-43eb1f8d46bd,2024-04-12 22:36:00
462,28,add_to_cart,profile,13,725650b9-36f9-4073-a1c5-a89f5dc6beda,2024-08-10 19:26:00
463,268,purchase,checkout,67,5a55ab9f-5d8f-47ef-a1dc-2468f5ba07f8,2024-01-06 04:52:00
464,851,purchase,profile,94,9dd271ab-77b5-4de2-a163-7ab320868c9d,2024-10-11 15:18:00
465,761,search,cart,15,fac4e3c9-c537-4403-a1b8-d7ff49199525,2024-11-18 20:06:00
466,457,purchase,profile,92,e007e074-5cb6-4e5b-9a6b-4bf1dba9dab3,2024-12-24 13:07:00
467,151,remove_from_cart,checkout,88,80412e2d-d959-4a44-8e20-266b3f769e29,2024-07-11 20:35:00
468,334,search,checkout,49,7691da09-691d-43b4-9742-09e0dceef04c,2024-08-05 09:50:00
469,439,search,product,56,1339dd96-58c3-4502-ad91-df30bb74cf31,2024-07-07 19:43:00
470,913,page_view,product,71,b7d945c9-3809-404f-9bc1-61c55251413b,2024-03-22 15:53:00
471,964,purchase,profile,39,e94b3a5a-d934-4f39-99f5-4331a98f37a6,2024-07-29 19:48:00
472,285,search,product,43,51c48cb7-1ef2-4f5b-87f6-931123db2b0e,2024-12-31 09:51:00
473,321,purchase,checkout,32,8d146772-44ea-4a2d-bcaa-a94f8cf772ea,2024-05-30 09:51:00
474,464,search,product,6,2a50cdef-2f8d-47b0-a817-27630e3afda6,2024-01-25 03:12:00
475,503,purchase,search,32,f779e951-634d-4bee-a63c-052c7bfd964c,2024-07-04 05:46:00
476,759,search,home,31,d4e6826b-2170-4a86-8d11-f51c9a10eb09,2024-09-05 04:43:00
477,271,add_to_cart,home,37,c5f3ec52-4778-4a06-ab6b-1964718d1fb5,2024-08-02 23:23:00
478,233,remove_from_cart,product,9,3bc31288-4982-4403-8c09-8f50e7b95ac0,2024-12-01 15:40:00
479,64,remove_from_cart,checkout,18,6e96ca12-5423-4e45-8a67-54b16e3f1808,2024-07-12 15:29:00
480,587,search,product,6,afbd1072-ed9a-4446-a94a-cd475ecebd58,2024-01-25 04:46:00
481,765,page_view,product,5,d66b5933-ac0b-4247-a1b0-247f68567f35,2024-05-17 06:12:00
482,50,purchase,checkout,73,0539acf3-0fb3-4e4d-8f63-19134fe6defe,2024-01-10 23:01:00
483,653,page_view,product,12,f7da08df-6234-40f9-aaa2-dce231b973d7,2024-07-03 06:11:00
484,253,search,search,40,14ebe1a7-9586-42f6-98dd-66d4a7873700,2024-02-01 18:39:00
485,347,remove_from_cart,cart,2,46c64188-c0b5-438c-98bf-038ae4e58f72,2024-08-07 05:31:00
486,126,search,home,7,05ac9cac-8681-488f-8d12-f8345a5930c4,2024-07-15 06:04:00
487,611,search,cart,37,ccad6a9d-0099-493a-93b7-d2e9aeac835b,2024-05-21 23:34:00
488,56,purchase,checkout,58,7c23ba7d-4e22-48b3-8a48-c7d64ee121fb,2024-07-14 08:45:00
489,991,purchase,product,82,eea423f1-4ac7-4cef-99b5-94fe01ed6340,2024-11-09 21:02:00
490,682,purchase,cart,9,1c8c6685-42af-44c2-9c3b-b8520d29761a,2024-07-23 11:05:00
491,136,purchase,cart,33,30dccc26-89c0-4c08-a01f-e17c7c5f8c4f,2024-08-31 06:30:00
492,39,remove_from_cart,product,84,6b90787a-88f4-4281-9870-aff364626397,2024-02-03 09:07:00
493,373,add_to_cart,product,72,848698b2-b1fb-4c53-8b2d-92e71f59c7aa,2024-08-18 14:51:00
494,769,search,checkout,8,86bcee34-77e9-47cb-bd73-c794a6916121,2024-01-14 00:36:00
495,543,remove_from_cart,cart,45,544dfd46-f78b-4d4a-80d0-20c0cd1606d1,2024-01-29 13:40:00
496,612,add_to_cart,cart,81,861da77a-9596-4f85-9b80-460b3e9f721a,2024-08-31 12:15:00
497,685,add_to_cart,search,84,22dabc45-42cc-4e35-9ee9-ef93aeb1c858,2024-02-29 05:12:00
498,909,remove_from_cart,cart,83,0598e941-0b69-40f5-b4be-4bb01e9e3f68,2024-04-09 20:13:00
499,441,page_view,checkout,20,facb2e75-53ff-45cb-a487-abffbb9b2e00,2024-01-03 06:31:00
500,423,page_view,product,82,b1db517c-f4e0-4398-9c13-d880ce032370,2024-01-20 20:31:00
501,33,purchase,product,61,bbcb78d6-a670-4f61-91fc-463178b1dc62,2024-05-01 12:26:00
502,848,search,home,31,b9061d5d-39a6-414b-8ae7-f86d58b7aa1b,2024-02-16 13:53:00
503,624,purchase,checkout,3,c11bf7b4-9603-424e-a38e-aedee52b2c46,2024-08-17 22:38:00
504,15,remove_from_cart,checkout,83,d998dcd8-e50d-4278-8c40-0ff52fda72c3,2024-08-08 00:02:00
505,345,remove_from_cart,search,98,a2feda81-6e8b-417b-b5e5-737a6d9ea19f,2024-05-01 23:04:00
506,598,search,cart,74,ab354aaf-c629-4b62-b27d-57a94b4af77c,2024-04-06 08:17:00
507,628,search,home,84,66073c88-d29f-4cbe-a3a8-aef5c9f671dc,2024-11-29 12:05:00
508,373,search,home,24,7dd9ffc9-2661-4a24-bf24-b257b2a58168,2024-10-13 14:39:00
509,716,search,product,54,b9aad35c-217e-4b99-94b4-4b5776b6a07a,2024-12-01 05:08:00
510,968,remove_from_cart,cart,43,92131d1c-2f30-4f53-b033-d08f6f4bb6d8,2024-08-16 09:56:00
511,798,page_view,search,34,14d679c2-1341-47ec-9a32-96ecd8474079,2024-06-25 20:54:00
512,45,search,profile,79,0d1d0e99-a206-4a9a-abc0-99dda24db70f,2024-01-20 13:24:00
513,26,add_to_cart,checkout,30,5e0313f3-38e5-4cc0-91dd-5ab70b8f63a8,2024-05-16 00:37:00
514,661,page_view,profile,97,2ed60c9b-b065-4464-8e34-f40f14ea852b,2024-07-13 02:58:00
515,427,search,product,16,6b9acc51-48cc-4bbd-80a3-c11e172d3446,2024-05-05 06:15:00
516,387,add_to_cart,cart,42,b0aedc3d-6312-4599-ab51-c675ba08daef,2024-03-29 17:01:00
517,276,add_to_cart,product,23,7e9fc0b2-a6e6-4adf-ba5b-a2b1ba1b397b,2024-07-16 08:17:00
518,274,remove_from_cart,search,13,9c42c3eb-e5b6-4345-b68f-92ef02f1301b,2024-07-26 09:37:00
519,997,remove_from_cart,checkout,13,0217a79b-5e8e-4c2f-8c25-b343c613377e,2024-06-17 05:40:00
520,517,purchase,search,15,6f849855-49ca-46c6-a6cd-537985247164,2024-06-16 19:06:00
521,371,purchase,checkout,39,37e4eee1-e1db-48ea-9bcf-ed28f15cd0b7,2024-11-29 00:40:00
522,499,search,cart,74,771365e8-3c0e-4c5b-9a49-b39b62f6dfed,2024-02-18 14:41:00
523,711,search,profile,4,9f9aa117-9a27-4278-9f7c-5d2b4b2aeef8,2024-08-04 00:42:00
524,752,search,home,18,c005d0a9-4c92-4b87-b04b-064fd98475da,2024-06-25 14:54:00
525,64,purchase,home,20,1633ae24-4ae5-47e9-88ce-ef3e0c2c742b,2024-12-22 19:33:00
526,740,add_to_cart,product,34,e8498a9b-200c-414b-a646-bcf41513d5ed,2024-10-08 18:57:00
527,717,purchase,home,40,d24b4601-d0e1-4d45-b6f3-fcfb422bf0fa,2024-08-31 01:26:00
528,500,remove_from_cart,search,51,1409f36e-ee00-42e3-ae0b-3daae80863a6,2024-06-17 01:50:00
529,826,page_view,profile,85,008a348e-c8d9-4a1a-9b97-05e36b9dc61a,2024-01-10 05:53:00
530,116,search,profile,58,48dd35a4-8dcf-4eb6-a24f-5a84c67afb65,2024-11-13 14:58:00
531,791,purchase,cart,83,ca57ddf5-a820-4aef-aacf-1e0ada2ed0c1,2024-08-15 00:41:00
532,318,search,checkout,85,981f3417-0b05-409d-a146-1a574cace87a,2024-01-15 02:25:00
533,350,purchase,home,19,96323df8-86c9-46b7-b9df-bf0af7a90a79,2024-06-07 13:26:00
534,138,remove_from_cart,checkout,75,7dd5866d-ba8a-4e4d-b1ce-9098926d08a6,2024-06-26 02:09:00
535,867,remove_from_cart,home,55,737b6a97-caf6-4cae-a658-3ebb837e4938,2024-03-10 16:46:00
536,645,page_view,product,49,7a9c3052-7c5c-44ff-a7f4-cde9bf8878e1,2024-02-25 08:11:00
537,941,add_to_cart,search,85,ec94dd4a-904e-4547-a9f7-33db501a859b,2024-05-29 15:18:00
538,394,search,checkout,67,eb7a1486-8a4f-44f7-9d82-1c2eb88c6802,2024-06-25 03:13:00
539,433,search,home,78,3eaf0a11-871c-439e-b5e6-4476f79f7a5a,2024-05-20 17:01:00
540,657,remove_from_cart,cart,94,a1fca46e-21dc-40e5-af06-2ce54aea9996,2024-07-11 07:58:00
541,345,search,home,6,5efaf40b-dd8d-46f2-afa9-d3b2c6b5d0b8,2024-11-22 20:08:00
542,955,purchase,product,79,310c7343-603d-48be-b7c5-b912fbc852f0,2024-02-17 14:06:00
543,274,page_view,home,18,25c79547-5936-44b6-8914-c1fab2ec713a,2024-02-25 05:39:00
544,42,remove_from_cart,search,65,b00dbea7-04a6-48d6-931e-628b75d4544d,2024-09-14 09:04:00
545,598,add_to_cart,checkout,82,adf19cb3-0b12-4596-8e40-efc7183c764e,2024-11-19 23:59:00
546,173,purchase,profile,99,655f6e6a-caa6-4eb3-a7ad-e0908058c640,2024-12-22 06:05:00
547,793,add_to_cart,profile,39,bf06292d-5998-464d-aca7-33b69f349474,2024-10-26 08:27:00
548,29,purchase,search,9,a13de319-12a5-4e95-8e62-6a96576aecd2,2024-09-18 05:39:00
549,346,add_to_cart,home,76,f8306d74-2e0e-40e0-9e21-31fb801e82dd,2024-12-05 07:34:00
550,978,remove_from_cart,product,18,8fbffbc3-8ea8-4074-9099-f43f79ba92c7,2024-03-26 19:13:00
551,125,page_view,cart,24,b9238007-b385-4412-9a45-ef5b4dc90e4e,2024-04-25 02:05:00
552,372,remove_from_cart,checkout,75,16b09e0c-f5cc-4123-9ae3-9769df38f8fb,2024-12-20 14:40:00
553,747,page_view,cart,80,36470516-b6ff-436d-a402-78aecb21f9a4,2024-11-16 21:36:00
554,787,search,profile,66,818458fb-5dd9-4fc0-85d4-d5affcba75bd,2024-12-02 07:05:00
555,810,add_to_cart,home,49,7632cd6e-32c8-4773-87bc-c55ea405d144,2024-12-04 01:20:00
556,846,add_to_cart,search,44,df0536b7-43a7-4af8-9ccb-d65c2a194cbc,2024-06-07 07:48:00
557,726,add_to_cart,search,36,84b7239c-9160-436b-ad2c-19943277b15c,2024-06-26 20:04:00
558,952,add_to_cart,search,86,6d7378c1-e3d9-43d8-8abb-e567d87cfdd3,2024-10-15 06:34:00
559,470,search,search,35,d54358b9-80fe-408a-9fe9-05ef83b479e2,2024-04-13 02:00:00
560,449,remove_from_cart,search,11,080367d7-7871-464a-9fdc-5d1d46235500,2024-05-14 16:28:00
561,425,remove_from_cart,product,57,255f56e5-d311-4d77-aa36-f262ecd8e2e1,2024-04-21 00:56:00
562,7,search,product,7,17581508-712e-4ca6-90e8-722c42db45b3,2024-02-21 17:35:00
563,899,purchase,home,100,2afe2779-c0eb-4967-98a9-1abab33e031d,2024-08-02 20:53:00
564,613,search,product,19,9f7755d6-5124-41cc-92a0-a26a5de11d7c,2024-10-19 04:52:00
565,279,page_view,home,15,6e9f5c42-d835-4f3c-93d3-f8683f442684,2024-07-12 05:53:00
566,523,page_view,home,100,e9dddc12-f283-4516-b14b-1a4e754dccbc,2024-07-31 17:50:00
567,36,purchase,product,22,944ae12d-f87d-45db-ae26-3b873dae97c3,2024-09-22 03:52:00
568,589,purchase,cart,81,93555bf3-c577-4afc-85a6-7695faca60b1,2024-11-26 20:46:00
569,33,purchase,checkout,20,4d649d32-8fe4-453c-b52c-8d96630bf0de,2024-02-07 16:59:00
570,851,search,search,3,0037feb9-c8bf-4ed6-901d-02bc1eade04d,2024-08-08 13:58:00
571,920,remove_from_cart,profile,8,0d365f0d-8e4d-45b4-baee-8a8a1ef49e99,2024-12-05 10:27:00
572,371,remove_from_cart,product,36,4ed4788b-00e6-4208-99d9-569aab6049a2,2024-01-12 01:51:00
573,154,purchase,profile,64,017e3dc1-7ace-40de-8123-1efde331d37d,2024-02-12 13:04:00
574,466,add_to_cart,checkout,57,c1de9817-9226-462f-b4c6-238bf7d2ea9d,2024-06-11 07:43:00
575,626,search,cart,34,d99de7bd-3d4c-427c-8c15-d5dc7c01d7e9,2024-04-17 21:05:00
576,716,purchase,home,10,2390ee50-6b56-462b-8991-e1256b66aac9,2024-10-03 13:37:00
577,530,page_view,cart,100,6faeaef1-6370-44cb-bcdf-832b96028944,2024-12-31 05:41:00
578,890,page_view,search,48,c63bfe66-ae90-4591-9b95-6fdc583aec3d,2024-10-22 05:36:00
579,952,add_to_cart,home,4,bfff58fb-b990-4dfb-9bea-0568e775f8ba,2024-05-31 21:17:00
580,621,add_to_cart,product,75,9bbb320d-7754-41fb-b616-0ed839036401,2024-05-16 13:51:00
581,890,search,search,60,bdb4ba2e-368f-4826-a4d8-684b3c66b35e,2024-07-24 20:06:00
582,418,purchase,home,15,472718cc-f7de-42ad-a941-337c1ab8cc70,2024-10-01 11:29:00
583,38,page_view,home,3,310f0b5c-358b-4b9e-b919-682837486863,2024-10-20 05:03:00
584,953,purchase,product,57,e1102935-6a36-46a3-ab20-e166ec3ec9b1,2024-10-09 22:27:00
585,412,remove_from_cart,cart,86,183b03ee-07a2-4b1f-8272-dd3b58c11a60,2024-08-30 03:38:00
586,345,remove_from_cart,checkout,22,b463a347-d730-4203-8b3b-1ee10745cfef,2024-10-17 01:12:00
587,272,page_view,profile,30,f4ca176e-6a58-4dbe-a6c4-23dc64c5474f,2024-10-06 13:51:00
588,322,page_view,checkout,50,9b6700e3-cd81-48cc-8894-d8f778f07d64,2024-09-11 21:58:00
589,884,add_to_cart,profile,62,006160aa-4594-49c9-ba1a-6183c0b206c9,2024-03-17 15:10:00
590,353,search,profile,4,9ef727bd-0be9-4e3b-819d-d9f398ac459c,2024-07-22 06:22:00
591,628,add_to_cart,home,21,777fb848-e9ef-44ad-920e-04894ccb093d,2024-03-01 22:23:00
592,77,page_view,home,78,8f3bf1ed-eac5-4971-8430-faac8128456f,2024-11-02 19:06:00
593,179,search,search,68,4065ec01-8824-48a6-8860-cc48ee9cee2d,2024-04-03 23:52:00
594,280,search,checkout,13,7e43f04c-87b0-46a9-9219-2baab874a7c4,2024-04-21 21:05:00
595,100,page_view,product,42,0a5927d1-f034-497e-b611-63a001254bbc,2024-09-23 00:29:00
596,477,page_view,home,76,ae78b3c5-fce5-461e-a3c0-91af9ae4a1a5,2024-02-17 05:03:00
597,960,remove_from_cart,profile,44,8024dd9e-bf15-41b1-8111-cd738b25f316,2024-12-10 18:14:00
598,524,purchase,search,47,76ea281f-8743-4eb7-b9b4-cd2ef734f101,2024-11-07 12:14:00
599,535,remove_from_cart,cart,32,7ecfab6d-2ab8-40a7-99a3-c091876d9daa,2024-06-15 23:17:00
600,883,purchase,search,15,1dc5dae3-4ecd-4e44-9f29-280f64fe6c4c,2024-11-13 13:24:00
601,178,add_to_cart,profile,87,ac64b84f-5a54-4917-af73-61ae560fa2e1,2024-01-25 00:12:00
602,889,purchase,product,51,1174a2d7-f308-4e99-8db5-3c93c1c6dc38,2024-04-10 14:49:00
603,891,remove_from_cart,checkout,97,995f7287-0165-452e-b04d-d7acb1ef2a8e,2024-01-19 16:04:00
604,340,page_view,profile,69,45bdf8b3-9590-4cbb-9bbb-f4a2b9da407b,2024-12-29 00:46:00
605,808,purchase,checkout,70,7f5c4d83-4bb3-4cd0-a594-eae944a3f381,2024-04-25 06:49:00
606,438,search,product,53,66164a6e-f102-444b-a5bf-4f0664809fb7,2024-02-02 09:44:00
607,858,remove_from_cart,checkout,34,c45130db-14b7-476e-92a9-bbc8e4291a22,2024-06-30 11:28:00
608,359,add_to_cart,home,8,3513a74b-7052-48d1-927f-1127f0a6d66a,2024-01-23 04:26:00
609,887,purchase,search,78,c7f96d5f-e84a-46e8-9b46-fe89089aeb9b,2024-12-26 14:19:00
610,869,add_to_cart,checkout,41,6e1739e0-3409-4bae-8b0f-b73a23bc750f,2024-08-15 02:17:00
611,536,search,home,23,27707b9b-1903-4f12-a74b-acc0d6ac3590,2024-07-09 11:08:00
612,635,page_view,profile,52,d269eb9b-ea5e-499d-b03b-e0bb3bfae327,2024-06-25 06:50:00
613,624,purchase,search,33,33dfd5e3-e4bc-4760-af37-2692f7ed1fc0,2024-05-21 14:16:00
614,10,page_view,profile,93,4876efc2-63c3-410d-995a-242cfb46436f,2024-06-19 17:41:00
615,423,purchase,search,37,852c2707-b64b-4d87-b1ca-c21343e3861e,2024-10-22 05:28:00
616,822,add_to_cart,cart,33,71b0adcb-3bae-4b42-bfb4-1725cdb4bc8b,2024-06-18 05:55:00
617,543,add_to_cart,profile,20,29f9cfbc-d4de-4300-9d60-0d75d4ec95f4,2024-05-20 00:52:00
618,875,add_to_cart,product,5,67f17432-1be7-465d-bc7e-390ab8852f39,2024-09-23 23:37:00
619,927,page_view,product,21,8d77b698-4510-4f9f-a5f7-a59f0dc6abe1,2024-10-24 09:12:00
620,631,purchase,home,96,2b8a6ede-0375-46fd-9def-1aa8af7773b1,2024-06-09 01:06:00
621,49,add_to_cart,profile,32,02beeb96-cd23-43ff-9b7e-d07dd7f54dfe,2024-10-19 09:07:00
622,317,add_to_cart,profile,89,c16bd44f-003b-4691-b62e-00c808bbe58e,2024-10-28 01:03:00
623,898,search,cart,6,bc3ca9dc-0775-48af-9571-d6636a3b5ea3,2024-03-03 14:52:00
624,495,remove_from_cart,search,82,917973ab-4c1b-4daf-9032-e2b8fc010516,2024-02-19 18:11:00
625,950,search,product,18,41c5ce33-da60-445b-bb5d-1d268b5b8a00,2024-05-31 18:23:00
626,838,page_view,home,1,0856ef18-a258-4a6b-8dcb-c3d136c16bb7,2024-10-29 22:27:00
627,908,purchase,home,88,68a56ef1-5d8d-4c9a-ae8d-1ba9e861124c,2024-03-31 09:39:00
628,66,page_view,checkout,74,2a794186-5110-40ae-9aef-6d2f3984ca26,2024-11-07 07:50:00
629,306,purchase,profile,72,c00979ee-e38c-494f-b9eb-a94975aae2bd,2024-08-19 14:26:00
630,147,search,checkout,35,48620de8-3d3a-4dad-af76-bf59277c1510,2024-07-18 14:38:00
631,214,page_view,profile,60,2f8d31c5-d5a4-43c7-9795-e39d6f2dc6a9,2024-03-16 03:59:00
632,785,purchase,search,23,104a9520-389d-459d-a088-28e09fa90e1f,2024-02-07 20:37:00
633,718,add_to_cart,checkout,78,988772f2-e192-49c7-904b-b4491fd938e8,2024-01-15 22:51:00
634,57,purchase,profile,66,d8cc0c03-ecc9-4c14-a3ee-4a54c12a8bb6,2024-11-29 08:54:00
635,403,remove_from_cart,product,69,cdd8bfa4-56a5-4f5a-b60a-0f512ca9044e,2024-09-12 07:19:00
636,375,purchase,checkout,25,9c27e291-2991-40a7-9e40-76d6efea2ea2,2024-12-12 11:32:00
637,873,purchase,product,13,85e14f35-683c-40f8-86e2-a874ed900af0,2024-02-14 02:55:00
638,221,remove_from_cart,cart,94,50cdf838-7fb0-4478-a27b-3ec22183e4b8,2024-11-09 05:20:00
639,576,purchase,checkout,36,46be3667-8352-4b05-a644-82b86fe86973,2024-06-12 13:50:00
640,976,remove_from_cart,cart,29,4c340a56-5c70-4244-8a85-fa5652983f30,2024-03-02 06:10:00
641,931,search,home,96,9f3e797f-84f7-4410-b16c-d9e5fcde170b,2024-07-10 12:04:00
642,208,purchase,search,24,820586c7-9831-4986-aa99-9d06c9da3b20,2024-04-22 07:42:00
643,743,add_to_cart,search,91,d5e5c2e6-725a-4392-9dd4-f47dd151f279,2024-01-18 22:18:00
644,441,page_view,search,38,564aab97-d4f9-45d1-b5af-931e734ed055,2024-07-16 21:59:00
645,688,purchase,cart,5,7032c441-dfac-4cb4-ab3d-13cc990a0119,2024-08-28 04:18:00
646,833,search,home,98,e2b013fe-59d1-4adc-8cdc-fca6a83f3aed,2024-02-25 16:30:00
647,640,search,search,62,60093e8a-c3b5-44a5-9507-cabcc07479f4,2024-02-22 15:59:00
648,620,page_view,search,33,7f26529b-b345-48c0-bdb8-fce6b87d3322,2024-10-12 02:20:00
649,956,add_to_cart,checkout,58,4678b45f-8f29-4ca9-b599-bff0c7873b57,2024-12-22 03:04:00
650,368,add_to_cart,checkout,42,d9d5152f-d8f2-4c60-8661-c726fcccc04e,2024-12-25 00:29:00
651,650,add_to_cart,checkout,11,894a4f70-6add-4148-8b62-188030442647,2024-05-02 05:02:00
652,312,page_view,checkout,32,1726db66-d752-4ead-aa4d-ca90f4a16bb9,2024-03-24 05:12:00
653,397,add_to_cart,profile,65,af1e22f6-c146-4bfa-bd57-45f838019642,2024-02-18 20:53:00
654,729,search,checkout,73,cc979353-1f83-47a4-bfe0-395b71b3dfd4,2024-11-14 02:51:00
655,107,page_view,product,4,0447dc51-7df9-4631-bbbe-c95b2db5d188,2024-08-31 07:26:00
656,397,page_view,search,91,85dfa4a3-0ef8-4965-ab6d-82cb922164b3,2024-07-26 14:57:00
657,113,search,checkout,76,4e24a239-fc2e-45c2-a46f-179ba311c2ef,2024-08-08 19:28:00
658,537,page_view,checkout,23,52d2337b-d86a-49c2-96da-106c2e1074d5,2024-07-24 12:31:00
659,97,remove_from_cart,home,56,b51aaf20-e1aa-44d0-a577-2428c650ad7d,2024-10-06 05:26:00
660,680,remove_from_cart,search,64,1e8308d1-3bdc-42f8-8485-2d0b174ec95e,2024-01-22 01:28:00
661,221,add_to_cart,home,18,58c7efcf-62a0-40a2-84e4-bc833594a5a1,2024-08-19 02:42:00
662,744,add_to_cart,home,46,4d54291b-fd9e-4582-b495-de6dd8fd05a8,2024-03-04 19:51:00
663,455,page_view,search,52,73e66c38-0712-45a2-8beb-72bde589f48d,2024-03-19 14:14:00
664,112,purchase,checkout,27,41ad244a-9b77-4fc4-ae92-e539b464a934,2024-05-09 18:39:00
665,154,search,cart,19,c1dd4fcf-6aae-46f6-8134-6ceb51ecf737,2024-08-08 15:33:00
666,425,page_view,checkout,65,f19837fb-b246-48fc-b6af-6edefa12fd14,2024-05-23 00:20:00
667,308,search,cart,84,da0a493e-f283-4d7e-b43b-fa75e0bef5e6,2024-02-27 04:01:00
668,418,page_view,product,95,f262c46d-1889-470a-a653-0842a19285a0,2024-07-12 16:52:00
669,488,add_to_cart,checkout,2,69245c3a-cf2b-477b-84bf-fa50b060a284,2024-02-24 08:17:00
670,634,search,checkout,62,c8f99606-ace2-4d72-9f0e-15bb5ff2ccab,2024-02-21 22:44:00
671,376,search,profile,78,37590d0f-3d66-441d-8259-5965adfe841e,2024-03-05 15:35:00
672,818,page_view,profile,19,ed1c621f-c686-4a66-af75-40265d702f2d,2024-12-17 11:38:00
673,519,add_to_cart,product,92,676afdcf-3c58-447b-b393-2c37cdf5112f,2024-10-15 21:36:00
674,79,search,checkout,93,b8ef4597-cc93-4d12-9330-3aa6dd137686,2024-12-06 18:13:00
675,430,search,checkout,35,61ca64fd-481f-49c6-9703-01a23c0ce1b3,2024-03-22 03:20:00
676,70,page_view,profile,18,b94ced06-3137-401b-af68-da5bfb6ce295,2024-12-28 12:04:00
677,8,search,profile,9,b3adb609-20db-4ccf-bc0d-246d43d6a40b,2024-03-10 16:45:00
678,155,purchase,checkout,41,4e4753e1-1b3b-4da8-b9a0-0373856a653c,2024-07-12 21:58:00
679,360,add_to_cart,search,73,66853091-142a-4e27-908c-2c84df28ffba,2024-10-13 22:13:00
680,1000,purchase,checkout,92,410759c7-68a9-41e4-8a49-4a38a35c9ecf,2024-11-16 20:29:00
681,234,add_to_cart,checkout,97,044249d2-a4fa-431f-b8e2-737005612563,2024-06-06 05:27:00
682,677,purchase,checkout,57,41689a65-c27e-4390-87cb-e2dcd9cf2670,2024-04-18 00:05:00
683,269,add_to_cart,product,44,7b467357-c110-4589-84a8-df601e536654,2024-12-03 04:31:00
684,692,search,profile,35,7fcafdc2-7598-4b88-83f7-af753e08ac9c,2024-05-02 09:02:00
685,948,purchase,home,90,4c499578-0f1a-4ec1-ab77-5b21d4e586ae,2024-07-26 04:49:00
686,744,purchase,checkout,56,9c9b584c-b794-4649-8de8-3d7463011338,2024-05-12 15:33:00
687,731,remove_from_cart,search,56,7f5dcb5d-8bf3-42bc-ad53-2804662af65b,2024-01-15 20:20:00
688,394,remove_from_cart,home,30,de11c178-e006-4f2f-8e3b-110e406803a8,2024-02-10 22:01:00
689,411,purchase,checkout,100,77674cd0-6e4b-4ed3-8bc8-938a2ada978a,2024-01-23 23:09:00
690,628,purchase,product,79,746ecbd4-9343-488f-ad16-13510366f637,2024-06-04 10:07:00
691,208,remove_from_cart,checkout,1,f9b2af00-64f1-4868-b7e3-c45e21db000f,2024-11-03 18:03:00
692,78,remove_from_cart,search,2,f46225ce-dc26-44a8-bb0e-3c8dd05aa486,2024-07-24 17:04:00
693,60,purchase,profile,44,de49d81f-0293-4a82-bebc-e58fd4d76469,2024-10-30 23:23:00
694,704,page_view,product,83,7cf91d78-64da-4457-8825-9f859c7717bf,2024-07-23 06:43:00
695,801,add_to_cart,checkout,22,fa364092-03f1-47e3-8095-7394a3d49ea7,2024-04-26 15:20:00
696,23,remove_from_cart,profile,81,f0705709-7ce9-4ff3-ab55-9c843846c7aa,2024-05-30 06:09:00
697,978,add_to_cart,profile,54,8e683d27-6343-4858-9baa-873af1f8d9ec,2024-01-06 05:30:00
698,574,remove_from_cart,checkout,90,e4965ef3-853d-4536-a9c5-ab44bf51f592,2024-04-03 09:54:00
699,57,purchase,profile,67,caa59c18-0209-455f-ac66-992ee4469aae,2024-04-14 14:52:00
700,344,search,profile,34,90cf359c-e465-4b9d-b379-eface0cac11c,2024-07-01 16:30:00
701,869,page_view,product,28,27cc9d4a-9d6c-4630-a584-66a7657f0988,2024-01-10 15:40:00
702,812,page_view,home,96,59a91314-aa18-4415-91b6-20f6258da01d,2024-06-17 12:19:00
703,43,page_view,checkout,58,877354b1-5d15-4328-9eea-468e9ff78caa,2024-06-05 03:23:00
704,538,purchase,checkout,79,96398817-3677-4e77-a74f-68cc3aed9441,2024-06-11 21:08:00
705,294,page_view,profile,69,114f95b8-7c2a-47e4-96a0-54c8e06ba122,2024-09-10 22:17:00
706,857,page_view,cart,97,ee2f0768-2883-4fbe-918f-922650668f8a,2024-12-01 20:23:00
707,917,page_view,checkout,43,a8ff0ab3-41b7-45d0-b9d9-51dac49e86b5,2024-09-08 13:16:00
708,314,search,checkout,81,11953b0b-3308-4430-9005-add6d00077b9,2024-05-06 18:11:00
709,99,remove_from_cart,search,16,393d62cd-c8ee-4917-a254-954c8d3a6f53,2024-10-18 12:19:00
710,171,remove_from_cart,profile,8,b59223be-e2ba-4952-964a-52ab05f92d3e,2024-05-24 06:25:00
711,375,remove_from_cart,profile,42,2be57f81-45d9-44b8-b9dd-fb93b72a5571,2024-02-10 18:04:00
712,730,purchase,home,7,6990d4ff-4680-41db-98b4-c62a42b58b67,2024-11-23 05:45:00
713,142,add_to_cart,checkout,88,ceb31828-1628-4d46-b814-0387c196bcda,2024-06-18 22:27:00
714,505,search,search,21,5c892534-bdb7-4f1a-bfa9-0134ecaa8e0e,2024-08-03 12:08:00
715,310,add_to_cart,cart,92,da76fd79-4ac1-4bcb-b91f-79cce333a15c,2024-02-19 14:50:00
716,557,page_view,cart,67,de7dc239-57ee-40b6-96c5-58a0696cff92,2024-12-12 23:02:00
717,551,search,profile,50,70707f1a-c255-49f4-9d8d-563c08d286e0,2024-07-03 23:41:00
718,950,search,checkout,14,719c4c99-1c16-4314-84b6-1811f0526a6c,2024-06-01 13:39:00
719,156,page_view,profile,10,1a7a4f73-8447-4975-89fb-e43c23ff51ff,2024-10-25 07:52:00
720,697,purchase,search,60,2346385f-329d-45a3-94a9-2ace067cef70,2024-07-04 15:17:00
721,93,add_to_cart,product,92,6f849cd3-1b53-4847-9b53-a715e363c042,2024-09-17 15:27:00
722,498,page_view,profile,33,375faa13-b412-48ce-b808-a30434832ac1,2024-05-16 09:59:00
723,486,page_view,search,50,e28e2fe2-7850-4a56-98fc-ebf9c97550af,2024-10-16 09:42:00
724,66,add_to_cart,search,7,f237b50e-7ffb-4651-b49a-d968a6da7d7a,2024-05-10 01:34:00
725,54,search,checkout,18,a0e0f99e-b535-4f04-a4cd-5f700ac06e48,2024-12-31 23:33:00
726,779,add_to_cart,cart,94,60a3c6ed-e3b8-4cc7-9c7d-84dbdedd5355,2024-12-24 10:40:00
727,494,page_view,cart,24,e78d2ef6-2a67-45c8-be95-f33c59cd5a53,2024-08-27 01:37:00
728,224,page_view,search,11,7f614b78-3d6c-479d-bc99-a93ad194ece0,2024-04-03 22:04:00
729,155,remove_from_cart,profile,75,1fb4364b-f8cb-496c-8af5-aa45c2dc1c1f,2024-06-20 07:21:00
730,220,add_to_cart,profile,37,13966c5a-d727-4dec-922d-da7c9699ebe1,2024-03-02 05:55:00
731,435,purchase,checkout,90,aa8c4d52-04fa-43b6-99f1-c2547b26e78f,2024-04-01 21:02:00
732,436,search,cart,51,a1f69351-4298-473a-88dc-3f40777c6514,2024-07-30 01:53:00
733,888,search,home,91,f225d9ae-2477-4445-a567-d38d2ca029a7,2024-03-18 16:35:00
734,340,remove_from_cart,home,9,d9b1eb79-383a-4b18-acb4-fd8e8cc9c080,2024-02-09 22:07:00
735,652,add_to_cart,home,12,12234998-c6b6-4e16-a8a6-854072a96cf8,2024-07-02 01:09:00
736,801,purchase,home,43,d10338f2-b5b8-46ef-becb-8308db8d9fe3,2024-07-08 08:46:00
737,155,purchase,profile,58,007a74ca-4e32-4522-804f-585fbb202b9c,2024-12-09 02:41:00
738,280,page_view,home,40,06c8ba60-c742-4cd0-bccb-8e3e18418ece,2024-07-02 04:55:00
739,534,search,checkout,53,9e1ec7d1-07ad-48d2-aba9-fad20616581c,2024-05-28 23:27:00
740,520,search,home,80,cd66026f-9b4d-4ae4-9947-6942997bcc43,2024-01-13 22:43:00
741,259,search,profile,42,12305d84-f1f0-41f5-9939-5d52bf15875e,2024-03-20 12:01:00
742,344,page_view,profile,95,5e34aeca-7610-4c48-91c3-9b508639ffa5,2024-09-13 11:53:00
743,301,purchase,cart,13,83d17fc0-f279-43da-8d07-8630f30eebf2,2024-04-13 15:09:00
744,835,search,home,14,b0903da4-10b5-4a73-9d28-03dced5f71ee,2024-03-06 05:13:00
745,80,remove_from_cart,cart,72,c9f1d35b-8645-4bb4-9fd7-d58de0b55c6f,2024-09-30 12:14:00
746,426,purchase,search,5,cf4fbcb3-d303-4080-bead-a4ca4b013272,2024-03-30 19:20:00
747,377,remove_from_cart,search,44,e7d9bf14-d88b-42af-8fe4-f00440d910a7,2024-10-15 22:56:00
748,762,search,checkout,43,79c351ec-1658-4062-acbb-4b9ab6f1d9ca,2024-04-04 13:22:00
749,896,purchase,home,8,a3eb690a-5d6e-4581-adf0-d10338086f64,2024-06-26 13:08:00
750,537,remove_from_cart,cart,25,8e453ec0-6d70-4376-97cd-e87ee92cebb4,2024-03-15 19:41:00
751,34,search,home,91,e61c5c12-cf84-42c4-973b-a39ff6a9fb7d,2024-02-17 13:02:00
752,731,search,checkout,23,118970f6-c9eb-41c1-ab77-9dd8d39dbb70,2024-11-10 21:15:00
753,579,remove_from_cart,profile,96,4769a32e-62a2-4dff-95db-8acc34b21826,2024-11-22 13:05:00
754,200,purchase,home,42,1246e9e6-6523-412e-b79e-9e55ea8f775b,2024-02-22 00:57:00
755,787,page_view,product,64,b3f5c93b-d92c-4e72-8e63-e2a5ac88552b,2024-05-12 20:40:00
756,872,search,profile,19,282d7014-ca96-4314-8d20-d5ae6646884d,2024-03-04 04:00:00
757,635,purchase,search,66,faa1bd52-810f-488e-9b8a-266e8716430e,2024-07-16 01:03:00
758,711,purchase,checkout,88,0c48e11f-e326-4fb5-9d2b-2e8572298933,2024-06-16 14:59:00
759,96,remove_from_cart,cart,43,f30e549b-4aaa-49bc-9dd7-8e9d1acfba37,2024-07-16 04:44:00
760,193,search,profile,37,97244627-04a2-45ab-8b15-22ce608e8931,2024-09-11 13:19:00
761,916,purchase,profile,79,8466feaa-1c15-43ff-bfa6-1b544d1bbfd6,2024-02-02 23:18:00
762,855,remove_from_cart,checkout,66,0b7240db-4abc-4271-8459-7d3d6a6825c7,2024-07-10 19:53:00
763,716,page_view,search,44,2c27f97a-9bf1-4e71-8187-d157852ef576,2024-03-02 19:46:00
764,564,page_view,search,41,404dbf7d-fe85-4bea-9db8-2cb8105a9d66,2024-11-01 19:49:00
765,63,remove_from_cart,checkout,3,face345e-6153-412a-a75c-be91dc18c6fd,2024-04-20 04:24:00
766,860,purchase,product,94,5264c14d-7330-4d75-ad74-5f6e7d5f2c32,2024-12-21 10:46:00
767,100,page_view,product,13,5e414d87-e463-4f21-a55a-55cacf94179c,2024-07-05 07:01:00
768,522,purchase,home,31,e3171ed2-dd64-48a8-a091-e9a6bac0cd07,2024-04-26 00:54:00
769,972,add_to_cart,cart,53,3d4d05fa-d6c0-42a1-ad9d-15fb02f02bd4,2024-09-04 15:26:00
770,681,search,profile,54,858266b7-5b57-467e-9b5e-87a595ead00c,2024-10-10 20:35:00
771,944,purchase,profile,1,fbba990d-541e-4537-a21f-1dba1479a1f9,2024-08-05 09:05:00
772,58,search,home,80,3fc47ed6-5ee7-4d4e-a79e-ea08f9ff6590,2024-12-04 02:00:00
773,482,add_to_cart,search,79,76945dfd-30c1-4bf7-ae7c-200956f9b9b0,2024-08-10 15:10:00
774,181,remove_from_cart,search,44,c6b0c2d5-497c-4377-9607-9db2be27489c,2024-06-28 03:21:00
775,865,purchase,home,26,b9d7c243-6639-479b-9a4f-5466a6081b06,2024-05-12 06:18:00
776,813,search,home,57,595bb131-5022-42fb-bc5a-a92b6dea3711,2024-02-09 21:03:00
777,55,add_to_cart,profile,81,7129aa49-59bf-4f3d-94f1-51a3e0d64c00,2024-06-24 15:40:00
778,42,remove_from_cart,search,30,ea88435c-8394-409d-8c83-233c2a96ed05,2024-11-30 07:59:00
779,664,remove_from_cart,search,36,c0ad1f1b-b005-4c6c-89ce-378073dd0dae,2024-05-05 20:31:00
780,292,purchase,cart,8,dc3f5761-2890-4e96-ac70-0503e6f77f68,2024-08-07 06:25:00
781,922,search,cart,27,99e9d841-1caf-4109-a63c-4cc83687d91e,2024-10-15 19:55:00
782,924,add_to_cart,search,52,3deaeab2-b7ff-4ed6-8193-eb5a666f6a00,2024-04-14 12:59:00
783,597,add_to_cart,cart,87,e6f1f336-2a4a-4f72-80ef-d8e7e57b3a1f,2024-02-10 02:51:00
784,373,add_to_cart,cart,54,b6090a65-56af-4332-bd38-c7a357daf4ec,2024-05-17 03:41:00
785,409,remove_from_cart,home,56,1c09340d-f346-4587-8c24-bf50b0901d61,2024-05-31 06:45:00
786,233,page_view,cart,38,21eaa545-aeac-4cbc-b2be-f24052dfd70d,2024-02-01 23:25:00
787,584,purchase,cart,13,fd4adae7-b48c-4446-9733-1a7767d3303f,2024-05-21 16:09:00
788,395,search,product,59,c6d79371-ecd2-4d95-afc2-d025c75a0856,2024-03-13 10:26:00
789,781,add_to_cart,search,32,78aa1c5b-a441-4c95-90a9-aba77105e5db,2024-01-19 01:37:00
790,827,add_to_cart,profile,20,0d01eb09-c24d-44ac-94c5-e73356fe32b5,2024-05-22 02:05:00
791,486,purchase,home,48,0447faa6-889c-4892-ada9-228cc55dea5d,2024-06-29 22:12:00
792,440,purchase,product,15,ebef3b78-c023-4e9d-af93-1cb759481d51,2024-12-28 15:50:00
793,298,add_to_cart,home,14,a96fed63-6967-45c4-a97e-1c2cc5be757a,2024-06-24 04:06:00
794,785,search,profile,21,0c126797-5de1-4020-94e5-bb5d9a603db3,2024-08-09 23:38:00
795,907,add_to_cart,checkout,1,16252c5b-69b8-4711-b35d-e87f40446180,2024-10-22 18:31:00
796,41,purchase,product,79,bc93dc27-9152-4c6f-a006-22dd1a23f242,2024-11-13 11:23:00
797,103,add_to_cart,home,4,a23fd13f-465f-43f9-ada7-348831bc7423,2024-05-03 20:54:00
798,583,search,checkout,99,edb82f13-9653-4e3f-99a2-4ca4c4f20cb9,2024-10-04 16:49:00
799,440,add_to_cart,cart,77,66fd5c04-b20c-4e82-acae-cc65438e430e,2024-05-31 03:09:00
800,231,page_view,profile,61,7a99e63b-0fd8-47c9-b9e3-35c2db6751d2,2024-07-01 12:48:00
801,461,remove_from_cart,cart,32,d1c5358b-922a-486c-8a04-8cb0a4e4c1ee,2024-08-26 23:31:00
802,37,search,checkout,33,50014806-a570-4c1b-8e38-52b681a7d199,2024-03-20 04:23:00
803,424,add_to_cart,search,100,d36f02dd-9eec-4ed6-aec1-9dd42b2ece5d,2024-07-05 02:27:00
804,30,add_to_cart,home,20,41c54cdc-d803-4782-8e2d-214e42af1fdb,2024-02-02 19:05:00
805,308,remove_from_cart,product,95,d9de80a6-8660-49ed-ba96-7c20bcbd7e19,2024-04-08 17:59:00
806,81,remove_from_cart,cart,36,6341c984-03da-4162-ab90-e81037852941,2024-01-30 07:08:00
807,489,remove_from_cart,home,44,4ccd7aec-e73a-4a8e-ad41-03456cf2f79d,2024-05-10 13:16:00
808,188,add_to_cart,cart,48,7e6099e7-16cb-43f9-b81c-2b97c17d46cf,2024-10-17 04:55:00
809,140,purchase,home,80,53705943-2498-456a-8eaa-8d040c6f2008,2024-04-03 20:00:00
810,482,remove_from_cart,cart,11,ced15f37-24cf-467c-a9c2-7e0596d464d7,2024-12-09 03:18:00
811,691,search,checkout,21,8e4b040f-3edf-4c60-8503-81085d536775,2024-11-07 21:45:00
812,499,search,product,17,edac7762-188f-440f-822e-a91fe9f31349,2024-11-22 16:56:00
813,293,remove_from_cart,product,67,a5180065-0abc-4921-999c-57bb073a8521,2024-02-29 05:48:00
814,586,page_view,profile,56,1d03c4cd-4cb6-47b9-af23-05a0d51373a5,2024-08-10 01:54:00
815,276,page_view,profile,99,42fbcb3c-5a24-4c37-9935-8bec81900718,2024-01-15 23:37:00
816,571,search,product,95,ae57dfe5-15d1-46d4-be88-763acc48d926,2024-08-04 17:46:00
817,460,page_view,home,61,3097a9f7-3617-4a5d-9b37-13823aaed1b4,2024-03-15 02:23:00
818,711,page_view,search,34,8e6076bb-7187-4f75-9ad6-d334f1dca96e,2024-11-26 14:48:00
819,290,remove_from_cart,home,8,892d9d20-9ba6-4987-9dec-c4166f65d611,2024-01-31 10:16:00
820,704,add_to_cart,profile,12,600a749d-3d7e-4a35-974b-08dac4ce4f42,2024-12-09 05:08:00
821,168,purchase,cart,75,390a2f38-631a-413d-9255-f3b075412155,2024-04-05 07:09:00
822,453,add_to_cart,cart,82,9805f689-c8ba-4d04-aac1-e8b89319b233,2024-06-06 21:40:00
823,688,remove_from_cart,home,29,6ec6182a-53ce-43f9-8f13-225bf41a3b01,2024-09-14 18:57:00
824,214,remove_from_cart,checkout,55,1e70532c-b0ef-4716-890f-acee148e8cd4,2024-11-30 08:39:00
825,599,remove_from_cart,product,91,7a79f8d4-b456-41b2-a67d-f076b12965b7,2024-04-06 04:54:00
826,327,add_to_cart,profile,61,49381d81-7c82-4edc-b3fe-8d0226961205,2024-08-31 20:18:00
827,795,add_to_cart,product,82,d7406406-a99d-4cd5-bb4f-12da010c4908,2024-07-29 14:04:00
828,390,remove_from_cart,search,33,72de17b8-08b5-482b-ab31-9396a6d3ddb4,2024-05-03 11:07:00
829,294,remove_from_cart,cart,93,2a0fa3a5-00d4-4658-8c4f-785bcab37dea,2024-12-10 12:08:00
830,400,page_view,cart,44,6e2f27c6-a9df-43b0-b7c0-1de57339dda4,2024-04-27 16:23:00
831,915,remove_from_cart,cart,70,52cd5990-2eae-4755-b776-141cfd4635d3,2024-09-13 10:36:00
832,604,page_view,profile,82,4ed45821-0c54-4bc9-92ea-7c4d4f7cbce3,2024-09-28 18:48:00
833,936,page_view,product,35,9025bec6-9edf-4521-b554-50d31b80a1a3,2024-08-29 14:43:00
834,956,remove_from_cart,cart,96,64a353f9-a101-4732-8756-61fdcc7f1dcd,2024-11-11 18:22:00
835,805,search,cart,28,c6c8aaae-8b53-46fb-a332-4c62ee31e34a,2024-12-26 19:48:00
836,792,page_view,home,97,391bf64e-c4c5-4b42-be02-4b8a261f75e8,2024-02-05 07:56:00
837,56,search,product,19,8fb85f90-f96b-4f9c-8dd8-afddb893769f,2024-02-11 05:06:00
838,876,purchase,home,98,5de6a402-d5b5-46c0-9979-483b32bf24b6,2024-11-27 14:26:00
839,143,remove_from_cart,home,98,971a3288-8635-464f-aa7e-2a102d2a4a98,2024-10-21 14:13:00
840,861,page_view,profile,4,2e7aa3c6-693f-4894-b140-0e0e7819ac57,2024-03-16 20:42:00
841,616,search,profile,32,792ed6f2-f7d2-44ef-bad9-cf6cb8263b1a,2024-04-21 03:09:00
842,448,remove_from_cart,product,84,3ec33aeb-9a09-47f1-8ba7-e769f09bb6f8,2024-09-13 03:00:00
843,57,purchase,cart,98,679b5574-4e04-447b-8362-9aa6240cf70d,2024-11-08 17:35:00
844,677,search,checkout,10,e69003ba-ebd8-4c74-a866-316bd0094fb0,2024-01-05 11:16:00
845,536,remove_from_cart,home,36,2077b370-9bec-4cfb-b377-609c039d12c7,2024-05-05 17:56:00
846,55,page_view,search,49,261243bb-64db-44a9-9b90-1dc71e3a4c40,2024-07-28 13:21:00
847,532,page_view,cart,27,6fe4acbb-1c79-4ee1-ba87-827dac68b902,2024-11-14 07:24:00
848,160,add_to_cart,product,99,a1290bae-8916-4550-833f-0beadee71ef8,2024-05-03 19:13:00
849,395,remove_from_cart,checkout,74,0275f459-3ed0-48b1-aa2e-55c45a68b990,2024-06-27 08:36:00
850,697,remove_from_cart,checkout,47,247188d7-f3c5-4e23-8017-f421f477aca8,2024-12-22 18:57:00
851,879,add_to_cart,home,47,edb962e2-28c6-446d-bd7c-d6485d9b449a,2024-06-02 16:35:00
852,537,remove_from_cart,home,60,de9bd525-3b85-42b0-a05b-28049dc314b0,2024-04-18 04:23:00
853,475,search,home,53,25678db6-7f80-4efd-bf73-7fa3c9d0f109,2024-04-04 21:41:00
854,635,page_view,checkout,62,248bfdf1-8906-48d3-aa72-3bc7c878b025,2024-03-25 13:38:00
855,132,remove_from_cart,product,27,1d1061be-6e7b-41b2-b262-709d1c6c290c,2024-03-07 01:38:00
856,628,purchase,checkout,19,5caa38c3-f6ec-4c5e-913f-060c61f9b740,2024-08-19 04:21:00
857,809,page_view,checkout,2,efda8f57-97e4-4e31-a10e-e409ad427e89,2024-02-05 04:49:00
858,39,page_view,search,37,c63cb55d-965c-4b52-acdf-9111323b9c32,2024-01-24 15:23:00
859,960,search,search,21,4191f046-7631-427c-ab4c-61abb74fec38,2024-03-07 04:30:00
860,131,remove_from_cart,search,42,8234af61-1ae2-477b-bf3f-0fd777ab76c1,2024-10-30 19:14:00
861,904,page_view,checkout,66,7040442f-5d3d-4e9e-b4e5-294c53657eac,2024-06-20 16:30:00
862,518,purchase,product,35,9081ea80-86b4-4484-9d63-d52b237f5d71,2024-01-28 11:14:00
863,554,purchase,checkout,89,61c6994c-3d87-4f73-839c-deedb7c0dc9b,2024-07-25 14:29:00
864,931,page_view,profile,25,57676007-9bd3-4c55-b1d8-77cf479b4591,2024-09-03 20:52:00
865,195,purchase,search,52,dd999255-a894-4a9b-9127-a6946e302cb0,2024-08-31 04:35:00
866,851,page_view,product,53,7b20ba7e-1747-4ba3-96e7-b942ec0bf270,2024-08-14 03:45:00
867,961,search,search,74,875bec92-07a0-4e9e-a152-847cce25e40e,2024-05-08 21:25:00
868,760,remove_from_cart,home,12,a2689f79-c642-40c9-aa54-b0f640a70ceb,2024-04-05 06:21:00
869,495,search,product,23,dfc6a08c-734e-4418-89a8-7520c056f7c0,2024-04-10 20:39:00
870,279,search,profile,60,d114da6c-0111-45ec-a505-827d5637d6be,2024-01-19 17:14:00
871,314,page_view,checkout,20,fda1eff9-3424-473f-bf2f-466b3954e338,2024-07-11 04:39:00
872,378,add_to_cart,checkout,40,06bc9cf1-d28c-4c72-935a-fd8e0cc6a111,2024-06-07 02:17:00
873,552,purchase,checkout,57,f78c0089-c0a1-4112-b276-ae8470947d9b,2024-11-20 09:21:00
874,584,search,cart,16,84b958b7-3ea3-4acc-9127-9090c474a085,2024-09-13 17:14:00
875,389,search,profile,1,f9009d3f-3fee-476e-ad07-0567444cda7a,2024-10-04 18:52:00
876,539,search,profile,96,172e763e-167f-4333-824c-cf36668b343d,2024-02-01 18:48:00
877,198,add_to_cart,home,57,1da0f0dd-72ac-4f2d-a301-4e23eef56b5c,2024-11-02 12:18:00
878,300,search,home,61,a6c732bd-4534-42d5-b45c-7bc075ad0004,2024-06-30 11:08:00
879,835,remove_from_cart,profile,30,bed632d4-fa4d-40b2-8255-5857a26b18b8,2024-11-03 02:40:00
880,187,remove_from_cart,cart,18,bf5f7915-dd80-45b3-88f0-2821aaa76891,2024-06-13 00:57:00
881,29,add_to_cart,home,70,cb2ff1c7-ba41-4b73-8ee2-74b8522901c6,2024-10-21 22:50:00
882,478,add_to_cart,profile,61,ce628628-7f2c-42ea-b825-55b3e55a785d,2024-07-28 01:42:00
883,179,purchase,search,61,1542f450-277c-4d93-bda0-0835bd3589f5,2024-01-29 06:55:00
884,256,add_to_cart,home,83,7018031b-bcd0-4cb2-99d7-e86d022ed28c,2024-06-22 16:49:00
885,215,purchase,product,6,1a9c9f02-fae2-41ad-a9ba-6b0e77c2b19f,2024-04-10 22:55:00
886,639,add_to_cart,search,45,42c629b1-10ac-41db-a5fc-f2407391505e,2024-09-25 23:55:00
887,440,purchase,cart,29,538a32c5-5c55-44e0-a01a-708506973eed,2024-11-18 12:01:00
888,299,search,profile,80,844d9ea8-7b95-4750-9a78-11e7f5d09287,2024-09-28 16:15:00
889,248,purchase,product,95,23a832f0-7230-4902-b3d1-4e84c0415dc4,2024-10-07 21:41:00
890,117,purchase,profile,41,237f8aa4-cdda-4273-a207-1d1c62560682,2024-01-04 13:59:00
891,876,page_view,profile,76,d342addf-24bb-443e-9133-556a56bf5273,2024-05-30 22:29:00
892,974,page_view,search,66,95820ea5-ffb7-4e28-9612-b962ee1e78bd,2024-09-21 00:43:00
893,685,purchase,profile,80,80735c01-ef83-4c82-8292-554915b6f441,2024-11-24 22:22:00
894,74,add_to_cart,home,75,ae95be79-9115-441b-a360-bf9eda83dec4,2024-03-03 08:10:00
895,579,purchase,checkout,26,d3a7703c-c71c-4717-bf55-eca459998c1f,2024-01-08 14:16:00
896,401,search,profile,50,4642a605-70f3-4b20-b363-558810840aae,2024-04-14 17:24:00
897,304,purchase,home,8,e950e892-6be7-4b6c-a1d5-7c2ad754224c,2024-08-21 17:44:00
898,776,page_view,product,58,c62769c6-344f-48c9-8354-cd612d92552e,2024-08-21 19:16:00
899,635,page_view,checkout,55,85157657-dc34-40cc-8626-ee58380fa832,2024-06-15 10:32:00
900,914,search,search,66,7503c453-f374-4dc6-b5a6-5575c51c41bb,2024-03-07 07:57:00
901,614,page_view,checkout,92,04f67a8d-2c01-484d-9866-a980b5ae3e6c,2024-03-15 15:02:00
902,301,search,home,37,c0e52ab6-ff7a-4b03-baed-e69bea1bf337,2024-11-24 03:33:00
903,957,remove_from_cart,checkout,17,8bf28216-59ae-47a5-991f-40defae8dc6e,2024-05-01 07:57:00
904,212,search,profile,31,36ba4ddc-1f35-4708-bd48-e95758e8f2f5,2024-02-26 12:31:00
905,184,search,home,5,c6a3ab9d-8a70-4d80-b365-5e21693794de,2024-04-30 14:08:00
906,944,remove_from_cart,profile,63,077666c3-c7de-4a92-9402-f69078d3cefd,2024-01-31 23:42:00
907,599,remove_from_cart,home,93,7e8d1b1d-fa4a-48d3-91b1-4a25d7a1cbed,2024-11-09 11:05:00
908,201,page_view,checkout,39,e45a40d3-11c7-47fe-8770-1fd49b767508,2024-06-16 11:09:00
909,961,search,home,82,17391c4f-b932-48b5-9eb6-79de54ff6339,2024-01-05 06:22:00
910,629,add_to_cart,profile,3,46368cf2-f63c-4752-be65-ce7e63ffb890,2024-07-06 15:41:00
911,887,page_view,search,26,87da320f-cc38-44be-a6ae-3b6584e69dbc,2024-10-24 21:08:00
912,847,add_to_cart,checkout,31,2682873b-d641-4ba5-a4ac-379fce2cd834,2024-01-02 06:03:00
913,509,search,product,81,a152fb11-2239-4f53-816f-79d13ddcf93b,2024-09-11 02:53:00
914,658,purchase,cart,19,8d5899e1-26df-4d50-92ca-71c489efd65f,2024-11-06 08:49:00
915,748,purchase,home,19,64ecd4d9-50b2-459b-aa71-391b7f31fc57,2024-11-18 11:41:00
916,825,purchase,search,69,0cb09a4f-d6f5-48a1-bab0-fbdd3e011974,2024-12-05 21:07:00
917,865,add_to_cart,product,25,6ed1ce66-f6d1-4141-a213-32f3ba490994,2024-03-01 21:26:00
918,30,add_to_cart,home,70,4bdad54f-b130-44b0-82b1-a9db8e1c746e,2024-12-31 19:38:00
919,190,remove_from_cart,checkout,31,424bf141-abe1-44e8-8167-4876aa556dfd,2024-12-12 02:05:00
920,299,page_view,product,94,0ccb7378-3083-432a-a23a-57307c3f816e,2024-02-18 11:13:00
921,52,search,home,37,230edf0d-e7a3-4000-959d-def90388bc31,2024-01-29 05:29:00
922,864,purchase,home,60,75422f17-0dae-49b2-a628-4da8a2d994b2,2024-09-07 17:06:00
923,173,search,search,32,518f2ab6-efd8-42c2-b0e2-cd1642726a60,2024-05-05 04:14:00
924,283,remove_from_cart,cart,18,f3dd6d81-4792-4f22-8934-3683abc5e3d1,2024-12-04 04:48:00
925,751,add_to_cart,profile,85,d4c10097-fde4-458e-872e-f75a2ba51ac4,2024-02-13 23:30:00
926,697,purchase,search,15,a2ddf57e-37f2-4caa-a692-ccb3ab749ce7,2024-07-17 05:51:00
927,115,remove_from_cart,product,61,7a5807cc-1c09-421a-a492-90946a00932b,2024-07-31 11:41:00
928,443,remove_from_cart,checkout,3,fdd14ad3-cf0a-4200-8188-daefc4395099,2024-09-01 13:09:00
929,70,remove_from_cart,home,53,ee955998-e3ea-4188-8402-7ebbde8c7bf9,2024-04-21 10:03:00
930,695,add_to_cart,home,37,35d671e6-d967-4b86-b098-f8c1598b4ca2,2024-04-05 02:58:00
931,24,purchase,profile,16,dcfc07ea-14ad-4729-8aa0-fd86992aebe0,2024-03-03 08:56:00
932,71,page_view,profile,50,996d1c9e-255c-405b-950b-1a6e8a9f5adf,2024-05-24 10:21:00
933,973,search,product,1,eea9a5d2-5955-4b28-a0f1-9bf081de8d14,2024-01-13 21:36:00
934,261,page_view,profile,17,b657cc16-0c8b-45e8-ad72-6ce6a6c5da5c,2024-05-18 08:22:00
935,128,purchase,home,77,74324e4d-d608-405f-b380-8b4749c0dfd7,2024-06-06 13:21:00
936,254,purchase,home,80,f3399969-c410-45d2-8ae6-af0830a5936d,2024-03-18 06:47:00
937,524,purchase,search,67,e17d0557-c55a-4100-8c0f-d2419e38abb9,2024-04-30 05:40:00
938,229,add_to_cart,profile,32,297fbab4-a25a-497e-972e-91fcee4329c6,2024-12-30 12:28:00
939,451,page_view,search,71,05bb4692-93cf-41cf-8699-d677ff42604d,2024-10-17 11:13:00
940,888,remove_from_cart,product,46,46e87f16-be27-44ba-82bf-fbef73b8bbcc,2024-12-20 02:31:00
941,62,page_view,product,91,68693b28-6dda-4965-bb9c-dc4a52fbb0ca,2024-06-11 16:34:00
942,875,page_view,profile,21,609290bb-0a01-4533-b056-6802c9a9f0f4,2024-03-02 11:23:00
943,944,remove_from_cart,product,34,f61fab46-3c69-4cc9-aef1-03bee21cf5ec,2024-10-13 18:39:00
944,256,page_view,search,61,e0140fbb-f178-4a1b-9c2b-f2a6e8647230,2024-03-04 06:00:00
945,778,page_view,checkout,12,af61c040-8c13-448e-b30b-73bcfcb86398,2024-10-11 16:01:00
946,317,page_view,home,90,218abb70-310a-423c-9f7b-e58fa05c56af,2024-04-02 02:42:00
947,134,purchase,home,7,b7deda23-1b8b-4482-bb3c-ca99e7a0c906,2024-10-29 21:44:00
948,655,page_view,checkout,89,a3d3b9cd-3fca-43b5-af92-29b790b97f28,2024-03-01 01:45:00
949,807,add_to_cart,profile,74,164b44a2-5916-4755-bebb-d4e535719e43,2024-07-18 15:17:00
950,963,purchase,profile,77,79025fe5-cc86-49b5-9ef8-ea393ac3856f,2024-08-28 14:32:00
951,26,add_to_cart,cart,74,2ddf8ea2-53f1-4149-8f96-c8c46ac667a3,2024-04-09 03:27:00
952,819,add_to_cart,profile,77,67d6ef15-8d99-4bbb-a7d4-5ab178e1cd27,2024-04-20 22:53:00
953,312,search,product,47,1e864fba-3fdb-48bb-bb82-dc020d8d60ca,2024-07-04 14:19:00
954,591,page_view,search,44,e6ec1747-2806-4af0-840c-9583a1af7852,2024-08-13 09:56:00
955,500,page_view,checkout,57,bd745a29-79b2-4d77-86f6-786eebfad56d,2024-02-24 10:21:00
956,420,remove_from_cart,search,74,4531001b-0cd1-4861-92bd-84b142b6cb68,2024-12-19 12:16:00
957,242,add_to_cart,product,92,e86e78ad-7195-490b-b782-c308d29a3fe2,2024-05-14 12:37:00
958,396,add_to_cart,home,69,04d65a06-c53a-4034-9cf0-ff12c46ef21e,2024-11-20 03:20:00
959,943,search,search,79,cfa6dfcc-4e0c-46c6-abb0-f68e033bef95,2024-08-03 00:37:00
960,632,add_to_cart,profile,83,f3e33d2c-be23-4874-b7c8-89348120d6f3,2024-11-19 05:24:00
961,208,remove_from_cart,product,7,d35ad55c-e74e-43c0-b9ad-2a9d6bbae4e9,2024-11-02 04:27:00
962,162,page_view,cart,66,1130aa95-21a1-4abe-b938-ac98fa3ffd44,2024-03-10 08:01:00
963,115,remove_from_cart,product,9,2c336a41-d06f-422a-82d3-9a710d229cdb,2024-08-18 06:34:00
964,113,page_view,home,85,6095beb9-98c0-4c71-bcc7-22956814ffcd,2024-09-24 19:28:00
965,245,add_to_cart,profile,81,0a5ad9e8-3b9d-442d-b51f-f4a736f66562,2024-04-03 09:50:00
966,489,page_view,cart,85,85d6114a-692b-454a-b409-30d522da59bf,2024-03-24 10:35:00
967,972,search,search,78,73178cd3-d221-4a30-a839-59b175443c92,2024-12-24 22:25:00
968,786,purchase,product,79,d4788516-220e-4d3e-96ee-f21d392e354f,2024-01-31 06:06:00
969,774,purchase,search,58,5ded5a07-1954-449f-a644-fbe356d8aba5,2024-03-31 16:06:00
970,968,search,search,48,e8228092-ca4a-4151-ab40-a70e40e32bcf,2024-11-25 17:16:00
971,39,purchase,product,38,962abe0b-2778-4b61-909a-801ef8c5389e,2024-04-27 02:36:00
972,21,search,cart,81,50b10897-0aec-4c28-ba42-def739135d0f,2024-08-17 22:13:00
973,283,purchase,search,97,309305ee-ddb8-4d2d-87dd-764e8565e206,2024-09-21 22:27:00
974,725,purchase,cart,88,7a330ac8-0da1-44eb-bbaf-2e946a77cf23,2024-10-08 19:30:00
975,63,page_view,cart,92,76238cd1-ec3e-4bc3-a79f-8265246e989a,2024-12-20 23:18:00
976,947,add_to_cart,profile,18,e71bcdac-0426-461c-b121-15245a40a03b,2024-12-04 20:31:00
977,41,search,profile,48,d2095e6b-b782-4197-8957-e02b6839ff62,2024-07-10 15:29:00
978,899,add_to_cart,home,7,e49272aa-d793-4f27-9f83-bc54915ae385,2024-06-13 22:14:00
979,425,search,search,93,88659497-da5a-4495-ac36-7798b84ca73e,2024-11-01 01:35:00
980,591,purchase,cart,29,a3f1cd2b-0c9b-4bab-b2ab-c4015f71ddad,2024-06-09 22:48:00
981,970,add_to_cart,search,23,0c5c76ea-3706-4a5b-8362-f18d6918aa3c,2024-01-17 03:34:00
982,481,purchase,checkout,58,d0b0d673-30a1-4ae1-848f-83638acb2cd4,2024-12-22 02:10:00
983,896,search,cart,84,0d46a5b3-b510-4de6-8ed7-8873d430ab16,2024-05-09 23:04:00
984,913,page_view,cart,29,26244b74-4e73-4bc8-a28f-bc71a3f3cc28,2024-11-19 00:39:00
985,111,add_to_cart,profile,64,5e68e3f5-fea2-4255-9d71-8ce804351e24,2024-01-29 14:12:00
986,917,purchase,checkout,23,5d45bd19-d819-4b5d-89fe-7e2e2df7518c,2024-01-27 13:41:00
987,823,add_to_cart,checkout,17,41bbc75a-826d-4710-81f7-865d2381a8a7,2024-05-12 08:29:00
988,954,page_view,search,75,59b0983c-732e-499d-b917-00603022ea9d,2024-08-07 15:16:00
989,374,page_view,checkout,9,1988dda1-f0a3-4f03-b9d6-abb28f55a6f3,2024-08-09 04:14:00
990,606,add_to_cart,cart,18,9a9e08a9-edd1-416d-8834-2900d3554a44,2024-08-10 21:22:00
991,691,remove_from_cart,cart,89,4d045911-e714-40c8-80e3-3525499d8b43,2024-11-19 14:21:00
992,955,purchase,checkout,86,548dffb3-0e92-49a8-8e93-0ac9bd519a76,2024-09-20 03:07:00
993,167,page_view,home,46,8af11ec7-de2d-44da-9a7c-232a2240c3b4,2024-08-02 10:43:00
994,325,remove_from_cart,product,7,eaada9dd-3972-4629-89b1-aaac5d27a530,2024-12-06 08:01:00
995,494,remove_from_cart,product,81,3bed6947-4b33-4800-bebf-c86ffa6f5e62,2024-10-31 06:33:00
996,470,add_to_cart,profile,58,f4e0211a-0620-4658-a7ac-197af3e31acf,2024-01-05 15:41:00
997,926,remove_from_cart,search,92,36695901-4776-4224-8187-9e56229f578a,2024-04-19 07:22:00
998,635,add_to_cart,cart,22,3c436640-86d4-4eea-b01d-072425509c70,2024-04-09 17:19:00
999,257,search,product,32,e77625ef-d2b9-4ef8-b3f0-d17b4d001fe8,2024-12-18 04:34:00
1000,604,page_view,home,96,6eaad293-738f-47e4-95c5-8d6348047b3a,2024-08-29 02:02:00
1001,407,add_to_cart,checkout,68,5d4e1f82-3f0b-49c3-b694-fee0fb8db866,2024-02-08 22:51:00
1002,977,page_view,search,56,1fd3e109-68af-496c-92b9-d02b3d992d49,2024-09-24 18:51:00
1003,249,search,product,75,42d6d1f2-db87-4b9b-8b69-6d9b91a71556,2024-12-16 22:53:00
1004,952,remove_from_cart,cart,25,c7e77dfa-ede4-4116-8002-89e37c300f88,2024-05-21 20:21:00
1005,964,purchase,profile,89,9658e65a-71e0-4623-9a9b-90236d467f65,2024-02-09 04:53:00
1006,573,remove_from_cart,home,28,c73cbba7-97ac-41b7-aba0-8e11c9010219,2024-09-16 08:48:00
1007,64,remove_from_cart,search,68,8297b457-ebf5-469e-997a-66e494be24aa,2024-08-25 00:16:00
1008,890,search,profile,12,f12cf3aa-484a-4646-8805-85dcb1e8869b,2024-10-17 06:51:00
1009,117,search,profile,60,3ec501c5-4533-4952-b1eb-cc2011a0fad3,2024-04-22 04:14:00
1010,758,add_to_cart,cart,14,4951a5ef-4e1f-4535-b5be-0beb796fb8d4,2024-10-17 10:03:00
1011,631,purchase,product,25,a5695cd6-939f-40af-89b8-8689e8216483,2024-05-06 09:17:00
1012,27,remove_from_cart,profile,94,973c55ef-591c-49ce-8362-e738192e1330,2024-10-17 23:47:00
1013,738,add_to_cart,search,94,a0851372-42c3-46be-8c96-f8dd895f19a5,2024-11-11 17:15:00
1014,249,add_to_cart,product,58,1986a818-6cb3-4a3a-a6a0-62e4b30606ba,2024-12-13 16:31:00
1015,210,add_to_cart,cart,96,44242307-7a66-4d3b-8134-92cfcc48ba80,2024-09-25 01:20:00
1016,853,search,product,79,5602be08-31af-4eb8-8b1a-caeb5ea377c6,2024-11-18 18:59:00
1017,544,search,profile,44,48ec2f6b-b71b-4884-9004-1e1c34a72695,2024-10-18 23:32:00
1018,70,remove_from_cart,search,69,00bfc391-5c18-49dc-a4ab-0ca457f8dcf1,2024-01-07 10:39:00
1019,343,page_view,cart,44,c8b5ef0c-5566-465e-a4be-6f709b133ede,2024-07-29 15:17:00
1020,414,remove_from_cart,product,24,f0018f56-3365-42fb-8434-122ca601e2d9,2024-08-24 06:03:00
1021,39,purchase,product,51,419215cb-5aba-4b22-a060-a2cf40d1f1be,2024-05-30 14:02:00
1022,285,search,checkout,8,e699c2ac-5500-44ac-b6e0-84cb3daa1437,2024-05-30 04:33:00
1023,935,page_view,cart,86,4bed8dd9-adc8-4cef-af33-03be90027fc3,2024-10-03 19:06:00
1024,619,add_to_cart,search,38,5c07cfe6-bafc-48d1-8cbc-817bd3f6f7fa,2024-11-18 08:28:00
1025,433,add_to_cart,product,82,b6b0cbaf-c126-46bf-9a63-5f800162b4db,2024-12-03 14:31:00
1026,791,search,search,31,c1fdd137-ee45-49b9-9e5b-82c1c57ea6fa,2024-09-18 00:59:00
1027,261,purchase,home,15,db91bc12-92ee-4229-ae80-95b1367d7491,2024-05-04 00:12:00
1028,465,purchase,home,35,13a3dfb5-8084-45c6-bc97-18fb7b89a276,2024-10-30 03:37:00
1029,918,page_view,profile,64,8343cf43-b2aa-436d-9de8-0df45fcdbad8,2024-10-31 18:29:00
1030,22,remove_from_cart,checkout,75,9fec3af8-e26e-4c94-b078-2deff9cabfe7,2024-12-11 14:13:00
1031,103,page_view,search,7,955bb291-5951-4b26-9af9-b037d5786efb,2024-03-29 15:47:00
1032,72,add_to_cart,checkout,22,4e9dc075-d809-43e1-a390-a27ef4a29038,2024-04-03 10:23:00
1033,498,search,cart,10,7dbc0d74-c3de-4207-a88e-b83c44d9abeb,2024-10-15 00:15:00
1034,153,add_to_cart,product,10,60309a07-36e1-4bd7-9d93-cb96769b243a,2024-02-29 07:52:00
1035,715,search,search,55,f98b1a53-fdf4-474a-9e20-9f52765cff8b,2024-11-11 20:58:00
1036,764,page_view,search,52,db6c270c-0e2a-4ee5-bcee-b09100c699a3,2024-08-09 00:56:00
1037,484,page_view,search,40,fc7dcf20-74d7-4864-935c-3b2221d57e17,2024-02-10 22:48:00
1038,596,remove_from_cart,checkout,21,b6da09c5-c1f9-435b-b8ba-6764bc1e3f0f,2024-05-09 02:59:00
1039,421,search,cart,95,be592c06-8e3e-4c19-8989-6ac48bd51312,2024-09-16 21:40:00
1040,263,remove_from_cart,profile,27,74764377-5355-48f9-9939-9eaf638a6828,2024-07-18 18:32:00
1041,677,page_view,profile,5,3d939a90-e7f6-4bdb-b62a-625de4c2ed52,2024-06-27 06:46:00
1042,894,remove_from_cart,home,47,73a15cf4-4189-488d-a747-9f9dd47f4bbd,2024-04-23 09:31:00
1043,862,remove_from_cart,search,24,b82f8575-c2c6-4563-b791-c14cae9e9e3e,2024-11-23 06:02:00
1044,704,search,home,99,ddbac758-eed3-4f9d-a707-4a9993dfed2b,2024-01-26 15:46:00
1045,638,search,product,35,54366fa9-78b5-4cb9-85d0-022c127c72cb,2024-06-30 12:22:00
1046,74,add_to_cart,search,86,6e3866b8-56c3-438e-a2d7-725c98706c55,2024-01-14 15:42:00
1047,173,purchase,checkout,39,4c4ee72a-ff5b-49d6-be8d-da7b387cc401,2024-12-05 10:54:00
1048,256,add_to_cart,search,49,cb33b678-c8f9-4985-af6e-2b741a394460,2024-03-08 10:46:00
1049,588,search,search,11,262dfad4-26a4-4d3e-89a3-eb55446363c3,2024-08-13 17:53:00
1050,31,add_to_cart,checkout,13,7ddd5c72-9f31-4110-98ca-90cc833aea11,2024-06-11 05:55:00
1051,143,purchase,product,62,59d1a543-c8cb-466e-af6f-b98fd1370975,2024-12-25 05:46:00
1052,143,purchase,product,98,46faad4c-cade-4ec8-bc78-ae1506903ecc,2024-09-27 13:07:00
1053,958,purchase,home,49,d41b80c7-5a09-4243-ace1-142b590b813c,2024-10-14 02:12:00
1054,775,search,product,44,8c749c28-ceb9-4ad2-ad9d-5ef32cb54389,2024-09-26 03:50:00
1055,505,search,home,4,113cd8d0-cf9d-45be-83de-f4086b0ff701,2024-07-02 04:19:00
1056,660,remove_from_cart,home,25,cd95e754-2819-4e7d-836f-06c0682313c8,2024-06-09 14:41:00
1057,549,add_to_cart,cart,40,5389efb6-68e0-4790-be29-312254708682,2024-04-01 02:48:00
1058,120,add_to_cart,profile,100,14e8637f-be5f-4bc1-bb84-ba8785d82623,2024-11-18 10:30:00
1059,634,purchase,home,40,101d83d6-5df2-4974-8a36-2de4568a662b,2024-05-14 09:01:00
1060,62,remove_from_cart,checkout,75,a0f22e78-075f-4c29-811c-8c1f93e439fa,2024-10-18 15:38:00
1061,562,remove_from_cart,product,11,30204551-6301-4499-80e3-f0d9c39c2c78,2024-06-23 05:10:00
1062,497,search,home,15,3df2e167-05a1-41e2-8633-9a6ce4814f24,2024-01-07 21:29:00
1063,313,purchase,cart,44,da2f9eed-9490-45da-aa21-55b43b7a3d43,2024-01-21 12:23:00
1064,782,add_to_cart,home,23,e8d1ff1f-c101-4910-bb68-8ff76ec87c0c,2024-11-30 00:01:00
1065,434,search,profile,52,f4a62a65-f505-4b69-8d7f-6837ff90b3c0,2024-06-26 20:10:00
1066,194,add_to_cart,home,39,f59fc4ea-7621-4083-8b8d-279a811f9467,2024-03-10 00:41:00
1067,296,add_to_cart,product,36,1af7b560-998f-412d-bab8-2a8de687ea8b,2024-08-26 00:16:00
1068,161,search,cart,65,fd66954d-da79-45d6-8907-d11aa1d9a6cb,2024-06-10 01:04:00
1069,206,purchase,checkout,18,fc862288-ed34-438f-a135-216ac4a8ffc6,2024-05-31 10:01:00
1070,575,search,product,19,63ca8784-6f6e-4013-bae2-864cf5b17ce6,2024-01-28 00:33:00
1071,325,search,profile,57,f7e2d759-6925-4f08-aa17-8e8809664c5f,2024-06-14 04:04:00
1072,902,search,product,21,475976f2-2b06-4cbe-bc0b-772e32df6584,2024-07-15 19:19:00
1073,284,purchase,cart,29,59914e6c-592e-43aa-8bc0-2b195dcc5fa5,2024-02-20 00:08:00
1074,603,page_view,profile,18,9255c367-6402-4e85-a1a4-dc553823bd6e,2024-01-14 18:31:00
1075,447,remove_from_cart,search,28,efb6d487-afd1-492a-8cd6-d6e7b74478c1,2024-11-18 11:31:00
1076,117,purchase,search,98,4e14473c-b597-4da8-977a-a495ff4423d1,2024-08-04 04:00:00
1077,534,search,product,59,8c9e1daf-37d0-418c-a216-6a5307b5a283,2024-10-23 18:31:00
1078,631,add_to_cart,cart,72,70a3d242-2de2-4634-b57c-5cb6c12c980d,2024-04-19 05:36:00
1079,259,search,home,64,23d2ffa7-a266-4cf0-8bdb-528051ff5952,2024-05-15 04:25:00
1080,515,search,home,16,78aaa932-e1c1-4720-9bd2-d78a8f4fc50f,2024-08-17 11:03:00
1081,98,purchase,checkout,45,b4231b5f-e091-4699-8261-464d6ab7dff1,2024-05-22 14:54:00
1082,357,page_view,product,83,b8ab60d3-9ac4-4e16-86b5-47398d50b84e,2024-02-08 13:56:00
1083,648,search,home,46,f814b200-029f-49c2-9d75-a3f9d18c99ec,2024-08-22 06:27:00
1084,439,remove_from_cart,profile,2,b70676b1-239f-444b-b524-aef3dcc0306e,2024-12-08 19:47:00
1085,428,search,home,15,baaa1ee1-c27b-42d4-8297-7d7beaf79b37,2024-03-30 00:01:00
1086,216,search,home,68,d595baa5-c55e-444d-adc6-279947f568c0,2024-11-29 03:44:00
1087,610,purchase,profile,8,7f36311d-cc28-466a-af50-de5a9dccdddc,2024-12-09 09:28:00
1088,416,remove_from_cart,search,43,7e2049a0-5dce-4c96-bcf4-87c9aa68b7cc,2024-05-31 09:57:00
1089,39,search,search,72,993de96d-8b78-4779-a533-fa1818f93442,2024-09-13 10:56:00
1090,12,add_to_cart,checkout,21,21201ec7-a1d8-4f25-aedc-e7ebe9d3ff36,2024-02-04 18:13:00
1091,28,remove_from_cart,home,72,feb2965b-1e3e-492d-a2c8-c173941aebe7,2024-01-09 16:41:00
1092,306,search,product,76,88add062-3c5e-4035-b136-5ed899ddac35,2024-07-27 00:45:00
1093,729,remove_from_cart,checkout,21,70a623a9-16d0-4ae7-9ccd-e2be6d1924cd,2024-01-29 17:31:00
1094,238,search,cart,29,f3084644-d495-40e6-987a-4bbb2fa9b68d,2024-03-12 05:06:00
1095,376,purchase,product,38,da691c6c-e535-4689-8824-0bfb19eac098,2024-04-11 19:56:00
1096,730,purchase,checkout,65,e6c55308-ff91-476b-bff3-c133acf32373,2024-03-14 20:22:00
1097,132,add_to_cart,search,13,bfc4ea15-8099-471c-bf64-de3c20e6e8ce,2024-06-24 09:30:00
1098,315,add_to_cart,profile,22,dc1b57d1-e18a-4950-8882-571f4fc453ed,2024-11-26 19:38:00
1099,365,remove_from_cart,checkout,46,67317548-912e-4f77-9b7e-f6502d7d2992,2024-06-09 07:50:00
1100,863,search,product,47,ececf13c-4cc7-4b59-b05b-2ba6e49a8311,2024-01-16 13:58:00
1101,353,remove_from_cart,home,25,61eba83b-ce93-4717-b5ad-474edec24b9e,2024-10-21 00:57:00
1102,483,remove_from_cart,cart,32,107edae8-ea17-4d28-8e50-e6f624c1c700,2024-03-06 18:31:00
1103,583,add_to_cart,profile,99,7becedaf-4252-4348-9986-b16f4c34264f,2024-01-02 05:57:00
1104,772,add_to_cart,product,16,f1f4d2dc-6e1b-4b63-85da-65dcd1071139,2024-03-14 07:43:00
1105,763,purchase,profile,2,b3c5ce05-5815-4b60-91ee-b3484cd9aefc,2024-12-02 07:09:00
1106,650,add_to_cart,search,65,5e87a777-3815-44c8-8240-a44d758ce35d,2024-09-30 19:46:00
1107,486,page_view,profile,24,082ab37d-3828-4fec-b26b-589507a392c6,2024-12-11 23:27:00
1108,32,page_view,profile,46,2c6ecde7-fbba-4ea9-a8b7-5a160703267f,2024-03-12 01:27:00
1109,867,page_view,home,97,27c7cf9a-1a7f-4aa0-a6aa-7733f1ee01c8,2024-09-25 09:06:00
1110,900,page_view,checkout,98,e49e428a-dec5-4d47-9dae-77924160b042,2024-10-25 21:44:00
1111,508,purchase,profile,83,5e5013bd-0b44-4f17-b73b-74b61a103b39,2024-08-24 10:12:00
1112,916,add_to_cart,product,71,50729c37-6566-4de4-9265-af630eed32cb,2024-07-20 06:42:00
1113,656,purchase,checkout,27,55e68625-aa4f-4279-b292-43e8de246ee6,2024-07-25 23:18:00
1114,149,page_view,checkout,70,74ab9912-4dbb-4c2a-a5b9-38fbda2265b7,2024-06-20 22:55:00
1115,876,purchase,product,22,dd4e3347-6998-4371-9ecf-2d4e41b937f0,2024-09-20 23:42:00
1116,964,page_view,profile,35,fbda7d36-8359-42ed-85c9-94cd3d8b6be8,2024-12-26 22:14:00
1117,406,search,home,57,d05b99ac-b69f-4ba6-8889-535c3c28c9e0,2024-05-30 05:47:00
1118,218,search,home,98,2949a216-5421-4a34-8903-b7bb54bd5c6c,2024-11-28 17:27:00
1119,618,page_view,search,11,15e7e149-a0fd-428b-be2a-805884d176f6,2024-09-24 01:36:00
1120,901,search,home,61,a2446e80-4ae7-49d8-a165-208e60667dbe,2024-06-02 10:21:00
1121,719,add_to_cart,profile,58,8f7de73f-010b-4556-81b5-44d88f652604,2024-06-12 20:12:00
1122,508,page_view,home,33,604a395a-e890-48b7-90a5-90c8d28b51a8,2024-02-26 01:11:00
1123,753,add_to_cart,product,50,2c0c51e2-49f9-4678-8d2f-dd1c76e4fcdf,2024-03-22 17:24:00
1124,294,page_view,home,51,2f5c2bea-d37c-4a4f-bc2d-5fdb060e27f3,2024-11-05 04:31:00
1125,483,page_view,product,71,c73e3f18-b88f-4f89-849b-9b8bafce7858,2024-10-31 07:43:00
1126,739,page_view,profile,29,352d131f-1049-4076-8276-d4378a5dc596,2024-12-22 21:58:00
1127,992,purchase,profile,34,54b05706-e7ca-4e4d-9d18-f5589303ca28,2024-10-24 00:51:00
1128,250,purchase,profile,42,9a08dbde-b74b-40a7-b205-0249fbd7fb0b,2024-08-18 02:27:00
1129,541,search,search,63,1a3ac907-e3ea-4bbb-92b8-4730534e762a,2024-03-16 18:41:00
1130,227,page_view,search,4,350363ef-6e09-48a8-adbe-858fa65558ca,2024-02-08 01:58:00
1131,86,search,cart,46,6db3c8a0-7a6f-40cc-aa2b-392044b17051,2024-05-19 00:23:00
1132,776,purchase,cart,37,be61982e-4fcb-4e2d-b0c0-2d6d06d2c499,2024-09-21 15:55:00
1133,24,add_to_cart,search,11,8d53625a-59b5-4aa9-a989-a95443b3a051,2024-12-21 15:06:00
1134,496,remove_from_cart,checkout,38,96ae7572-da3c-4c40-ab5c-6647d640e79c,2024-11-03 00:50:00
1135,856,purchase,search,24,49fe5363-7ac0-4a1d-9e3f-5b02774faa79,2024-05-04 04:33:00
1136,379,add_to_cart,product,62,baa78cc8-7ae8-4b8b-861f-eda18ec3521a,2024-05-07 12:09:00
1137,204,page_view,profile,43,7211476b-f42e-48e4-aa31-17d836cef127,2024-08-15 12:09:00
1138,949,page_view,profile,60,9db122b2-f589-4a93-afc1-0e69a986b594,2024-03-26 12:58:00
1139,417,search,product,16,d2f85e5b-bdd8-4a7e-a88b-ff1df59a22d8,2024-09-29 22:23:00
1140,819,search,cart,23,3bc8ee78-a33b-48f5-b201-44cf65718658,2024-12-26 20:06:00
1141,963,search,checkout,19,66b2091e-5f5b-4f51-94f6-1f666c1cc52e,2024-07-08 07:38:00
1142,367,purchase,product,75,a8db67a1-c12a-4525-9219-14a176718f63,2024-05-15 21:34:00
1143,504,remove_from_cart,product,18,4f409f75-41fd-4925-8087-f377ee021131,2024-05-10 06:46:00
1144,300,search,home,76,a434ea01-6257-4024-9452-e75f5748560e,2024-04-12 08:09:00
1145,396,search,product,53,696d932f-a521-4708-b6d0-224df749534c,2024-04-23 09:16:00
1146,307,search,product,1,d1a1a1f1-612e-44a7-8b29-db68aa32a51e,2024-05-08 03:58:00
1147,19,remove_from_cart,cart,44,8c45aaa8-a72b-4b24-ab79-584bf53036de,2024-12-01 16:39:00
1148,400,page_view,home,77,afce8d23-d8f2-4e83-bd7b-e8b34b1216f3,2024-04-25 20:29:00
1149,503,add_to_cart,search,50,7ba11156-6114-4db8-92d3-b33747bad1a8,2024-09-12 10:41:00
1150,774,purchase,checkout,95,bebdebbd-6c9d-409c-af61-10b8eb0f132e,2024-10-02 00:50:00
1151,504,add_to_cart,cart,44,7cc66708-54db-416e-b187-3dc430321f00,2024-12-22 22:47:00
1152,932,purchase,home,3,8e37ed14-355b-4131-a286-95c4aede264d,2024-08-25 03:29:00
1153,526,page_view,checkout,46,bcf01910-1012-4579-9c29-3f703dcf1367,2024-06-14 01:11:00
1154,438,remove_from_cart,checkout,18,fb7e5097-0673-44d0-920b-a49ee1382cfa,2024-03-09 06:04:00
1155,268,purchase,profile,38,7039669e-7d6e-4d15-bb0e-4a1308215034,2024-03-19 01:09:00
1156,14,purchase,checkout,46,4a5d6aa2-26c2-4de8-9c22-407783fa20f8,2024-09-06 18:27:00
1157,981,purchase,checkout,45,f3c02d40-4aed-4894-bf55-41b462a7d2b2,2024-09-24 02:44:00
1158,212,remove_from_cart,product,99,fc58d130-c100-4b76-b7ba-fc779ee09e9f,2024-05-31 22:17:00
1159,475,purchase,profile,49,1a82cfe9-98f4-49a9-8c9d-6bfeb879d1d5,2024-03-27 07:25:00
1160,724,search,checkout,53,90a6eb02-664a-494e-815c-ea3558d27842,2024-12-10 07:28:00
1161,563,purchase,home,24,97d2e11b-c5d1-4f33-a432-a54d501ebaaf,2024-01-03 08:22:00
1162,638,purchase,checkout,100,0c72bca0-a3ee-4272-9fce-9db8553aec41,2024-07-28 15:54:00
1163,739,remove_from_cart,home,33,5a5dc889-3e8f-4cc5-a902-9b35d5198d46,2024-11-13 11:58:00
1164,826,page_view,checkout,83,3b128faf-6631-4202-a40f-f286ae6cc13a,2024-11-02 05:22:00
1165,850,page_view,profile,78,b907143c-eb03-4606-bb43-d251c3297115,2024-12-07 03:05:00
1166,356,remove_from_cart,checkout,44,0995d8b3-52b4-4092-9c3b-81a1fb5b9f44,2024-03-31 19:55:00
1167,145,purchase,profile,72,c4c4afb8-8f03-43ab-83ba-b03caf3b2884,2024-03-04 20:12:00
1168,415,add_to_cart,cart,88,14230048-cad6-468c-b247-f39a480a408a,2024-10-08 00:49:00
1169,725,remove_from_cart,checkout,62,8671510e-2466-485b-a971-d12f15a8976c,2024-08-28 19:14:00
1170,923,add_to_cart,search,31,63c7bece-1c9b-4f06-a6eb-445b814ed6f0,2024-10-25 10:50:00
1171,748,page_view,product,81,bd39a167-dcf0-4b83-9b58-50c300ecbd26,2024-08-25 17:24:00
1172,985,add_to_cart,profile,50,5a678acd-ced5-4265-ba9b-ea1843e14753,2024-04-13 21:55:00
1173,111,remove_from_cart,home,30,cb20242c-6da2-4200-a024-d0136edc9e46,2024-06-11 23:02:00
1174,198,search,checkout,68,e7652d5e-0c5e-47bb-88ed-27d7f1b2631c,2024-06-09 02:19:00
1175,838,page_view,product,3,69ffdc51-f931-40d8-8f63-eca77d0e691e,2024-02-04 02:49:00
1176,596,page_view,checkout,64,3d4efab1-8982-4a7b-a32d-1deeabb701a6,2024-09-06 07:55:00
1177,428,search,cart,23,ff2f42f8-3164-415f-8131-8cebfa1246f8,2024-12-12 07:29:00
1178,955,remove_from_cart,checkout,54,cfeffe99-bed4-4319-b43d-6ca47724ac4c,2024-03-03 03:21:00
1179,351,search,profile,37,befece9a-37d6-4bac-a5ee-e82ff46de40a,2024-10-26 21:48:00
1180,490,add_to_cart,search,39,b6e88402-f04b-4609-a641-c268ca5ca8ea,2024-01-05 00:33:00
1181,114,page_view,home,46,d06fb06b-96f3-4309-94a5-b00bd18aac3e,2024-03-13 02:10:00
1182,271,page_view,profile,62,bc30350a-3b6f-45e1-a53a-3cb9d1432196,2024-08-04 23:26:00
1183,494,search,checkout,90,35d818d4-05b2-47c3-8ed2-48193e08a860,2024-02-21 19:34:00
1184,399,purchase,cart,46,13d4aa17-a1ce-42b7-8af9-0632a339c9f6,2024-04-13 07:33:00
1185,205,purchase,product,27,f5b18f56-647f-474a-af42-75cf261deec1,2024-03-03 01:51:00
1186,450,remove_from_cart,checkout,52,3bda1b3b-9f01-4341-8804-8287de3ffde0,2024-01-13 06:05:00
1187,41,purchase,checkout,59,abd98c4a-29f8-4bbb-a3d7-51e6795db6fa,2024-04-07 20:23:00
1188,253,add_to_cart,search,53,e2b935ad-5f2e-4c27-b43b-11682dbd7908,2024-05-15 02:17:00
1189,926,remove_from_cart,home,22,864968e1-7c7c-402d-b1a0-4ccf3eedbf60,2024-09-03 11:30:00
1190,836,search,search,71,5fcc64b8-02ac-4529-95bc-f35caa86736e,2024-01-08 05:29:00
1191,772,add_to_cart,home,79,2d6541f3-5e68-4c52-9236-d2d05e1a3bfb,2024-11-07 21:12:00
1192,340,add_to_cart,cart,10,e5e63e2b-b5b2-4412-9d06-5c9b990d88d2,2024-03-20 00:39:00
1193,544,purchase,cart,44,ec49cf82-4cfc-4481-ab07-5918e79e877b,2024-06-08 23:25:00
1194,511,page_view,home,37,3792866b-bba8-4bfc-b0d3-d109fe29b3b2,2024-08-31 11:43:00
1195,561,purchase,home,13,7f28ddd8-66a1-49be-8669-e420a266a0d3,2024-03-08 23:33:00
1196,20,search,checkout,5,a57711a1-a119-4516-9749-dfcce782d5a6,2024-04-08 08:06:00
1197,950,page_view,checkout,26,e65ea526-610b-4a7b-bfbe-1a0e3e74d0b0,2024-10-02 13:04:00
1198,37,page_view,home,68,9fbaab9d-4c77-46a1-914b-142b2b6b2fee,2024-04-12 01:06:00
1199,381,add_to_cart,cart,97,a0fd4629-29bc-4a8e-9fa5-a4ef03d3de87,2024-12-11 20:08:00
1200,886,purchase,search,3,23fcb040-3968-4764-b51c-8e490f980d1c,2024-01-24 23:20:00
1201,419,page_view,search,69,49ecbcc8-c284-47ff-a7b7-e05f712956e4,2024-07-27 06:50:00
1202,572,remove_from_cart,home,77,7373f3c1-19b1-494a-ad1a-fed03a09844f,2024-07-15 04:55:00
1203,558,remove_from_cart,home,77,0bda44da-bb2a-4d0f-a0a4-3a8c84f4b33a,2024-05-13 08:28:00
1204,289,purchase,search,4,06487d41-43de-435d-b701-7e33ceb09de7,2024-07-03 15:37:00
1205,171,add_to_cart,product,85,706779b9-7022-43fe-90ed-2b0f2f0d6df0,2024-02-02 17:12:00
1206,586,remove_from_cart,checkout,54,528d3a9b-e246-47ed-993e-c895f163f524,2024-12-26 17:56:00
1207,913,remove_from_cart,product,68,edefba8a-6c28-4b43-a7e2-e024dde4157a,2024-11-06 07:12:00
1208,336,purchase,product,90,2fbe902a-64f2-46b5-9cd4-3ddb32cb1552,2024-05-16 03:38:00
1209,356,page_view,checkout,98,a9bebb29-94b2-4115-9667-8bde3f3fbcaa,2024-10-11 12:15:00
1210,102,search,profile,75,76758f48-3a62-4f27-b7ee-4071d35d062e,2024-04-01 14:33:00
1211,390,search,search,83,c58297bc-0e20-4306-9316-33ac79ae3c81,2024-07-06 13:32:00
1212,481,search,checkout,89,4c9f3f6e-3f40-4651-9e89-5658c86dd906,2024-08-20 22:12:00
1213,477,search,profile,79,585eaae6-ee31-4e5a-9a07-e9443f0ce7e8,2024-07-04 12:34:00
1214,534,page_view,profile,67,9c1de7a4-fbbd-4d3d-b6b8-f563ebfe372d,2024-06-14 23:44:00
1215,613,purchase,checkout,45,7d4e5b90-495a-4bd8-bf5b-e3e4fb3ba8a3,2024-03-14 03:59:00
1216,391,add_to_cart,profile,82,10e4b489-6ced-4519-9003-9da2b3aae356,2024-11-18 09:33:00
1217,488,search,checkout,96,38471abb-b2b0-436b-95f4-47cd2f2ac4d1,2024-05-17 16:01:00
1218,128,page_view,cart,15,59b566a5-795a-4c3d-b4f6-b6f69eb10e1d,2024-11-28 02:32:00
1219,292,add_to_cart,profile,96,5d10f11b-1b19-4180-9474-df22e456ac89,2024-07-11 09:07:00
1220,759,page_view,product,19,ec184bfc-cd5d-471c-95ae-cbeca387b842,2024-01-26 11:34:00
1221,246,remove_from_cart,search,42,8c0eb0cc-abc0-413d-8883-9aba832236f9,2024-11-21 15:49:00
1222,567,search,home,90,f8e03ebf-54c4-4783-ba49-9c11880edd37,2024-09-29 07:22:00
1223,138,purchase,product,93,fdd8f622-1af4-458c-beba-61b6b3a855dd,2024-08-17 07:58:00
1224,681,search,product,57,265d0569-a0d8-46b5-bf90-eb620942faa6,2024-07-21 00:27:00
1225,728,purchase,home,51,b48faa29-e155-4ec8-bc26-0fd1e28632f9,2024-03-15 11:00:00
1226,953,search,home,86,052ed16b-ce7b-4137-9eec-d654cf086482,2024-08-29 23:41:00
1227,631,add_to_cart,checkout,13,89da927b-47ac-4ac4-a39e-f76e2bce591d,2024-02-18 19:45:00
1228,552,page_view,search,42,0bf791f4-8c1b-42f4-bb31-79c5ad590d1c,2024-08-11 22:03:00
1229,807,purchase,profile,74,1624004b-da2a-4393-95ea-461a33599cdc,2024-11-08 07:46:00
1230,186,add_to_cart,product,95,719bf8d7-f746-444c-bb3a-152444c3b634,2024-04-09 13:31:00
1231,710,add_to_cart,checkout,90,50ae6c76-dddb-498d-9aeb-1ef9514a37d7,2024-06-23 21:16:00
1232,739,page_view,home,97,ce0490fd-0cc9-4300-b373-d36e5926d153,2024-10-15 23:30:00
1233,220,page_view,home,12,e678d108-62bb-4208-9474-7f3a8b54d652,2024-03-28 00:54:00
1234,750,add_to_cart,checkout,22,00c7ab2b-271b-4e09-971e-7f679b280f90,2024-04-01 03:25:00
1235,248,page_view,checkout,38,e74f26ac-7ae2-4cb3-b95f-c88f2192013d,2024-12-08 21:40:00
1236,98,search,search,29,81ba0dbd-a907-44e8-b618-1077136d0df9,2024-10-07 18:08:00
1237,677,purchase,product,29,a744b880-96bb-47b4-bc8b-426e03d3b86f,2024-05-22 00:38:00
1238,729,remove_from_cart,search,51,3851d99c-7c1b-4503-8fe2-a0dec44def32,2024-05-05 10:18:00
1239,448,search,product,32,d1b210e8-c401-4c44-9c9b-f9eee499c783,2024-03-12 12:49:00
1240,817,purchase,product,33,fa926fd9-ee5a-4ac5-89e6-0b8030838799,2024-03-18 18:46:00
1241,608,purchase,checkout,29,9077c7cc-f1ce-4f3d-a784-dfc9e65dd674,2024-10-29 00:55:00
1242,867,purchase,cart,17,4f82ad18-6361-4d02-9ebb-92bf8484a403,2024-12-04 12:27:00
1243,209,add_to_cart,search,81,93069747-d6ff-431a-8525-5f7802edb37a,2024-11-15 02:11:00
1244,152,search,home,2,4a5b3186-85d1-44dc-a9bc-7f188725f4e9,2024-04-04 07:41:00
1245,484,page_view,profile,100,9c63f0ab-a0ca-4f69-9254-7923d61fb54b,2024-12-13 23:55:00
1246,420,page_view,search,100,138ef755-c5b8-429a-8edc-23ecc1f90bf7,2024-12-16 06:04:00
1247,293,page_view,checkout,86,4c9eeafb-2fc5-44c8-9d49-ed0115c2efe3,2024-05-05 22:55:00
1248,255,purchase,home,21,e97c9e82-8384-4666-bead-33728b18f891,2024-04-29 18:13:00
1249,207,search,home,71,13391d21-a307-4053-ab2b-0594dfe61aec,2024-10-29 08:21:00
1250,647,remove_from_cart,profile,84,ea14ed4c-dca6-4f7a-87ee-f464f481096b,2024-10-25 14:22:00
1251,840,page_view,profile,88,125bec72-e746-4fec-bd01-acb40cbfb66b,2024-06-21 05:15:00
1252,792,search,profile,44,58b34298-957c-4e51-a7ad-e933eb4b11cf,2024-10-14 18:28:00
1253,155,remove_from_cart,home,99,a11c072d-4594-426b-9401-bf4d877d1f3a,2024-07-14 14:45:00
1254,78,add_to_cart,product,18,016b7001-cca6-4a33-b70a-e3e29cad88dc,2024-12-15 07:28:00
1255,838,page_view,search,3,7869b0b2-2509-4273-9bd8-469d10b2b09b,2024-05-01 03:15:00
1256,317,purchase,cart,38,6c222265-ee77-4401-905d-b8c2433c5411,2024-04-26 19:00:00
1257,720,page_view,cart,87,e277992b-83b1-4033-84e5-1e9e1dc1202c,2024-04-26 07:36:00
1258,915,remove_from_cart,search,29,fb53fe38-9d04-4b49-9d3e-0a879a702856,2024-04-06 22:08:00
1259,833,purchase,cart,6,8cf37f87-d32f-4235-8d3d-4087a930cddd,2024-11-10 00:07:00
1260,179,search,home,65,b611f8e3-ed3a-4272-869e-63501da12718,2024-06-06 20:50:00
1261,547,search,product,82,b623ec6d-4eaf-4302-8fe7-07a1c20a5428,2024-07-17 09:21:00
1262,616,page_view,product,87,57535cbf-306e-4119-89bc-f4f62c57b646,2024-01-27 01:24:00
1263,477,search,search,9,a780d5fc-c8fa-4c34-b8bc-4d690dca566f,2024-11-30 06:18:00
1264,419,search,profile,6,66d2524d-6155-47da-bb83-f20331e2bc30,2024-07-14 20:51:00
1265,29,purchase,cart,51,fe7c0d3e-b6b5-4d9d-8aa5-cbb691a0c8c3,2024-02-03 04:07:00
1266,689,purchase,cart,61,9ae59297-4add-422e-9d28-1ec1b6048ffa,2024-03-12 13:31:00
1267,185,add_to_cart,cart,5,714b2f49-4e4d-4b12-a924-69dc087a5261,2024-08-10 17:34:00
1268,941,purchase,checkout,20,9e3499e7-c5de-4e37-9c99-75ffabe549a4,2024-09-03 10:58:00
1269,656,add_to_cart,search,54,5b4f6fee-e456-4cbb-8b32-5af1a7ccc3e6,2024-07-18 17:38:00
1270,707,purchase,profile,8,4cc83de6-61a7-4a84-81e8-0647bafe1cf0,2024-08-15 06:52:00
1271,747,remove_from_cart,profile,17,5489c4c3-dda8-458a-a026-629072705c6f,2024-02-22 17:57:00
1272,17,search,search,87,da617798-7a03-4ba3-85ba-cd3d486d947f,2024-04-14 03:25:00
1273,944,search,search,18,3f3614b7-ac88-4486-8cad-7300831a545b,2024-04-12 23:31:00
1274,591,search,profile,48,26b9fb7e-bfc8-4e7a-9000-fc1026b9cd23,2024-05-05 22:19:00
1275,137,page_view,cart,53,d1030f86-e465-4280-8bbc-5597d63dbd2d,2024-07-26 16:01:00
1276,986,purchase,product,46,b087be65-0b3e-43d8-be4f-f06c42a16b3c,2024-03-28 12:28:00
1277,325,purchase,cart,23,11bfe05b-b2ae-4621-b36d-f71ad449748f,2024-11-14 21:45:00
1278,553,page_view,cart,32,2a9209ea-f53c-4b6d-81ec-fe3f1dd16dde,2024-11-28 01:51:00
1279,200,purchase,home,2,732b6ac5-5e43-476e-96e6-39c1663961e6,2024-01-09 08:40:00
1280,446,page_view,profile,43,d6c2791a-b063-4812-83eb-5dca1d17107c,2024-02-25 00:01:00
1281,100,search,profile,80,cc80aab8-a3b2-43f0-a4e8-e2a57bc9c32b,2024-06-23 00:02:00
1282,640,search,profile,61,040b9936-1a89-4ecb-97f7-ed1b29dd787a,2024-03-27 12:17:00
1283,893,purchase,product,58,2ae0c629-7826-47bc-b0f4-d5c2651d8c27,2024-02-22 13:57:00
1284,467,remove_from_cart,product,2,68ddc408-8c7e-4df5-9329-995645a64184,2024-07-03 18:15:00
1285,945,remove_from_cart,cart,11,44364c68-5aef-477f-855e-b945a997cc6a,2024-07-08 15:46:00
1286,162,add_to_cart,search,64,2909b5f1-38c1-402c-985e-4a1bb1a73879,2024-05-13 05:16:00
1287,815,purchase,cart,20,318a2431-d65c-4c89-ac11-a53b67480624,2024-11-28 10:34:00
1288,603,page_view,search,75,a7723bd8-a1c3-4676-92d9-1962b99e43ca,2024-12-28 10:39:00
1289,912,purchase,cart,55,1dd24ebc-17eb-42c8-b028-4b5a05da62df,2024-06-15 02:36:00
1290,546,remove_from_cart,checkout,88,4e57899a-a393-4c5e-b441-1e584963877e,2024-07-10 12:13:00
1291,935,page_view,checkout,4,1b1bdfca-ba3a-4553-a9c5-9be1632d2824,2024-04-14 05:41:00
1292,575,search,search,76,ec12bc25-4333-438a-b5aa-e1b9d83cda0d,2024-05-12 21:34:00
1293,983,search,checkout,72,17007aa8-6a56-4638-aff1-be62f8900d36,2024-11-09 09:06:00
1294,711,purchase,product,56,4e7fafe1-2c7e-4868-9a73-4b3ed0d062bd,2024-04-25 22:45:00
1295,365,add_to_cart,search,71,e10a4865-001e-4bbd-a360-7510faddf787,2024-03-11 16:00:00
1296,696,search,product,28,d1aff886-5316-4084-a2ff-546ff3d86fd9,2024-02-19 09:12:00
1297,679,page_view,profile,20,2cb7e538-25a0-4985-841c-2dd76cd4fe68,2024-06-27 04:02:00
1298,12,add_to_cart,search,97,54b45c5e-75ed-4da1-9825-a379f04696a3,2024-12-19 16:39:00
1299,32,remove_from_cart,product,86,1464e236-ef21-4a22-b2d1-c943ab0d33f9,2024-07-31 18:44:00
1300,561,page_view,search,62,da79a438-3525-4e49-af52-d56986ec3e6f,2024-10-05 05:56:00
1301,324,add_to_cart,cart,49,30d0afb1-84c2-4b9a-aef4-a47c74fa2bf5,2024-09-10 21:00:00
1302,601,search,checkout,85,881778c5-05b7-4852-89e6-4a54f48ad4c5,2024-09-15 23:21:00
1303,666,page_view,checkout,10,ce012381-70aa-4700-ab7b-7c945dca766a,2024-07-15 02:15:00
1304,121,add_to_cart,home,59,363ca67b-9eed-490f-9d43-89f688fa8792,2024-09-27 17:42:00
1305,740,search,profile,67,e5550cbf-20db-46b4-8b03-7bf9239b6a77,2024-12-10 22:40:00
1306,89,purchase,profile,24,cb114e09-5d13-4822-9490-31e2af99e908,2024-07-19 13:59:00
1307,413,search,search,61,0eb919de-a166-4a85-99f0-ed4a848c2d2e,2024-05-17 04:10:00
1308,901,add_to_cart,product,68,272ba9dd-2841-44b1-96a7-b92ee2f194ba,2024-05-27 09:19:00
1309,410,page_view,home,59,1d43cba6-a15d-4bbc-887f-d9a675689076,2024-10-17 23:48:00
1310,982,remove_from_cart,cart,77,4ba01901-5b31-4e82-8dbb-068fbaa959e9,2024-07-07 23:29:00
1311,837,page_view,profile,11,7d197f3b-7259-4585-8e5f-cf6399b62b6c,2024-08-13 00:18:00
1312,631,remove_from_cart,profile,90,25818c73-abd7-404e-8b63-ea8cf093df79,2024-06-07 20:40:00
1313,73,remove_from_cart,product,50,d15df311-b7fe-404a-b2f5-e2bf1d62c9b4,2024-03-03 08:21:00
1314,876,page_view,profile,86,3616ac6a-d528-4a6f-b8c1-b3bdd6a42e82,2024-11-24 17:56:00
1315,771,add_to_cart,home,30,4086dd0b-8eb0-47a4-99e6-1df24ad9521b,2024-03-18 03:53:00
1316,702,search,home,90,6c3c442b-b74a-4e3c-a197-6bf5efe13d81,2024-07-12 15:51:00
1317,41,remove_from_cart,search,14,d4744cf0-18b6-4db4-b626-3f1f7f35135a,2024-07-03 12:53:00
1318,112,page_view,home,63,f1668843-e41a-4f74-84e2-9495c96596ad,2024-03-06 13:03:00
1319,478,purchase,search,88,c2ee18b6-bd02-4ca4-80c8-fd03811f266d,2024-06-29 02:26:00
1320,899,remove_from_cart,profile,8,79035b27-2f66-4af9-9d89-352f3cb705a0,2024-11-24 13:18:00
1321,35,page_view,cart,71,c4d169d6-79c6-45f6-9f37-57a1b1b82e8d,2024-12-31 09:18:00
1322,356,page_view,profile,18,ce5140ca-76f9-47f4-a105-c2e773793756,2024-09-14 05:30:00
1323,801,add_to_cart,search,34,534898a0-3b85-45cb-b433-3029d6b68d86,2024-03-22 17:39:00
1324,558,page_view,home,55,25582288-13da-454d-b1b2-a2b143722145,2024-08-09 09:51:00
1325,894,search,checkout,21,46245d44-0168-42f9-8caa-8902f7d0131d,2024-12-09 08:33:00
1326,765,add_to_cart,product,41,3f20d300-3259-4b74-8f3e-e73829f58cf0,2024-11-03 10:31:00
1327,308,search,cart,80,dc6f41b4-9666-4419-8d90-32160e413be7,2024-02-25 07:13:00
1328,938,purchase,cart,75,ea987733-2515-438e-9bfe-f8f7c0314003,2024-10-23 06:14:00
1329,262,remove_from_cart,search,24,7ac2ccdc-9d57-416e-9cc7-9bef58494f85,2024-04-16 17:34:00
1330,91,search,checkout,15,742402a3-3172-49ec-b42e-81f94ee28065,2024-07-22 18:16:00
1331,393,purchase,cart,56,e23c5548-6820-4706-986f-45d9ebc185d6,2024-10-14 19:42:00
1332,771,add_to_cart,search,81,13a88b09-bc64-46ae-be62-54cc2dac6288,2024-04-03 09:41:00
1333,818,purchase,checkout,67,d4d26d2b-73de-4cea-a7c7-bfe51703d0e5,2024-01-17 15:08:00
1334,338,purchase,profile,74,bb5619fe-daba-4cab-9840-268501031394,2024-08-14 11:53:00
1335,648,page_view,product,12,e0b7e572-d844-4c8d-bc6b-6e542a393c29,2024-06-14 23:17:00
1336,429,add_to_cart,checkout,64,85eaba24-3cde-44ad-923f-b8f5e15f609a,2024-12-01 13:09:00
1337,107,add_to_cart,profile,56,f99918dc-1fc6-402a-8d08-fc1b2cd9e417,2024-01-07 13:09:00
1338,631,remove_from_cart,profile,76,bc16a330-ab44-4a83-93db-0ef72c988f82,2024-05-21 08:29:00
1339,643,add_to_cart,checkout,18,cbbd1b13-bc9f-4542-9789-971cea2daefb,2024-06-08 11:20:00
1340,683,purchase,checkout,77,a1d9dab8-9fcf-41da-8ed5-432b9cb14595,2024-10-27 18:34:00
1341,791,purchase,cart,9,5f632d20-1d69-4cf8-8851-2bdd76d87fac,2024-02-23 19:18:00
1342,542,search,product,87,0002c906-ceed-4031-9b5f-dd13a29a143e,2024-04-13 22:14:00
1343,408,add_to_cart,search,73,1c404d5c-f7f0-4c11-b083-e6d7f9e47775,2024-08-08 00:04:00
1344,320,remove_from_cart,checkout,15,9e3b53c7-6384-46f3-8658-8c7e6d50ff91,2024-07-05 21:47:00
1345,592,search,profile,59,41f5dbba-f18f-4357-bda3-aa776a7006db,2024-09-10 21:52:00
1346,78,search,cart,81,60f1a664-927c-4432-856a-79603305d101,2024-05-19 10:39:00
1347,373,search,checkout,11,0d3a35e0-b110-4ed7-9602-59975360bcb7,2024-05-14 01:56:00
1348,629,purchase,checkout,40,f464ab55-ecbb-4042-a68b-fe098aa8ea57,2024-02-13 16:18:00
1349,106,add_to_cart,checkout,33,7f35338a-003a-4967-9920-63510c95125a,2024-01-15 10:54:00
1350,915,add_to_cart,cart,18,d801342c-0695-4f83-8ddf-50d149a0e961,2024-11-02 07:53:00
1351,179,add_to_cart,checkout,52,26707246-e19f-4190-8553-57a82e03d87f,2024-10-27 22:31:00
1352,196,page_view,cart,59,f35ebc67-0a99-46b6-911b-d01d08b38f6b,2024-04-02 03:32:00
1353,442,remove_from_cart,cart,87,f97bd1d0-6606-4774-9eb8-4bfaac803d40,2024-04-23 04:42:00
1354,446,page_view,checkout,80,84d68d37-ec9c-4fcb-ad06-3c72b725ad65,2024-02-09 14:51:00
1355,264,search,search,29,b2b70e6a-489d-49df-ba1b-0e6cfe9e2ad4,2024-11-23 22:39:00
1356,285,remove_from_cart,profile,21,7a1b8d85-08d5-4485-9fea-d70f8236f57d,2024-03-26 14:45:00
1357,974,search,home,67,c96205fc-34c9-440d-ac12-962bb64f5377,2024-01-06 11:20:00
1358,805,remove_from_cart,checkout,7,25818844-9959-4254-9dce-a683ec236ecb,2024-01-29 22:55:00
1359,426,search,search,63,7ae81847-32f4-4922-b6bb-4433c095681a,2024-05-01 22:00:00
1360,641,add_to_cart,search,54,3aafe197-9a53-4c3c-bb95-549a5e8fb4d0,2024-11-30 04:01:00
1361,836,remove_from_cart,profile,53,7395c7ca-35af-4c4f-8133-8c836b3a5ef2,2024-11-27 07:14:00
1362,942,purchase,cart,7,9c3bd421-7d8a-44dd-b847-6a2d8e5a3942,2024-10-23 14:26:00
1363,151,search,product,57,0ccc2e87-ecf5-4e01-8090-126f2979e23f,2024-02-13 21:10:00
1364,765,search,search,23,e048e1af-5f72-4447-a785-0cb920761295,2024-07-29 07:07:00
1365,21,search,checkout,97,667dc4c6-1a15-4fb1-890b-37f61df8a053,2024-10-06 14:58:00
1366,177,remove_from_cart,cart,6,ac11a0fb-95e3-40ed-b126-4ff470fd4c8a,2024-08-13 15:49:00
1367,753,remove_from_cart,search,68,ee30730a-446b-49d4-a5ff-bdbff03fa753,2024-02-07 13:55:00
1368,520,add_to_cart,home,36,7677a215-5cc4-4128-94c3-b8a334e0c8f8,2024-04-20 05:53:00
1369,532,page_view,product,60,3efc6673-4d20-4463-9c25-ef90fe64ac26,2024-09-05 06:07:00
1370,775,purchase,checkout,38,5a1f2a93-9a03-4957-8fc3-56659b2560a4,2024-12-13 05:43:00
1371,493,search,search,83,71835613-a9de-4c70-b3f1-5bd7209a6f32,2024-05-15 06:30:00
1372,558,search,checkout,21,4c9a1612-47e8-4888-ac84-40b8e03d97d5,2024-05-18 04:29:00
1373,358,search,home,35,73d41db3-70e7-41c8-afce-a3773a417058,2024-01-13 22:24:00
1374,336,page_view,profile,43,5fd39cce-0019-44c6-add3-4918cf971c56,2024-10-06 00:52:00
1375,739,search,profile,48,8114e6fe-361c-4a3b-8ff7-b7ac7f201ff3,2024-04-19 03:27:00
1376,907,remove_from_cart,checkout,7,012df8d7-4f19-4a7f-93ec-3dfaba5b406d,2024-07-10 19:57:00
1377,649,remove_from_cart,search,72,f797d8d5-47c5-4cb1-849d-3ca1451efbc7,2024-08-26 10:12:00
1378,719,remove_from_cart,home,62,53ea6e29-c25f-4cbf-84c0-ef6e52c45015,2024-11-26 20:40:00
1379,962,add_to_cart,product,69,7b4f324a-198a-4496-8eb7-e43fd05938f5,2024-11-21 09:22:00
1380,386,search,search,87,8328d536-7186-4ea5-bcb3-a387f72dae64,2024-10-20 07:09:00
1381,142,search,home,82,ec4c6e5a-19f7-4ea6-99ea-dc86a5825e98,2024-09-02 02:53:00
1382,976,page_view,search,24,82f3f646-d303-481d-857a-6fa00f1a5d90,2024-03-14 17:07:00
1383,580,remove_from_cart,home,28,353263d7-667c-4c11-a6ec-9a0eeff41dc7,2024-04-13 08:36:00
1384,716,purchase,checkout,46,f66a5059-ef2c-44a0-9820-8eb8919f1b98,2024-11-22 20:39:00
1385,812,add_to_cart,product,50,7c160159-266d-4326-8f3b-da80690450b0,2024-08-14 17:14:00
1386,366,search,search,37,f6712b8a-089b-4e52-8773-ae6915a0f4c3,2024-06-23 08:37:00
1387,34,search,checkout,63,f1aea440-0bf4-4439-8d49-bd5f9e1ec2dd,2024-11-20 16:06:00
1388,215,search,profile,19,0dc8c45b-a113-493d-9eaf-c375e28f1571,2024-04-28 22:44:00
1389,108,page_view,search,53,444e5152-c74c-4ab2-8cf2-f6586c8c89ed,2024-12-31 15:49:00
1390,729,purchase,profile,36,ff545ced-6f5f-42c5-8daa-b95048eab97e,2024-08-19 10:42:00
1391,534,add_to_cart,product,46,d7cdcf45-0bb1-42f1-a62b-224adc6be0e3,2024-07-12 12:15:00
1392,531,search,profile,98,e878ba5e-6f13-41fb-bfca-3733cad6cc0a,2024-03-26 16:10:00
1393,186,purchase,home,52,3242f1a8-2f7c-4c69-a07f-7e08087e8c8a,2024-12-13 20:37:00
1394,928,purchase,checkout,59,af588c29-16b1-48d2-be68-9c03028f22a0,2024-09-05 07:02:00
1395,546,remove_from_cart,product,75,fc75f7b8-b6e9-4784-80c0-7a899514c020,2024-09-15 10:58:00
1396,62,purchase,checkout,5,9bc5eb79-b3ee-45b0-b94e-f85f58d4f477,2024-11-21 04:13:00
1397,443,search,home,87,d7f25df7-e0e1-4a17-b566-c61e8d2f30c1,2024-01-28 23:42:00
1398,266,purchase,product,50,f87b5e6f-ea34-4309-83a5-fd26d3275681,2024-12-07 07:09:00
1399,762,page_view,home,45,cf46d84d-0ccf-473f-94ac-91fae9c36aec,2024-06-02 12:04:00
1400,134,page_view,cart,94,2651c97e-ff76-4550-9600-eeb9eb8f5226,2024-10-27 02:46:00
1401,180,add_to_cart,search,84,22a6c96a-5c41-4109-902d-85742982199a,2024-11-21 13:43:00
1402,458,add_to_cart,home,85,a63285c5-1b68-4c0f-87e9-a77da691b856,2024-10-29 08:46:00
1403,124,search,cart,74,4d8be3e6-2139-4ff8-823f-6eb75a374217,2024-03-17 20:26:00
1404,944,remove_from_cart,profile,14,255b6728-c316-440c-b7ab-f5fa42e52bcb,2024-03-01 17:21:00
1405,717,search,home,23,4f127d17-7904-4873-b1de-ffd2a146d89c,2024-01-04 05:41:00
1406,218,page_view,cart,81,aa5e5a3c-602f-4fe8-bc87-36a19695aafa,2024-11-26 05:06:00
1407,684,search,home,73,59a6e011-ba30-449b-bb9b-e69ef3dd2ee2,2024-07-29 02:09:00
1408,318,search,product,8,8d26283c-3613-444d-8672-a46c461e5e5e,2024-02-27 17:46:00
1409,833,remove_from_cart,profile,30,6e065293-f80d-44cf-801a-641199201e75,2024-06-15 23:46:00
1410,609,purchase,product,2,65b9ce59-3e0a-4ce1-970c-06726e18ed8b,2024-11-13 16:03:00
1411,420,remove_from_cart,checkout,19,a9f2fda9-ce67-4586-9f06-52f525a216ae,2024-09-04 06:33:00
1412,49,page_view,checkout,90,014cc644-e435-4e3c-b8be-9a501e3ac44e,2024-06-22 17:19:00
1413,872,remove_from_cart,checkout,25,4d928f2c-a6fd-47e7-8078-1b0113f31a1a,2024-04-03 21:16:00
1414,854,remove_from_cart,cart,96,12a766e2-2f42-4502-93e6-768bd53ffe84,2024-01-04 23:23:00
1415,232,purchase,home,52,ce41e797-7106-4ff8-92ac-831f83e785a4,2024-06-16 13:32:00
1416,103,remove_from_cart,cart,81,48fd7ed0-671e-4900-9279-05d614014826,2024-01-05 19:33:00
1417,994,remove_from_cart,profile,21,f37807c2-cf2f-4545-a784-c35d7e7d1e85,2024-02-19 14:45:00
1418,484,add_to_cart,profile,73,6b3a4fd4-8869-4009-8942-1d75cff1d03f,2024-08-11 04:59:00
1419,153,search,product,30,18bf7323-a953-473c-9905-127b974031cf,2024-12-12 09:47:00
1420,808,purchase,checkout,14,586ba74e-0313-44cc-ab04-a1fac01429b6,2024-10-03 09:17:00
1421,427,page_view,profile,57,7c11009d-aec9-4656-9534-4ace9db0837b,2024-04-07 04:28:00
1422,305,add_to_cart,home,85,3d0d4a09-09f1-49fb-8bc0-e2812f629f20,2024-08-15 12:46:00
1423,688,purchase,checkout,84,83c87f40-2b60-4c6a-bacf-172628811517,2024-05-09 20:00:00
1424,963,page_view,home,82,d1be74ac-1ad7-4ccf-9e06-f0efac8712cd,2024-09-22 23:59:00
1425,732,remove_from_cart,checkout,86,73c2a7a8-0cc0-482f-942e-e8452dd58fb8,2024-11-27 13:58:00
1426,395,search,search,96,c0fe9fa2-a338-4621-bd42-684da1ccd6b4,2024-07-06 06:22:00
1427,586,purchase,home,57,e71a51a9-5e4b-4b36-9078-dff0eaf9ab6e,2024-02-14 04:17:00
1428,925,page_view,search,33,ea0daa57-4234-4f37-8a90-43bb60c20df2,2024-12-09 15:24:00
1429,368,add_to_cart,home,99,ae04b64f-c250-41d4-b6af-b20bce052d84,2024-12-11 11:24:00
1430,179,add_to_cart,profile,39,30dbcf54-5c13-4e63-9e03-c2b52267355c,2024-08-20 03:34:00
1431,61,add_to_cart,profile,67,3357d424-40a1-4771-8715-dc89b6193056,2024-09-27 02:51:00
1432,644,remove_from_cart,profile,31,dfdd69cb-92f6-4a24-b4f9-ea804f070daf,2024-08-21 03:03:00
1433,925,remove_from_cart,profile,41,ef0399dc-9247-4317-8d94-8f199840bab1,2024-11-25 16:11:00
1434,389,page_view,search,52,0955378c-0b1f-47d0-bc13-69d52a505130,2024-01-19 00:46:00
1435,466,remove_from_cart,home,59,02d93ec0-8d21-4615-bcbb-4ef9d43dc96d,2024-12-20 18:29:00
1436,345,add_to_cart,product,10,b0df0534-7c53-4811-b0dc-410f40dc2d3d,2024-08-21 16:00:00
1437,423,purchase,checkout,57,3d6de0e5-d57e-486f-ac7f-0c1c7898aa82,2024-06-04 16:04:00
1438,524,search,product,2,96bce949-1579-4444-8c99-4789ba4dccd5,2024-12-27 20:04:00
1439,409,add_to_cart,profile,86,c59e266b-8495-45d7-bb10-d6ca265f7656,2024-08-08 16:17:00
1440,129,purchase,product,28,e72201b9-faac-47a6-873e-4efdf36f0ca0,2024-08-11 02:35:00
1441,877,search,home,31,3053c8ed-2cfa-410f-b1f2-02f54c61e321,2024-06-11 10:57:00
1442,611,purchase,cart,59,35e45be0-2b4b-42de-b41a-45b5c087de69,2024-03-24 14:09:00
1443,564,purchase,search,15,d1fd7bfa-6f6a-4d25-9ed2-2acf3f0452ab,2024-12-02 23:32:00
1444,809,remove_from_cart,profile,15,e34db9dc-8a09-47e2-9eee-d7fc5d8587cf,2024-06-04 14:24:00
1445,190,add_to_cart,search,5,424bd406-4514-47c1-a49d-0a0e7eaf8cdd,2024-03-21 12:52:00
1446,781,purchase,home,77,2b1d2034-4e01-4a4f-abde-32029f45ce58,2024-05-28 13:04:00
1447,571,purchase,checkout,87,90905015-fcfd-44c8-b672-49693c5419e7,2024-09-04 02:56:00
1448,761,purchase,cart,10,9ada8500-79e3-4a57-8ee9-e38447bfbdcf,2024-09-22 03:16:00
1449,942,purchase,home,33,4db163b4-2975-48e0-9993-434de767b657,2024-12-04 21:36:00
1450,593,page_view,product,76,9ddfadec-0092-4ea3-88b6-81e006336483,2024-12-04 07:27:00
1451,917,add_to_cart,product,19,8bb987dc-7f83-4c85-bf78-83fdc56d316f,2024-09-22 00:57:00
1452,755,add_to_cart,search,58,0c93e688-e3ae-4a31-b27d-8988358e38fb,2024-11-03 16:00:00
1453,804,page_view,product,98,c34d8fc9-5731-4a0e-b637-edf04d76ef39,2024-06-01 15:09:00
1454,766,page_view,search,56,d9784142-c1ee-4009-9263-125ad05871e9,2024-09-07 07:34:00
1455,744,purchase,checkout,62,ba1dd1b8-9828-4c2c-8273-3c245c0780bc,2024-06-25 02:39:00
1456,442,remove_from_cart,product,57,2e8dbd8a-e023-4347-b57d-a0d37f9af129,2024-07-17 14:01:00
1457,249,search,profile,23,cc83d8a0-2caf-4e0a-8b52-c8c50b78f647,2024-09-03 09:39:00
1458,979,search,home,39,df7f07e8-ec0f-47a0-ad55-dc13adca7212,2024-04-28 17:15:00
1459,632,purchase,profile,41,f7db52ba-bdb5-4e2d-a778-a357e11bc02d,2024-01-01 10:56:00
1460,225,page_view,search,81,1b94889f-608a-405c-90c7-949457da4854,2024-04-08 06:52:00
1461,385,page_view,home,38,455cec24-b389-40e9-ba06-e8c026ac2967,2024-08-07 15:58:00
1462,115,remove_from_cart,home,11,97c08de9-123e-4033-9ce1-e270577828d1,2024-11-21 17:43:00
1463,575,search,search,91,1fc6c267-da9b-427c-b829-25873b082759,2024-04-04 15:03:00
1464,247,add_to_cart,profile,22,4889526d-7c59-49ec-bb02-e3c7ba94c417,2024-05-31 23:32:00
1465,627,page_view,product,49,0ea325bd-a0d7-4df2-b262-512df3d33898,2024-01-20 09:56:00
1466,200,purchase,cart,45,4659815b-4f6b-4235-a749-43f0d467a3be,2024-07-08 14:41:00
1467,405,purchase,profile,32,d0d17a55-32af-43ab-90df-3254f033318e,2024-10-18 09:01:00
1468,549,page_view,search,17,709f54d8-e3d9-4c23-825a-5f141d00935e,2024-09-11 10:32:00
1469,806,remove_from_cart,profile,67,d9fb4dcd-b80c-4f7e-8b7d-1674e9be7991,2024-03-21 15:28:00
1470,378,search,cart,58,5bf5a169-e050-4d6b-bf42-175a18138a9d,2024-11-05 05:54:00
1471,175,purchase,profile,7,ad0b3163-bb81-47f7-bb2a-9a1c9aff11c8,2024-02-12 18:09:00
1472,262,purchase,checkout,46,03631b3c-74d3-4ae8-914a-479c355c8262,2024-11-09 10:30:00
1473,855,search,profile,50,1fd2e994-d7fc-4ca6-b864-f21b8c00e3ca,2024-04-15 07:30:00
1474,123,page_view,search,26,cbbe5ab9-6db0-4bb4-bfe6-66cedce3035b,2024-06-12 03:55:00
1475,475,page_view,search,59,62275dd9-6f41-4ec5-9ee6-28113097cc91,2024-02-26 13:20:00
1476,55,search,home,60,c0a0302a-2468-422c-b1ff-c4ce244f7006,2024-01-26 06:51:00
1477,697,purchase,checkout,9,b4a9a9b0-d9f6-4691-872b-61c15e06358c,2024-04-21 10:10:00
1478,295,add_to_cart,search,14,09c3e25d-c4f3-47c3-93c7-fcb069fdb12f,2024-08-07 18:56:00
1479,282,remove_from_cart,product,90,9a0bb070-4bcf-4d00-93d6-bf2e964a3a31,2024-12-29 17:16:00
1480,323,remove_from_cart,cart,21,d1450289-cb84-4875-a7ce-b615420e8e71,2024-11-21 20:51:00
1481,661,purchase,product,36,c3b1a36e-8100-42ec-ac94-3d876a6e75a8,2024-05-19 20:55:00
1482,449,remove_from_cart,product,80,4b2c98be-6258-4daa-b9bc-1e01dc6495ec,2024-11-17 17:28:00
1483,646,search,profile,96,af3ff691-caaf-4ae8-9d83-a94f19ce2557,2024-03-09 21:02:00
1484,92,remove_from_cart,search,19,bf91d32d-c9fe-4cd3-ab34-e685943d91e5,2024-11-09 05:12:00
1485,989,purchase,search,24,fe66e87b-e44a-4cb9-9063-947ff7bb6257,2024-07-06 21:36:00
1486,749,search,checkout,69,aaec816d-256c-43c0-aa45-e509726ed9c2,2024-07-29 21:20:00
1487,9,purchase,checkout,4,7e2abb22-1921-4740-a2ef-c39265d42d21,2024-03-02 02:25:00
1488,354,remove_from_cart,search,52,ceb07b59-f956-4cdc-b4f4-1b7f93b3990a,2024-06-30 03:05:00
1489,355,page_view,product,42,5ee3a2ba-4be4-4043-ab9c-0130a628cd77,2024-07-05 11:35:00
1490,106,search,profile,8,e52df07c-4e70-42d5-ae99-0062390e527c,2024-12-10 21:43:00
1491,769,page_view,checkout,52,b9296f0e-84e1-4f8e-989d-4e373f686d65,2024-12-01 00:22:00
1492,434,purchase,checkout,85,010577d2-3ec3-49e9-8e0f-fada68d54416,2024-04-05 20:06:00
1493,193,purchase,home,6,805a2aa9-e9f0-49eb-b3db-5997047667c9,2024-10-02 08:46:00
1494,738,add_to_cart,search,5,867715e3-a3d9-4c12-b117-0095a29f57ad,2024-01-13 23:27:00
1495,1000,add_to_cart,profile,78,6133da91-8055-450d-9d9d-820f689f5f3e,2024-11-04 07:31:00
1496,543,add_to_cart,product,55,ffc8ef4d-443b-4ee5-85fa-26d8441744c4,2024-10-26 22:07:00
1497,14,search,profile,80,c792fb91-34b2-4168-abf5-5be8af3c9059,2024-09-12 21:33:00
1498,464,add_to_cart,home,74,596e9d95-bb3e-4a7c-bbcc-9d877e4148b2,2024-02-20 12:12:00
1499,686,page_view,profile,85,e722d2c9-f7df-4f48-951d-c1b4b11b4107,2024-11-10 03:27:00
1500,339,page_view,checkout,70,4d79695a-f5f7-4dd5-b249-acadad7bf598,2024-01-22 00:17:00
1501,846,purchase,product,14,0d2f0edd-3be4-4bd5-a8de-7884d15da616,2024-06-16 06:21:00
1502,484,page_view,home,79,5e1946b1-a21d-473f-b294-a67e66f60a09,2024-04-16 10:32:00
1503,461,page_view,checkout,8,c98088e5-08e6-4f54-94dd-19719f182cf8,2024-04-05 00:03:00
1504,677,remove_from_cart,cart,85,153f8959-0e14-48db-8aa4-38a1cee7c459,2024-07-05 00:41:00
1505,908,page_view,profile,70,bd95bd2f-251b-4d13-877c-7104a1ea73c1,2024-08-18 16:37:00
1506,13,page_view,profile,42,fee7ee89-e2b8-4060-9ecb-3ed560958d5f,2024-04-05 18:38:00
1507,785,remove_from_cart,product,29,68c7ad66-801e-46b8-a21d-6272f3b2215f,2024-03-08 11:22:00
1508,680,remove_from_cart,product,83,ebc61c59-f582-440a-bacb-fbdf1286b326,2024-04-10 08:38:00
1509,176,add_to_cart,product,83,fe62ffe3-707a-4abc-b2bd-71069ea974de,2024-02-12 05:43:00
1510,310,add_to_cart,home,19,bc54c9da-d9cc-4fe8-81f9-9983f9f76c10,2024-06-18 16:42:00
1511,652,add_to_cart,product,89,4807460d-15c2-42cf-80ae-91a50e0950fc,2024-01-09 06:25:00
1512,645,page_view,product,18,8c819ed4-1d7f-4468-9756-88ab898c86a8,2024-03-12 15:57:00
1513,433,search,home,33,17990b5e-a28d-4c58-a6bf-7ef6ed8fa9b8,2024-11-28 21:44:00
1514,496,remove_from_cart,cart,64,1ac7de0e-7862-4c0a-90e4-26d04421dfe1,2024-12-01 07:00:00
1515,620,search,home,16,533f9494-d7b1-4eac-a5a7-b78c2428ea8b,2024-01-16 23:28:00
1516,932,search,home,94,71da6eca-6ba4-4a72-82b1-b1f103fd3289,2024-10-12 15:26:00
1517,845,purchase,checkout,68,54a1d8c7-573d-4fe2-85c4-289d10028e4b,2024-06-05 10:13:00
1518,950,add_to_cart,cart,82,bc710b2a-ce37-4be0-9b2c-2f967227889f,2024-11-29 06:46:00
1519,249,remove_from_cart,profile,100,121ed511-010e-46c9-a0d6-3e5ec366213d,2024-08-23 16:19:00
1520,225,purchase,home,100,8d59f332-dffd-43f7-ba61-d2066feffeda,2024-02-05 21:04:00
1521,520,page_view,product,26,a4075d3e-ea0e-4569-a5e3-bb5117a5c27d,2024-07-23 02:13:00
1522,402,add_to_cart,checkout,91,7d40c410-5e73-4cff-a624-4e8dc24421ba,2024-06-16 00:26:00
1523,23,remove_from_cart,home,29,52430bf2-342a-4804-971a-cc87782ebe49,2024-05-04 23:59:00
1524,384,page_view,home,51,bae06bf0-bee7-4b55-9ee9-fff63f70a3b6,2024-04-30 23:42:00
1525,791,purchase,search,97,84ba2def-a655-41c5-8cbe-59e675c157b7,2024-05-27 11:43:00
1526,942,purchase,profile,31,f0c3c623-00ec-45cb-b875-a8020ab60cc5,2024-07-30 05:22:00
1527,910,add_to_cart,home,32,5fb783f7-fafa-40d3-b77e-9a63c3fadb21,2024-05-16 21:41:00
1528,129,purchase,home,22,84c1f428-69cb-4fc9-ad1b-8268d2c90ca1,2024-08-13 07:11:00
1529,947,add_to_cart,checkout,79,adbae5f4-fd5f-40d9-ba3e-cbeb98a9edef,2024-11-07 04:56:00
1530,462,add_to_cart,profile,67,9cb8ead9-00d5-4748-bf57-41a5938bb59f,2024-08-25 00:08:00
1531,189,search,cart,96,bf4c44da-4b68-4511-b21c-07c84ba1adb7,2024-01-08 00:37:00
1532,734,purchase,cart,11,cc4a1f47-adb6-4773-9e4c-d75355959344,2024-02-05 00:49:00
1533,191,search,product,78,e44d104c-06d7-4f2f-ad98-9ef02dc23482,2024-11-18 22:16:00
1534,12,search,search,53,c8bb07cf-cea2-4e9b-a973-34a4433c126b,2024-06-29 13:29:00
1535,875,search,search,46,9b9db953-f9c2-4c51-b804-e1cd09cfa832,2024-11-19 12:17:00
1536,920,remove_from_cart,search,87,cdfc3f38-c40d-4546-881a-b8dec7da99f1,2024-09-25 21:05:00
1537,777,purchase,home,27,ccabb3fb-0f63-4fe4-84b1-3b15452b1b9b,2024-01-20 07:10:00
1538,915,search,product,72,0d4d6b72-5904-423e-84b9-e5e5ca51eb80,2024-05-29 09:11:00
1539,738,add_to_cart,home,28,5e7123ce-e5dc-45c6-bf37-e9b6d750ec69,2024-10-05 09:47:00
1540,209,add_to_cart,product,12,521e4c1c-63f8-4381-825b-ffa0ea85d4d6,2024-05-04 07:48:00
1541,39,page_view,profile,7,90334ba0-b68a-4e0c-81df-06c588cd8e15,2024-05-28 23:58:00
1542,170,search,cart,49,cd9dd013-af84-47c1-991f-4d9f7e550568,2024-01-01 06:01:00
1543,771,add_to_cart,search,26,e46def26-55c9-4a71-afaf-eb12284de684,2024-12-15 00:37:00
1544,347,search,checkout,83,c3332084-ddee-4807-82b3-681157eaec75,2024-04-03 00:10:00
1545,25,purchase,cart,20,f1f6dc22-2717-4150-9c7d-9d2fe8a3fa91,2024-01-26 00:53:00
1546,712,add_to_cart,cart,46,d0300ac6-73c2-4127-9cbd-359c5f3088cf,2024-07-20 19:13:00
1547,86,search,checkout,1,41d40055-2c13-47a1-b022-9546643eef2b,2024-08-10 22:10:00
1548,229,page_view,cart,31,ac6d3732-29a2-4e45-a3a7-3e8006d24584,2024-09-26 15:18:00
1549,309,add_to_cart,checkout,32,f07e3e43-f69a-48a9-8228-388851f543ef,2024-01-04 11:14:00
1550,999,remove_from_cart,search,54,65a3b8d9-ce2c-4242-bc58-32f7317c81fb,2024-03-08 15:26:00
1551,242,page_view,home,95,fb1acf37-6a56-43f9-b2fa-10c5af49261e,2024-10-27 15:24:00
1552,783,add_to_cart,profile,24,0ce76af4-a344-4981-94cf-d1073f1c35e0,2024-06-15 04:29:00
1553,673,add_to_cart,search,57,96373f3f-2664-48aa-a33a-1ff2af35c541,2024-07-16 15:49:00
1554,265,search,search,12,5b05ccad-392b-4847-a783-186637eb3681,2024-04-28 18:06:00
1555,281,add_to_cart,home,30,f8f02316-7bd5-40bc-9d4f-55af6e96f6f9,2024-09-12 11:49:00
1556,403,search,cart,9,b8d950c4-6b4a-4926-99d7-40cc2233e5a3,2024-06-07 07:04:00
1557,857,remove_from_cart,home,14,86ded2c6-71f2-4659-88c3-b5d4eeb5d3a4,2024-04-30 18:33:00
1558,575,purchase,profile,72,759e5557-da84-4d53-bf77-3adbb1f46104,2024-06-07 05:39:00
1559,377,add_to_cart,profile,100,4824d80e-cec2-4e8c-b443-71bad68ac12c,2024-04-13 23:58:00
1560,474,page_view,search,76,7642561f-5df2-4746-b9e5-b1308c291a0d,2024-05-10 05:34:00
1561,908,remove_from_cart,home,69,05dfe8a3-4bd7-4803-b1fa-80b9fd45f882,2024-12-23 20:34:00
1562,782,search,cart,53,0e663aa9-0cdd-44a1-aaec-dddf6f85a7fa,2024-12-10 07:32:00
1563,9,add_to_cart,profile,70,c3948bb3-8488-472e-bef7-ffb8c92f3e59,2024-06-20 04:04:00
1564,156,page_view,home,37,d009b2db-46cb-4e1f-9122-131a41b06461,2024-11-24 02:25:00
1565,274,search,profile,47,8a13feff-148c-46cb-94bf-60237694224a,2024-12-29 02:55:00
1566,927,remove_from_cart,cart,73,50d5383b-464c-42fa-a520-13d2ce1f13b6,2024-07-26 08:34:00
1567,941,purchase,home,25,910bb395-aeaf-4687-a802-2554b1e7e21e,2024-03-10 03:33:00
1568,475,page_view,product,79,7311dbb5-09c4-40b6-ac4b-f63ce2933b9c,2024-07-06 23:02:00
1569,744,search,search,71,d65dc720-1a75-4004-9b07-16da3da23710,2024-09-21 08:10:00
1570,809,add_to_cart,profile,47,776f74dc-f095-4631-9875-74461607a228,2024-11-12 08:00:00
1571,139,page_view,checkout,74,e3e4e122-bf86-4c9d-b845-019f1438dc74,2024-10-03 22:02:00
1572,928,purchase,search,9,36182eb4-6632-4660-abc7-d012a104a349,2024-04-26 10:40:00
1573,399,add_to_cart,profile,92,3935f06e-7269-46a8-b245-63845874ff1e,2024-07-15 04:09:00
1574,277,remove_from_cart,checkout,99,ecda80ef-96e0-465a-9565-c2bd4a6188ef,2024-04-04 13:21:00
1575,373,purchase,home,47,6b9d9e53-4cbf-4c9f-b60c-635a95e28ab8,2024-12-06 15:42:00
1576,462,add_to_cart,product,44,d5dd72d4-f211-45f1-9317-884b72222bbe,2024-12-03 11:54:00
1577,87,purchase,product,60,8f809208-f9e8-40db-993d-e0fc441677d3,2024-05-23 22:35:00
1578,304,purchase,search,88,b55bde26-40d1-462e-99ad-b5820227d6d8,2024-04-05 14:02:00
1579,911,remove_from_cart,search,77,5fde5243-b35d-4187-91a7-78d359e4a8f7,2024-05-15 08:24:00
1580,101,purchase,product,41,df0c9dc6-b16c-4398-b6b7-691ecae8e1cc,2024-04-25 12:03:00
1581,430,search,cart,38,31742839-b7a7-410d-ba67-e773f39a1ec4,2024-09-12 23:43:00
1582,3,purchase,profile,90,d5de87f7-0d4a-4d1d-971d-6e6939922263,2024-09-07 09:00:00
1583,624,page_view,profile,21,dd63a6e6-138d-4307-90c5-2bda129d7b86,2024-07-16 00:09:00
1584,652,search,checkout,82,73d08aa5-8f33-4ff5-b086-411191e43bc3,2024-01-28 00:46:00
1585,999,purchase,home,14,ef393fa9-6c98-4159-8e54-83c78cde0dc9,2024-01-14 13:18:00
1586,521,page_view,product,100,b7b9467b-e7b0-4b0e-ba8d-445ed10db3b4,2024-04-09 04:22:00
1587,690,search,checkout,73,9f76db7c-df8d-4a2c-a916-6f9ddf712b43,2024-11-14 20:57:00
1588,523,page_view,home,100,9cb7e71c-15b5-4c7a-83b5-2c2a572d90db,2024-10-04 17:59:00
1589,865,page_view,cart,68,f35e92be-746e-4540-816c-4e06af3e7578,2024-06-02 17:40:00
1590,619,remove_from_cart,checkout,88,41cf212f-fe5c-4d2d-9632-f1141b253c77,2024-06-17 08:04:00
1591,717,page_view,product,36,d4e3c17c-1890-417e-93b0-93785bd3dd27,2024-03-30 04:38:00
1592,422,page_view,checkout,99,5b1818da-83b7-4e51-a94a-f2b18b7cb78f,2024-11-13 02:15:00
1593,806,search,product,94,e5e30643-169a-46f7-8a04-445ccff55264,2024-03-02 15:45:00
1594,163,search,cart,19,2dcc3dc7-4bb6-4dcf-9e14-6afd298c93cd,2024-12-18 02:35:00
1595,422,purchase,checkout,67,fe3342cc-8b0b-4065-b285-6b6ed3dd70f2,2024-03-14 06:51:00
1596,915,search,checkout,62,c3990acd-6e76-4fb7-a181-0917bce15713,2024-06-14 13:46:00
1597,466,purchase,profile,48,07a39fa3-e934-49a3-9284-4bcff800ee32,2024-10-26 09:43:00
1598,911,search,checkout,29,a61a9007-e462-4cf1-a7b4-9745c4bbe24c,2024-08-18 17:30:00
1599,844,search,cart,43,6c49c31b-9358-4120-a743-5606be3ff363,2024-10-28 23:28:00
1600,948,page_view,home,99,85584ce2-a7ba-4e94-a8d5-2f8661319156,2024-09-24 19:57:00
1601,493,add_to_cart,cart,92,5e1b63bb-f293-4ba6-80d2-6843a47a653e,2024-09-22 03:33:00
1602,750,purchase,home,56,8e6e8b61-c889-4e8d-9cfb-47c5413dbb45,2024-04-11 06:30:00
1603,645,search,checkout,34,35dcf00a-bceb-42e1-a1db-e59ae1aef0ab,2024-08-15 04:45:00
1604,422,purchase,profile,28,aa251db7-e264-44e2-833b-47bc2cb492b5,2024-03-25 12:47:00
1605,532,page_view,product,54,d1ba65f2-350e-484f-89aa-9710e2710168,2024-02-03 10:42:00
1606,750,search,product,52,7e50ca63-7f57-4c04-93af-ba2efef23718,2024-06-06 01:30:00
1607,709,purchase,product,6,35adab22-4e13-4c2c-bdfb-f30c6209a6fb,2024-12-23 20:52:00
1608,181,search,product,92,dd1c6a52-e845-457f-a1d2-71bc74b19e1c,2024-01-15 15:19:00
1609,645,search,cart,91,46fb5544-1227-4649-b3ae-42da65eed578,2024-11-11 13:11:00
1610,759,remove_from_cart,home,83,ef6d863e-2b09-4bb7-a9c0-dab368f386e1,2024-05-05 04:17:00
1611,352,search,profile,14,ad1775f7-ff6c-47e8-94f3-a2eb789360b7,2024-03-07 07:43:00
1612,839,page_view,cart,85,c60c77e9-1b11-4df3-a317-a2eb167515ee,2024-12-15 02:17:00
1613,174,page_view,cart,67,53ca884b-7712-46f6-a61a-35ebad4fe9eb,2024-03-16 10:54:00
1614,876,remove_from_cart,cart,95,139b8d6a-34bc-4b85-bb98-071bed87ebef,2024-12-16 03:16:00
1615,225,remove_from_cart,product,70,b4124a92-68e0-44ae-bb66-fd8be6c149b2,2024-03-16 11:03:00
1616,58,search,profile,49,77d9d0de-b61f-4974-98ef-eff1e13e48be,2024-12-10 19:57:00
1617,785,search,product,5,d43d58d2-4e15-4f3a-824c-f66cedd12a14,2024-06-27 02:03:00
1618,198,remove_from_cart,profile,100,30f03563-6a96-4674-ace2-b3d9e42df221,2024-02-08 11:37:00
1619,311,search,profile,98,1c2352c3-7240-42eb-8cfb-1f0c7244ca3a,2024-03-11 22:34:00
1620,193,remove_from_cart,search,37,dd470d23-c206-4f79-a3e8-690bbc95e063,2024-03-18 16:15:00
1621,362,add_to_cart,checkout,8,63f930cb-6352-4d0e-85de-c8b015ac79a3,2024-08-02 00:28:00
1622,494,page_view,cart,77,83fce68f-1ea9-47be-b477-e28be049e88f,2024-09-02 12:18:00
1623,147,add_to_cart,checkout,79,fa0abf6a-0928-447d-832e-c16b9897b74e,2024-02-24 15:56:00
1624,857,page_view,product,100,463e9b81-1c2c-4c2a-a5d1-263bea5abfca,2024-03-08 09:11:00
1625,187,add_to_cart,cart,9,d9b21951-a61a-4fee-8960-e828bb0a8c30,2024-08-23 20:29:00
1626,602,add_to_cart,profile,96,6aad5b79-12ba-48d3-9120-15ae96c3c427,2024-02-10 21:06:00
1627,469,page_view,home,47,86360764-a270-44cb-882a-c15503a2f011,2024-03-24 09:20:00
1628,881,search,checkout,2,10d30a90-f579-453e-b24a-d900a1095fab,2024-11-14 00:06:00
1629,164,purchase,home,62,62dd5345-ba43-4292-8a4d-88da9b879a83,2024-03-28 01:36:00
1630,689,search,cart,3,ed30b928-36aa-476b-af32-b8dbd1eeff7c,2024-03-21 14:49:00
1631,36,search,cart,26,17d5a6b6-6255-45e4-9d75-0b750f336eb5,2024-02-16 11:10:00
1632,120,page_view,search,97,6b2fc8f2-4f85-47d4-b7dc-825c3865a8d8,2024-11-12 15:07:00
1633,484,search,checkout,93,04cee64d-e04a-4c35-8e6b-eb9975ddf475,2024-04-03 11:57:00
1634,669,purchase,profile,12,aae8bbfa-80c0-488e-a0eb-bd6d6ce3c4a2,2024-07-07 13:15:00
1635,433,search,search,52,e435f47a-9a1d-4747-8dd8-66553188a6a6,2024-05-19 21:24:00
1636,651,remove_from_cart,profile,3,af867687-b740-4708-9898-2b3cd60caa03,2024-05-25 10:24:00
1637,589,purchase,home,99,a23a93df-f213-4a89-9062-b6c44b1a80ed,2024-07-31 05:33:00
1638,359,add_to_cart,checkout,97,b2638d44-5ad5-4aab-9329-92f94ef0c3e1,2024-11-19 21:46:00
1639,500,remove_from_cart,search,22,7444558c-0721-4d2e-b6f7-d7133d2fb232,2024-10-13 20:51:00
1640,69,search,checkout,10,f0181569-3e26-455a-9a6e-726062fab438,2024-02-07 22:12:00
1641,938,purchase,product,45,5d4d2f41-f52b-486a-a861-317dc646b552,2024-05-27 06:07:00
1642,239,add_to_cart,home,12,48754f89-208f-4966-a178-9bac96e7e36e,2024-12-21 04:43:00
1643,954,purchase,profile,7,e3738330-efab-4f62-9038-7e6838c72c51,2024-08-11 23:50:00
1644,293,remove_from_cart,cart,62,c324dae7-4b8e-4231-9f11-c6465abbbd9e,2024-09-27 06:57:00
1645,821,search,profile,84,227655f5-b7b9-4297-b01b-98cc76839c05,2024-10-17 00:17:00
1646,869,search,checkout,78,e173eb34-37af-4ad9-bc7e-cfa0ed13b1fb,2024-12-31 02:01:00
1647,245,page_view,profile,27,556c8c10-a74a-492c-8bec-1fd374fdbce6,2024-04-25 15:37:00
1648,624,page_view,checkout,10,5aea8580-7d1d-440a-946d-352d4919153e,2024-09-19 10:45:00
1649,2,add_to_cart,search,60,d9f77da8-5dd2-41f7-bfa5-2017de270d9a,2024-07-23 14:03:00
1650,800,purchase,cart,37,93d0aedf-4e82-4e6d-8b67-8afae231f439,2024-01-04 19:13:00
1651,778,page_view,profile,97,de6e893e-52c8-4628-8f07-cf263cfac8f2,2024-06-12 15:28:00
1652,436,page_view,cart,2,d528752a-6a15-4713-bd5b-4f8ddc813abc,2024-07-15 18:47:00
1653,158,purchase,home,6,19efe011-79ff-4c2e-9723-e389b376d860,2024-06-25 09:09:00
1654,572,purchase,product,45,afbc3e6d-ba58-41f3-ad4f-7e2484d8afab,2024-09-07 08:02:00
1655,837,search,search,85,8fd6f4b3-ac21-4749-bbef-d2c4cc6e4b0a,2024-06-21 03:28:00
1656,315,remove_from_cart,cart,38,10af7451-83ee-44f0-a91b-afe46d1aa94f,2024-02-08 07:48:00
1657,540,search,product,41,34bc25d5-7338-4231-bcde-de9213d1c197,2024-10-03 20:11:00
1658,737,add_to_cart,profile,45,966113c4-bfcd-4bdc-90a3-18f65a41e203,2024-06-24 04:25:00
1659,234,purchase,product,32,335547e5-cf32-427d-9dce-5163ced6cced,2024-10-01 01:54:00
1660,393,page_view,checkout,62,88b7daa8-0133-4bf3-b001-0cbdd51c30e6,2024-11-12 19:32:00
1661,578,page_view,cart,98,3857a1dc-fe8f-4138-86eb-7fe2e466b78f,2024-04-16 17:44:00
1662,89,page_view,home,51,ce5aac62-73e2-4cb5-8011-18ef0f83b6a0,2024-04-20 03:00:00
1663,323,search,profile,95,548bb158-bbce-456f-abbd-ffa11409eeb4,2024-06-29 00:29:00
1664,801,purchase,home,33,07f07676-cafe-4fa2-b4b7-cbf9e5377ec9,2024-01-03 21:16:00
1665,527,purchase,search,60,15945910-efc9-4a1a-98a8-e2954f2971df,2024-02-27 21:27:00
1666,611,page_view,checkout,31,52a27c4a-b217-4f91-879f-c32a575dfa58,2024-04-25 17:09:00
1667,820,page_view,home,77,aa1516b3-1df7-419e-a4aa-5b09efd9173b,2024-04-03 01:02:00
1668,637,page_view,home,36,ba76e343-9c48-4a5a-8626-d5e126b7b545,2024-11-04 23:33:00
1669,617,add_to_cart,home,88,fbd2d631-9ffe-4ac9-8403-d48a3053bc9f,2024-07-14 17:22:00
1670,902,page_view,search,66,958bc46c-8d76-4e7b-bb60-152a12dfd4a7,2024-11-04 08:29:00
1671,638,add_to_cart,search,67,08ed23cb-886f-4a33-92c9-3af18f571953,2024-11-24 07:42:00
1672,395,remove_from_cart,checkout,78,61cd1d67-d55a-469e-8b5e-98cc2594a290,2024-01-06 20:26:00
1673,650,page_view,home,79,912ffaa0-cd4d-4405-9892-de8103a1419d,2024-08-06 01:14:00
1674,918,add_to_cart,search,94,2c27b1d1-6cd7-4c3a-acb5-52e46acd8da2,2024-03-20 04:43:00
1675,868,add_to_cart,search,81,ac13677f-20a5-4974-8676-8bc0e4518200,2024-12-28 05:11:00
1676,246,remove_from_cart,product,59,aad5b670-6e21-4a38-ad19-227019131cf0,2024-06-11 10:43:00
1677,509,add_to_cart,checkout,89,84d63da8-ab16-4221-8af3-8231e0a1b88d,2024-01-20 10:39:00
1678,136,remove_from_cart,home,84,5bbe86d3-3263-490d-9536-d8afcdd58030,2024-02-03 17:54:00
1679,937,search,checkout,20,d145eb8f-5317-4584-a155-e3462e50f8e2,2024-01-24 13:39:00
1680,412,remove_from_cart,checkout,64,4dc1228f-34f5-4b38-94ea-c87b26693d1c,2024-07-26 15:46:00
1681,790,purchase,search,65,cf445b5e-a156-4132-8338-23c798abc108,2024-08-29 03:12:00
1682,875,page_view,search,81,03e9c142-d6aa-4617-8758-4146692f0ef4,2024-05-10 16:13:00
1683,618,purchase,product,1,4b078fb8-819a-4f39-85cb-86302a022db8,2024-01-21 12:45:00
1684,436,add_to_cart,product,80,b8d93834-dffd-4ad3-99fe-f97c66d3bab5,2024-06-20 13:32:00
1685,577,search,checkout,46,8568fd8f-06c8-4cdb-9492-b64a12e4ea99,2024-08-12 09:32:00
1686,965,search,product,52,14416478-f949-4bd2-9e24-a575b37805af,2024-08-26 20:01:00
1687,442,page_view,search,90,5c5e4477-a303-4a29-86e9-bd17bf6fc0ab,2024-09-10 11:00:00
1688,3,add_to_cart,search,10,b7ed3d0a-5af0-43dc-8bfe-d1488f5b679e,2024-06-01 20:03:00
1689,264,add_to_cart,search,70,ffe52be0-16c1-43af-bfaf-b55a0bda5f5f,2024-01-02 02:22:00
1690,871,add_to_cart,home,46,0021efbb-5233-4142-aae5-54c766f3a78a,2024-01-04 00:48:00
1691,370,search,product,48,3301068e-5739-4654-b0a9-75c49de2b4c9,2024-12-09 06:19:00
1692,705,search,cart,84,97a0fe09-660f-465e-9d8d-8088754b391d,2024-10-11 09:50:00
1693,189,remove_from_cart,cart,51,4f052860-555f-4c19-bc6e-6eddb6de89f1,2024-02-05 08:58:00
1694,939,page_view,profile,57,5747e412-1601-47c8-b84b-02a9736674a0,2024-09-23 09:13:00
1695,905,purchase,checkout,4,980a5180-3788-47de-b20d-4a858cc187b7,2024-02-20 16:47:00
1696,999,add_to_cart,product,100,7af76da8-e02a-4d53-bc35-06dd16256d3c,2024-07-02 15:43:00
1697,585,search,home,90,f64b296f-12a2-4311-a005-07cc557dce7d,2024-07-15 19:22:00
1698,713,add_to_cart,profile,47,9e9612f9-88b6-4685-9e54-09ec8540dbd9,2024-03-17 08:43:00
1699,744,purchase,search,25,afe1349f-7a6e-4551-9396-a7a8783b71c0,2024-12-17 13:03:00
1700,267,add_to_cart,cart,74,af766cf1-cd62-4090-b6f3-c38ae3490ee3,2024-10-24 00:16:00
1701,759,page_view,home,79,7a69b07e-f932-418d-a22d-641a8d0113da,2024-05-03 18:50:00
1702,321,search,search,66,44bde982-dc1c-458a-a3b7-fcbf81291919,2024-02-10 22:47:00
1703,522,remove_from_cart,product,92,4d9749ed-6a0e-4cb2-98a2-0b411a133655,2024-04-05 08:52:00
1704,315,remove_from_cart,checkout,92,948fed12-2ed7-41e3-9ea5-69484638729b,2024-06-08 07:19:00
1705,665,add_to_cart,cart,76,1c1dc78f-c0cf-426e-8b06-af82aaace355,2024-06-30 20:04:00
1706,162,add_to_cart,search,52,a539c754-57aa-42a7-92d4-1a920aa35be6,2024-10-25 10:09:00
1707,599,add_to_cart,profile,93,6d2fe854-8ec9-4d21-961a-6dfdb8536183,2024-11-18 16:10:00
1708,106,page_view,checkout,20,4210cb5e-adae-4068-80d1-1b4f3e42e124,2024-10-02 12:35:00
1709,812,remove_from_cart,product,13,22cac83b-88c5-4388-8a7b-8b51414b0617,2024-12-15 01:02:00
1710,721,purchase,product,44,7ebb67d4-d3c1-43e5-8c74-26436a84d8ea,2024-11-01 01:04:00
1711,208,add_to_cart,profile,82,e39cdfa1-6786-4a76-b42f-30433745ecd8,2024-06-29 14:01:00
1712,662,remove_from_cart,cart,11,c7625795-bc4b-4ee4-bd39-c7f5592f9021,2024-05-12 16:09:00
1713,153,remove_from_cart,product,3,1cb24dfa-3264-491b-8203-ad90c9e33528,2024-04-03 10:39:00
1714,333,search,search,72,82525a89-6672-4c37-ba14-f903043bf6e1,2024-07-05 10:57:00
1715,455,add_to_cart,search,29,25910b7f-6618-4b19-ba33-293d4ef764ff,2024-11-06 15:17:00
1716,173,purchase,home,70,aa754d5c-bc8f-4014-8898-d243e2912c19,2024-07-02 11:02:00
1717,139,purchase,product,98,9ada52ed-4048-4c34-88a8-bc2789376d53,2024-07-10 18:39:00
1718,113,remove_from_cart,profile,98,d14dd6d3-41ea-4f2b-8784-1131823b892d,2024-05-01 10:13:00
1719,809,search,cart,77,d14f11ea-7560-4fce-bc87-656a9ccbe69b,2024-06-12 13:38:00
1720,861,page_view,checkout,21,d189e098-a183-4b36-a830-ff06ede0a91f,2024-01-08 15:03:00
1721,254,purchase,profile,63,992d2d4f-9c1f-4270-803f-69afa27905cc,2024-11-12 17:52:00
1722,804,search,search,27,7fdafbc3-20bd-43dd-b2df-3cabd246c9e3,2024-08-30 06:24:00
1723,226,page_view,home,45,bb14cf94-a0e2-4ef1-be54-e65e468e548d,2024-11-29 05:30:00
1724,940,purchase,product,60,04776880-512e-42cc-ace3-d031fa7cd3ab,2024-05-24 22:34:00
1725,812,page_view,home,69,c1d01b6b-3292-40a8-a3c1-affd53ee8117,2024-06-03 08:34:00
1726,507,search,search,3,da2203ec-d439-4dc1-8d3c-a33a407d4878,2024-07-01 04:36:00
1727,104,search,cart,38,4468fb51-5927-4f6a-b838-2796d2ae1457,2024-01-26 18:01:00
1728,63,add_to_cart,cart,42,9b5b4c2b-fdad-4382-89c5-e4af3df0cc8e,2024-09-21 14:32:00
1729,157,remove_from_cart,checkout,26,c771551b-a535-4b88-b320-e699ecec8ea3,2024-02-26 06:01:00
1730,184,add_to_cart,home,30,fb395b76-01c4-4736-a065-963ee929481d,2024-08-19 07:59:00
1731,645,remove_from_cart,cart,6,b38dc1ec-706b-4cd1-aa06-ae5640128fa8,2024-07-06 20:14:00
1732,206,remove_from_cart,home,13,426ad98c-c912-4067-b49a-5581d6267813,2024-08-01 08:50:00
1733,858,purchase,search,94,c289ba26-a292-41dc-83cf-2e5362dbee19,2024-07-03 21:03:00
1734,840,purchase,home,80,54eb0df1-8058-4c7a-a285-5281122d0db2,2024-04-27 06:31:00
1735,71,search,search,49,99c63475-03f4-4f1b-83db-e7cb920b4bbd,2024-06-29 16:58:00
1736,328,page_view,home,17,136c29cc-b0f0-47a0-adc3-6d1073fa7974,2024-12-29 22:47:00
1737,72,remove_from_cart,checkout,42,09b1d28d-f8ed-41bf-a185-b1168c84a75c,2024-05-13 17:57:00
1738,108,search,profile,27,1e6bc4f5-6c33-4ac3-85bf-83a68fd5e4ab,2024-03-29 05:55:00
1739,938,page_view,checkout,9,3b119fe8-4e85-4746-82fa-54b8a450a6b1,2024-06-29 05:43:00
1740,325,page_view,home,77,19d45ac2-6adb-48a7-88bd-6f2c79890ef1,2024-02-10 14:30:00
1741,617,search,profile,57,412f6050-bd83-47d8-bfde-0a24592760aa,2024-10-15 10:01:00
1742,868,remove_from_cart,checkout,82,18afa4d5-491c-4b51-99d7-e7a43474f304,2024-12-24 01:00:00
1743,882,purchase,product,18,b1d5458d-8368-47a2-9973-89b27494047c,2024-06-14 01:04:00
1744,960,purchase,checkout,43,22a4bb33-3936-443c-9fb6-944fe1c7f636,2024-11-08 02:29:00
1745,703,remove_from_cart,search,83,5937fb3b-a167-4295-99b6-cea992d82826,2024-10-30 01:38:00
1746,951,add_to_cart,product,73,30cc032c-5318-4838-a593-faa60ba5335d,2024-04-23 13:56:00
1747,18,remove_from_cart,profile,36,5def4f2b-5276-4545-bf17-052629b7bf90,2024-09-05 00:29:00
1748,996,page_view,checkout,56,161a000c-6415-440c-897d-c39b91d6312a,2024-01-27 23:22:00
1749,505,search,checkout,42,51439541-2110-45b1-af59-94aa9ab29769,2024-03-06 15:13:00
1750,592,search,product,10,dd81dc5b-14de-48cc-bae1-65ae16edf388,2024-02-18 05:46:00
1751,867,remove_from_cart,search,65,6464fc02-615b-427c-8b65-4802a778df42,2024-03-22 04:58:00
1752,836,page_view,search,91,3859023a-3394-4eb2-aeec-365b9a0770b5,2024-11-02 17:28:00
1753,810,page_view,home,56,89d04867-b3d4-4005-8e4e-03f492bbae00,2024-03-20 21:18:00
1754,701,remove_from_cart,cart,45,d5dc1888-225b-45a2-b384-0ca526cd612a,2024-02-06 12:38:00
1755,966,purchase,home,28,905a1e9c-5607-49d0-af6f-f008ce8d22f8,2024-09-07 00:15:00
1756,268,page_view,search,86,b0ee341a-68fd-4bcb-9867-daee320fac9e,2024-05-24 19:30:00
1757,534,remove_from_cart,product,16,78626ece-2769-4ce1-86db-897fefc22174,2024-06-11 22:02:00
1758,820,add_to_cart,profile,59,3f7462ee-c01f-4357-bdaa-a275453b042b,2024-11-21 09:15:00
1759,577,add_to_cart,search,92,3d5f174a-c1e3-4e62-b0b7-e48df14ea2be,2024-02-29 18:06:00
1760,701,purchase,cart,36,eaa06d0e-f2c0-4027-b0f5-c5b8abebd8aa,2024-06-10 18:17:00
1761,940,search,home,53,e8f90bdb-2568-49ec-82c9-a962919c64bb,2024-03-09 01:36:00
1762,688,remove_from_cart,product,95,3b91b4d6-67ff-4b05-ba67-2c2502cd9e9b,2024-09-10 19:21:00
1763,513,purchase,home,58,a227ea86-c340-48e7-8811-029de3dffc69,2024-03-21 11:03:00
1764,862,search,product,25,b4c8500e-75ae-45be-8b88-0a46a4cef0e5,2024-11-21 21:45:00
1765,225,page_view,product,7,b9bde304-fa81-4b87-9daa-4040c78821c1,2024-08-01 17:11:00
1766,818,add_to_cart,home,42,e5ac95e0-b77f-4ae4-87eb-80f0185c0a30,2024-04-19 16:18:00
1767,345,add_to_cart,search,15,a32b7d3a-2ade-4114-94a6-3fac1e5f61ab,2024-04-15 08:36:00
1768,480,search,cart,58,9d046c77-dcca-4bc1-8159-b39a76d82120,2024-06-12 04:53:00
1769,868,add_to_cart,product,49,477e0a01-2e09-4fd3-84ab-6c8c42a7e764,2024-07-11 02:02:00
1770,215,search,product,15,03949ac2-a3e4-47e9-92cd-afadf57714ba,2024-03-01 16:26:00
1771,178,page_view,cart,97,ffdc6c8d-cc21-4a17-a7ca-5bdb30c423d7,2024-01-23 21:08:00
1772,381,remove_from_cart,home,32,52e605fd-3e47-431e-b6eb-e19cdd1169d9,2024-01-25 18:48:00
1773,645,search,search,51,70c42b73-1bcb-47d4-b255-1574a77c6a4c,2024-03-29 19:19:00
1774,185,purchase,cart,83,11de1b08-8c6a-4b67-852a-4a0df553df69,2024-11-09 15:48:00
1775,504,page_view,checkout,3,0465a3da-f0a4-448c-940b-2ce7b23796c4,2024-04-21 09:21:00
1776,387,add_to_cart,home,46,261c9584-6922-4e48-b3ed-6d9121d0cbce,2024-07-02 10:08:00
1777,497,remove_from_cart,product,15,ffdf2ae2-45f5-4994-a7ee-6cc0d00cd42a,2024-07-23 18:59:00
1778,106,search,cart,98,8c6abb54-6d78-4a2b-817e-7822385438b7,2024-09-05 11:52:00
1779,581,remove_from_cart,home,85,b099abef-c5d0-48fc-80fb-305eac57c690,2024-10-17 23:00:00
1780,257,remove_from_cart,cart,74,4bba476a-a57f-49c0-90de-d72ec878f0fb,2024-01-26 13:20:00
1781,309,purchase,search,96,18cdf39d-c431-424f-81a3-45db2d6db96a,2024-03-16 19:09:00
1782,308,page_view,profile,79,02383cd5-e77d-43e0-a548-fe200bb719da,2024-09-13 16:24:00
1783,819,purchase,checkout,10,611adb0e-4b99-4cb6-b0f1-425124534047,2024-12-03 03:55:00
1784,541,purchase,home,2,0a4ed299-312d-4d1b-a4a1-243b97d10225,2024-08-12 08:39:00
1785,792,search,search,2,1c67638b-eecc-4d7e-a556-d33da946cca2,2024-01-07 13:05:00
1786,564,page_view,product,5,1e36bf26-7fc8-4307-9f5d-157b3adb1de5,2024-04-07 03:23:00
1787,379,purchase,checkout,60,27b78028-41ab-44b3-a677-f16bdfd53fc6,2024-06-11 05:07:00
1788,901,purchase,product,48,86b2d837-6821-4712-ac0b-b1da18aabde8,2024-11-13 05:40:00
1789,263,remove_from_cart,cart,100,9afb8e15-5867-4479-b7fe-6c0f8ad26b9b,2024-06-30 00:28:00
1790,445,remove_from_cart,cart,59,d9f25b27-9542-423d-800a-95ec6d47ba9a,2024-09-27 16:36:00
1791,100,remove_from_cart,cart,80,cd1773ba-1e9e-4417-9ac1-0775262121f9,2024-05-03 19:34:00
1792,599,purchase,checkout,47,ab18fbd0-0849-426c-b4cd-46f0774e65aa,2024-12-14 21:07:00
1793,884,remove_from_cart,product,41,e2d9e1a5-61cf-4c8c-a0c7-bca28a6f0095,2024-09-13 00:31:00
1794,762,remove_from_cart,product,21,f0f4599f-f31d-49c8-94d0-413ffcf2acdb,2024-02-28 05:00:00
1795,800,add_to_cart,checkout,96,24692435-f77e-4fbe-a6e8-ef86d3988fb1,2024-04-19 13:00:00
1796,12,page_view,cart,42,2dfd9c04-a746-458a-b9c7-ce76c3aebf19,2024-04-05 07:11:00
1797,251,add_to_cart,search,14,f31e69c6-6d3c-4f71-b0e6-74b85309587a,2024-05-27 04:40:00
1798,927,page_view,cart,97,0500a320-afad-4573-a6f2-2daf073e2165,2024-02-21 15:37:00
1799,218,search,cart,29,ccf866b6-331a-4f87-87d6-efee700f0c28,2024-09-18 09:12:00
1800,16,purchase,home,89,280f4dd6-71ab-4c4c-87c4-ff298024daef,2024-09-18 09:26:00
1801,442,page_view,search,4,4a0903c4-9a05-43af-88d4-f3b88af496b3,2024-05-04 22:21:00
1802,113,remove_from_cart,search,7,ef405b81-7ea1-4623-9174-7188e3cb58e0,2024-11-30 06:13:00
1803,946,add_to_cart,home,32,a23f42ce-d997-4056-9b70-77ddd767a08f,2024-10-18 06:56:00
1804,391,page_view,cart,90,f61b9110-bbe9-46fe-83e3-15c6def34d8d,2024-08-30 04:46:00
1805,779,page_view,profile,58,9422aa9e-045e-4437-b48b-36e3efd0004f,2024-04-13 02:04:00
1806,370,purchase,checkout,53,f311d811-3446-449c-987d-79052c8f85c7,2024-12-16 05:59:00
1807,244,search,checkout,46,ff072a93-b835-4324-a8f6-620bab2e7327,2024-09-29 04:25:00
1808,240,page_view,home,91,63b6ec8e-52e0-4993-b21e-75e6f2ab3795,2024-07-11 02:32:00
1809,58,add_to_cart,home,86,94d8ed96-8ec1-4160-8ee7-748669422999,2024-04-20 16:28:00
1810,831,search,cart,21,74e3b8a0-15e1-4063-b36c-23901b2ce9d7,2024-07-22 06:43:00
1811,948,remove_from_cart,home,94,cf2f8e9d-0359-4243-b179-170a59032092,2024-06-30 09:48:00
1812,505,remove_from_cart,cart,10,55872f0d-08d9-4c01-9d38-19dab9adaaa0,2024-06-19 21:25:00
1813,637,search,product,21,6021294c-f9c6-4ead-b1b1-026e430e08ef,2024-04-05 19:52:00
1814,593,page_view,profile,71,c7e60f30-5cc8-4c83-b4c6-a3dd9a7d05b9,2024-02-04 05:32:00
1815,897,page_view,search,9,2ae8dec7-82c8-4419-9f22-7800824e67cd,2024-10-15 02:29:00
1816,482,page_view,home,74,e5987cb4-c900-4216-973a-56823d925ada,2024-12-18 16:11:00
1817,858,purchase,checkout,83,34f5c741-9309-44c0-bace-94e01b164c6c,2024-02-29 14:37:00
1818,345,purchase,checkout,67,e38e3e90-58dc-4061-8d00-42904234d0a1,2024-06-17 20:35:00
1819,449,purchase,checkout,16,ce72e089-1230-4003-bb28-a1b7f1c0bdeb,2024-03-20 02:45:00
1820,462,purchase,profile,95,25c091a5-debf-4ee5-af17-2d7585580aec,2024-05-24 23:16:00
1821,319,page_view,cart,49,177da3fb-e40d-4745-ab72-6afd80896719,2024-07-03 14:18:00
1822,220,purchase,cart,77,a993a165-d706-445b-9a37-ef20d0fc8333,2024-09-27 05:18:00
1823,963,search,home,28,9c96a76d-c476-4b44-8af3-037f3de94ae8,2024-03-15 17:50:00
1824,971,page_view,search,2,1fa636b3-3b40-4d06-80c8-f535210d78f2,2024-02-18 05:39:00
1825,703,remove_from_cart,cart,65,f6ebf336-3176-4249-bdca-d89afc0fcbc3,2024-05-19 21:17:00
1826,325,purchase,product,42,82b860c3-324a-464b-8469-72586afadb28,2024-03-26 12:16:00
1827,36,purchase,home,90,2896f830-20de-4ee8-be71-2c98b464fcaf,2024-06-04 20:59:00
1828,585,page_view,product,14,1e5351ba-44a0-4091-9724-a5322104deec,2024-01-22 08:27:00
1829,945,remove_from_cart,product,64,a526c512-ab34-4975-971b-ca2b2bae6e96,2024-06-08 01:46:00
1830,269,remove_from_cart,checkout,33,7a5c6420-b341-42fe-9579-963f39a20e64,2024-06-13 08:50:00
1831,217,page_view,profile,23,a9093051-5f19-4244-9082-bcfa4939e42e,2024-10-21 01:15:00
1832,541,add_to_cart,checkout,41,87812b48-9b0c-4b22-9307-2df5fd5f22e0,2024-02-20 04:48:00
1833,601,remove_from_cart,checkout,24,45df59bc-a1d8-4f7b-bc0a-8e70c9826745,2024-10-20 18:08:00
1834,416,add_to_cart,product,58,b39eeb37-16a5-45a2-82f6-829709bf7125,2024-01-17 20:59:00
1835,35,search,cart,16,33125a82-6318-4fae-95fc-b9a36f250fb4,2024-02-05 06:52:00
1836,700,search,home,87,fcdd46c3-cf83-445f-86b3-8a661bb3c525,2024-04-04 04:09:00
1837,451,purchase,home,45,891717eb-716b-4c59-a188-f0c788cd75a7,2024-10-10 08:49:00
1838,155,remove_from_cart,profile,11,b33a6865-ee3d-42fd-94c1-4aed742364f3,2024-02-14 17:48:00
1839,892,purchase,profile,38,2f82f373-880d-4ca4-8f47-1b818dda8a6c,2024-04-02 05:15:00
1840,123,search,cart,65,d0996ce7-57a9-486a-877c-e8192a73aef9,2024-04-20 02:44:00
1841,775,add_to_cart,product,80,bd7b741c-17e5-4ed9-a0dc-22da25012c64,2024-09-04 11:31:00
1842,27,add_to_cart,cart,4,83d2981f-cfc8-4a9d-b870-ca11ccce406c,2024-11-14 14:54:00
1843,121,search,home,35,ed7f5401-2516-4517-b1e9-b9bbb82af3b0,2024-09-30 11:19:00
1844,235,purchase,product,82,effde6a9-0bfa-4a4a-be54-4cb5e8ca1396,2024-08-13 20:17:00
1845,534,page_view,search,60,a24cb327-a954-4d82-ac24-00dcb3c59a78,2024-04-07 03:30:00
1846,743,search,cart,18,3ba57ff3-cd2a-45b1-be10-2bcacbd3e9bb,2024-10-30 15:27:00
1847,298,add_to_cart,search,33,cf5db841-32ae-401e-bf3d-40a63e356f14,2024-12-01 12:35:00
1848,325,page_view,search,20,c15fdec4-914a-4454-a6a9-adfd4e4fa163,2024-07-25 02:31:00
1849,707,remove_from_cart,profile,70,0ccdfc08-8a2f-4344-9d0d-221a731b0e66,2024-07-23 19:09:00
1850,462,remove_from_cart,product,85,0c4c963e-403d-4474-b9f7-c3a65804200f,2024-11-09 01:53:00
1851,660,page_view,product,80,2e2adc8e-6a8e-4109-8e79-d3c69287d229,2024-03-02 12:07:00
1852,43,add_to_cart,search,11,8b6a0839-f09f-4dc2-9a40-1f54cacc1467,2024-02-25 03:06:00
1853,502,page_view,cart,3,4fbb2252-a5ea-4c76-8583-daa72e71f874,2024-05-28 22:57:00
1854,509,search,profile,85,9dc0c1bd-d8d0-4c9b-8768-42f9fe4db127,2024-08-28 07:30:00
1855,307,search,home,48,59bfb11c-153c-4415-85df-97c37117cdf9,2024-03-10 03:46:00
1856,704,purchase,profile,1,614f8b31-074d-4b84-b413-9fa1595812d6,2024-03-06 01:31:00
1857,939,add_to_cart,search,62,a93e7628-2abf-4641-8627-2346e07ba187,2024-01-29 20:05:00
1858,427,add_to_cart,home,55,be6ec3a1-1dd3-466d-b83a-f32684f32e18,2024-03-07 18:20:00
1859,527,page_view,home,58,32e1186d-0a29-4f9f-b6ad-6e3115bf064e,2024-09-02 03:37:00
1860,406,purchase,checkout,63,a0ea4b74-7ad6-4cac-880b-149a028f33db,2024-05-11 02:43:00
1861,413,purchase,home,52,aec53864-0482-48bb-910b-3028489a0979,2024-05-16 17:21:00
1862,895,search,profile,96,c7595d39-a057-4147-acb5-11a2df2ddf90,2024-09-25 17:41:00
1863,294,remove_from_cart,cart,86,1717d33a-01fc-4dac-be64-f59dabbe7508,2024-03-10 09:21:00
1864,60,remove_from_cart,profile,79,4a9fa3fa-7241-40af-9e20-f7e04e577797,2024-09-16 16:25:00
1865,299,remove_from_cart,product,65,7af7a9d8-9bdc-47d9-9409-81fc51e0d83e,2024-08-04 17:47:00
1866,300,remove_from_cart,home,23,e8a645f1-45c4-4c25-8504-b55b6607c4d8,2024-08-01 10:56:00
1867,182,purchase,checkout,54,3974e33a-f654-4a2e-87d7-98e57666193f,2024-08-15 07:06:00
1868,352,remove_from_cart,product,41,594f9079-e91f-4577-b3a9-630417240349,2024-05-18 02:44:00
1869,478,search,product,24,e2c282ab-5431-4f8b-aa83-ced6ef084a97,2024-02-15 02:09:00
1870,389,search,home,71,a441345e-5318-4885-81b8-f7ee1765ccd1,2024-07-30 16:23:00
1871,25,purchase,product,39,2423c948-6ce5-4574-a4b9-0e1059734728,2024-06-15 16:43:00
1872,350,purchase,profile,89,70417ee8-f07d-4e8b-b658-6366f7d8e605,2024-10-29 15:58:00
1873,497,page_view,home,37,9d5e24a6-2f31-40f3-b047-53d45b552bdf,2024-07-07 20:24:00
1874,517,search,product,56,435ead26-0353-4be8-aacd-1410d2af67d9,2024-12-23 07:19:00
1875,181,remove_from_cart,product,27,5b41e7b8-1f1a-4a60-b009-fe9f6089e417,2024-07-03 19:11:00
1876,544,search,profile,61,a122c1db-d16d-44fa-b624-952d9848a36a,2024-01-06 00:21:00
1877,139,remove_from_cart,home,27,4b5c77d5-31ca-456c-89da-d10ee1a2ca08,2024-07-20 05:30:00
1878,943,add_to_cart,cart,69,8362fcc3-2235-41f3-9e1d-c0b8920f2ce5,2024-07-25 03:32:00
1879,189,page_view,home,81,aee855b2-bdaa-45ca-ae70-746bf447e099,2024-05-11 00:45:00
1880,562,remove_from_cart,profile,65,666b5add-e11a-4980-a110-d89e04bf5861,2024-08-27 08:09:00
1881,423,page_view,cart,81,ece58f43-7b86-4abd-8425-00900e196c47,2024-06-08 14:07:00
1882,822,add_to_cart,home,99,6b872340-bf73-42e2-a7a6-0713acfe6ce4,2024-07-11 04:30:00
1883,384,purchase,profile,25,d2d0f87b-1c71-47dd-ae33-1504e4431a9e,2024-05-03 22:11:00
1884,34,page_view,checkout,13,b966c638-b78c-47c8-a7a5-1c4b24deecdc,2024-02-27 20:43:00
1885,628,add_to_cart,checkout,71,37e83025-570d-4507-9923-9fd39992d7f7,2024-11-08 11:59:00
1886,160,search,profile,86,ed381d94-4901-458e-80b7-19f60fcdc784,2024-08-28 09:51:00
1887,798,search,home,22,c1cc845e-98f1-4bcc-be23-f44a97bfc125,2024-04-09 07:40:00
1888,861,remove_from_cart,product,31,6d7c2136-29cb-416a-99cf-476973ab74ea,2024-06-12 16:40:00
1889,260,remove_from_cart,search,56,238ab51b-f5d6-439f-8444-c105cecd589e,2024-04-30 17:13:00
1890,994,search,cart,51,7a7db78a-a748-4dbc-a1e7-8042edc5f25a,2024-02-01 14:18:00
1891,598,page_view,checkout,96,a9386c76-126b-4e01-958b-9653acb617d9,2024-11-08 16:54:00
1892,127,remove_from_cart,cart,42,ef53522a-3864-4e5d-afe8-29155512ffe1,2024-08-11 03:12:00
1893,811,search,checkout,97,9fcd1301-b415-44c1-b361-d8ec340617b0,2024-12-23 01:50:00
1894,688,remove_from_cart,checkout,83,45006629-2fcb-462b-bc93-a600b1df15f6,2024-06-14 03:54:00
1895,649,page_view,cart,24,a7720c4f-cf9b-46db-8a0e-c042a3f289eb,2024-05-17 04:20:00
1896,985,search,cart,51,43181712-7117-474d-b5cc-769cd75bf3c7,2024-07-10 16:37:00
1897,596,add_to_cart,product,32,0882a901-d05d-4552-87c6-2c2dade079de,2024-06-22 15:05:00
1898,459,purchase,search,92,df923c57-1966-44ad-b38b-4b80833c43c3,2024-07-03 06:32:00
1899,844,remove_from_cart,search,79,fab5e0bd-5081-417e-89e7-d9e34e85b492,2024-05-18 00:33:00
1900,753,remove_from_cart,profile,58,5e07c924-fae6-49e3-a50b-3c68937d7d06,2024-08-25 04:30:00
1901,630,purchase,product,66,33b59af7-c90e-4167-a04d-c188fa0c08c1,2024-01-13 19:55:00
1902,143,purchase,checkout,96,29855690-75ea-41c8-9aa7-7a81eaba5d53,2024-02-07 09:00:00
1903,25,remove_from_cart,checkout,33,ca032d76-9fc4-4ec3-9c95-fd320dee5fcd,2024-01-27 16:31:00
1904,616,search,home,61,b19f9735-c937-4ed7-b386-8e90448aefa9,2024-04-30 13:07:00
1905,522,search,cart,58,7109d93b-1f42-4d8b-9c42-51e5672a0723,2024-06-24 04:17:00
1906,908,remove_from_cart,product,15,d0b55c6d-1a6b-40fc-afa6-b01b4d2ace18,2024-07-18 09:57:00
1907,169,page_view,profile,12,cc196394-9412-4664-b462-64f66f3b57b8,2024-02-26 23:33:00
1908,52,search,product,100,134aced1-220d-4091-92be-4ea7a7aa420b,2024-12-17 20:38:00
1909,334,remove_from_cart,profile,72,a4296aee-7e53-41f7-9ffc-492bc8be0218,2024-11-28 10:08:00
1910,86,page_view,profile,18,89c085e0-023a-4a0d-9170-52ca3f48cd37,2024-02-27 22:23:00
1911,591,remove_from_cart,checkout,32,1e3af635-e788-47a3-b14d-b4948001f20a,2024-04-06 07:35:00
1912,110,purchase,search,86,1795f86e-29cd-4c19-8c57-07b5db3b53c1,2024-10-01 08:09:00
1913,449,purchase,search,6,d2e08b9a-4d93-4ded-a3ad-1ce1b9f448fc,2024-02-21 14:29:00
1914,27,purchase,search,83,73d745e7-6055-4b62-a53c-880974053c81,2024-01-27 22:51:00
1915,338,add_to_cart,product,60,b869155a-49c9-424f-a7ec-ab6f84e31840,2024-02-01 21:07:00
1916,614,add_to_cart,checkout,30,3cf3fc63-594f-459c-b406-939ff4ccf32b,2024-11-04 23:39:00
1917,536,purchase,profile,44,5ad6cafe-8820-45bd-bc07-98c31ae66580,2024-02-02 08:40:00
1918,923,add_to_cart,checkout,33,fe071015-86fc-46ba-b181-08066285b895,2024-08-08 05:36:00
1919,391,search,home,45,3d899ca7-b83c-476e-bc0f-22c3b7998365,2024-06-08 22:21:00
1920,185,page_view,search,6,155494cf-6564-4c38-9733-147c269bdef0,2024-10-25 05:25:00
1921,486,page_view,product,41,f70a0b1e-eb23-45e0-87d7-13d0212d9336,2024-10-01 08:00:00
1922,303,purchase,checkout,8,d9228046-69f4-4ed4-a6a7-87da388be790,2024-09-16 21:15:00
1923,831,page_view,checkout,32,3ceae51e-eb00-46a9-ae71-93d9e3635589,2024-06-17 08:26:00
1924,50,page_view,profile,63,54eeb91d-7d36-4f78-85e7-c47b006a19ec,2024-10-24 14:45:00
1925,261,page_view,profile,61,b75091b2-6b98-41ea-8090-cc35981f86ba,2024-08-11 16:22:00
1926,777,purchase,cart,34,93e356ca-a77b-4716-affd-12f01a8a52db,2024-10-31 22:09:00
1927,321,remove_from_cart,search,30,895b0c65-896c-4f61-896f-4757ddd5e1a1,2024-05-06 08:34:00
1928,911,search,checkout,73,af8d4050-0c4e-4fb8-be05-964b7e37e720,2024-06-12 09:26:00
1929,560,page_view,home,17,6859fb42-01f4-4ced-a5de-efb9cf508994,2024-03-31 00:42:00
1930,628,purchase,checkout,36,880e9c15-92f9-4079-9d3c-f047c91109e2,2024-07-18 11:12:00
1931,71,purchase,profile,48,4525e021-feb3-46b5-91b5-df0ae3fc3ea7,2024-12-18 19:21:00
1932,580,purchase,product,88,56f91ddb-483d-4da6-a72b-466cbf30d02d,2024-12-09 20:30:00
1933,271,add_to_cart,product,30,30f0cd8d-e950-4c0d-b69d-3932ed17f5bc,2024-06-02 21:07:00
1934,916,add_to_cart,search,89,38b7b1c9-5182-4cc5-b14b-88b65c7d3850,2024-05-03 09:52:00
1935,944,add_to_cart,profile,61,f2fd4c4c-6426-46b6-9a70-6e6fd87f8c59,2024-01-12 07:29:00
1936,349,add_to_cart,checkout,79,0f35afdb-1503-45c3-8b7f-20b9eeb35197,2024-08-01 16:23:00
1937,490,remove_from_cart,product,77,e91db5dd-504c-4403-93cd-491d2b352c0e,2024-02-03 12:41:00
1938,624,page_view,product,80,ab86681a-abaf-447c-adf8-c2b4c862f1f1,2024-05-14 12:35:00
1939,801,search,product,31,37183ca9-a0ba-402b-a32e-db94c7427415,2024-03-06 15:25:00
1940,407,page_view,checkout,28,9f3e78d4-2d98-4a65-abcb-469b3135d88c,2024-11-14 16:17:00
1941,537,page_view,home,59,fa233272-a8b1-4484-ac44-8655fcb44fbb,2024-03-18 04:21:00
1942,121,add_to_cart,cart,62,4ae6ab5e-dfa6-4bea-adc6-188f94b43ce0,2024-06-05 16:07:00
1943,882,remove_from_cart,product,23,2a30c327-bcff-490e-a448-18f0b7d4009c,2024-06-06 13:40:00
1944,54,purchase,product,78,2a9efab9-50d4-4d5c-aa08-b8367eb02d02,2024-09-20 03:40:00
1945,537,page_view,search,43,a63117cd-6ccb-4dce-aaef-65da71941187,2024-06-28 08:11:00
1946,36,purchase,home,79,7bcb7fa1-932a-4e17-90f6-b0212f0f35e9,2024-11-17 19:45:00
1947,256,search,profile,51,2800e3c1-140b-41a8-a50c-25bc3239a05e,2024-01-28 01:45:00
1948,498,search,search,96,347ba275-8ac9-4981-bdb5-0500759f7b77,2024-05-12 18:49:00
1949,779,add_to_cart,cart,99,d829e9c1-c3ce-440d-b8f1-b48e8cd81a19,2024-01-04 12:06:00
1950,907,purchase,checkout,24,ff642e33-1cd7-4996-8b45-a51bb849f8e3,2024-04-14 16:08:00
1951,33,purchase,cart,10,3cf39552-d5f8-4809-95d4-f1dc124d06e0,2024-02-27 07:19:00
1952,573,purchase,cart,58,fcf17371-0df8-4190-a341-6249390c0541,2024-10-29 13:45:00
1953,994,search,home,2,0818bd3c-3188-443f-95f4-b1ea110d6bac,2024-05-04 05:03:00
1954,141,add_to_cart,cart,1,837c364f-0c2a-411b-8aad-b0a20a6b398f,2024-02-20 15:14:00
1955,696,add_to_cart,search,11,8adcc177-08ce-4344-86dc-8fea4111d1a2,2024-06-12 19:44:00
1956,896,remove_from_cart,profile,40,f2f9eba9-0707-497b-bca5-43e4a1946dda,2024-04-17 02:09:00
1957,267,purchase,checkout,33,7da248ea-574a-4254-8195-3c28a1e7c19c,2024-01-05 22:00:00
1958,883,search,cart,1,42733d03-c211-42f6-bc83-cd48275d4aaf,2024-06-02 07:28:00
1959,562,page_view,cart,9,938e3c44-2e18-4217-be52-19b6b11708ad,2024-02-29 18:23:00
1960,542,purchase,profile,29,d90499d7-a8d1-4609-951b-29763a36decc,2024-08-02 01:56:00
1961,967,purchase,profile,30,adfecbe4-4c51-4a0d-9e3f-dcccc8fe90a7,2024-05-15 01:23:00
1962,827,page_view,product,5,f71eb563-8a9c-40f4-aac2-0d6dd52280b0,2024-01-24 11:29:00
1963,191,add_to_cart,search,48,b4b18905-06f2-47d5-af43-fb62fb029ca9,2024-04-15 05:28:00
1964,1000,search,home,65,ca3cc583-96bd-4285-a797-4999f5e72867,2024-03-28 07:14:00
1965,839,page_view,checkout,63,c280e750-b2b3-4fb6-a551-dc2e91088015,2024-03-01 13:08:00
1966,613,search,checkout,95,bda2972d-f5c4-4859-91cf-545de18fcc9b,2024-12-22 17:04:00
1967,675,purchase,cart,40,0697010a-3627-447b-a91c-71877ecba18e,2024-10-11 02:18:00
1968,302,add_to_cart,profile,92,c3a885ba-cfe5-433d-8c0c-2ad060e69ab4,2024-05-06 07:22:00
1969,834,add_to_cart,profile,13,3714661e-c58c-454a-919b-6f62895a4c3e,2024-06-10 12:03:00
1970,145,add_to_cart,profile,82,a360aa3e-36b1-4daa-88d1-d5252acaad87,2024-03-27 09:56:00
1971,829,purchase,cart,51,83588bb8-ab86-448d-9eee-6b10220ffe21,2024-09-26 15:36:00
1972,136,purchase,home,71,046a375f-985e-4e77-a90c-a7d5f3e8eec8,2024-06-28 11:47:00
1973,74,add_to_cart,checkout,7,6dcd115c-abbe-418e-80bb-5b60670803fc,2024-04-16 22:22:00
1974,728,search,checkout,77,87b6509d-1a52-406f-91ac-c83c40342e6e,2024-08-22 17:46:00
1975,931,page_view,search,64,61d41ae2-3d93-4c3a-849d-3da5ce220d10,2024-09-16 20:56:00
1976,297,page_view,checkout,66,2b04c783-e266-4276-841e-310a0ca754f8,2024-08-02 15:39:00
1977,666,add_to_cart,search,99,cbe5664b-3d54-4194-bfa6-f962c40a08e2,2024-04-20 13:38:00
1978,226,search,cart,95,92130b7f-4271-4380-9cf3-e91079c06c8a,2024-10-31 18:42:00
1979,338,purchase,product,4,bed9f6ff-1bc1-40da-b2fe-ac33b5a9a671,2024-03-08 01:13:00
1980,916,remove_from_cart,product,16,857a2781-57fd-43f6-9afd-76bd4e74909b,2024-02-01 09:34:00
1981,985,page_view,home,34,59afb39d-c787-4ec8-bf02-7dff8a82dc56,2024-08-01 16:40:00
1982,92,add_to_cart,search,76,b7fd7cdd-559a-453f-b63b-67ae906bc463,2024-04-26 07:04:00
1983,217,search,checkout,26,89469693-2092-4315-9b7e-03f1905330d0,2024-12-16 21:18:00
1984,589,add_to_cart,product,42,87f20366-3d34-46a0-8a00-e32674b13c9d,2024-12-21 21:44:00
1985,786,add_to_cart,profile,36,92009fc6-eef0-42e2-9d77-fb63c98cd856,2024-11-06 06:31:00
1986,766,page_view,home,36,3fbdd779-0d00-428f-982f-2c0cff5240ea,2024-02-20 14:25:00
1987,191,search,cart,90,3dbcca2c-dfdc-4028-b1b2-dfa309a3bd8d,2024-02-23 00:15:00
1988,666,page_view,home,53,d1e75d03-90d7-4809-af90-01042026d7bd,2024-05-20 01:47:00
1989,274,page_view,product,79,5d18309a-abec-463b-a9e0-af17dfc2646f,2024-12-23 14:48:00
1990,996,purchase,product,15,5f655aa1-3a24-4d99-8ed5-786053918cad,2024-02-26 16:58:00
1991,570,page_view,checkout,79,bc3624ef-3bef-4bbc-9b36-0ddc2c3509ce,2024-01-19 08:15:00
1992,863,search,search,11,ddf8938f-c223-44c8-b422-c4a8cbf3d76a,2024-02-25 09:41:00
1993,525,add_to_cart,home,78,4d4500e6-49d0-487c-a376-489f2a3798b0,2024-10-22 03:10:00
1994,1,purchase,product,33,3661de7c-7178-4951-a993-ef042792a6a4,2024-05-27 02:33:00
1995,324,page_view,home,86,80ca8e85-4b0e-4df8-8175-9510f2dd5d55,2024-08-01 13:46:00
1996,299,page_view,cart,3,49b41d3e-a8f1-423a-be74-895886443ae4,2024-11-05 19:23:00
1997,966,purchase,profile,43,bc1613fc-2851-482e-9840-ca83d4866d7e,2024-07-16 16:52:00
1998,89,page_view,profile,30,e86f218b-bf00-478f-9f81-f9769755c3d7,2024-05-09 07:04:00
1999,347,add_to_cart,product,77,549590d7-9d86-4ca9-bb7c-7d3cc9ad467c,2024-04-23 03:16:00
2000,599,add_to_cart,search,18,d3cd0810-b3b1-4e6c-941a-cf242ee5b682,2024-09-21 20:09:00
2001,798,add_to_cart,product,47,040145cc-e530-4cc1-8794-c3eeb4aa3a7d,2024-12-26 19:54:00
2002,412,add_to_cart,cart,92,fe21b5ae-43bf-42a3-858a-8823bca653ef,2024-09-01 05:49:00
2003,856,purchase,product,94,10824d88-c6ad-45fa-aa45-fe1f3e6a7472,2024-05-18 14:06:00
2004,918,search,profile,30,a03d3a06-5479-4f56-bcd8-bf5662ba1ef3,2024-10-19 03:26:00
2005,326,add_to_cart,checkout,87,aa93090c-21e4-4106-a70f-cbd72db832a6,2024-08-14 23:59:00
2006,204,page_view,search,61,c11de8bb-a83e-4612-9f33-388657d40d6a,2024-12-25 04:43:00
2007,259,page_view,product,51,f616199c-dcc8-4c5a-8052-63e2bdd281db,2024-05-26 16:48:00
2008,924,page_view,home,89,db3cbc39-3cac-48f4-8e26-cf4ccd507f56,2024-03-25 21:22:00
2009,844,remove_from_cart,home,56,16ab5556-d806-4adb-8423-6d2952cc2f40,2024-12-29 08:57:00
2010,894,purchase,profile,59,aaf2413e-ad7e-430a-9983-aaaa9c00c2c6,2024-08-04 11:04:00
2011,504,add_to_cart,checkout,96,eb85d947-72c0-4010-aed0-ed882bdf66a4,2024-09-12 22:20:00
2012,774,add_to_cart,product,74,7727d0fa-bb0c-497b-b198-68b3805c5e58,2024-02-27 04:13:00
2013,652,purchase,cart,95,50153372-3cad-4fcf-95b3-aa218557f53f,2024-06-19 13:18:00
2014,265,page_view,cart,76,36857240-a963-4747-a03f-c345dda5f8f9,2024-04-10 00:01:00
2015,75,remove_from_cart,search,1,d0d4d561-6db1-4c90-be2a-0e32d32ecea7,2024-04-21 17:11:00
2016,261,page_view,product,7,30a4a407-5eb5-4a64-8dc7-bfac3574597a,2024-10-26 05:08:00
2017,984,search,product,40,320e6ef6-1ddc-4102-a8c1-1b499656bb10,2024-04-13 12:17:00
2018,987,remove_from_cart,cart,50,149113a6-1e21-48a4-aa9c-3397699188e9,2024-08-05 06:01:00
2019,608,page_view,checkout,55,af6eee7a-f240-428b-ae24-2bf319c365af,2024-10-19 10:35:00
2020,55,remove_from_cart,search,35,906c46a6-89dc-4ef9-9512-cdbb356bbddc,2024-01-10 12:26:00
2021,859,remove_from_cart,cart,53,5bad2850-c6f6-4443-8195-7b11e2515a5e,2024-07-07 02:21:00
2022,475,page_view,checkout,85,9945f97a-d375-48c1-a476-61ad2bb7a11a,2024-10-22 04:44:00
2023,238,page_view,home,18,9afe6e8a-79e4-4c06-943d-2a73aa8ad204,2024-09-26 16:12:00
2024,963,remove_from_cart,search,85,9ff03dd2-c44f-4f60-9499-9a0536a3801f,2024-03-05 17:17:00
2025,826,remove_from_cart,cart,42,27d2c318-54a0-4cfc-8201-c18e45b8d706,2024-01-22 15:19:00
2026,862,add_to_cart,search,87,d279b358-1f77-4321-bd6a-559229d8a7fb,2024-09-20 04:55:00
2027,558,page_view,product,92,a0bdefb4-2dc9-49b4-b757-cefc1bc007fe,2024-09-06 18:43:00
2028,281,remove_from_cart,home,7,a5082575-ee54-4d87-8ebd-d9890e7b9904,2024-01-06 02:00:00
2029,906,remove_from_cart,checkout,68,338be3e5-5bf6-4849-bf89-5fdd259c7253,2024-10-22 15:30:00
2030,612,page_view,product,93,2d5fe66e-ace4-43ae-9898-ddd9b1bfc8b0,2024-08-09 08:57:00
2031,933,search,checkout,39,87bdd482-f5b1-49e1-a424-50a18abd12f6,2024-06-03 04:42:00
2032,157,page_view,checkout,75,ecc60dd0-640c-4ed4-bca2-292f0b9c4b37,2024-07-27 21:33:00
2033,622,add_to_cart,profile,65,bb515fce-9b65-4cd3-8e6c-f87b79d8d68e,2024-08-09 18:31:00
2034,598,purchase,search,30,8ef60aca-b02d-473d-a5a6-c3de9252b109,2024-05-30 16:55:00
2035,960,remove_from_cart,search,56,34baae5b-8d7d-43a0-9b06-a08db8bcb238,2024-04-06 11:30:00
2036,129,add_to_cart,profile,26,d4d584da-672d-40e1-b13a-564e95a50c41,2024-02-13 10:08:00
2037,793,purchase,home,47,5e964b37-dffb-42d5-a693-e08380c3bcbe,2024-12-18 14:37:00
2038,293,search,home,41,8bb332d2-ae51-4fbb-acd9-0f001327750b,2024-08-22 10:33:00
2039,123,page_view,home,10,4c7bf8a6-42ce-4636-bb2d-63fb9d90fa00,2024-07-07 09:19:00
2040,471,remove_from_cart,home,23,90a43991-adc8-4689-a81e-d4e365430366,2024-05-13 11:31:00
2041,241,purchase,profile,73,0507348f-7a61-472d-bf14-020384c0bdd2,2024-12-22 17:17:00
2042,524,page_view,profile,8,8cda4ba4-cf7f-4a3d-91a6-7a193055f54f,2024-03-16 00:51:00
2043,700,add_to_cart,product,67,d57bebf2-056a-4a9a-8ae1-8cc6acfcac59,2024-09-10 20:48:00
2044,53,purchase,search,100,94dcf31c-e28f-4ddd-b5bf-d33c6316fa4e,2024-10-22 12:45:00
2045,70,purchase,search,93,74dd17b4-8a3b-4c01-8769-c75a1418afa5,2024-04-30 04:42:00
2046,905,add_to_cart,cart,86,d77d8eec-a286-4bfe-8da6-29573c729fe7,2024-01-30 19:45:00
2047,107,remove_from_cart,profile,47,b3b88776-9ced-455f-b5ff-97e2da3b1dca,2024-08-19 07:10:00
2048,183,add_to_cart,product,32,fdc90eb5-c1e7-47ad-9a73-3fb0d134eaa2,2024-12-25 04:25:00
2049,906,page_view,home,59,9e7a6923-d762-47d0-a03a-c9ac1138ffbd,2024-07-02 09:09:00
2050,403,search,profile,91,8c96b92e-6052-4d1e-bebb-370a4a0b221b,2024-09-28 16:49:00
2051,979,add_to_cart,product,8,59d4b0df-31a3-4ccc-9b8f-c97b05049d01,2024-11-10 18:52:00
2052,647,page_view,product,35,40dd0b91-e3ec-45ef-bea0-885ea0e8d940,2024-03-17 06:19:00
2053,566,add_to_cart,profile,80,ef011319-a647-4b12-bdc6-be9568b71a4f,2024-11-27 01:46:00
2054,429,page_view,profile,67,23fc84ed-58ae-4682-b14f-a2137d5508f7,2024-05-18 10:25:00
2055,713,purchase,product,57,7b259272-7f9c-4a36-b42d-f26b1423a79a,2024-09-18 11:30:00
2056,202,page_view,product,91,12abb230-859a-47cf-a08e-a18f2831b3fa,2024-04-17 21:47:00
2057,607,remove_from_cart,search,38,e2424179-ca73-41f2-be97-45b79f6265f7,2024-09-02 22:28:00
2058,82,remove_from_cart,checkout,61,d4299f5e-2062-4ba5-aeac-e1b6cbcaaba4,2024-04-29 06:41:00
2059,604,page_view,search,20,ae6afabe-a0df-406a-a82b-d05fdfaf6661,2024-03-03 07:47:00
2060,454,page_view,home,67,711ad866-103c-41c7-bbc8-806e88ad7e94,2024-04-18 05:31:00
2061,269,page_view,product,15,ce4ce53b-dd02-4efc-af89-e50e92db57a5,2024-08-11 18:18:00
2062,655,purchase,cart,31,c109462f-2c44-49d0-969f-b3226c0af06f,2024-05-13 02:34:00
2063,544,page_view,cart,81,752a0b1c-1fea-4686-8c97-f688017e872b,2024-08-16 20:27:00
2064,853,remove_from_cart,home,48,5a45ba01-42c6-4420-a10f-6eeba808b9b9,2024-02-01 04:06:00
2065,524,purchase,cart,44,abe6bc71-9f96-40a8-baf8-93d9c56802bc,2024-11-07 17:08:00
2066,89,search,cart,15,8f702f9f-bc5f-4823-ae76-8f8f50fe66d5,2024-07-05 02:30:00
2067,419,add_to_cart,search,53,c31c5a9a-c833-4d93-95a8-0a5f416e4132,2024-02-15 17:41:00
2068,625,page_view,search,45,ff01a7c6-318a-4488-96e1-0fe44543553c,2024-06-03 00:40:00
2069,815,add_to_cart,home,25,3cf2fedf-633d-42ed-b1d0-b181c606e7d1,2024-03-14 11:14:00
2070,379,remove_from_cart,cart,76,695a157a-4928-4d34-a3e2-7c67e444977f,2024-11-05 23:23:00
2071,201,search,checkout,24,2c76927d-1bbb-44af-98b2-ce6dbad4a1b5,2024-01-06 22:48:00
2072,715,remove_from_cart,checkout,3,148b0cd9-eb48-47e9-9148-16c09ff6548a,2024-01-02 20:26:00
2073,726,remove_from_cart,product,1,ae316813-28ba-49ac-b090-c777fc8be5d7,2024-11-06 05:54:00
2074,146,remove_from_cart,search,63,9388b4a7-37b2-4d53-afb3-f75b984894d8,2024-05-06 19:52:00
2075,425,purchase,home,58,707bc1ea-b65c-43b7-b03d-07d3e421ced8,2024-02-14 01:24:00
2076,724,page_view,home,96,8cc22348-c590-4888-b3c2-481ba596288e,2024-02-13 22:14:00
2077,647,page_view,product,18,55d2efe7-06c3-482a-ac50-ed47c7605975,2024-03-24 06:42:00
2078,164,add_to_cart,cart,91,4317ac93-bcd5-4b09-80b3-a28fda38b603,2024-06-05 07:12:00
2079,705,purchase,profile,34,3dd753e1-8e83-4099-b2ff-a6d774ea65a1,2024-06-12 06:52:00
2080,441,remove_from_cart,checkout,5,642149a1-686a-4dbc-aa65-98f5a3a168dc,2024-03-11 12:30:00
2081,722,remove_from_cart,home,23,6bee1fa6-5133-49d1-a117-97f907f7fc96,2024-02-11 12:14:00
2082,989,search,product,33,1e37746a-de68-4da6-a108-1bbb5a3bcf8e,2024-06-09 18:58:00
2083,392,add_to_cart,product,30,57d734a4-7395-45b3-a2a7-9e48edd36773,2024-11-13 20:31:00
2084,147,remove_from_cart,profile,69,bef1f806-e39a-432d-be1c-43d453075b8d,2024-05-14 06:36:00
2085,438,page_view,search,76,f867b17e-cb86-4e35-8837-9b1ee493b9e5,2024-07-13 22:03:00
2086,815,purchase,search,25,62da3e0c-07fc-413a-ae54-a3cb63274b72,2024-10-24 02:00:00
2087,359,page_view,cart,81,4aa0d008-3ffd-4272-bd0b-8719ca296506,2024-01-16 23:29:00
2088,72,page_view,search,10,8a1e4522-0f45-4e87-9c32-715c305293ef,2024-07-30 11:12:00
2089,708,remove_from_cart,search,91,de22cc5e-7a35-41bd-8bb0-f25774c9843f,2024-12-04 17:23:00
2090,749,page_view,cart,83,ea8e639d-1799-420e-9098-ae7752503406,2024-04-12 20:54:00
2091,159,page_view,profile,79,d32b3100-d86b-4e9d-995e-523775e8cf74,2024-03-28 17:14:00
2092,670,remove_from_cart,product,35,91578edc-47d8-4441-8f24-e3b7d3eff74d,2024-03-18 20:17:00
2093,655,search,cart,2,e1fd480c-110d-46e1-b6a0-8dc3d9284e74,2024-12-26 02:20:00
2094,978,add_to_cart,profile,94,f6a0ea81-47a1-40c7-a67c-1376daba16a5,2024-12-15 17:00:00
2095,55,purchase,cart,68,4e1a34c2-0df9-477e-b997-af08b93cd35f,2024-07-28 03:40:00
2096,322,purchase,profile,59,2ce3d98c-b42a-4dff-92dd-9f3ad8d52038,2024-10-28 18:13:00
2097,927,add_to_cart,cart,52,8f2637c4-3143-4b15-b1b2-a6c38e17dac3,2024-12-28 19:41:00
2098,410,remove_from_cart,search,22,e2327a6b-c0b7-40d0-9f48-30a6a9026bf9,2024-09-24 18:27:00
2099,206,search,search,84,704a7eea-c107-418f-9e8c-f1192df2057d,2024-10-15 18:26:00
2100,522,page_view,home,24,e1a6a493-5ac9-4591-ba9d-04dad36f03b6,2024-12-29 13:24:00
2101,584,search,product,7,76caf5cd-c0d6-497e-876f-eadb3ad5da5f,2024-01-18 10:19:00
2102,457,purchase,cart,22,34707f8f-69f4-4497-a99e-518f6928568d,2024-05-27 19:17:00
2103,315,add_to_cart,profile,72,b968b216-1cf0-4de6-81e4-34ba72d0d87c,2024-04-01 17:05:00
2104,919,search,product,20,d39c4a16-63e8-495e-8c58-4d62a4361fe6,2024-06-21 11:05:00
2105,842,add_to_cart,checkout,51,6f9fc265-c310-4b6f-a4fd-0914b7c2304c,2024-10-31 02:30:00
2106,664,search,product,57,9c79aa7e-49b0-4ca4-83fb-9d6749c070b7,2024-03-21 19:29:00
2107,884,add_to_cart,home,31,c5573d5d-8a04-4c3d-997e-3567b0d68bcc,2024-08-10 19:44:00
2108,23,search,checkout,55,778ad7e6-9138-40cb-bc06-0f523a195812,2024-01-10 05:08:00
2109,601,purchase,product,10,2c8226c1-1220-497a-b11f-683d83803dd4,2024-07-29 11:54:00
2110,50,page_view,profile,24,0d0b58da-e983-4df1-8261-921a603f8de6,2024-05-20 01:18:00
2111,681,page_view,profile,87,2494c4a8-959a-4894-b704-f0131d891e05,2024-04-16 09:57:00
2112,100,purchase,checkout,1,4a5106d0-e434-4bfd-a5e9-947619d3ab7b,2024-12-06 21:39:00
2113,500,page_view,product,64,dc4f5dc9-f405-4593-88c6-e6dbc15f0e9d,2024-09-01 15:53:00
2114,639,add_to_cart,search,49,3f66e9b2-e994-4083-a117-2e9211668f7f,2024-06-01 00:16:00
2115,477,page_view,cart,20,238bd441-b59a-47e8-aee7-d5c575d239b1,2024-01-23 21:34:00
2116,968,purchase,checkout,93,204621e2-fcbf-4c40-8207-76cb1fbfb2eb,2024-06-01 15:47:00
2117,544,purchase,product,47,31418cf6-41ae-458f-b8b5-56608c3510f0,2024-12-23 18:43:00
2118,275,add_to_cart,home,90,a8a47d79-6150-43ae-a38f-91ff4dda467d,2024-12-22 02:50:00
2119,153,add_to_cart,checkout,78,31d79147-eafe-43cf-ba85-1f14d7fa67a2,2024-06-03 03:20:00
2120,250,remove_from_cart,cart,26,1e662680-a80d-46d3-a4cc-335ae5c169e3,2024-03-03 16:30:00
2121,830,page_view,profile,83,4fb4333e-ab96-44c4-ae43-420cea4c0f4f,2024-06-26 01:39:00
2122,563,add_to_cart,product,9,3334ac39-b68c-4649-b3d3-4c64e459d8af,2024-07-27 04:46:00
2123,384,search,product,23,cf0bf7e4-5ed2-4260-858a-c62f34d2dcc6,2024-04-02 08:00:00
2124,724,search,cart,82,45747a05-c0e4-44cc-aed8-954b7b5fbc82,2024-01-09 20:31:00
2125,302,search,product,68,e9d6d2ff-b962-423a-a7cb-6605bd280cdd,2024-05-04 08:56:00
2126,82,purchase,product,32,c01498f3-2313-41d4-b20c-0f22b39416d8,2024-03-15 10:41:00
2127,773,add_to_cart,search,64,fdcb00a2-1895-453e-a9f7-2e7c7d6f6551,2024-05-21 09:56:00
2128,27,add_to_cart,search,15,16a2a309-bad2-4db6-8536-c73c5e63f492,2024-04-10 06:08:00
2129,156,purchase,checkout,3,5cc3ea34-09a9-420f-960d-35483d591caa,2024-04-15 18:11:00
2130,815,page_view,search,14,67e7907f-9e7e-40b8-9ce8-e64c06298132,2024-07-29 10:32:00
2131,772,page_view,checkout,34,cbc63a89-9e90-4623-8ab6-563d57876f97,2024-04-19 20:32:00
2132,381,remove_from_cart,profile,9,74217813-a714-4759-98bc-f4b88034c7de,2024-03-12 19:37:00
2133,520,purchase,checkout,90,a8e44769-fa5c-4836-9138-a282eec104de,2024-04-30 03:33:00
2134,700,page_view,cart,66,a09a09e6-12aa-404d-ac41-eb4d0e9223e1,2024-05-05 00:39:00
2135,463,purchase,search,4,9c268ad8-0ec6-464a-84d2-4bd45355f730,2024-12-03 09:24:00
2136,205,remove_from_cart,home,64,e5273b86-0818-4d74-bb4d-6eaee246d731,2024-08-30 07:47:00
2137,112,search,search,44,cc66020e-05b4-4bf6-a613-99f6fabe5555,2024-11-14 07:55:00
2138,480,purchase,cart,31,dcab5548-6ddf-4b72-92ed-9003d907c1a4,2024-04-21 11:38:00
2139,686,remove_from_cart,profile,6,eba7ba76-1d44-4e57-b18f-a787eee9a61d,2024-10-18 10:58:00
2140,671,add_to_cart,product,22,e9ee2d6d-5fd2-4368-beab-4603597964a5,2024-11-26 08:43:00
2141,643,add_to_cart,product,93,b5e5dfa7-6e05-4551-a6ad-934f9d58809a,2024-06-16 00:25:00
2142,590,search,cart,39,2cea0b7a-a1f6-4ed1-a25f-4d64e4f33cec,2024-05-04 06:46:00
2143,530,search,home,21,3cbd5a79-3dfb-4eec-bce0-f49b5954862c,2024-06-14 08:31:00
2144,766,page_view,profile,23,54d9338b-878d-4b7e-b001-d29313f989d5,2024-08-30 17:00:00
2145,848,purchase,checkout,33,d33b51a7-6f30-4fce-a43e-1f70d9b3434b,2024-06-07 17:23:00
2146,658,purchase,checkout,71,1d2ab679-d88e-4749-802b-bab2f4ed152a,2024-12-19 12:32:00
2147,612,add_to_cart,checkout,96,6adc5ff2-4e6f-47d4-b597-69ee3b9dc57e,2024-09-13 11:45:00
2148,324,page_view,product,62,fed6cd14-c144-4eea-a9e2-e0df64cd6183,2024-01-28 23:06:00
2149,106,search,profile,27,91d48ea2-ae07-405a-b71a-ed75c7d82c60,2024-08-03 01:25:00
2150,974,add_to_cart,profile,64,52b4fcd7-82c4-4030-96c0-3455d4d12fef,2024-01-07 22:41:00
2151,948,remove_from_cart,cart,40,7e964706-3d02-42f2-9dc8-5d003affb7b0,2024-07-01 13:45:00
2152,345,page_view,cart,35,ef593434-849e-450a-9ad2-2f379933304a,2024-11-16 02:53:00
2153,285,add_to_cart,product,90,3252d31a-dbd1-4335-87f1-b9dd05a3d86c,2024-10-02 13:04:00
2154,996,remove_from_cart,cart,3,280e0138-e338-4042-b288-be00b73d4dab,2024-11-07 09:07:00
2155,231,search,product,20,fb6957cf-cfb3-4a3b-a5d6-746ccb1991ca,2024-06-30 16:04:00
2156,274,page_view,home,82,d970aa13-1bce-42ba-a868-f7dd95ec5319,2024-01-05 03:42:00
2157,125,search,home,45,a265f390-1018-4ed3-9970-e6f9f9a09899,2024-01-18 21:19:00
2158,745,remove_from_cart,profile,22,be20f3f2-b426-4cac-bfb0-86818810e5e4,2024-12-08 17:06:00
2159,430,remove_from_cart,cart,65,f48f1acc-9e9b-49e1-bf21-9a0304f5b912,2024-12-18 23:02:00
2160,665,search,home,5,c2d06abb-13f9-44bf-aac6-dd4fbf3f9e75,2024-11-20 23:25:00
2161,718,add_to_cart,cart,46,9d4f3360-47fa-4392-acea-16a82c6a8964,2024-02-21 18:31:00
2162,801,add_to_cart,checkout,25,ddea0b2a-c61e-497b-8ca0-03cdd9390409,2024-05-29 22:17:00
2163,366,remove_from_cart,checkout,48,172c84b3-d379-4abb-95d6-7e09d53fccad,2024-10-09 05:18:00
2164,506,purchase,search,18,b3193b6b-f69e-4954-aa1f-6a140669b8c9,2024-12-19 23:53:00
2165,324,search,cart,46,1756cecb-4be5-48ca-bed5-c9dda5959766,2024-10-28 15:08:00
2166,153,page_view,cart,6,0b89c0ab-fa8e-434a-a29f-0176070c8b5c,2024-03-02 21:05:00
2167,393,page_view,home,18,a27bea57-ad1f-4dc5-b15e-c0df80ab31ff,2024-08-07 16:19:00
2168,691,search,checkout,61,ed17b1b6-abe1-4d2c-8897-654245fdd387,2024-08-22 15:27:00
2169,759,page_view,search,23,4983af62-fd99-4010-8dfc-2db4cb83090a,2024-01-25 04:37:00
2170,837,purchase,checkout,32,55d52f2c-19a8-4e49-a0f4-36a9f7b4916b,2024-08-13 14:21:00
2171,356,remove_from_cart,profile,100,6a293d9c-4aa6-4421-80fe-b16eb721b28a,2024-08-14 19:54:00
2172,305,add_to_cart,home,88,521fef81-0a25-46f4-9155-2d36cb8b2fb0,2024-12-16 19:12:00
2173,872,purchase,checkout,57,2ff4f006-105b-44d6-a164-b54c437b8a68,2024-02-17 02:25:00
2174,169,remove_from_cart,product,43,c859567b-53e6-4ad7-863a-5fb5b362d144,2024-04-01 04:38:00
2175,841,add_to_cart,search,51,c19e9bf8-f01c-448e-aea9-5ed434d9a897,2024-03-26 18:41:00
2176,84,search,checkout,82,4581c016-194b-4237-81c4-d38f46448cd2,2024-10-26 06:56:00
2177,675,purchase,cart,78,b5cf45dd-d049-43df-b19b-57c9288615bb,2024-05-07 20:29:00
2178,650,add_to_cart,checkout,46,7adfaadd-58e3-44f7-930b-b1ed7041909d,2024-02-20 06:04:00
2179,799,remove_from_cart,search,95,e4d3b694-065b-4d71-8e33-e49960556772,2024-07-13 04:55:00
2180,24,purchase,home,27,c4b3e84d-d4b0-459d-9abc-c5cb20bc5833,2024-09-25 18:58:00
2181,258,purchase,profile,60,83cf14e2-7281-4ec7-9383-19ffd2a93b50,2024-12-08 17:21:00
2182,307,page_view,checkout,75,71a2b21b-2abb-4047-b044-f70d5743a20a,2024-05-13 11:15:00
2183,630,add_to_cart,cart,11,8613670a-3416-42fe-a196-299661078a34,2024-02-22 05:13:00
2184,901,purchase,cart,53,4e255550-ec10-4f0f-8e6c-e240464d2448,2024-12-20 05:41:00
2185,838,search,cart,7,a55bdd05-7084-4cc3-a721-0dd93d20b9af,2024-07-11 18:25:00
2186,468,add_to_cart,profile,1,7bf4e760-df5d-4546-9dbc-5681ae89d61f,2024-07-22 08:29:00
2187,315,page_view,profile,44,fe671507-6c87-4418-b587-99406bd8af54,2024-07-08 22:01:00
2188,230,purchase,cart,2,1c496df4-0292-4ea5-8dcb-44de0ca9a830,2024-03-04 23:26:00
2189,1,remove_from_cart,cart,63,78fafb97-7a4a-42cd-a3fc-93e63917346b,2024-01-23 08:54:00
2190,492,search,checkout,86,54b35ea2-e1df-4915-aea2-d05bf1a32776,2024-02-02 04:14:00
2191,492,add_to_cart,search,61,881ac83e-66e5-41ca-a2ee-bcaa8f6bb9a1,2024-12-28 07:23:00
2192,501,purchase,search,46,9a6bf3b4-a89a-4389-a685-e5063f4aad7b,2024-08-10 08:09:00
2193,639,purchase,cart,28,2e527d46-4e82-4ba6-943d-582831e7c957,2024-11-12 18:41:00
2194,606,page_view,search,41,546b0004-4e7a-4716-8de5-f23532a5ee09,2024-05-25 15:05:00
2195,509,purchase,cart,94,cb8f2fdf-ba8f-4054-b986-c92fa5fa9a17,2024-02-19 13:33:00
2196,433,purchase,cart,89,68dccb74-50cb-4671-adce-7848a703d456,2024-05-22 16:36:00
2197,635,purchase,home,89,e00437e0-e703-40f8-9bd5-fbf3d15a1a9c,2024-06-21 03:42:00
2198,670,purchase,home,3,3573c7f6-d4f1-4262-8fc7-241946774d08,2024-10-11 00:16:00
2199,291,add_to_cart,cart,95,640ff8ff-6a4b-49cd-be4e-9996bb48b19e,2024-10-01 07:55:00
2200,352,page_view,home,7,fe203a7b-b0b3-4aaf-a871-3cb15ad12efe,2024-08-01 21:53:00
2201,483,page_view,profile,58,b2d1d867-68dd-490b-a4cc-3860e1b515be,2024-11-17 13:01:00
2202,253,remove_from_cart,cart,29,c0e409c3-fa6c-4fe2-be29-4aae7bbded46,2024-01-10 01:41:00
2203,829,purchase,profile,25,a4cb4155-b8e0-4ec7-a97e-564efb537462,2024-05-23 02:23:00
2204,159,purchase,cart,97,b798a126-4ac6-4b9e-8321-ea6dc02d8116,2024-12-05 04:47:00
2205,88,add_to_cart,search,16,b971afc6-e75c-4168-81ea-5a8c05a02ed7,2024-05-05 06:03:00
2206,624,remove_from_cart,product,68,e2e6a90b-546d-4209-9551-79c3ddf47a9c,2024-01-29 03:48:00
2207,562,page_view,search,63,f5687521-f006-4fae-a42b-ad90d0898e0b,2024-12-27 11:49:00
2208,194,purchase,cart,14,26a0871f-061c-483e-b8fb-e006a652b0d4,2024-03-30 23:26:00
2209,19,page_view,product,55,9e791dcb-f068-469d-a6ca-015787a00199,2024-11-19 23:28:00
2210,273,remove_from_cart,profile,97,d96776bd-73ca-41f5-af06-461449f47d7c,2024-09-19 12:04:00
2211,844,search,search,82,285e0860-fa45-4a7e-adda-45524a3bcad5,2024-12-03 08:08:00
2212,775,page_view,checkout,20,5d9c69d2-d37f-474e-96fe-5f7c660a514d,2024-05-30 17:34:00
2213,468,search,product,86,67a2a632-98e3-4ec3-a191-99535762acdf,2024-01-16 05:48:00
2214,575,add_to_cart,cart,25,39b0d480-f3c1-429a-971b-66c41709b529,2024-08-07 11:50:00
2215,326,add_to_cart,product,3,fb43f029-f53b-45ef-9d59-bad45e025e87,2024-06-09 06:51:00
2216,552,remove_from_cart,search,8,dc9e5bd4-d8b2-4bd3-9022-a5e2d04536dd,2024-04-29 00:11:00
2217,977,remove_from_cart,home,45,2acc843b-f3f6-45a6-9fd7-b66ad709344a,2024-08-26 03:25:00
2218,849,page_view,search,44,dcbcce9b-5455-4619-b47f-831a7624da19,2024-12-31 09:26:00
2219,469,add_to_cart,product,77,f47fc1e0-29b2-4897-88d9-f23dc07a8b6d,2024-01-08 21:56:00
2220,296,remove_from_cart,home,70,c6ace88b-ce87-45d8-8501-d464bb6e0bba,2024-07-06 21:02:00
2221,455,page_view,home,27,1b02b936-6072-44f5-af73-8880908f9e8a,2024-09-14 06:53:00
2222,670,remove_from_cart,home,34,893bf825-b323-447e-84c0-a0d0c095458d,2024-08-11 07:23:00
2223,298,purchase,checkout,48,930c5b69-7f00-4de7-84ff-a390e554725e,2024-10-01 08:34:00
2224,712,search,cart,39,fb428300-200f-4200-ad00-7137642145ae,2024-12-28 23:29:00
2225,419,add_to_cart,home,55,aeca5eef-f921-41c3-b692-5aa873787803,2024-10-17 07:45:00
2226,663,remove_from_cart,search,50,dafc9db9-8da5-40fd-9de5-c7793767f9d4,2024-09-05 06:29:00
2227,18,add_to_cart,home,91,5f17ccfc-fb44-4038-ae52-5f9e710746b5,2024-11-01 15:25:00
2228,815,page_view,checkout,34,42c62890-601d-4265-abd3-a36860269c91,2024-04-12 04:50:00
2229,432,remove_from_cart,profile,11,4e07e0d2-2672-4695-9e1f-f7f2507b2414,2024-09-03 05:51:00
2230,689,add_to_cart,cart,47,dfe990c7-9096-43f5-9c47-824e69f5a9ba,2024-03-02 09:22:00
2231,567,search,cart,3,d8f2cba8-f77c-4f01-98e2-b706a7138711,2024-03-04 17:11:00
2232,600,search,search,2,7fc7bfa4-e0e4-4ad3-b0d7-b94ab027be8b,2024-11-09 02:00:00
2233,954,page_view,home,22,52934a38-f2be-4450-846b-287bbb80b2f7,2024-07-12 07:55:00
2234,984,search,profile,6,d4c28130-6e34-4dc1-b8a1-13b24502ab7e,2024-01-07 21:59:00
2235,880,page_view,search,75,2590db19-4a04-48e8-8c89-297871de6c6c,2024-01-16 14:46:00
2236,239,search,cart,72,783a1d2e-d3f3-4b48-9097-3a91f1bfde05,2024-10-12 07:19:00
2237,1,add_to_cart,search,5,34997b15-cdd9-4df9-a601-d7f63da04ed2,2024-08-04 21:00:00
2238,464,purchase,home,69,58f6fb6d-2d25-4f6b-8792-ab9d3e23472b,2024-08-24 05:51:00
2239,901,search,checkout,7,8f80927a-69d5-40ee-9b91-086f52971489,2024-04-07 08:20:00
2240,57,remove_from_cart,search,98,ec84deda-ea27-4b5a-9996-c9f2c0d62b2f,2024-11-18 16:47:00
2241,174,page_view,product,33,2e4f5869-767a-407d-8d74-3c3c008971b0,2024-05-09 12:42:00
2242,785,search,cart,81,942bc738-1bca-4d7c-9adc-f23e676c4c65,2024-04-16 19:40:00
2243,779,purchase,cart,24,193fa0d0-6633-4c08-b798-58f161c78172,2024-03-17 10:31:00
2244,504,search,profile,66,3869dd8f-92d9-44ba-9342-70c2e702a2c9,2024-04-23 00:19:00
2245,878,add_to_cart,home,36,9a432877-9297-4628-b529-8d9a0f4700e0,2024-06-13 06:32:00
2246,165,add_to_cart,product,22,f4b19bfc-46fd-4040-a011-22e66e86f1d0,2024-02-16 06:45:00
2247,906,page_view,home,76,51590276-7841-42b2-9811-4ae51b020a4a,2024-04-21 17:49:00
2248,394,search,product,18,31164a3a-4d33-4c70-95d3-17557101d5ee,2024-07-22 14:11:00
2249,253,remove_from_cart,checkout,13,adfd0bdd-afd9-4a21-89fb-9f49263a5095,2024-02-02 19:55:00
2250,295,add_to_cart,checkout,13,6a9217c5-9abd-46e0-ac8c-2f3b2e296b99,2024-05-24 15:52:00
2251,336,purchase,product,76,9f893ecd-55e7-42c5-a831-b9cd0500bcb3,2024-08-17 17:34:00
2252,154,add_to_cart,cart,44,ac64aee5-cf73-4aba-b21f-4f4abbe34d30,2024-04-17 02:59:00
2253,545,remove_from_cart,cart,40,64675b4f-d741-4a9c-bcdb-6f97774bcf37,2024-12-27 12:38:00
2254,44,remove_from_cart,search,68,bb83807c-5fec-40a9-91f5-887b52eb7a4f,2024-04-12 10:25:00
2255,205,remove_from_cart,checkout,13,e46644a3-def2-406a-b43c-467f3e5a9aea,2024-08-08 17:41:00
2256,540,page_view,home,61,5bfbfc41-4f02-40c1-bb57-84dbe41f277c,2024-08-22 02:03:00
2257,985,search,profile,56,20c5c708-bd3d-460a-8d85-bcce677482f0,2024-10-31 12:23:00
2258,267,page_view,checkout,47,1fdda63a-4a0a-4e91-bdf2-26fcf5a951cd,2024-01-14 01:09:00
2259,203,remove_from_cart,checkout,93,bda0666b-8473-47c0-90e5-d1e4072c8b07,2024-06-04 02:19:00
2260,782,page_view,checkout,59,47e41673-73a4-42ff-bb1d-bfeae84d6c38,2024-02-26 08:54:00
2261,147,page_view,profile,3,0faed9be-a095-48a4-b5a3-e41baf0741b1,2024-06-11 09:15:00
2262,339,page_view,product,57,1b8c91f7-4a6f-4db1-91be-e3b4ee91ebde,2024-02-21 16:14:00
2263,727,remove_from_cart,search,81,f53fdc65-d5c7-42c7-9040-f95c75f5e93f,2024-09-08 22:37:00
2264,587,add_to_cart,product,79,fa0a3111-e781-40d0-b68b-dd0f436b55e0,2024-02-22 01:45:00
2265,911,search,home,57,8d379188-fdd4-4a3b-a442-62d094a84daf,2024-08-16 17:55:00
2266,381,search,cart,79,ac6bb168-3e52-4c0d-b60d-a08ca9aacb4e,2024-11-17 19:05:00
2267,695,search,product,66,04b6bb78-54a9-4701-86d1-a6ca14ca528e,2024-10-28 21:43:00
2268,153,page_view,checkout,56,fdc00d13-29e0-4664-aff4-e723cb05d363,2024-10-27 13:51:00
2269,60,add_to_cart,search,31,6932af58-5cc2-4d21-b303-df98ea5512a3,2024-05-13 15:53:00
2270,538,purchase,product,53,13de6277-faf1-4a93-be7a-8b96e6ff2e23,2024-05-20 13:50:00
2271,86,purchase,home,43,7c7ccd9a-5130-4d78-a5ef-ebd6cbd793c9,2024-11-29 20:03:00
2272,69,search,checkout,3,647adf6c-0f8e-4523-811a-75d98a8a2485,2024-06-21 00:15:00
2273,335,page_view,profile,97,942c6ec6-426f-45bb-a35b-eb92397b1ad2,2024-11-15 00:41:00
2274,511,search,checkout,9,2cd325c3-878a-40c2-9f9f-fa887d20fa10,2024-02-19 22:54:00
2275,262,page_view,profile,60,1c79c5ad-b6b9-4603-89b4-31d9d6105e1b,2024-08-08 14:01:00
2276,237,remove_from_cart,profile,60,687d5090-c5d8-4945-a982-aaf351322c7a,2024-01-11 01:32:00
2277,135,purchase,product,62,6720cab4-7612-400d-81ce-b95af818c7a5,2024-06-02 21:26:00
2278,810,remove_from_cart,checkout,20,603079dd-e912-4d81-9c7e-4e832c360c19,2024-03-10 21:22:00
2279,45,purchase,cart,59,4946bd30-fe47-4e69-b2d7-23e90b3b7481,2024-08-10 05:05:00
2280,578,search,search,95,c2d8381b-92a8-4aac-b0d0-0460179cd576,2024-05-04 23:34:00
2281,759,add_to_cart,profile,88,21a55cea-e8f4-4661-ab74-ce6f0d128308,2024-06-12 18:14:00
2282,14,page_view,checkout,65,c00a798a-5e97-4b03-b599-272c1ebc3933,2024-05-10 18:28:00
2283,63,purchase,home,76,89591cee-7d38-4ae9-9d2c-c4db588e7463,2024-10-27 04:23:00
2284,495,remove_from_cart,home,14,93bf5489-8ec6-4398-a65a-eb3761faee45,2024-08-22 02:16:00
2285,303,page_view,product,37,3aec07a4-c71c-4664-885f-6c4e38b50f14,2024-04-01 17:52:00
2286,468,remove_from_cart,profile,52,6e76dda8-63b0-4bb5-909c-717d2a810aa7,2024-08-14 06:57:00
2287,712,page_view,profile,14,405d99eb-e384-47e0-bba7-083ae62f57d5,2024-01-25 03:29:00
2288,394,purchase,home,24,37045974-e331-465c-bdc9-07e29fe1ea4d,2024-08-13 19:05:00
2289,698,add_to_cart,checkout,10,86cf498f-cda3-4195-a255-e426b3cd36a3,2024-06-25 08:02:00
2290,970,search,search,85,e526fe8c-0ef1-4889-bb3a-ed825d66cb56,2024-07-06 12:38:00
2291,892,page_view,home,30,04e8bbb8-52c0-4751-a514-8c7d1bfdc35c,2024-10-29 06:19:00
2292,573,page_view,home,8,ef0690d6-0bea-4020-99f1-2a65f922b16c,2024-05-04 06:19:00
2293,655,remove_from_cart,product,99,b0b2cf24-63dc-469c-b0d8-f746a772fbd1,2024-10-20 06:07:00
2294,651,purchase,cart,93,ea1cf537-ce14-4c07-a6a7-2e64cd6b2370,2024-03-07 04:05:00
2295,444,remove_from_cart,search,65,95c055a8-bbe8-4625-95cc-ac5249ce0cf8,2024-02-19 02:23:00
2296,754,purchase,search,97,a96b13a6-b625-4751-8381-75355ae901ec,2024-02-16 06:24:00
2297,854,purchase,profile,67,1844816b-2233-4198-8713-537fbedb3c53,2024-11-30 19:21:00
2298,254,purchase,search,19,15f224be-1c2d-4198-b428-1abfd930025d,2024-10-03 01:24:00
2299,910,add_to_cart,search,49,e2dedaa8-b528-4053-bdfb-70b99bf6df65,2024-12-08 17:08:00
2300,268,search,home,64,8985bf72-c2e9-4d72-824d-00503e597c41,2024-11-21 05:39:00
2301,505,page_view,product,9,93b842de-5ee3-4b90-b339-1643dd1f88e3,2024-02-17 21:20:00
2302,762,search,product,42,68c18484-c6bd-4e58-9210-3e3c43aa5966,2024-01-26 17:18:00
2303,819,add_to_cart,cart,86,cbdd7b6c-2ade-4f85-b313-eedcb22294ef,2024-04-04 02:55:00
2304,751,page_view,product,13,4f0d646f-cd3d-4136-9bad-19d4b533253e,2024-12-20 17:55:00
2305,994,add_to_cart,search,68,403cd0b9-bbb3-4838-9569-5602448a7f9a,2024-03-27 18:06:00
2306,266,remove_from_cart,cart,60,30320411-ab46-4787-8934-d6d3fa252f45,2024-01-23 20:42:00
2307,328,remove_from_cart,product,27,8f5014a4-abb4-4654-b5e2-b76ee7361c6c,2024-03-31 02:09:00
2308,329,search,profile,46,34161606-7fc8-4ce5-bbb6-8f4e04baf6ee,2024-11-30 09:12:00
2309,145,remove_from_cart,cart,91,7dc464a6-3919-40b4-b024-c286b04a66c6,2024-04-20 23:39:00
2310,188,add_to_cart,home,60,1846f862-93be-4fe4-bce6-3533c158d46f,2024-09-20 20:41:00
2311,113,page_view,cart,93,496b71de-55a7-4f76-b145-3f61320f2700,2024-01-16 17:37:00
2312,571,search,profile,35,0cc35273-2832-4d18-91bd-91dd1d536307,2024-01-27 23:34:00
2313,705,page_view,checkout,81,77e3486c-5374-46ef-b28e-32c19369228f,2024-08-24 05:15:00
2314,955,add_to_cart,checkout,75,90376834-9f34-4f00-8ebf-8b78fc6e8d42,2024-05-05 11:06:00
2315,756,page_view,checkout,28,def0dc64-9173-4fa6-849c-a3d77722b66d,2024-09-19 11:04:00
2316,325,add_to_cart,cart,81,5f0ac81f-6414-4988-8baf-a4577f4bcc70,2024-04-18 11:27:00
2317,489,search,cart,10,b95d398d-1c97-4676-a557-623c520922af,2024-06-25 09:57:00
2318,688,page_view,search,39,66cc4db8-72d5-4cc8-9c2d-2ef4edd2cb35,2024-08-02 03:28:00
2319,284,remove_from_cart,cart,53,3b2887a8-fe3e-4427-9c47-53007cca8857,2024-04-10 15:35:00
2320,782,page_view,home,67,dfd38d0f-1f9a-445a-af7c-3ad0e6bb586b,2024-09-05 03:45:00
2321,334,page_view,product,2,7cf6e27e-165e-4a0b-a892-ef845546cb81,2024-01-03 12:12:00
2322,304,page_view,search,54,9752195a-a94c-4cbb-8f86-fd529934406c,2024-02-19 05:56:00
2323,661,search,search,22,6c3891ce-5c59-4909-83b2-adfd03b70eef,2024-07-12 04:43:00
2324,932,add_to_cart,checkout,15,da3e3258-506c-42be-bf74-4b1c4fccabb7,2024-10-05 03:23:00
2325,450,search,checkout,57,09d45d80-0c7c-4a34-8ef4-60d3a268c3e1,2024-07-27 09:59:00
2326,135,add_to_cart,checkout,68,2c9256d0-ac51-4225-8754-2f153fd90bad,2024-12-31 16:20:00
2327,38,purchase,search,91,bf4b818e-ca8f-4228-b78d-37c1c9b18a8c,2024-01-16 20:40:00
2328,949,remove_from_cart,checkout,48,947f16aa-531f-4f08-b4b0-b62f6588f2f7,2024-06-27 05:12:00
2329,775,page_view,product,27,e6d2e3bf-c4de-4678-9323-6a68bd08ac5e,2024-12-20 22:20:00
2330,648,page_view,home,23,35d3a7f5-f101-4cfb-a667-ea2e7480cdb9,2024-04-26 05:36:00
2331,6,page_view,home,97,75df9dc0-8b44-4960-9a19-76ebfd963535,2024-02-29 22:10:00
2332,827,remove_from_cart,search,31,308f5f58-c4c4-46b9-b89d-f6f8911b0b8d,2024-05-23 03:40:00
2333,985,remove_from_cart,profile,65,c4330fa9-d5ee-476a-a052-a7c82123a985,2024-03-18 04:05:00
2334,887,add_to_cart,home,97,82c8349c-7230-480c-b70d-9da4bb25f9fe,2024-07-08 02:06:00
2335,45,search,search,1,8d78781f-8f54-489d-b9cc-8e0539553c4a,2024-12-24 19:34:00
2336,580,remove_from_cart,home,50,00be2bc3-d6bd-4e3e-900b-79e28ab01542,2024-07-27 11:38:00
2337,807,add_to_cart,cart,51,c76f1efa-5cab-41cf-871e-027bddcee468,2024-02-18 22:17:00
2338,888,page_view,home,71,df1d2868-5c8a-4858-8d8c-5f42f469c926,2024-02-20 09:43:00
2339,359,add_to_cart,profile,71,a75350f0-787d-4019-83e5-a22bd8b6405e,2024-07-19 00:25:00
2340,549,search,product,12,6f2baf42-a077-4189-b6f7-77961cd925c2,2024-09-04 23:19:00
2341,269,purchase,profile,3,397169b2-c3fe-4e70-9d6b-62cbef41a270,2024-09-03 08:38:00
2342,685,remove_from_cart,product,18,353d3f19-3e09-4f13-9921-a9aa5e7ffdf8,2024-05-31 19:59:00
2343,634,remove_from_cart,profile,78,328a26b8-242d-4ab8-a65d-09129f786d9d,2024-11-27 17:37:00
2344,454,purchase,product,73,70369066-618d-4825-b16f-ec1a00ebec3f,2024-03-02 12:01:00
2345,49,purchase,checkout,73,51441347-cc7e-4877-a844-3227479efdf2,2024-05-27 02:44:00
2346,429,remove_from_cart,profile,72,fcbac795-cc75-4f66-a823-8d8da84522d2,2024-08-25 00:47:00
2347,914,page_view,cart,17,b747642f-c102-4bd0-8d72-fdd953f1a1f8,2024-11-13 11:03:00
2348,776,purchase,product,97,f9b7cf17-d4b3-49f0-92c9-a70d4292bf46,2024-06-21 09:07:00
2349,650,purchase,checkout,68,8fbffdfb-68c3-4ece-97f7-97ed69ace121,2024-11-18 10:14:00
2350,27,remove_from_cart,cart,41,2c263ad7-d7d5-4cbb-8971-3673628c9f3c,2024-07-17 14:49:00
2351,905,remove_from_cart,profile,75,73809920-14cb-4c55-bb2b-8eba6c9526cf,2024-09-19 21:59:00
2352,65,search,profile,52,8e29c670-ccc6-4b88-956d-fc6523e7d485,2024-05-04 04:40:00
2353,308,add_to_cart,product,41,c95f8ab8-d9dc-4572-93b5-33e08218f250,2024-01-05 17:59:00
2354,672,remove_from_cart,home,15,7cb7359a-2aa8-454c-8399-02942e4082df,2024-03-06 14:16:00
2355,928,search,profile,92,24d47c08-bbe7-478c-92dd-5e4bf2b6615a,2024-02-21 12:09:00
2356,431,search,search,48,427a7429-e5a2-454e-bb99-b87e787d0e87,2024-03-29 00:21:00
2357,438,purchase,home,43,0ad10c84-7a2e-4878-b235-9892c57f75f5,2024-12-21 18:36:00
2358,585,add_to_cart,product,83,117b1040-2a23-498c-99c9-86a63e34d692,2024-02-02 18:29:00
2359,787,remove_from_cart,checkout,48,8296f045-c1f8-4670-ad17-5c44f6bec816,2024-07-20 06:40:00
2360,544,add_to_cart,cart,53,71139b60-cb03-4d3b-90e1-6114a907e902,2024-11-02 01:10:00
2361,792,search,checkout,82,904a341a-70e1-4fd9-afcc-e8155e20f505,2024-07-20 02:51:00
2362,716,search,checkout,92,9853c28c-569b-4149-8a6e-460fa0b6f8fe,2024-07-30 17:05:00
2363,227,search,search,15,cfbd0aee-fa57-4b3c-a784-b4a05a62c982,2024-01-12 04:41:00
2364,41,search,checkout,92,7de11189-f7d0-4556-b913-6f28af294ac0,2024-06-08 01:11:00
2365,975,search,search,75,c22df8d6-d2aa-428a-9287-2b358770b54d,2024-04-29 13:21:00
2366,661,page_view,home,95,faab027e-4ed6-4110-8f98-871e958f550f,2024-12-07 07:04:00
2367,625,page_view,search,41,3166c734-53bc-4667-9c6a-5aef23982cfe,2024-08-21 17:57:00
2368,879,search,product,41,338e80ba-d50d-4194-b33b-b6106ec81523,2024-09-25 08:55:00
2369,145,add_to_cart,home,66,0badc40b-cfcc-49dd-b29d-1b0e1997f3c5,2024-11-23 12:22:00
2370,130,page_view,checkout,64,26a4feb3-e330-492e-a0ee-55bc6ddbcc15,2024-05-29 16:24:00
2371,50,add_to_cart,cart,97,d3392f0d-7508-4a47-8694-0031b5dee6a8,2024-07-27 07:30:00
2372,850,search,home,12,5d60f177-4cde-471f-ab42-ff5c2fca5c3e,2024-12-19 21:40:00
2373,398,search,home,88,f488d98e-f7e9-402a-9ea6-1a007416fbff,2024-11-07 14:09:00
2374,876,purchase,product,23,828e24d2-7f04-49c1-a83b-8e9239445e33,2024-12-01 16:23:00
2375,382,purchase,checkout,76,d0edc9ae-cd24-44fd-b7e8-e03a7f29e6f0,2024-08-31 08:35:00
2376,954,remove_from_cart,profile,1,8be94362-54d3-4d8f-a356-894844f6eebe,2024-09-24 11:10:00
2377,769,add_to_cart,search,54,67b3c0a1-a185-40e1-bb19-1b4e1bff7e17,2024-02-14 19:33:00
2378,129,purchase,product,53,344bfb3f-e689-4114-9638-a3c98ceace6a,2024-01-04 12:21:00
2379,490,purchase,search,21,30cc85e2-f1be-47b4-be3a-24fc15afde06,2024-12-27 19:58:00
2380,616,purchase,checkout,19,5dd25d57-4e90-46c5-9cbc-44f124758cf7,2024-09-24 05:52:00
2381,884,remove_from_cart,home,94,b77a1de3-eade-418e-b811-82ed9fa439ae,2024-12-23 19:29:00
2382,514,purchase,search,6,09fd965e-5ec1-4c46-993c-36e77fa179cf,2024-05-14 05:33:00
2383,552,purchase,search,88,11a90f8f-30b7-4005-92d1-e2b1033ac9c2,2024-11-01 05:20:00
2384,824,search,search,51,2ee2ade1-782d-414e-8454-e9669c6451bc,2024-08-13 22:09:00
2385,711,remove_from_cart,home,78,d024ea7f-380f-4596-882b-1348548dae13,2024-07-02 09:59:00
2386,127,remove_from_cart,checkout,9,8e19e47c-761b-4953-9fae-6a054dfdf2b0,2024-08-31 13:10:00
2387,414,search,checkout,60,8cca15ea-5aba-42ac-8ac2-d6e4ab6c193a,2024-03-30 17:36:00
2388,141,remove_from_cart,checkout,55,09a44669-9981-43bd-a956-d811d287ebb3,2024-06-27 10:54:00
2389,345,page_view,cart,56,f3da18ed-1d69-4e6f-94c3-de4e79adcf0d,2024-07-03 19:37:00
2390,518,add_to_cart,home,35,0906c9bb-0a6d-4377-b4e5-250eaa7c770e,2024-04-12 01:38:00
2391,947,search,cart,30,9572fef6-b1b2-4975-8018-a9f26190f4e7,2024-03-22 03:34:00
2392,591,add_to_cart,home,83,4b9bbc1c-15e5-47a8-b18d-28b827300be0,2024-07-04 21:15:00
2393,48,remove_from_cart,profile,66,7bbab42d-7c21-4674-be12-c292eeeb51a8,2024-07-13 11:16:00
2394,557,add_to_cart,product,86,5ba36bc2-cda2-4ee1-9b41-62a426616b58,2024-09-14 17:02:00
2395,436,purchase,home,78,4d132c3a-db1e-406c-bf1e-9130e2b12641,2024-02-23 15:18:00
2396,178,remove_from_cart,home,66,c86619ed-754d-4a4a-a6ba-b381f96643c9,2024-12-03 13:39:00
2397,478,remove_from_cart,profile,53,2c9ad5d9-44e8-40cf-bea0-d80d72c8d420,2024-07-12 21:58:00
2398,904,purchase,home,100,66f18ad3-ed98-4111-8647-5e10988ae4fe,2024-08-19 20:23:00
2399,888,add_to_cart,cart,87,ca435517-a16f-4c82-9f26-11d38a37376d,2024-01-24 19:29:00
2400,717,remove_from_cart,search,49,36d40c68-623c-4b56-92c7-eb4d77b7eea8,2024-02-25 07:41:00
2401,800,search,product,36,207bad73-72f4-4e65-a07f-585fc178f13e,2024-08-28 08:42:00
2402,681,search,cart,6,713e3249-439f-45d0-a9ea-916463369d0a,2024-01-25 09:19:00
2403,884,page_view,search,46,cd320b1f-bc81-41c2-95a0-d28bbf86fb1d,2024-11-19 01:00:00
2404,757,purchase,home,25,6741fe7f-8996-402d-b38b-50a5d7037a15,2024-01-05 15:49:00
2405,672,search,search,40,1863bcd2-a639-4025-87bd-f551fb5cc37a,2024-05-02 12:14:00
2406,861,remove_from_cart,search,52,69d54a9a-5564-45bd-9973-b60cc1b5a471,2024-02-12 10:46:00
2407,439,remove_from_cart,search,66,04c4fd3f-01b9-44e7-8f8b-3c72eb69b755,2024-08-30 19:51:00
2408,198,remove_from_cart,home,81,3c4cf614-0daf-4955-9e81-4bf4809d40f1,2024-05-11 17:25:00
2409,620,add_to_cart,search,91,fcd247d8-4d50-474c-976d-bbc421279c2e,2024-05-15 02:12:00
2410,487,page_view,checkout,67,f25f772f-8e01-4921-bbf1-27990324f047,2024-08-28 00:14:00
2411,886,add_to_cart,home,98,8d6fcd51-8ffd-4e5c-bb1c-974a3f0e9940,2024-02-14 08:04:00
2412,115,search,product,50,c063d11f-97f6-485f-8449-94ee169dbbdc,2024-11-19 01:27:00
2413,710,page_view,checkout,68,4c473d61-49a9-4848-9707-1405548fd8e5,2024-03-26 22:46:00
2414,83,purchase,search,57,66b1b4d5-d9a1-4cb7-98f5-ba07bbe12b6e,2024-08-02 08:53:00
2415,960,purchase,checkout,3,00d07658-7ae1-4ee7-bfbf-6a853131de7f,2024-06-24 15:51:00
2416,306,add_to_cart,home,45,1085bb13-c51c-42e2-82d2-79780e371813,2024-01-17 20:03:00
2417,546,page_view,home,5,b61c3bb7-ec63-4456-8e61-8c63bfdec2a2,2024-02-02 16:41:00
2418,156,purchase,home,89,e3abd7d1-7ea9-4128-a214-2c71e1c7c4ba,2024-07-23 05:03:00
2419,977,page_view,home,79,669cfde9-5e34-4b00-9b8d-2457ca7d71ad,2024-11-04 00:50:00
2420,393,search,search,62,94d9a477-fdc9-4033-8c36-937515506103,2024-01-03 23:46:00
2421,622,page_view,search,7,af1c86c4-6cfb-4ded-89e4-24b5860fe846,2024-06-06 05:15:00
2422,154,purchase,profile,82,2e473d23-09fe-4b9b-8e80-9d450cfab3ed,2024-07-30 07:45:00
2423,288,remove_from_cart,checkout,40,57c57cf1-fc47-4baf-9165-e260c70ace4c,2024-06-22 01:40:00
2424,641,remove_from_cart,home,91,47ad86e1-1fd6-4d69-855b-f0d0c040c343,2024-09-02 18:43:00
2425,301,add_to_cart,profile,45,085d1979-abb2-493f-9a6d-564d9b0611b3,2024-11-02 04:08:00
2426,16,add_to_cart,home,30,0a0a9d36-d9ea-43da-bfdd-b60ea2978041,2024-11-15 20:53:00
2427,335,add_to_cart,home,61,4add26f2-771c-4796-8800-cf31be17575d,2024-07-30 08:43:00
2428,894,add_to_cart,cart,73,f2c6c03b-556f-4468-97c8-04de29ec54e0,2024-04-20 04:23:00
2429,431,page_view,profile,66,b9baee38-06da-4676-a6de-5246ccc99b55,2024-04-13 22:52:00
2430,482,page_view,home,44,c2acc58f-6306-46d6-8e9c-6ee7808a92fc,2024-08-20 15:19:00
2431,319,page_view,profile,54,a2e01550-2471-45bd-b0fc-0be06d4b2e5d,2024-08-04 04:07:00
2432,294,remove_from_cart,profile,73,e9372496-33a8-45f8-8221-1aac31ed9532,2024-09-20 09:43:00
2433,671,search,profile,81,ee6105fa-c74c-44f5-b7d7-8e83e69469a5,2024-05-17 15:41:00
2434,82,purchase,profile,97,2221ba76-319f-4182-adad-d149d01ebd08,2024-11-27 18:44:00
2435,229,purchase,profile,13,dd758038-98c5-4aa5-bf16-f38fd6d4795c,2024-09-09 21:20:00
2436,385,search,product,87,2f55df19-518b-40a5-8336-90dcd355168d,2024-11-21 12:34:00
2437,867,page_view,cart,86,0bc526f8-8e70-433e-afed-75b4be421a97,2024-02-29 11:21:00
2438,675,page_view,home,82,c07e7718-71d5-488c-9166-d8b3da08fa87,2024-05-31 10:55:00
2439,467,page_view,home,37,3a239059-3ff8-4dca-961c-5d62c839d227,2024-12-11 00:55:00
2440,97,purchase,product,83,5abd599f-cba7-48bf-a164-bc2527fb63a2,2024-04-26 14:21:00
2441,600,page_view,home,82,bb03e17a-bc54-4d4a-aee3-4fecdd62810e,2024-03-28 16:40:00
2442,431,page_view,product,16,91a2b241-e6b2-4980-9c74-9c2dd0395361,2024-09-24 16:13:00
2443,626,remove_from_cart,cart,58,518b8c19-fbbf-45a2-ade3-506db391cea3,2024-01-19 02:26:00
2444,30,page_view,checkout,12,11674263-107d-45dd-a22c-b7c149878b34,2024-12-04 19:39:00
2445,763,remove_from_cart,search,39,2e624070-c55c-4c49-b6cd-b450822a3057,2024-03-27 11:44:00
2446,256,remove_from_cart,product,47,684d38da-28d8-4c8f-89a9-a6cc32efd763,2024-05-01 14:00:00
2447,628,remove_from_cart,product,4,44352655-bcbf-4c5d-aba2-07fd8643073b,2024-12-28 12:22:00
2448,639,search,search,42,f72877a0-480e-49e2-a9ab-aa9eec61d5e9,2024-11-29 21:17:00
2449,983,remove_from_cart,home,71,a501168e-ee72-44e2-99de-e61a2edf16d4,2024-01-07 23:37:00
2450,596,remove_from_cart,search,78,076c6c9e-68b2-4b37-bd61-6965f3e80b4a,2024-03-20 20:42:00
2451,531,add_to_cart,home,83,cf1f2648-0467-405f-9431-392a7d0abaaf,2024-06-20 09:54:00
2452,831,search,profile,89,b63d55e4-838e-4b2a-9332-430bbce35665,2024-08-06 06:00:00
2453,517,add_to_cart,search,90,6cd338a7-c6b7-402d-b14c-5f896acf0501,2024-12-21 15:30:00
2454,141,remove_from_cart,home,70,56601ac1-869b-4f38-9db2-99107e91869b,2024-09-13 07:12:00
2455,575,search,cart,32,1df92bfc-df73-407c-951a-e5fd654188f2,2024-06-03 18:05:00
2456,35,add_to_cart,checkout,29,e3ab7d7d-2aff-4771-8c86-b455e7f75a0f,2024-11-01 17:47:00
2457,428,remove_from_cart,search,29,020e8425-251c-4782-8ff7-8e3069ef8cc8,2024-07-07 09:16:00
2458,608,search,profile,63,bfdccfc3-a993-481a-8d6a-6ef037495cce,2024-01-07 14:21:00
2459,885,remove_from_cart,cart,47,d246ad9d-e5a6-4762-8193-d6030dd76567,2024-04-07 17:34:00
2460,883,add_to_cart,product,31,fbe86a73-fa0a-414e-a4bc-87f813211974,2024-11-27 23:17:00
2461,31,search,home,58,02e8d1b8-3a85-419c-b06d-ed7046b44d0f,2024-01-18 16:44:00
2462,580,remove_from_cart,checkout,40,498edcef-02ed-4b3f-8f75-615df5fd5347,2024-04-18 16:09:00
2463,439,purchase,search,20,73234fee-a2ee-4aa5-b53f-3afef065ecc2,2024-10-13 05:28:00
2464,362,search,search,58,7f88ba17-f815-4f4a-8008-a8c025903ee5,2024-07-11 16:56:00
2465,46,purchase,search,71,caaff890-f2d1-4d98-984d-1fd45b57c14f,2024-02-05 01:53:00
2466,365,page_view,profile,30,9a56d653-0888-4c7e-ab5d-fb8aded4942f,2024-02-25 09:27:00
2467,597,add_to_cart,search,80,336b1cb0-ec43-406a-af2d-91a5c0c81186,2024-04-22 06:40:00
2468,513,purchase,profile,87,c33438dc-25c6-4f1a-af59-88ff1e09f51f,2024-04-20 08:22:00
2469,517,purchase,product,29,fc0c9fa9-8b37-4c00-9fb7-3a9f615b4f52,2024-07-15 07:41:00
2470,385,add_to_cart,search,43,8564ed14-51da-405a-bd97-e5283a081ba4,2024-12-28 16:18:00
2471,916,search,search,10,78544d77-4158-498a-9b61-603315383945,2024-02-24 20:16:00
2472,864,remove_from_cart,checkout,47,12b5782c-bf5d-465c-9aea-3fe35e6a69e7,2024-09-27 23:29:00
2473,229,search,checkout,70,0f97a6d0-e65f-49c8-963c-f70aef6c72aa,2024-09-26 00:23:00
2474,50,purchase,cart,41,651bd77f-853a-4dbb-9b2c-2cfbaf87806c,2024-02-19 03:21:00
2475,183,remove_from_cart,checkout,10,5f91b574-edca-4d31-b02c-2f5dcbbba052,2024-09-26 23:28:00
2476,766,page_view,home,84,99e2cc0e-0bb3-471f-90d3-f12eb46a56e9,2024-01-20 00:48:00
2477,204,page_view,home,32,ab0a2d1e-36df-47de-a5c6-01b744606ef9,2024-06-23 21:08:00
2478,879,purchase,cart,13,3374eec6-14d1-42b9-ba4d-9b34106e9c07,2024-08-25 20:11:00
2479,543,purchase,product,17,b4cf9f9f-4349-4300-833a-06ace8e79614,2024-05-23 19:19:00
2480,817,search,checkout,100,cd851c06-6737-4766-a5ef-da9e6170290c,2024-12-23 16:57:00
2481,246,purchase,home,92,99b6a7f2-7978-4bee-8c3d-488fb4ef69c3,2024-12-10 01:57:00
2482,152,search,search,39,d75d7943-b1b3-44f8-a62b-c7c8276a9b25,2024-11-25 22:23:00
2483,661,remove_from_cart,profile,70,df53aacf-0108-4dd8-a06d-253e3ac6ff90,2024-04-04 16:04:00
2484,303,purchase,profile,13,d2456e84-93d8-4160-91cf-174cdb22eeb8,2024-08-26 23:10:00
2485,860,purchase,home,11,b395e88e-39d2-4a72-91e1-972c9df3b900,2024-10-11 18:07:00
2486,215,search,search,64,ca50442b-2ed1-4ee2-bf06-b49c54a73f8a,2024-03-05 03:31:00
2487,691,add_to_cart,profile,70,edb31c0f-0519-4cb0-9eb2-60236a0e13fc,2024-05-05 12:00:00
2488,445,search,checkout,55,14fd1dd0-bcfc-42e3-bc3b-486bd5722e65,2024-10-02 16:48:00
2489,786,remove_from_cart,cart,70,b2f42faf-ec1a-4686-8cc3-4f6a2808ff81,2024-09-09 18:18:00
2490,625,add_to_cart,home,58,14e930fa-86d3-4908-80c3-c21ff3b78321,2024-04-09 06:59:00
2491,138,add_to_cart,home,53,d862cdcf-b308-4695-8d37-d30c1cb955fe,2024-03-30 08:45:00
2492,567,page_view,checkout,21,1b5e29c2-a891-41b7-b722-3d9dd8b12c96,2024-08-21 09:13:00
2493,344,search,profile,47,77dc0aa7-0ae7-4cec-a957-6ca0c89b3ba0,2024-07-15 18:13:00
2494,877,add_to_cart,search,63,5f080977-29b7-4d3a-be64-794fff2947d5,2024-05-15 22:15:00
2495,914,remove_from_cart,product,7,40685c49-7e4c-4d06-99a0-fc127dc80e71,2024-06-18 00:10:00
2496,294,page_view,search,1,4bde0932-2eb1-4a70-b7cb-bb459c3a2777,2024-06-29 01:35:00
2497,646,add_to_cart,profile,90,c8219de4-7564-481e-a393-dc35cbfaad43,2024-05-25 11:03:00
2498,201,purchase,product,48,ae588c51-26d8-4aa7-bd74-910add21cc6d,2024-01-07 19:11:00
2499,906,purchase,search,23,82d0c0f8-7ebe-4d42-8be8-2fcfb6e4f2c2,2024-06-24 22:58:00
2500,704,add_to_cart,checkout,9,32e7c6a6-2662-4f16-9208-466c94fcb64a,2024-08-29 11:05:00
2501,376,remove_from_cart,home,67,9a62a2e4-b417-487d-81e8-240ce84194c1,2024-10-05 20:08:00
2502,907,add_to_cart,profile,65,1ba193fb-6276-46a1-8c87-e18b5e5d1cf6,2024-08-19 01:03:00
2503,147,page_view,product,55,54d81cec-7496-43da-a3f7-6f8c3283ee04,2024-11-29 02:13:00
2504,618,search,search,22,175a134b-8e12-40e1-9c61-a704bb147a86,2024-04-16 04:59:00
2505,222,search,profile,65,afdc309b-18df-431e-bdba-2b700d639bed,2024-12-31 14:53:00
2506,734,remove_from_cart,profile,83,34d0dcf1-7d78-48b6-a6e3-1be1ea375137,2024-05-28 10:06:00
2507,953,add_to_cart,product,60,67464f02-b82b-44e6-b3a3-cdc92e50b191,2024-08-03 20:43:00
2508,676,page_view,checkout,69,4d35e3b2-51d0-4acf-bbb2-77b615f0b045,2024-08-02 13:00:00
2509,969,purchase,profile,52,fb0bc15e-d151-4988-9659-369d286e7a53,2024-05-28 09:41:00
2510,686,add_to_cart,home,59,93a21ba5-f0f0-427d-acb0-ccdf90c4f252,2024-01-20 15:31:00
2511,106,add_to_cart,profile,48,5b4b2b3c-2a07-4206-8778-8bf3196cf510,2024-12-11 18:39:00
2512,160,add_to_cart,product,12,91a8cd4d-dcae-417b-9ede-62cda15de2e9,2024-03-30 17:39:00
2513,598,search,cart,15,439a8f1a-b3c5-427e-842c-b37c057e94ad,2024-02-15 16:47:00
2514,441,page_view,cart,35,a08a4fa2-27e1-4798-82bc-a6e8650649e6,2024-03-06 06:04:00
2515,899,page_view,profile,22,1a2b24b0-4d80-466d-b081-2990b8f6451e,2024-07-12 04:22:00
2516,797,purchase,cart,66,712071f2-4c6e-4085-8c56-eb6adc65cfa1,2024-11-01 08:25:00
2517,412,purchase,cart,50,df3b17c5-9cda-4ef2-80fd-4b0a6c1b95a2,2024-06-15 10:01:00
2518,372,purchase,cart,85,3c324a39-154d-421d-9411-918e0afffc9e,2024-02-02 18:17:00
2519,238,remove_from_cart,product,44,5ca937f4-c64a-43de-b3c9-e8abf68551c1,2024-05-21 16:09:00
2520,650,remove_from_cart,profile,2,9cb38bec-84fd-4921-acc3-40b6f427cb0e,2024-10-01 11:47:00
2521,769,page_view,home,47,4709676e-47b9-4575-8dd8-a9295df45575,2024-06-05 18:58:00
2522,272,purchase,profile,48,c21c8511-e04d-4942-b0bc-105872028e72,2024-01-05 21:18:00
2523,434,remove_from_cart,product,33,f2821e1c-53d1-4d8d-99c9-7c23f2d7a652,2024-03-28 10:19:00
2524,670,add_to_cart,product,98,85d59471-a31a-4ac0-9f80-6b31286f489a,2024-09-13 17:01:00
2525,670,add_to_cart,profile,20,7d5edb22-717d-4a77-8973-10a0083f52b2,2024-08-03 00:10:00
2526,584,purchase,profile,95,59303345-d32a-4b6d-ba48-bd675d337d3d,2024-12-25 23:57:00
2527,297,search,home,42,3b7c6832-ef05-4fe4-b9f8-65d93f7f6511,2024-08-21 19:27:00
2528,709,search,checkout,86,da32d245-198d-4fd6-8b28-8c4b9f4162fd,2024-04-11 06:48:00
2529,353,add_to_cart,home,13,0401ad89-9f67-4547-8f18-8decd684af25,2024-09-23 17:38:00
2530,466,purchase,home,11,92faea67-7fd3-41f0-9cd5-646a8f23db4a,2024-01-27 21:56:00
2531,614,purchase,checkout,26,97128879-337a-496d-a222-e7ee674dd84a,2024-01-20 05:52:00
2532,531,purchase,checkout,93,50a83ee4-a741-4f8c-995d-9089179dfe76,2024-11-25 20:22:00
2533,250,remove_from_cart,profile,85,63ab45a3-1490-42b4-8d6b-dae9e4f0fbab,2024-10-11 02:35:00
2534,852,search,search,46,611214ae-3a8e-4b29-9ae4-e50b7c34b861,2024-08-25 19:57:00
2535,110,purchase,product,11,10851279-0314-4276-b367-ef30780127d7,2024-05-15 16:25:00
2536,571,search,product,82,a0f9278d-e77b-43ea-aa96-eecef19e9323,2024-04-30 17:45:00
2537,811,remove_from_cart,cart,16,abe1219a-0fad-49d2-8b49-d0ec3f7adf46,2024-12-08 11:06:00
2538,30,search,product,33,6edb7986-0e70-4053-95e8-cdf86404979c,2024-07-25 13:28:00
2539,242,page_view,search,70,d35222ae-dc3d-4260-82cd-7b7aab6a26da,2024-01-04 08:34:00
2540,680,page_view,search,12,63dd8456-1f96-4d92-8315-9bbd1cb697b8,2024-03-29 23:31:00
2541,790,add_to_cart,checkout,90,f7c3d7e2-1ebf-4a48-99f7-1628df1af4d8,2024-05-22 13:00:00
2542,43,page_view,home,12,58aea871-654a-470d-8262-c3b4fbddc2d4,2024-07-06 13:59:00
2543,938,purchase,product,81,09247576-8f89-4a31-9954-1182e64d20ad,2024-03-02 23:51:00
2544,67,page_view,profile,66,56d5bfbf-7c79-4a7d-aeec-01e3113fe6ab,2024-05-16 17:23:00
2545,350,purchase,profile,78,4f008ccb-f4cc-4311-a9f8-5331b2a5e3f3,2024-11-27 06:55:00
2546,618,add_to_cart,search,13,f4b22128-1fb9-4d81-8f35-dfbbb0713cd4,2024-03-16 08:01:00
2547,107,remove_from_cart,checkout,52,0c2859cc-100d-41df-8521-0271fbd0c521,2024-07-16 18:25:00
2548,283,search,cart,56,a61a82b5-6f79-4bf4-8a41-70a663957609,2024-02-14 10:39:00
2549,109,page_view,home,39,4f8b9b04-cfd6-4c08-9801-d164294bec45,2024-06-12 05:58:00
2550,588,purchase,profile,14,a8cd1153-1840-421c-a60b-541ab475099b,2024-08-21 21:12:00
2551,757,page_view,cart,25,c742af52-65d1-40b7-8ae0-667ac3bbc1ca,2024-12-10 03:59:00
2552,786,page_view,product,65,ca8fa75a-fa7b-4f7e-a6ee-44e2e606bf2c,2024-08-15 10:00:00
2553,930,search,product,10,74a503b3-6fd3-47c7-8067-19366e8ab787,2024-11-21 00:46:00
2554,421,page_view,checkout,29,9b1dfa5b-8220-4f13-8edf-c60b780a1d53,2024-06-23 22:22:00
2555,681,search,search,63,c001b2d0-091f-42ca-9864-566dbe23be52,2024-03-03 15:30:00
2556,453,add_to_cart,home,55,22ef7637-0d08-43e9-a594-0624639b5264,2024-07-14 09:03:00
2557,915,page_view,checkout,23,a01b95f4-9763-4431-972c-ee295b30314b,2024-06-13 18:21:00
2558,201,remove_from_cart,cart,35,b18ca535-d6a1-421e-8692-f6cea3f23485,2024-08-20 19:48:00
2559,485,add_to_cart,search,96,c82af74d-fce6-42c3-ab6c-3b160407e89a,2024-12-12 00:32:00
2560,858,search,product,64,3da96cbf-66b6-4f29-bcf5-50e6cdf1f3ee,2024-03-20 10:36:00
2561,357,purchase,home,51,29945dde-232e-46fa-83e3-9ac10f65b953,2024-09-30 19:52:00
2562,576,add_to_cart,checkout,86,79c8f2cf-bdd8-40e4-b574-3106973028b3,2024-06-10 00:06:00
2563,314,search,home,97,51e4fede-39c1-4032-bcb4-42c15a98df37,2024-12-10 01:58:00
2564,174,purchase,home,97,720d8f00-6f9c-453e-8d84-9c5bd16ba318,2024-12-15 07:25:00
2565,895,remove_from_cart,profile,52,992ada8c-d960-4698-9ec3-da4ef7ec5327,2024-06-29 22:30:00
2566,408,page_view,profile,81,1a8b9b40-0f1d-40ce-aff4-ee7886252a39,2024-01-23 11:08:00
2567,834,purchase,product,25,13541463-9eef-4f73-9f4c-d783d8a23114,2024-12-15 15:52:00
2568,354,remove_from_cart,product,42,65d144a9-579b-494b-bdb1-bcf3ca492741,2024-06-05 15:30:00
2569,569,page_view,home,41,bef35d05-a305-4ade-8daf-95e3f6735c4d,2024-03-29 13:52:00
2570,673,page_view,checkout,38,956d656c-54fc-403f-adfd-88163d3047a6,2024-09-30 12:36:00
2571,732,search,product,44,4e1a90ea-5b6c-4624-93d4-577a47bb759c,2024-09-20 16:12:00
2572,585,purchase,profile,71,1db22977-0290-44ce-940f-509c71d4b16a,2024-05-16 14:38:00
2573,115,purchase,checkout,42,0f2263c9-2b22-406a-90ac-99928920790a,2024-10-19 20:05:00
2574,291,remove_from_cart,cart,46,7602dbf1-1408-4e54-b2fc-1aba1055bd13,2024-01-09 07:11:00
2575,728,add_to_cart,home,20,ba684511-dd05-41d3-87f3-fcfdf075d184,2024-05-14 20:32:00
2576,659,search,home,98,e324ae25-2cf5-4b03-b503-7da5917e8c3a,2024-05-10 05:31:00
2577,271,add_to_cart,profile,43,23dad31e-e54f-43d2-94c3-ffceac0062e0,2024-09-15 18:06:00
2578,369,search,checkout,42,394c82e6-dfd6-4680-976a-f1fa0f0422e5,2024-06-02 10:57:00
2579,696,search,product,62,f29bab28-01e4-416f-888b-e4ac3822fd23,2024-04-21 14:44:00
2580,189,page_view,cart,15,c6283432-b53c-44f6-b922-b23641adfb79,2024-08-11 16:51:00
2581,601,add_to_cart,search,89,8be79f36-7ab0-4f9f-8a0f-4dace7d3f0ce,2024-05-16 05:17:00
2582,123,search,cart,3,4396f2f8-0dcc-45dc-af00-1f389193ae24,2024-05-28 16:37:00
2583,888,page_view,home,50,b8ff6f7c-ad47-453a-b4aa-83e5036699f4,2024-01-11 12:31:00
2584,14,search,profile,64,96c15827-234a-45b3-bc46-7f6d5b8ac99a,2024-07-23 04:17:00
2585,32,search,product,72,3b8b2dc0-de1a-46e4-a040-7245c2f9e787,2024-04-20 06:40:00
2586,950,page_view,home,87,405f13d2-9a6e-4980-b023-dc5deadb1f75,2024-10-22 05:30:00
2587,224,add_to_cart,search,42,bc168731-1927-4b2d-a0c1-e0245e59c7af,2024-03-19 17:57:00
2588,616,add_to_cart,cart,64,f7c7ee60-44f8-4267-a76f-c128feae9996,2024-01-13 04:45:00
2589,974,purchase,profile,64,af0ccc13-72d2-41cb-9d21-e74e41c4cfdd,2024-03-21 02:34:00
2590,172,remove_from_cart,checkout,10,086c9b43-df79-4b21-804b-35799158d53d,2024-07-03 14:31:00
2591,238,page_view,checkout,43,393867fc-7a91-40bc-8a4c-911a020a40dc,2024-05-03 12:14:00
2592,624,purchase,search,99,9466f11e-d926-4b77-b518-0c5681df7a9f,2024-07-14 20:38:00
2593,44,add_to_cart,checkout,15,815db78d-b90b-43b5-ba03-2c6586b4ae68,2024-09-26 08:15:00
2594,629,purchase,search,22,e3a7bb69-281f-4326-9be4-7fb50eaf7a29,2024-03-22 18:32:00
2595,671,add_to_cart,product,53,3808a22c-14db-4967-a326-ea55484a12eb,2024-10-25 02:37:00
2596,345,purchase,home,61,58751d6a-768d-4508-8596-61e8becdc60d,2024-10-07 06:00:00
2597,53,add_to_cart,home,81,38d0d214-da9a-415a-99e9-f0e2a066c102,2024-07-07 12:19:00
2598,258,page_view,cart,71,48e3fbb1-403d-4c00-a847-86e007e31835,2024-10-31 12:35:00
2599,594,purchase,cart,67,ee319b58-b895-4082-bf26-1570cb83ec4f,2024-03-17 21:52:00
2600,560,purchase,cart,83,8f87dc2b-ffdc-421c-aec7-8a0313b7f956,2024-10-01 23:13:00
2601,938,add_to_cart,home,70,2acb894d-c5d9-43c1-b1a0-22049fc0b999,2024-12-01 07:42:00
2602,634,page_view,profile,96,822f7e9f-8391-4b82-9f1b-dbb121e257ad,2024-03-07 02:20:00
2603,724,purchase,product,82,1cf617d0-36a4-4e01-b232-dbdabd7bb0e2,2024-03-20 00:34:00
2604,979,add_to_cart,profile,53,30b741f9-5171-4666-aa0f-17a6b1f61777,2024-02-21 23:24:00
2605,720,add_to_cart,product,65,7c838eef-c2e9-45ee-a6a7-1bbc0a0f29c3,2024-08-28 18:18:00
2606,484,add_to_cart,home,9,3b7121ec-54a9-4f67-aaec-7442cfb44ad7,2024-01-08 18:32:00
2607,845,add_to_cart,home,38,07daec75-bfa3-4f8f-873d-39a935c73a33,2024-09-23 03:26:00
2608,98,page_view,product,32,cd0883ff-0b16-48b2-a123-a16689881c83,2024-08-07 05:35:00
2609,563,remove_from_cart,checkout,83,73bd1195-a89d-4f9e-8a37-a6e48024003d,2024-02-01 03:23:00
2610,557,search,checkout,61,6af2b9bc-db14-4efa-b641-5b6c108e927b,2024-02-25 18:26:00
2611,357,add_to_cart,profile,56,fc3c63ac-e404-4615-9f11-838f698e9b42,2024-11-30 07:54:00
2612,721,page_view,product,86,a837725f-d121-4193-9934-f4ee798a68ac,2024-07-27 13:39:00
2613,539,page_view,product,18,d91e2907-8ca6-433f-b13a-978ee5ec999c,2024-11-24 21:28:00
2614,738,add_to_cart,search,96,545a6baf-4a57-4734-8c4f-864557ec4505,2024-10-16 13:27:00
2615,394,add_to_cart,search,3,bba024ad-2f04-4f11-b198-2c152025f8d9,2024-10-22 02:13:00
2616,468,remove_from_cart,home,21,eac9fcf1-1a79-4c94-b158-ef4a79ea9055,2024-10-06 06:46:00
2617,601,page_view,profile,57,fa853f37-2632-4711-84fb-8564c4a3c686,2024-06-25 21:51:00
2618,388,purchase,product,97,09c126eb-cad8-434b-b8d4-798f37792ea7,2024-06-22 01:43:00
2619,547,add_to_cart,product,89,b670bf8d-b080-408e-96c5-ebe5fc47ecd2,2024-01-06 22:17:00
2620,506,add_to_cart,home,13,0c041b0e-9c25-4214-9525-c725afea22f7,2024-10-30 04:16:00
2621,590,page_view,checkout,36,72da4727-44b4-4b73-9d42-ed5687c16be9,2024-09-18 16:11:00
2622,285,page_view,search,28,4c746577-03c0-45d5-b784-8a466d484b42,2024-11-24 06:22:00
2623,430,purchase,product,4,dcbbcc1c-a661-4186-83d2-52c00596d51e,2024-08-30 21:55:00
2624,699,page_view,profile,76,e0ea1222-f4d0-4dca-98d4-dd083dd056f0,2024-01-10 03:17:00
2625,727,purchase,product,94,0d36218f-bd10-4f05-bd3c-c08d0433ade3,2024-05-21 23:59:00
2626,144,purchase,product,23,fff649d2-0bf5-426b-acde-d7774ecf415d,2024-01-26 16:36:00
2627,831,remove_from_cart,search,88,d29687e0-7e88-4bed-b8e8-a79d45a2dcfd,2024-01-06 19:01:00
2628,673,page_view,cart,10,52fb3410-b3ed-44de-a188-3498dea8d980,2024-08-25 09:42:00
2629,553,search,search,53,99ff3cf2-8953-46dc-bd72-ded9b8083b9f,2024-03-08 04:01:00
2630,418,search,checkout,62,1e8a8fb3-6b09-419f-8e87-af70a1a35980,2024-05-05 13:17:00
2631,245,search,search,35,1fbe8b4f-7949-4822-b035-94ba69a77047,2024-02-02 11:10:00
2632,255,remove_from_cart,search,67,4674de48-f366-4fe9-a838-e2a5dcf9a17b,2024-04-03 20:59:00
2633,64,add_to_cart,search,82,f3983c08-7183-492b-868f-e1a05184b42e,2024-01-22 02:25:00
2634,733,purchase,cart,14,1a5b0dad-f404-4324-a081-a56e7e33bb28,2024-07-04 02:29:00
2635,270,purchase,checkout,97,86014b4a-2db2-478f-821e-149b303fdb9e,2024-03-22 07:42:00
2636,289,add_to_cart,profile,56,457e6431-b60a-447f-851a-328cdb7ab5ab,2024-07-20 20:26:00
2637,290,purchase,search,68,87346901-bc3e-4fb8-b78c-aa8215166cfb,2024-12-02 21:18:00
2638,648,purchase,cart,84,a550b3c4-caf1-4970-a1ce-f80af87763da,2024-01-04 06:15:00
2639,367,page_view,cart,50,cbde0eab-2656-448c-af2e-9729b5b2130f,2024-09-15 22:03:00
2640,720,page_view,cart,89,8bd42fb3-6b45-4691-8ed6-e295089868b6,2024-03-09 14:50:00
2641,985,purchase,cart,5,88d7bdd4-6ffc-49d4-89ed-09d03e04261e,2024-11-15 12:02:00
2642,253,page_view,checkout,47,340351bc-7b41-4e24-8fa0-a8e8787464a6,2024-12-21 16:21:00
2643,419,search,profile,26,78e97a96-aec9-464f-bba5-2a89fc8bb570,2024-12-22 19:41:00
2644,425,add_to_cart,product,23,42f28c80-790b-43c1-9ef9-e47df0cafb9d,2024-10-28 19:07:00
2645,623,remove_from_cart,profile,82,0b8473ab-a36e-4b0a-975f-a84e45d87328,2024-06-21 22:31:00
2646,923,purchase,product,84,6fbfa2a5-4148-4d62-93a3-b580daa13e79,2024-05-10 06:55:00
2647,254,search,search,99,7c2cfe88-1582-4413-85a2-757c49ef2239,2024-09-11 02:11:00
2648,251,purchase,product,5,d6618a33-b697-4394-b510-ef1cc1d773df,2024-08-11 03:38:00
2649,229,purchase,profile,86,e36f2ed1-6a1b-4460-a26d-ca8682916ac7,2024-08-27 20:03:00
2650,406,page_view,search,65,401b01c5-8569-41d3-b692-ab71f45c0119,2024-08-31 17:46:00
2651,49,page_view,search,60,3754e419-b442-4930-a2a3-f8cafbd5e34d,2024-12-11 02:26:00
2652,902,purchase,profile,75,bbbfc5cf-b544-4ddd-8c09-37f42091d16a,2024-10-18 06:17:00
2653,666,page_view,home,43,77d5603c-0a7e-471e-b54e-069b50cbaa97,2024-06-23 12:31:00
2654,783,add_to_cart,cart,17,8968fda3-3322-4782-a9f2-584843b371d6,2024-08-18 08:08:00
2655,36,purchase,search,38,78c0f465-f22d-416d-b1d3-404da03b2a6c,2024-04-01 20:29:00
2656,122,purchase,profile,9,e09106b7-8e3a-46dc-b665-31f963dcf7f0,2024-04-08 14:54:00
2657,352,purchase,cart,72,f6638b48-2184-4ddc-9b63-8d8f2ce16878,2024-08-02 14:47:00
2658,781,page_view,cart,29,08bd50e1-fdf0-4783-bd55-67fc4fb4311d,2024-07-30 08:59:00
2659,546,search,product,49,4526415d-3aaa-459a-92a2-3038676c3a54,2024-02-12 14:20:00
2660,919,search,home,65,f0c0c620-ea69-4130-a38b-2ef1bbb8d1ff,2024-09-19 20:30:00
2661,707,page_view,home,20,52fae6a3-185a-4f74-b396-6c0bb51737ef,2024-07-07 03:59:00
2662,541,search,product,72,7938ce7f-2665-44bd-9145-6af1244aa66b,2024-02-26 12:02:00
2663,172,remove_from_cart,product,31,c003319e-2fb1-4e3c-9027-e23233021fa0,2024-05-14 09:04:00
2664,872,page_view,home,22,a3b0eb60-e315-40f9-8735-ca377ea5b2ab,2024-03-30 01:04:00
2665,230,search,product,10,0526728c-9a02-4cf3-bd36-4b9d175f75bc,2024-07-29 00:40:00
2666,903,search,product,20,7858812b-5cff-44a3-ab70-6d4cd633b6dc,2024-09-27 19:59:00
2667,194,purchase,home,95,54f88989-9b33-47f2-b67b-fd6b9751ca37,2024-11-01 23:39:00
2668,893,purchase,product,54,12e9440d-0983-4390-97ef-fdc744352e32,2024-05-05 07:09:00
2669,579,add_to_cart,product,86,d696b4d1-f165-46f5-9990-95388ec848a3,2024-01-27 00:09:00
2670,830,add_to_cart,product,70,5bcace14-5d64-4e90-9264-13bfa7823d8a,2024-12-21 10:10:00
2671,123,add_to_cart,cart,2,eb86cf24-128b-4786-af01-a8ee96a4bb6e,2024-01-21 12:53:00
2672,142,add_to_cart,cart,13,de7c57e2-6f5e-4bcf-abc6-f26e62cb9c77,2024-09-04 09:47:00
2673,541,purchase,home,3,f5e9c8cd-3413-4ecb-8110-fae5cfbef560,2024-07-24 08:51:00
2674,876,search,profile,66,a4b6712d-ae8e-40a6-ac4a-a2e1a334a31b,2024-09-14 23:10:00
2675,257,purchase,profile,56,e722e581-087f-4622-86e3-ed2ae01ca9d1,2024-11-07 00:40:00
2676,885,add_to_cart,search,2,3b9ff3a7-a9b3-4e1d-b389-e1c347d8dea8,2024-03-30 14:25:00
2677,600,search,search,3,5e83fd09-1e3e-489f-b08d-77b379296980,2024-05-17 10:02:00
2678,689,search,product,3,9ce8a399-161e-4414-959e-9bd18143c9ad,2024-11-21 05:49:00
2679,988,purchase,profile,80,388eae11-161f-4afa-a6a9-993a86f9ea38,2024-03-08 14:35:00
2680,170,search,checkout,21,7972e2c6-1fe7-4200-a93d-e2d23dbb9a3b,2024-06-18 06:36:00
2681,539,add_to_cart,profile,63,bb2c0b5c-11e0-411a-a6f9-471df1d86b35,2024-05-28 10:14:00
2682,455,remove_from_cart,home,10,3c0c0c43-3621-48c7-9dd1-246f14823311,2024-04-05 12:34:00
2683,274,search,home,69,e90b3c01-8cee-4a6b-95c1-ebfd01598005,2024-06-25 13:18:00
2684,204,add_to_cart,profile,2,e3f1ba94-3a1f-4fe6-bafe-f623dce91cd4,2024-07-29 10:39:00
2685,988,add_to_cart,home,19,b05be54a-726e-4f78-a493-2dce18f98018,2024-05-14 16:15:00
2686,780,search,product,58,d88e360e-4814-4ba4-b321-de42595d33bd,2024-11-07 01:24:00
2687,646,remove_from_cart,cart,44,72e81a55-d71b-4300-b4d7-1538f0f26397,2024-08-19 07:16:00
2688,688,search,profile,43,864b0615-e199-4021-916b-894d32c66ae9,2024-05-19 03:13:00
2689,860,add_to_cart,product,56,0dbfa996-cf23-42f9-af95-b254b95b6ee4,2024-07-14 02:26:00
2690,188,remove_from_cart,product,29,4dcbabb4-99eb-4861-b293-f6e372b9d1f4,2024-01-17 21:49:00
2691,874,search,home,77,50c4104b-da1d-4290-bad2-e508933dfd7c,2024-12-08 14:13:00
2692,702,add_to_cart,profile,82,934bebeb-7513-4c97-9190-f09d112a97ea,2024-05-14 19:19:00
2693,342,add_to_cart,home,33,ca84cc58-ebc4-42ae-b4ca-d593d55c3f4b,2024-07-01 04:17:00
2694,150,page_view,cart,22,3e405457-045a-418b-b4e8-a8e398a510c0,2024-07-30 21:31:00
2695,207,search,profile,99,aa6c59f2-a9a2-420c-a231-fd7ed59a38bb,2024-09-18 19:00:00
2696,661,purchase,checkout,93,92e86a25-bc32-4540-bb7a-e33cd91dd650,2024-02-28 07:07:00
2697,648,search,checkout,90,f31716c2-bbcb-423d-b85e-502d5fb05ba6,2024-07-15 07:42:00
2698,811,search,cart,38,3a1db523-59f9-477b-bf31-ca4111faf20a,2024-01-22 00:51:00
2699,923,add_to_cart,product,2,0f0a94ab-b04b-43b8-ad6c-f6cf7af816dc,2024-12-27 05:56:00
2700,726,purchase,checkout,72,6871bbd7-cee1-4291-aca5-cca535d50839,2024-10-12 13:37:00
2701,369,page_view,product,62,16d0df8e-4700-42b9-9b2f-04d9b6d97e5b,2024-01-01 10:31:00
2702,30,add_to_cart,checkout,25,925e04ec-48c1-4931-a2e1-cf9e382d9560,2024-11-20 00:49:00
2703,697,add_to_cart,search,24,bf0e91f7-e0c8-4d9b-93dc-7b60ecb8aad3,2024-01-31 01:00:00
2704,687,page_view,product,76,5d9f8206-44d7-49ef-8fe1-f757744038d6,2024-01-07 02:07:00
2705,63,search,home,7,d5daccd6-687f-4847-b2fb-e031eb214222,2024-10-17 05:52:00
2706,573,add_to_cart,home,99,6b389752-c103-43fa-83a5-a040f9c63ea0,2024-01-02 06:54:00
2707,983,search,search,62,de57a03b-1eff-4cf4-9aeb-b212eb82aed4,2024-09-18 03:21:00
2708,118,remove_from_cart,home,60,5e67b185-ae97-44d5-bbff-fa2f8ccd7cf4,2024-09-14 18:53:00
2709,165,purchase,cart,37,3acd10b7-1493-45c9-a3c4-efed217624b5,2024-01-29 02:55:00
2710,828,purchase,product,95,dfe93fe4-b95c-48d0-859f-0aa22eac87bd,2024-05-24 04:38:00
2711,364,remove_from_cart,cart,29,961ca224-09e3-4da0-a52c-d3071842a457,2024-09-18 15:03:00
2712,585,purchase,search,12,f225818d-8a83-43fa-b9d1-4b07070b0a1b,2024-06-11 21:19:00
2713,163,add_to_cart,profile,96,1d198333-814a-4cb8-88ac-9a8473b115fd,2024-01-27 11:35:00
2714,678,add_to_cart,product,91,1cf64089-bc5d-4da5-9026-6aa629da9214,2024-09-23 07:30:00
2715,65,remove_from_cart,search,62,53d0f3b2-6cd6-4fd1-9ec2-187b185dda51,2024-06-17 09:16:00
2716,810,search,checkout,28,8dcff4ee-ffc7-4b4f-becf-13883da6f0d4,2024-04-02 08:54:00
2717,155,remove_from_cart,checkout,52,16d06461-0676-4c90-b560-fdaaa0533212,2024-01-30 09:31:00
2718,186,search,cart,66,56874f19-3409-4401-8747-86b30ae58df3,2024-05-16 04:11:00
2719,919,page_view,search,3,ddc06a78-8f91-4f46-afe7-817c68342b5b,2024-01-08 03:47:00
2720,299,add_to_cart,home,6,2aeb709f-0845-4a8e-bdee-74ce291c3228,2024-02-04 13:41:00
2721,63,search,checkout,94,e473a0af-2eee-47d4-8b95-0ab9cc0caecf,2024-01-14 23:27:00
2722,471,page_view,cart,93,5fe7da37-b3b9-495a-9933-58b2a54abb49,2024-05-05 00:10:00
2723,280,page_view,search,28,2686ed22-328f-4645-b295-5e14d97dc8ae,2024-06-27 01:32:00
2724,723,page_view,cart,35,b3272217-1a2f-4192-92e2-9fd933ee5801,2024-03-30 06:14:00
2725,794,remove_from_cart,checkout,37,9a3a516a-e8b3-4ace-b8d3-2e421937f87c,2024-02-08 11:07:00
2726,981,search,home,97,568baf71-1b65-4a76-9c84-c2447f5e357f,2024-04-30 08:11:00
2727,702,search,profile,66,2fae732a-d56e-450b-8608-28bd35688f32,2024-02-27 11:05:00
2728,674,remove_from_cart,checkout,94,e39e144a-eb89-4cea-849b-c8b70ffb6fdf,2024-05-03 18:47:00
2729,900,search,home,42,3dff54f3-7bfa-4b8a-b525-4080420937c8,2024-04-24 14:37:00
2730,932,search,search,14,6010215e-acdb-44b0-a7e7-7754277fe13c,2024-06-25 21:57:00
2731,343,purchase,product,71,028f294e-03f8-4dfb-a1ef-c1fefe86eddb,2024-09-04 12:35:00
2732,310,page_view,search,97,7af28d12-b436-467b-b2ff-5854f6db4816,2024-02-22 13:08:00
2733,742,search,product,50,15aa2b32-aa67-4764-9f9e-ae96f7b8cd79,2024-02-28 22:12:00
2734,876,purchase,product,34,de2d1a6a-4422-40bb-9878-74f4c717dd0c,2024-04-29 20:18:00
2735,680,page_view,search,11,60c6b7f7-2eeb-4017-8b2e-131a24859019,2024-08-25 21:40:00
2736,204,search,cart,73,2eac36e3-d631-4e2b-8910-70ec424006f6,2024-04-27 04:37:00
2737,370,remove_from_cart,cart,93,8e2474a3-1b42-456d-a46c-35f277f92334,2024-01-15 10:46:00
2738,328,remove_from_cart,profile,50,5a1dd029-bad5-4a25-b5c8-f7ce32da8920,2024-05-01 21:08:00
2739,89,search,product,57,2ebd6d09-8bb3-41cd-81e7-9f8a23d0a801,2024-01-11 00:55:00
2740,782,purchase,profile,18,d8b19a1e-1f1c-4a8f-8676-6374b7e03302,2024-08-07 17:53:00
2741,432,page_view,home,72,35e39c36-92fc-4fc6-bffa-deae1d4e32ec,2024-06-02 09:55:00
2742,484,purchase,home,82,b75dcc61-414a-4ce5-b630-d06bb4b009e5,2024-09-07 15:38:00
2743,521,search,search,73,7b87ea5d-30b5-4053-8a83-59fa42761b1d,2024-07-16 21:55:00
2744,162,search,checkout,64,99b093ab-8608-4fac-944b-66383dbeffdb,2024-05-29 06:14:00
2745,203,search,profile,71,d2977462-4a5e-47b1-9298-52d7cb824e74,2024-11-05 16:51:00
2746,352,add_to_cart,cart,98,ea69c26f-32af-4efe-b6e0-b736ba684d5e,2024-10-11 16:03:00
2747,315,search,profile,51,f2e7a537-7a31-4e13-901a-3c58032a2e40,2024-12-20 05:22:00
2748,171,remove_from_cart,profile,42,14e45572-dd1e-48fe-bdee-453a0c5aac22,2024-10-12 00:55:00
2749,254,page_view,cart,29,bae1f8e5-3db9-4f3a-a6c6-ee107c305bc7,2024-11-05 23:21:00
2750,823,add_to_cart,home,94,8db3dcf0-7058-4666-8b49-665d3823b30f,2024-04-09 02:13:00
2751,365,add_to_cart,home,39,0b244302-d4b0-4435-b526-4af559693284,2024-09-16 10:42:00
2752,496,remove_from_cart,home,58,d85f1304-c496-4f7e-b511-3cfc0643cd64,2024-05-16 07:49:00
2753,831,page_view,search,24,b6e2bc54-0bb2-4a63-925d-4d6c068a1b0c,2024-11-18 13:08:00
2754,81,search,checkout,100,8e7fe635-2ffc-457c-8e9e-50af8efb8fbc,2024-12-18 07:06:00
2755,306,remove_from_cart,checkout,24,226a67ac-a587-42e6-bd57-458aa39b313e,2024-08-06 20:23:00
2756,309,add_to_cart,cart,66,98908155-ef0b-43ce-a6cf-b82c57d34439,2024-12-02 13:47:00
2757,403,page_view,home,73,1f9f2ea0-284e-42ae-9cf7-dfc6aee93f49,2024-12-17 23:16:00
2758,995,purchase,profile,14,7898f2da-fbc7-4b88-872c-fbc8c545d0b8,2024-03-02 13:00:00
2759,552,page_view,home,63,4f89df1a-2a1b-4e82-8d0c-7cdfcb05ebcc,2024-06-01 21:21:00
2760,929,add_to_cart,cart,39,ad5a1e79-0df2-4ea2-a98b-af1fe4408155,2024-11-23 17:59:00
2761,414,page_view,profile,98,c93aeff0-581f-4a41-b729-e7f305b894c2,2024-06-17 01:59:00
2762,544,remove_from_cart,cart,15,2a721425-f56c-4f63-8e30-ddb2babbd11d,2024-02-17 01:55:00
2763,649,search,home,25,82f366f1-9707-4e5c-b0a4-fb2952efcce8,2024-01-08 12:43:00
2764,119,remove_from_cart,cart,62,45da53ab-61d6-4ac5-91ab-afda520ed875,2024-02-17 01:20:00
2765,475,search,checkout,8,23957b21-f668-44f2-8edd-ea5be4cbcadf,2024-05-06 20:29:00
2766,108,add_to_cart,home,12,414c61dc-8d83-49ad-b666-2cab01c94910,2024-10-26 09:40:00
2767,137,purchase,home,6,1ff17a15-d912-4d82-99ee-6f3f5ff00395,2024-02-01 06:26:00
2768,839,purchase,checkout,2,0e2394ab-e446-4352-820f-39764aeeb166,2024-08-10 06:09:00
2769,569,purchase,search,68,44220de6-4cb7-44c0-9b2d-e21a54de5da4,2024-10-12 02:48:00
2770,360,search,cart,92,825ba1d5-2b8a-4d8b-bf56-a4e663f1ca31,2024-12-09 10:27:00
2771,993,page_view,checkout,74,4ecc746b-4c3d-40d9-8a54-c306bc21a817,2024-11-21 10:20:00
2772,666,search,search,14,4ca9ab89-28dc-4e90-b9a0-27093bccf8ff,2024-06-18 05:48:00
2773,905,remove_from_cart,product,61,0cf3f4c6-7d6f-48c4-82ce-3b4a71c93bad,2024-12-20 10:42:00
2774,61,search,home,14,3181ef42-27cb-4be3-b0a8-21d0db668176,2024-07-11 20:06:00
2775,345,add_to_cart,profile,88,33c58d28-dd8b-4092-ba3a-a85a861244cc,2024-07-19 08:17:00
2776,793,add_to_cart,home,49,526578f3-1891-46eb-8131-ee693b444c62,2024-03-25 07:00:00
2777,27,add_to_cart,home,4,02236405-2030-4ba1-89d7-670cf6b4129b,2024-06-06 21:22:00
2778,795,add_to_cart,home,68,03fa1151-bc8e-406c-973f-8a7245163b0a,2024-03-22 06:20:00
2779,4,search,checkout,66,8a2144f2-36db-4428-a0fe-0404acd8a49b,2024-09-30 23:32:00
2780,703,search,profile,30,59ab586e-8a75-4712-8b92-adfd894f8d75,2024-02-04 02:18:00
2781,607,purchase,product,89,a4b947e8-dedb-4dc0-ac10-d134cc36a70d,2024-09-17 13:31:00
2782,418,search,cart,34,408fcc48-e908-4f71-b00c-d12a8c064557,2024-05-20 02:42:00
2783,794,add_to_cart,home,77,f8d11680-66e6-4ec1-89df-98766dbbe318,2024-02-04 15:48:00
2784,53,purchase,product,19,64d23a9b-cf22-42de-be24-d7c24aba396c,2024-11-16 03:31:00
2785,556,search,cart,17,49e7208e-aec2-4b1b-be80-6becde2c12d1,2024-07-30 23:00:00
2786,202,add_to_cart,home,1,f2e0bd85-3704-4605-ae41-0e0a1e7f5d37,2024-04-18 21:36:00
2787,23,add_to_cart,search,15,88cb0a2a-bf55-48df-acdc-6ec053257eb6,2024-06-20 09:08:00
2788,361,search,cart,90,a0f7e933-9ba2-4daf-b158-8982073e5196,2024-03-19 16:15:00
2789,794,search,profile,72,28afd4a7-e0d8-4726-91b8-5034fac767d2,2024-02-22 03:09:00
2790,118,page_view,cart,76,fc9c7c66-d0c6-467d-925e-7738952ace55,2024-09-09 00:57:00
2791,88,add_to_cart,profile,34,f78d9821-194f-4e57-a996-782e9ffa6a1a,2024-12-11 08:57:00
2792,156,add_to_cart,checkout,1,25244670-5a37-4f35-afc6-44ab64ccacce,2024-12-23 04:20:00
2793,426,purchase,product,23,f539fca7-6415-412b-9bc3-20cc2f71afcd,2024-12-23 05:38:00
2794,126,purchase,home,22,69d1b813-6705-42ea-b0a6-0e3b9227541c,2024-05-07 23:11:00
2795,54,search,profile,42,2ababb13-2875-479d-a6df-72a2128db0ee,2024-06-18 09:00:00
2796,636,add_to_cart,cart,30,2d1a91fa-971c-4442-a01b-650775a35742,2024-07-11 22:32:00
2797,656,search,checkout,74,3a020aa2-b058-4794-a2a2-d435e7e2a604,2024-02-24 08:35:00
2798,57,add_to_cart,home,51,f98c1e4a-a945-4841-b359-aad5459f08fe,2024-07-28 11:55:00
2799,823,purchase,profile,74,3155f88b-9208-4e62-b201-338942ea5f6d,2024-04-11 00:46:00
2800,28,search,home,32,64901876-0851-45b6-8b4d-b5e505303e7e,2024-09-17 21:30:00
2801,328,remove_from_cart,checkout,58,876b182f-2a22-476a-9494-dbea366adc3c,2024-07-15 02:14:00
2802,273,add_to_cart,search,17,f1c0025c-3a35-4726-9dfc-98c158e9c8ff,2024-04-28 06:17:00
2803,866,remove_from_cart,product,3,d129d395-ff27-473d-a005-5b64c2acad2f,2024-12-21 08:30:00
2804,93,remove_from_cart,product,63,92501651-b195-42fe-b1d4-17b273a6599b,2024-03-09 23:51:00
2805,12,remove_from_cart,home,95,1b5d5d9b-0f0c-4d44-a3f8-e1b48efd85b0,2024-04-08 19:22:00
2806,292,page_view,cart,73,8850c886-2604-47fd-96a2-20b1670ab849,2024-02-26 13:07:00
2807,660,page_view,home,20,4dc55fc1-5985-4952-9676-40b424e89504,2024-09-27 08:09:00
2808,327,purchase,profile,12,a5a5338f-d4d6-4c27-941b-8d5955c8007c,2024-11-01 12:52:00
2809,178,add_to_cart,product,82,5e87f112-d487-4e96-94b6-acbfdc9b8e33,2024-07-25 23:34:00
2810,429,add_to_cart,cart,12,162e3038-4e40-41c0-807e-98fcfaae9603,2024-04-08 14:30:00
2811,147,purchase,checkout,86,c281ea72-8baf-4262-bc81-76d0246e3506,2024-11-03 00:22:00
2812,371,remove_from_cart,search,2,9b2443ed-31d3-4d82-8076-85b3fe6fd374,2024-09-19 09:42:00
2813,530,add_to_cart,home,2,e298d464-633d-40d6-91f4-5befc416cdb8,2024-04-20 08:19:00
2814,420,search,cart,28,620d7c24-6d37-4fa4-80e9-b938f3676036,2024-01-30 14:18:00
2815,959,search,search,84,adf7e9b8-4f96-4213-a5bb-48c6a4560817,2024-12-18 05:03:00
2816,621,purchase,profile,52,2f31165c-3adf-4b47-91f2-b8644c8a063e,2024-09-14 02:09:00
2817,480,search,search,67,9bbc4df6-4f8a-4a83-be1d-0668083e7bcc,2024-12-29 19:53:00
2818,1,page_view,profile,23,cfba9ded-1b1d-4a68-a33e-c31b793ea66f,2024-03-16 12:56:00
2819,637,search,cart,12,ff48a4c9-8711-4f7b-b22f-6d126458edbc,2024-11-07 01:54:00
2820,845,purchase,product,78,1b614adb-4cbd-40ed-9915-f18f7c784963,2024-06-04 09:09:00
2821,27,remove_from_cart,product,3,a5764f18-20f8-4241-a909-e10b720b5413,2024-04-12 01:27:00
2822,754,remove_from_cart,checkout,14,7d3bf91d-d519-4115-a4b2-448a6d49a576,2024-03-15 17:31:00
2823,363,add_to_cart,product,86,52b5f29b-2e77-4989-a3f7-472f6d590217,2024-05-27 16:01:00
2824,667,search,home,10,1a1321d8-fa6f-4ba0-8fe0-d18ff5aead31,2024-04-10 13:51:00
2825,58,remove_from_cart,search,38,8adf7891-c8cd-48aa-bd48-8c0e01ea0d21,2024-09-10 08:45:00
2826,804,add_to_cart,home,36,4c774a3a-4893-4e70-8907-290891c167fb,2024-03-31 10:16:00
2827,757,search,product,59,3d5a8e22-9401-4fe1-9a7e-2964adb72049,2024-02-20 17:50:00
2828,602,search,home,38,1aca9239-67ff-4359-8399-ba75a4688906,2024-06-12 14:50:00
2829,404,search,product,22,5a040135-f497-47d4-8714-b54502adb993,2024-10-16 13:10:00
2830,365,search,profile,39,aeaa7427-72ad-4218-8a9b-f9fbd92d0d8b,2024-08-31 20:01:00
2831,493,add_to_cart,home,61,4d894405-d8b2-4b6a-a771-8c93da803cda,2024-08-06 19:59:00
2832,653,search,profile,76,582f4a94-242f-433b-a149-7c931adc3eb3,2024-07-05 19:03:00
2833,361,add_to_cart,home,34,c28ab62a-c921-467f-9f87-c9ef3b512939,2024-05-17 07:49:00
2834,858,page_view,profile,79,8fb658a8-3680-46f5-94fb-0a9ad3c73353,2024-08-27 09:54:00
2835,58,purchase,product,83,e22fdd85-9459-4820-9e3e-fa3ecee0bd04,2024-11-13 11:39:00
2836,52,purchase,home,6,1debf33d-14c9-4ccc-a133-e22787e02984,2024-11-15 14:59:00
2837,294,page_view,checkout,32,72746a8c-bd50-465b-984a-64e5c59411ed,2024-05-02 18:31:00
2838,223,remove_from_cart,home,100,90d6b68a-95b7-4a0b-9625-b9d1ddac3816,2024-01-13 18:00:00
2839,924,search,product,86,1d2bc602-c445-4bd2-97d9-606de2f73392,2024-04-17 02:33:00
2840,428,search,product,86,e8380e16-e89e-4eee-bade-3c7671b80a68,2024-10-25 16:43:00
2841,331,search,home,33,16faca91-1448-4713-ad6a-5634a30a9735,2024-12-19 12:39:00
2842,250,purchase,checkout,93,52f42900-9bae-4803-9a65-1febb0cf6cf3,2024-12-31 12:14:00
2843,598,page_view,profile,71,364d9589-b862-40db-acf7-4753fb2e4b5e,2024-10-21 01:02:00
2844,597,page_view,search,90,897ffedf-1b98-49b4-8ce2-a1d1890919b7,2024-01-01 15:14:00
2845,644,add_to_cart,home,67,41722e5b-8f31-4eb7-a038-32d8c80bda07,2024-10-29 20:22:00
2846,127,remove_from_cart,profile,9,827dbed0-f50e-4b65-8c6c-028ffd12bffd,2024-11-10 15:44:00
2847,210,remove_from_cart,search,51,db608fa5-f225-443c-802a-08c4af2fbdf3,2024-01-17 14:43:00
2848,903,page_view,checkout,97,9b6d9328-a619-42d1-9502-196d48423e67,2024-09-06 10:18:00
2849,375,page_view,checkout,82,f3031be5-bde7-4635-823d-9d91a63902c4,2024-07-04 22:25:00
2850,516,purchase,search,4,fedac9c4-d16a-4990-9102-cc29f824f3d0,2024-05-30 15:31:00
2851,957,search,home,100,19f9b2b1-daef-4528-94d8-3e661f6d7ef9,2024-12-31 01:05:00
2852,830,add_to_cart,search,89,fcbe96e9-b7b1-4ede-9e48-537dde3fafa2,2024-09-29 11:36:00
2853,456,search,checkout,10,953509c2-9842-486f-9a22-f8aad3ea4266,2024-10-23 02:15:00
2854,638,add_to_cart,home,16,a1a92d42-1917-46b5-aeb5-d1ed3a234993,2024-09-06 01:47:00
2855,334,search,cart,50,9e966e9d-ab26-4c5d-b935-4e414377505d,2024-07-11 18:24:00
2856,110,remove_from_cart,profile,61,dbf22c31-9eba-461c-8c48-c9263ac55637,2024-10-23 14:42:00
2857,580,add_to_cart,search,75,01066492-ed86-4bae-b672-4a8b8b1e3078,2024-03-11 12:38:00
2858,274,search,home,29,d3b0ff97-9898-432e-89ef-9f10370ab457,2024-12-07 07:46:00
2859,383,add_to_cart,search,86,98f5d8da-5c7f-4e60-9dc6-c1072665dc2c,2024-06-30 23:54:00
2860,841,remove_from_cart,profile,8,c25cf110-6ac9-4ad4-be15-ead5263b6435,2024-11-19 21:01:00
2861,358,remove_from_cart,cart,30,872d46a5-b9a0-4d34-b7a1-4316fe72f3dc,2024-01-15 09:08:00
2862,904,page_view,cart,93,546ef38a-dade-4e35-b6de-4324562a0cd4,2024-05-03 02:44:00
2863,943,purchase,profile,53,1ef565a0-83aa-482f-a416-4755584ff15e,2024-06-27 03:35:00
2864,911,search,search,99,bc5ec124-c6cc-4e44-86c7-0873320dafc2,2024-11-15 08:01:00
2865,203,purchase,profile,94,f53d1298-28c0-4ed4-9526-b56d7b5b6d4e,2024-05-13 01:08:00
2866,593,search,home,56,e27ef0d4-2134-4f71-bff7-4b803c4d8f6a,2024-09-16 15:58:00
2867,851,search,profile,28,a1da108e-2860-44ba-80a0-dcddd74c3c5f,2024-04-18 05:24:00
2868,162,page_view,home,3,60a9140d-af2f-4bd2-ad02-ffe4002d8782,2024-04-25 21:54:00
2869,553,remove_from_cart,search,79,0b11aac8-650a-4655-8133-a2064bfc0f8f,2024-05-16 15:08:00
2870,580,page_view,cart,48,f3329f80-1946-4449-a07f-c5dfac83af6c,2024-02-21 10:42:00
2871,178,page_view,search,68,af85ed34-1103-478d-96cd-2228476acffd,2024-04-09 13:44:00
2872,146,add_to_cart,profile,4,0b689b45-e31a-41c4-bea8-29831d9d215b,2024-10-01 02:49:00
2873,649,purchase,product,91,3026e2ef-ecfb-464d-b0c8-634d5d0eefa2,2024-07-22 00:30:00
2874,441,page_view,product,36,ac69de11-b759-4793-b2f4-c19ddec94825,2024-03-06 01:19:00
2875,265,page_view,cart,51,f78decbe-0740-4157-8787-a39f5a4e3145,2024-10-04 21:08:00
2876,866,page_view,checkout,20,636d7140-db21-4cc8-847c-ee2f3e67069a,2024-09-04 21:56:00
2877,610,search,search,82,b7520888-ca96-4ebf-b8ae-1757e1478bfc,2024-10-18 09:36:00
2878,709,search,cart,81,95e97866-0dd1-471f-a1b6-7881c17f51e9,2024-01-29 03:45:00
2879,529,search,search,74,ac4224ac-e3a8-4c38-9e8d-770314ccc58d,2024-03-30 12:27:00
2880,186,search,product,97,a79b6ae4-54d9-41ef-a173-38cda9a39503,2024-12-27 20:24:00
2881,461,remove_from_cart,home,65,c960d71e-8b38-4229-a251-401731dbb6f3,2024-12-01 13:23:00
2882,420,page_view,home,22,2ccac4c4-4cc3-45f6-8614-048b3ebc7248,2024-04-01 18:21:00
2883,774,purchase,home,29,9d5f676a-e185-482f-910f-39760e544983,2024-06-01 18:57:00
2884,977,add_to_cart,cart,96,e6245ab0-efa9-40c1-b2f5-7558c33a4af4,2024-07-10 06:17:00
2885,121,purchase,checkout,8,05c854fb-cb01-4fc4-9630-95d9ceae9ad5,2024-09-02 19:56:00
2886,706,search,checkout,51,fc927159-f0dd-46e7-a586-f89a095c00c1,2024-08-31 19:38:00
2887,249,purchase,profile,71,5f45cf7b-a0d9-4f44-b2d5-b08dc2f74662,2024-11-08 03:59:00
2888,615,remove_from_cart,product,6,6b5d5f58-d129-437a-8ae1-0a8cf861f4ab,2024-10-27 16:19:00
2889,386,add_to_cart,cart,63,63df0c77-a8eb-40c0-96b3-2c222e304fb5,2024-08-15 14:16:00
2890,108,remove_from_cart,cart,97,5c3c4578-2329-45bb-93f4-4cd32edbdc4d,2024-08-07 06:40:00
2891,832,add_to_cart,cart,88,c91e7b01-e591-410b-9f6e-78184cc0483c,2024-06-01 22:07:00
2892,628,page_view,home,23,06f9736e-2ae4-445a-b0bd-4043650910ee,2024-10-10 00:11:00
2893,594,page_view,cart,26,fc2c38c8-2ea9-4cf8-9842-5e39b027d056,2024-10-21 08:09:00
2894,786,page_view,checkout,34,72d68bbb-61a4-41e6-ab26-d58ee83eedef,2024-09-13 01:04:00
2895,344,remove_from_cart,search,59,49e6ffe2-f476-4038-9a59-7d69d61022e5,2024-03-25 01:22:00
2896,395,remove_from_cart,product,22,296d9e0b-4682-4f38-8466-5037d6c5a457,2024-08-21 02:38:00
2897,142,purchase,profile,71,2c72b6cf-77bf-4599-b271-8ce05708f6e2,2024-01-10 14:23:00
2898,37,page_view,search,50,4fd1e3bd-3611-4ff0-a33a-c15425b6b679,2024-08-22 00:32:00
2899,242,add_to_cart,search,68,12e3f13e-df2d-4861-b40c-dd1ddd6d124d,2024-12-28 16:00:00
2900,440,search,checkout,31,e16f18e4-48dc-410e-9fa2-9af5b99d6e55,2024-04-11 16:08:00
2901,520,purchase,search,88,e31e9020-69c5-4752-abd1-e3fca3355815,2024-11-11 20:46:00
2902,636,page_view,profile,57,267dbee3-2551-4669-ab4c-ce8bcb8cb1bb,2024-03-18 06:21:00
2903,993,add_to_cart,search,96,12a5880b-a64a-4fd3-834b-337bfc31f27e,2024-10-02 03:22:00
2904,914,page_view,product,56,ff2a2118-db52-474c-858b-3702a6c8d155,2024-11-01 19:10:00
2905,518,purchase,home,91,55db817f-0b30-4951-aed0-4dc9a56ee3af,2024-01-13 00:11:00
2906,216,search,checkout,58,91e54e4f-595d-4bbc-9aed-96cfa277e34d,2024-01-09 08:14:00
2907,69,add_to_cart,cart,46,ff5c48c6-1338-4299-b481-796fbbab4514,2024-12-21 11:04:00
2908,418,add_to_cart,search,66,0b89be18-0c0a-4184-a162-d02607f33b39,2024-09-15 07:11:00
2909,517,search,search,57,4f7db3c2-0a5e-4aa7-9414-76f90a108656,2024-12-13 23:07:00
2910,42,remove_from_cart,checkout,42,1550baa3-62c2-4e6a-8bf6-5303e5f59edb,2024-05-15 22:39:00
2911,559,page_view,home,10,29b06603-9b4b-49e1-8580-c0da41e16297,2024-09-30 00:39:00
2912,573,page_view,checkout,56,9f423ca6-8c7d-4096-a6bf-b7741400154a,2024-12-16 00:46:00
2913,795,search,search,71,253b660c-36e6-4217-910a-eceed1e51ef0,2024-12-01 19:06:00
2914,733,page_view,product,66,25a33d3b-3f4d-407e-a0d1-d607e58633b7,2024-02-27 09:30:00
2915,101,remove_from_cart,product,71,79e973e4-fe7a-4e99-972c-c3c1a04ecfb6,2024-12-12 09:02:00
2916,110,page_view,cart,81,ed61a07c-7589-40d2-92f6-2be45029b8cb,2024-05-25 00:58:00
2917,703,add_to_cart,product,44,f0669609-060e-435b-b292-ce285da70365,2024-11-09 13:53:00
2918,598,page_view,home,59,cb2c2635-50ba-405c-a38d-33ead459fc3e,2024-01-21 10:20:00
2919,209,page_view,search,55,3b87b257-189e-42d0-9645-00d4ffbc42fc,2024-03-09 23:31:00
2920,458,page_view,search,54,8d6ef5e5-9f32-44b6-a6c5-1c2c3d5dd0df,2024-10-26 16:26:00
2921,549,add_to_cart,home,15,16ed8a12-7422-4e90-8dda-5035ac3d6272,2024-08-15 15:27:00
2922,181,purchase,home,79,0aadb0a6-9375-4744-9e0d-8a086b460ba5,2024-12-10 08:46:00
2923,638,add_to_cart,profile,62,a829f261-ddb4-4992-ae76-70c2739b3539,2024-12-13 09:23:00
2924,252,purchase,search,48,fab499ad-fcac-41cb-a036-b607c79fc9e1,2024-11-26 12:39:00
2925,848,purchase,search,22,df8207ff-de4b-4c42-b9d5-5cdaa98008ec,2024-07-21 22:03:00
2926,726,purchase,search,19,6b79ed94-30cc-445e-ade8-b2d054f96b64,2024-10-14 00:19:00
2927,122,purchase,search,81,6c226a60-a478-4dbe-a6aa-b2900a962625,2024-07-10 17:34:00
2928,689,add_to_cart,home,31,fe8b0af8-680c-4d0e-b09b-6931a107432a,2024-04-24 10:03:00
2929,28,add_to_cart,checkout,50,e2e30707-3add-4055-9fef-edbf7861618d,2024-07-20 01:02:00
2930,185,search,cart,42,28501727-5296-4352-a38a-20d974ea2038,2024-01-31 06:35:00
2931,894,remove_from_cart,profile,57,2c0fd405-e510-4daa-93b7-cc19c5eb4f79,2024-02-11 00:26:00
2932,529,search,checkout,25,17e583a8-9ded-4893-8871-5b3c18346a21,2024-02-08 14:15:00
2933,442,purchase,product,32,861fb6cd-2fcd-416e-ba10-9412241b28ca,2024-12-22 02:03:00
2934,953,page_view,profile,4,b31043e4-ebd1-4bf6-a71a-93bb10297aa1,2024-11-15 09:59:00
2935,362,search,checkout,46,a888748f-85a5-43c8-84fc-41529488ba5a,2024-12-05 03:15:00
2936,32,page_view,product,2,c810c76f-ed93-4793-a654-c309dbf27d90,2024-09-12 07:01:00
2937,858,search,home,49,a405b52f-b2a4-4948-ba43-9af2d6d2a174,2024-04-12 09:32:00
2938,118,page_view,home,98,a30961d7-b6c5-4e02-bb6f-152c41757e0a,2024-06-22 00:08:00
2939,791,purchase,product,43,5cfb3849-2702-4a25-adb3-e75f2cde3630,2024-11-27 14:50:00
2940,903,purchase,product,56,8c601f0f-7a40-43f3-b4e1-987db77f440f,2024-02-12 19:20:00
2941,545,remove_from_cart,product,50,28a4f34a-7fa5-4d22-8997-c49230ac76e8,2024-02-27 22:10:00
2942,990,purchase,product,45,75819709-4d85-4b36-a2b8-c948a2647e81,2024-10-14 11:51:00
2943,558,add_to_cart,cart,25,6173a7a6-2471-476d-b3b0-a870720a670b,2024-06-01 16:55:00
2944,157,add_to_cart,search,1,535fdf5c-9550-49b0-86db-2aa76c6c98c9,2024-09-17 10:28:00
2945,390,add_to_cart,profile,28,18425266-be89-446b-8e53-0f2cfb690043,2024-07-16 05:15:00
2946,590,page_view,checkout,92,e21265c4-9806-4628-a49e-5eb253f2982c,2024-02-23 07:47:00
2947,348,page_view,product,40,e43cb0f4-ee3d-4ed0-b525-553a23689c58,2024-09-30 21:46:00
2948,967,remove_from_cart,cart,97,288df5c7-6e8a-4938-bb34-567e235b3438,2024-03-31 10:25:00
2949,527,purchase,profile,81,34814c75-557d-4f3b-a932-3c71f44e3228,2024-01-27 16:34:00
2950,42,purchase,profile,27,dfd6de3a-5ab5-499d-a241-2297cfd56e55,2024-06-28 15:50:00
2951,146,search,search,81,c4845e9c-9e0e-4513-bb0b-34c4e051cad0,2024-11-02 17:09:00
2952,45,remove_from_cart,cart,12,313c7a1e-0ff4-4e38-86d1-a5133ddea248,2024-05-02 14:59:00
2953,880,add_to_cart,search,23,38f6f0d8-b6a4-4368-8d4b-55c2c13fd726,2024-11-10 03:11:00
2954,450,page_view,checkout,37,393cc370-e23b-4840-8c8e-1314bda56cd4,2024-04-28 03:40:00
2955,412,search,cart,83,ca2491cf-033e-4f69-bc37-6809fa2820d4,2024-10-07 01:03:00
2956,803,purchase,search,34,1469447b-0aef-4314-b355-902e5c508c58,2024-02-08 21:04:00
2957,825,purchase,home,22,9652ab6e-4775-40d8-b407-b849202c0ef8,2024-11-18 01:55:00
2958,878,page_view,product,19,5ac9ba28-83fd-4e0e-bb22-62b732ef22a5,2024-02-24 04:22:00
2959,553,remove_from_cart,checkout,99,3c3ebc44-2fb4-4abe-9645-23d69ed0ce57,2024-03-19 07:33:00
2960,472,remove_from_cart,search,37,3fc705d1-e33b-4907-9371-94591bca5178,2024-09-16 18:57:00
2961,712,add_to_cart,profile,53,ad23f1b9-df9f-4593-b428-5f589c052d44,2024-10-19 16:00:00
2962,720,add_to_cart,product,44,a06ca054-b42a-4d83-aba2-be023882ebd8,2024-01-24 18:06:00
2963,223,remove_from_cart,profile,94,5e99e216-d9be-4348-9dc9-61c01956f4f5,2024-08-27 22:42:00
2964,576,page_view,product,61,0609828d-35f5-4e9f-8795-e7bb3273993c,2024-12-22 08:11:00
2965,827,page_view,cart,11,6ed5e333-a916-4926-b801-11d43befdecc,2024-06-11 15:01:00
2966,582,search,cart,17,d6c27c11-b986-4865-85cd-192230e11375,2024-03-03 01:48:00
2967,273,purchase,home,44,6f058699-f95e-4849-a7a5-073798909f22,2024-11-14 17:37:00
2968,580,add_to_cart,checkout,16,0703b7dd-9f33-4031-a75f-ab9f236ac237,2024-02-26 00:43:00
2969,306,remove_from_cart,profile,63,f5a5a057-a94c-47c4-a8ed-39fe8abc3a74,2024-12-09 13:42:00
2970,718,page_view,profile,37,b0f2a3a2-9d4c-4382-82cd-4529c6146d28,2024-10-20 08:12:00
2971,303,page_view,cart,8,258ea148-d056-452d-8bd4-e56a6d33c8e2,2024-02-10 07:52:00
2972,791,purchase,search,13,0e53163d-1f47-4087-8689-b65d877b9dd8,2024-11-04 09:54:00
2973,694,remove_from_cart,checkout,41,550d8016-5db9-4d86-a3ce-c9b3e4040626,2024-05-11 22:44:00
2974,372,add_to_cart,product,41,793d85b2-1849-4bc3-b064-a41fa58ae304,2024-07-08 16:38:00
2975,479,add_to_cart,search,41,888d494e-f869-46e0-b5c2-36d45226db0c,2024-07-05 00:22:00
2976,840,remove_from_cart,product,36,bb798417-89e2-4d46-bd0f-279ce0185b6f,2024-02-05 03:00:00
2977,532,purchase,profile,12,81babf01-1a54-4249-a38e-562f04638161,2024-06-15 09:00:00
2978,807,search,search,22,da6f0e46-c203-4d89-a84d-da2bd6602188,2024-03-29 19:59:00
2979,702,add_to_cart,cart,53,83a85598-fa82-4236-a354-e20fe98789ca,2024-07-23 05:38:00
2980,462,add_to_cart,cart,93,012b5f68-82a5-4e6c-925f-c4352be3255c,2024-05-30 17:14:00
2981,362,remove_from_cart,cart,92,6a8f0c63-7908-4dd1-9dc4-a89d312873a7,2024-11-05 18:20:00
2982,466,add_to_cart,checkout,27,9e3e400e-23ed-48fe-893a-07fddccc8078,2024-06-02 16:47:00
2983,384,remove_from_cart,profile,2,3b10aa03-f5e6-42c0-9351-34c08b39c059,2024-01-25 04:15:00
2984,701,page_view,search,93,f3e81244-5e10-4920-b1f3-814628b7a5d7,2024-11-29 14:10:00
2985,610,purchase,profile,59,24cd9b46-9a2b-4043-a64e-eaef569eefb9,2024-10-02 05:34:00
2986,407,purchase,home,74,2b7bfb28-2b92-4e94-af72-7bee060d4b29,2024-09-16 04:56:00
2987,525,remove_from_cart,search,4,d4865620-ca4a-489b-a7bb-8473014bbb0e,2024-05-17 01:26:00
2988,131,page_view,search,82,582a65d9-7d78-4e9e-9126-a4f60bb4ad70,2024-06-05 07:51:00
2989,290,page_view,home,20,aa08e01f-5faf-47b7-97a7-30936cde41d9,2024-04-29 22:59:00
2990,783,page_view,home,85,0dd9c2ca-3747-4679-85a2-d31f6f41badd,2024-04-10 01:47:00
2991,113,page_view,product,18,8f77a59b-bcf6-431a-82a2-7ab1760c602f,2024-07-18 07:15:00
2992,613,search,search,53,1f97a984-6694-4ceb-8719-8f51a487acb9,2024-09-20 09:37:00
2993,418,purchase,checkout,68,931bcaf8-b826-442a-bbf7-ea040a1311ea,2024-07-26 15:12:00
2994,990,remove_from_cart,profile,66,7d424819-543c-48f7-a223-fe1306e0babf,2024-03-04 11:43:00
2995,246,search,home,24,54432294-162c-4c3a-92a5-cabb516004eb,2024-03-27 02:38:00
2996,15,remove_from_cart,product,90,2da2b5ca-e7e3-4883-85ed-b0baa5eb0120,2024-12-02 12:02:00
2997,933,remove_from_cart,checkout,74,b36bc679-1d69-4053-a054-ac368c87d153,2024-01-29 08:48:00
2998,244,purchase,profile,39,f0461583-aaf9-4043-bbf8-434198e338f6,2024-12-23 23:16:00
2999,264,purchase,search,34,3d366137-fdc1-4d94-8c4e-5ce551185217,2024-06-03 04:41:00
3000,68,page_view,home,53,13c25260-cbd9-4605-b664-75886ad63a54,2024-08-14 00:39:00
3001,626,page_view,cart,27,546c679e-52a2-44a9-a8a6-04b0e7b82214,2024-11-20 01:14:00
3002,176,purchase,profile,12,84c96afe-7a90-417c-99f7-e727cb5053a6,2024-06-22 03:40:00
3003,981,search,checkout,14,28096032-470a-4835-8b84-9e9b36706fee,2024-01-17 08:01:00
3004,693,remove_from_cart,cart,55,6c9a37a4-7659-471d-8e5e-8ea3d13f436a,2024-05-13 12:14:00
3005,545,search,search,75,99d5ceab-c50a-413d-93c2-bbcc8dd20d81,2024-03-18 04:33:00
3006,317,page_view,home,40,6a31b33d-3187-4fc4-a385-09a9f719478f,2024-05-11 23:40:00
3007,631,purchase,search,6,4cf504af-68fc-4d1e-b089-b352b12b77e5,2024-12-22 20:58:00
3008,674,remove_from_cart,profile,64,4f86a090-cc08-49dc-a3b2-1f655dc1db88,2024-11-24 07:20:00
3009,519,page_view,cart,35,d575c030-9c5a-4389-ad95-7916a0a51e56,2024-02-26 13:15:00
3010,108,search,search,92,8dbee092-8d22-4739-972c-8a3bbabc6056,2024-03-22 14:59:00
3011,366,page_view,home,53,4bbe543b-b97e-4eb5-8aba-d16340059130,2024-12-03 21:36:00
3012,861,add_to_cart,home,43,8d3abc9d-6976-453d-8c28-e5bc7d242057,2024-04-07 19:41:00
3013,26,page_view,cart,4,7ab9d49e-1716-420d-b8dd-9e3f0aa9c81a,2024-12-28 13:45:00
3014,496,remove_from_cart,search,81,6c5747d8-43ec-477c-ae31-900d3d95f911,2024-03-04 14:39:00
3015,860,search,profile,73,9da4e1de-46e0-4b91-a2a2-c26f24a3d6a5,2024-01-29 06:43:00
3016,647,add_to_cart,home,31,ad410afa-d0d6-4334-b826-33a0f27b8c71,2024-10-30 07:30:00
3017,367,search,home,100,a748aff1-cc00-4317-8ade-7fd048c6284b,2024-04-20 22:00:00
3018,707,page_view,product,12,f60c5a9d-601f-40b7-948d-2edf1db15eb7,2024-08-23 00:39:00
3019,600,remove_from_cart,cart,76,59f79074-e113-4445-84d3-d1d6b3a87661,2024-06-14 14:04:00
3020,552,page_view,product,33,307a4472-f0cf-4713-80a7-5f352acf6529,2024-02-28 01:11:00
3021,881,search,home,56,3bfd22b4-f26f-48f6-a98c-baf3c8a7a565,2024-03-01 12:36:00
3022,101,search,cart,28,c2eb9f78-ee97-428f-8199-1d9baf778b77,2024-07-31 02:03:00
3023,425,purchase,home,60,2e8e3121-fc06-4395-9a53-2208f81d8025,2024-07-21 18:24:00
3024,493,page_view,product,42,3e9a97f3-1a02-440b-92ea-4ba14b328a09,2024-12-28 16:39:00
3025,126,add_to_cart,checkout,14,1154cfa8-b03f-4a5d-9879-43a86e265864,2024-08-28 15:15:00
3026,977,add_to_cart,checkout,69,58ddd900-2d95-46fd-85dc-eca59ec75fdd,2024-11-30 10:45:00
3027,976,purchase,search,98,69f857ce-2c25-42bd-ae4c-67e4f150738a,2024-02-06 01:50:00
3028,353,add_to_cart,search,76,d1f13903-4675-40b9-b6a6-c5d9c10731c3,2024-05-28 02:26:00
3029,835,search,checkout,30,7417d829-d08b-4f78-a053-c072ca350a44,2024-02-07 16:22:00
3030,381,add_to_cart,profile,41,ad58875b-ee59-4486-bfa1-e42b1c86e8f1,2024-07-31 14:24:00
3031,721,purchase,search,57,c350ce59-c649-42c8-b127-4552d54a49eb,2024-11-08 21:00:00
3032,330,remove_from_cart,home,11,42a5361f-4045-4b71-bc54-ffa6ddca274e,2024-08-04 21:47:00
3033,390,search,home,12,5f394aec-6dca-435c-85c0-798a3e4883ba,2024-07-02 06:18:00
3034,22,remove_from_cart,product,99,4e4b4a5d-e959-4eb7-8fec-5dd2096ba8a9,2024-06-04 04:27:00
3035,985,search,search,53,9da433b7-966e-42d1-931c-226e74b4800c,2024-12-04 18:50:00
3036,442,search,checkout,53,3a85fd07-a2b5-4cde-b54d-0aa0c5d6b2ee,2024-09-21 13:39:00
3037,806,search,home,7,369ac031-bb75-4795-9578-7a28bc055322,2024-08-27 17:11:00
3038,516,page_view,checkout,2,9db9b0ae-39b2-479e-8380-a1907e8fd348,2024-05-13 03:48:00
3039,250,purchase,search,91,0ce5057a-d21c-4e58-9346-d5732d22cd21,2024-11-24 13:17:00
3040,687,page_view,cart,73,52906728-4a99-4ef4-b278-ee729010d9a2,2024-09-03 01:13:00
3041,565,add_to_cart,cart,13,9345fa04-baa3-4fdb-a424-a5660049150b,2024-01-02 07:04:00
3042,897,page_view,home,48,8d141209-c20b-4889-94c4-b7d9da59e1d7,2024-07-01 15:48:00
3043,653,purchase,home,9,6c2549cc-6b04-4aab-ab3d-b4cfcb36a8e3,2024-10-02 07:00:00
3044,954,purchase,search,40,b3375845-e9c6-4f3e-9ec2-ea2133c40876,2024-11-09 00:32:00
3045,186,remove_from_cart,cart,49,38f036a6-ac7d-428c-9d44-8a25048c6cdb,2024-01-08 21:53:00
3046,723,search,cart,30,eb32f747-e7c4-42de-a30d-8a673f060f2c,2024-03-18 00:07:00
3047,964,add_to_cart,home,20,b4b3bd56-ed12-4a92-8bfc-14a090e7816f,2024-03-06 06:36:00
3048,788,add_to_cart,profile,45,6d7b5529-1a2f-4da5-b9f6-d5eb5f702fba,2024-05-18 01:15:00
3049,383,purchase,home,30,eb13ef13-9ae1-4bf8-9fac-1d8cd7254243,2024-04-11 17:16:00
3050,988,remove_from_cart,checkout,21,bb673367-620e-49f3-9b10-6ca9fe8ffd39,2024-11-16 14:35:00
3051,76,add_to_cart,home,77,135ba516-2667-4cdd-b433-c26ffd7801fa,2024-07-18 20:45:00
3052,845,remove_from_cart,profile,90,32571d5f-6546-45b4-b7eb-97076cd8597a,2024-09-02 07:52:00
3053,379,page_view,cart,85,8c6c1eaa-1e5d-431c-b27c-6916f367856f,2024-05-27 18:24:00
3054,50,purchase,checkout,8,318f10ef-13a3-462f-9874-552e3f0fb3ad,2024-08-17 22:27:00
3055,420,remove_from_cart,checkout,12,5a82fc68-87f6-432c-be1d-722f15830d50,2024-03-16 08:13:00
3056,297,purchase,profile,72,05f778b9-fdfb-49d2-a993-5d5c0d287f72,2024-04-22 08:33:00
3057,335,remove_from_cart,search,59,6e5215c2-4811-4c6e-abee-851043befc7a,2024-06-23 03:43:00
3058,337,purchase,search,67,b2a122aa-49e0-430a-98ba-41b847a39c14,2024-01-22 00:20:00
3059,863,search,product,19,76471a50-9bc9-43ef-ab1d-167fc56dd4dc,2024-08-04 20:37:00
3060,483,add_to_cart,checkout,7,2790f3f2-c862-43c1-8537-8c760fc90cb8,2024-08-10 07:47:00
3061,923,page_view,home,57,5cf07d68-57c7-4337-a361-5794723ba7c4,2024-11-06 16:40:00
3062,159,page_view,profile,6,482ba03c-5970-4619-8ae6-44f3d306838e,2024-11-10 10:39:00
3063,182,purchase,search,32,3179dbd3-3e93-49dd-8af1-42bb761b7a60,2024-04-29 05:34:00
3064,341,search,profile,90,bc0a405a-5967-4336-9687-070aa2cfc67c,2024-07-11 17:14:00
3065,915,remove_from_cart,cart,15,bd06a36d-7005-4a3e-9d81-2da63d02897e,2024-02-08 13:54:00
3066,714,page_view,profile,8,f5aa066d-fc9a-4870-aee7-58cbf88b012e,2024-07-15 11:05:00
3067,322,page_view,product,66,414589c5-cb25-4ec3-97d6-179446377769,2024-03-17 05:10:00
3068,426,add_to_cart,search,99,58f4bc27-bbd8-4819-add7-37527cb4d204,2024-04-10 12:48:00
3069,348,search,search,30,2695f3fe-56e2-4803-b551-512ae22eab6b,2024-05-20 23:56:00
3070,631,search,checkout,7,2ab41302-d22b-451a-a59b-8038374c934b,2024-06-18 04:02:00
3071,740,remove_from_cart,search,70,612ad4ae-965b-4f5d-8c00-ddc4fbd7e6f1,2024-03-13 10:09:00
3072,390,purchase,profile,77,5a212d61-5a3f-44aa-8b32-c23d22d874d4,2024-02-09 23:12:00
3073,822,search,search,48,42d0865a-0bd4-4257-a1ca-df56da71be3a,2024-02-16 11:32:00
3074,411,search,cart,5,5c291498-a03c-4c9a-b281-e20ef60abd21,2024-11-09 09:53:00
3075,528,purchase,home,68,a69b29a0-b510-4981-ada5-7462c8bef231,2024-09-28 04:38:00
3076,626,page_view,profile,60,83d69691-cf8d-4335-836e-31e7ef0bd9e7,2024-09-30 00:57:00
3077,786,purchase,checkout,54,b81e39b8-5e0e-407b-99cd-85d68c8a3d5f,2024-02-20 11:16:00
3078,367,search,profile,2,dcca83fe-8c0d-4247-a746-fd79c55fca8b,2024-12-02 20:27:00
3079,108,search,checkout,7,f9b6a885-889d-4910-afbd-bd33eff29327,2024-01-14 02:13:00
3080,424,remove_from_cart,home,19,385c73dd-3afc-47bd-8e72-b078593d801f,2024-04-04 00:04:00
3081,432,add_to_cart,cart,58,8604c9c1-6611-4957-a80e-242964e633fc,2024-07-20 19:06:00
3082,246,purchase,cart,83,bca3b04d-fb07-4b50-89dd-741a9a489238,2024-08-16 05:54:00
3083,701,remove_from_cart,search,71,5619972d-9b54-4956-a7a9-ee2240f809b8,2024-07-01 12:34:00
3084,277,add_to_cart,home,92,c408ca0a-b179-4fc3-9495-9b1ede5b61e3,2024-03-28 04:32:00
3085,923,search,search,41,898a44aa-8a67-4df9-abfe-f963d5ea1128,2024-04-16 10:52:00
3086,258,page_view,cart,32,8d268611-6df6-4941-9635-08ec9540fdeb,2024-01-19 03:40:00
3087,941,search,cart,23,3cd499d3-f133-4b0b-b317-b56b5cf51d84,2024-07-21 14:58:00
3088,239,purchase,product,20,02e92429-979e-4c02-8102-f1a7be0dba08,2024-06-15 03:22:00
3089,244,page_view,home,91,06b1ef58-a94a-47c1-84b4-7243f4038578,2024-05-14 20:14:00
3090,24,search,home,38,15966963-c73c-4634-98d5-635338fa2eba,2024-06-13 07:05:00
3091,35,page_view,product,42,b7decc60-a6a3-4338-a29b-bd57059b6639,2024-11-08 01:18:00
3092,460,remove_from_cart,cart,90,2027f1f2-b253-4f76-99cf-c7cbc7ae8a45,2024-09-03 13:38:00
3093,90,purchase,home,29,646f329a-d373-45a4-94f7-9bfe861b118d,2024-06-25 18:20:00
3094,70,search,cart,53,2eac6d4a-1211-48d9-b5e4-84616c208445,2024-10-24 22:06:00
3095,485,add_to_cart,search,39,b8a4fde1-ba8c-4651-98b2-e76c8cbf6886,2024-08-30 02:09:00
3096,463,page_view,search,77,72a319e6-ed1d-4386-bec9-2e5591077601,2024-03-18 15:10:00
3097,808,remove_from_cart,home,78,eff8d4a2-36a0-4a55-a723-9c3ffb66328e,2024-10-03 22:31:00
3098,552,add_to_cart,product,30,717963d2-a7b7-4a4c-8826-0a91afa64bbc,2024-04-18 01:27:00
3099,373,remove_from_cart,profile,80,d05c9b50-25e4-4e01-a182-b65a0a960a4a,2024-08-18 12:04:00
3100,248,remove_from_cart,cart,17,445e8e9c-7250-4b54-9820-6c598d59a1d7,2024-12-27 04:00:00
3101,715,add_to_cart,product,57,5874dcc4-8b5c-44ad-b61f-282523ca9a76,2024-11-13 13:06:00
3102,675,purchase,checkout,86,2aea6096-4cfc-404c-9e51-4b1a8ab6c953,2024-01-15 01:05:00
3103,833,add_to_cart,search,6,7d2ec8a3-58fd-46c0-8a18-0b8f01d11a29,2024-10-09 11:49:00
3104,744,remove_from_cart,profile,9,ec16bd77-c2f6-4635-b534-9c1f848feaac,2024-08-19 05:41:00
3105,605,remove_from_cart,search,71,7e727b8f-73a9-423e-bca2-c834986d3e9a,2024-12-30 19:35:00
3106,254,add_to_cart,profile,90,1cae0dd3-7523-4db8-b512-9ed5a54052bd,2024-02-28 02:36:00
3107,523,search,checkout,71,e2ffe80d-0a8d-40ca-820a-b1f3b5c12ed7,2024-05-05 11:19:00
3108,35,remove_from_cart,product,87,c2702c6d-665e-4276-8d96-41830f8dc25a,2024-06-14 20:25:00
3109,805,remove_from_cart,home,95,49804748-bebf-4857-9e89-812e89e20fcd,2024-07-16 00:40:00
3110,350,purchase,cart,27,72c36f38-a795-4f0b-9c3e-ef2a2571a447,2024-03-11 19:00:00
3111,51,search,search,79,c58025f6-31fc-40d0-a8cf-4ea795fe9cce,2024-06-21 00:51:00
3112,590,page_view,cart,64,c25a5317-7cb6-4d15-94d7-dbbacaf1b5a9,2024-12-16 05:31:00
3113,957,remove_from_cart,home,98,470e6fd9-3c9f-4857-b768-8ab4fb30cb50,2024-08-08 22:15:00
3114,928,purchase,product,20,bf918e29-f1f7-45af-89e9-1f2884b88d3a,2024-11-04 17:57:00
3115,181,add_to_cart,cart,2,7d60b19a-b6d9-4f98-8df1-8b2e4ec1d6c5,2024-06-25 07:32:00
3116,401,remove_from_cart,product,12,c9d8895e-3f26-4518-83e4-6d405233247f,2024-03-07 06:20:00
3117,573,remove_from_cart,search,89,f5615da7-0408-4f65-b010-b1e74d7fa3cd,2024-05-15 04:03:00
3118,586,remove_from_cart,home,68,462df794-2922-40b2-9c72-f9debbf7ee0d,2024-05-19 09:17:00
3119,442,add_to_cart,home,35,cfbaf6d8-f1f4-4dda-a4e1-ff67d66eec08,2024-04-05 09:21:00
3120,752,purchase,profile,75,3ed524a1-ef9b-4965-9b29-69c2b54683f9,2024-08-27 05:28:00
3121,197,page_view,product,86,a5fe84ee-2fbc-4c3d-8cbb-7a79fbb8f6af,2024-11-09 05:52:00
3122,728,page_view,home,83,a13fdf09-e5dd-49cb-b377-00e05dee789c,2024-09-17 01:32:00
3123,887,add_to_cart,profile,76,cb112816-1191-4086-b277-380de642d80d,2024-04-23 17:02:00
3124,469,remove_from_cart,product,68,5c1b17cb-f1e6-4eea-bf11-257006463f9d,2024-06-24 20:29:00
3125,855,add_to_cart,search,6,ba804f1f-bfde-43bb-9d09-4aa6661f384b,2024-04-29 04:05:00
3126,675,purchase,cart,16,9e8bec24-62ac-45f6-b9cf-18a9e25b8aa5,2024-06-11 11:27:00
3127,656,purchase,product,95,a5892ee5-b589-4818-b61b-1dc3e4bb6336,2024-04-07 14:24:00
3128,75,page_view,checkout,18,38890413-393c-4576-9c8a-0e8b3a097679,2024-08-12 14:42:00
3129,749,search,profile,90,6bd03ba8-a505-480b-bce9-906b0bfa07e6,2024-09-05 23:26:00
3130,646,remove_from_cart,profile,95,0515722d-39d6-4d6c-bce6-e5338393ba43,2024-11-06 15:15:00
3131,156,remove_from_cart,checkout,4,332d5068-ad64-443d-b4d1-74151d446064,2024-07-07 21:30:00
3132,770,page_view,cart,3,308e127a-3d25-4a6b-9d1e-b99d325a1f7b,2024-03-10 22:05:00
3133,98,search,product,43,0929c776-6df8-4b6d-9aa2-9910d70a3a98,2024-01-06 23:49:00
3134,379,search,profile,99,095c689e-128e-4a32-9dbd-5e5337488f22,2024-04-21 12:45:00
3135,534,add_to_cart,cart,99,6f279889-ad4a-49a7-b2ab-3e25d33d74c3,2024-02-03 14:49:00
3136,50,add_to_cart,cart,84,9d0d02ec-7066-48a9-ad7b-1b02775a73db,2024-06-29 20:46:00
3137,992,remove_from_cart,profile,19,bef02e1c-2e34-486e-b61c-618cd51c7d1c,2024-07-11 14:58:00
3138,262,purchase,search,88,978965c3-62a3-4368-acfe-daaeb477752e,2024-04-30 09:19:00
3139,195,add_to_cart,product,21,2575bba6-3162-409e-ae5a-dd9b48ef1415,2024-10-09 06:28:00
3140,853,add_to_cart,home,26,9474deae-1f05-4afc-bb57-ff0487b67c38,2024-01-05 05:43:00
3141,507,add_to_cart,product,17,5786bc66-0f53-4ca6-a3e4-5840df98602a,2024-01-16 09:19:00
3142,561,remove_from_cart,home,83,e34268c5-68fa-498d-9702-9498220c32cf,2024-01-13 00:17:00
3143,364,add_to_cart,cart,37,5cb7da53-a07a-49cf-a2de-a2864ff0685a,2024-05-20 12:52:00
3144,953,add_to_cart,product,64,6d1e4f72-f635-4642-a99f-cdc04949ee63,2024-11-05 04:32:00
3145,74,purchase,product,62,fa9a3718-ed65-4a8d-becc-8b784e1d1c5d,2024-03-31 08:49:00
3146,249,add_to_cart,cart,60,ecd74c67-f350-4ffe-b9fc-e371a21fda5b,2024-08-17 05:43:00
3147,22,remove_from_cart,search,91,9fd3332e-f153-47b8-a333-5dad09027e6a,2024-05-14 09:15:00
3148,977,purchase,checkout,19,2f666040-3aa7-404e-bf88-ae5586cfa380,2024-11-22 17:52:00
3149,155,remove_from_cart,profile,48,4087c920-cdca-455f-b4a2-931be637e340,2024-10-19 19:19:00
3150,817,search,cart,72,fc637185-7546-4d34-865b-8a1204324042,2024-03-24 23:50:00
3151,984,purchase,cart,74,4e84d8a5-ee34-47ae-8f86-ea6d7a5f994f,2024-07-17 11:23:00
3152,610,search,checkout,56,04b0b6d5-b7a7-49f0-bea1-732767db9d5f,2024-11-19 23:48:00
3153,695,search,cart,14,83734725-76cc-456c-8c89-7827b19b7750,2024-05-01 00:00:00
3154,519,purchase,home,7,e1b99a1a-83b2-4ab0-a1db-b7b504a0dfc0,2024-08-04 04:14:00
3155,344,search,profile,15,86c2f426-c4ab-4052-8776-ba0e2a799d34,2024-07-20 18:13:00
3156,784,page_view,search,24,42f3e340-0919-4249-b8d3-62bce62162b3,2024-12-09 08:47:00
3157,874,remove_from_cart,checkout,87,5ca93cde-4dce-41b3-ad0e-298a4b4a86c6,2024-05-27 18:20:00
3158,865,purchase,profile,50,ef4d28dd-1aac-4ddd-963a-e818c0875ce7,2024-12-09 21:21:00
3159,412,purchase,home,24,285017d2-db6f-40a6-a621-56890862e162,2024-12-06 00:31:00
3160,437,add_to_cart,cart,94,47c9d047-5491-440d-b78b-d098f7901f77,2024-06-09 02:57:00
3161,244,page_view,search,53,73eb891f-cd24-419d-8301-96fe647292d0,2024-02-27 04:29:00
3162,751,add_to_cart,cart,91,61b952dd-08f3-4bfe-86f3-effa2b603560,2024-09-24 10:52:00
3163,493,search,profile,40,b9b022fe-9fa8-425b-ae75-c8bd18efdb5b,2024-11-15 09:04:00
3164,787,search,cart,89,e31d8ac8-5c17-4706-a4ee-9bbd467bd36b,2024-06-01 05:27:00
3165,329,remove_from_cart,search,82,651dda87-c8eb-4d3d-9d09-a665768f3ff5,2024-06-12 07:28:00
3166,957,page_view,cart,61,ded0e33e-21ca-41e4-8025-84c0e709a4b6,2024-06-28 08:39:00
3167,303,page_view,cart,66,78bc28d8-e426-49a2-adc2-2d6b92f2ec3f,2024-08-24 09:17:00
3168,611,page_view,cart,86,08a34c65-4244-4a67-b1ed-0764f409fa04,2024-01-07 05:09:00
3169,161,search,cart,9,b2c73f17-92af-4b7b-a902-bed50006ebc3,2024-10-05 23:23:00
3170,679,search,search,57,cee5e462-ea96-4b99-82bf-0895c3e5c75e,2024-07-11 16:05:00
3171,77,purchase,profile,41,4ea2c223-f01e-4351-aa12-cb4b2bf4a645,2024-06-29 00:53:00
3172,921,search,search,15,a596182b-44b8-47b9-bb3a-9f20dad72d3a,2024-06-07 19:03:00
3173,867,search,checkout,55,914eb9a5-ca04-4278-bddc-15241ed7c836,2024-11-05 18:07:00
3174,831,remove_from_cart,checkout,36,9cc61f0d-7232-4a7c-bca1-6117c9616745,2024-10-10 00:03:00
3175,310,search,profile,55,c078ef89-3a66-4bc2-9e31-63364ad31c87,2024-10-22 01:33:00
3176,680,page_view,profile,20,7fbc2be1-db14-4ec5-a709-0df54dbad2f6,2024-07-11 15:46:00
3177,527,add_to_cart,product,33,a2db1822-8ee6-4b01-8c15-62f0aa64ec90,2024-10-20 00:46:00
3178,815,search,product,40,5515787a-ddce-48ca-9fb2-616286cf4e13,2024-03-08 15:17:00
3179,926,search,checkout,65,a2c74147-ea8a-4025-8749-8a24dbe3a58b,2024-05-31 14:20:00
3180,175,add_to_cart,search,9,9bec6041-5feb-4442-8778-6cb9835baa42,2024-07-08 10:04:00
3181,324,purchase,product,82,e8efbec1-edae-4318-aa15-57bfe340e53f,2024-06-01 19:39:00
3182,240,purchase,product,76,5a0b2397-0a16-4c28-9802-4080bb369c09,2024-11-03 10:51:00
3183,932,add_to_cart,home,35,8f574cc5-e7ce-4de4-9a91-fa231e39cfe6,2024-04-15 01:06:00
3184,415,page_view,cart,18,32ae2d3d-0fb1-4a5d-9305-3d6029618f6c,2024-07-31 07:47:00
3185,883,purchase,cart,80,633f1e3f-f03b-4da9-9538-f2132958f64c,2024-11-03 20:48:00
3186,755,purchase,profile,95,f58895d9-d9d0-4527-a727-ab0b16fcf286,2024-04-03 18:32:00
3187,314,purchase,profile,67,d8b3814e-faae-43c5-8b19-b9bb1bb31cab,2024-07-04 16:51:00
3188,971,remove_from_cart,checkout,53,7d5442ac-359d-4a56-b56c-778fc730f93d,2024-01-16 11:01:00
3189,675,remove_from_cart,checkout,47,1471c3ff-d2df-49b6-9103-d4f5bf0f44ad,2024-11-01 18:30:00
3190,370,add_to_cart,profile,80,ed289f6a-96ff-4da4-b1fb-fb14e8c16795,2024-03-24 18:43:00
3191,85,search,search,99,e98daa2b-a16c-4834-99c6-4e8cea1b40ae,2024-11-16 20:42:00
3192,110,search,cart,6,f11ac49a-e5b3-4f36-8df3-f239f1f62482,2024-06-25 08:32:00
3193,862,remove_from_cart,checkout,93,d91e55e0-1d08-44af-98fe-062b8a9060c3,2024-07-02 05:37:00
3194,949,page_view,profile,69,47d9c7f8-b6ab-42a3-9d2b-24d0b9f856cd,2024-10-26 06:23:00
3195,535,page_view,cart,70,6dac0a16-0ca3-40e8-b465-133f3a95d765,2024-04-11 01:28:00
3196,395,search,product,87,708eaf3a-9d8b-4816-afff-a0d9c06f9660,2024-01-01 10:16:00
3197,884,add_to_cart,checkout,4,da94fa89-05c1-40e9-9237-38804c3e8529,2024-03-13 08:17:00
3198,129,page_view,home,62,3ce3a4aa-b305-4ce0-aca4-e09e4f9e2a2a,2024-04-26 16:18:00
3199,630,purchase,product,94,6decb617-5e61-4faf-8b00-a9c69621a699,2024-08-18 08:15:00
3200,731,purchase,search,93,ec218dc5-7113-4e37-ba50-64221229bc33,2024-06-06 17:23:00
3201,35,purchase,home,9,cb372421-878f-4852-925d-7751db1adadb,2024-05-02 22:19:00
3202,143,add_to_cart,product,42,e31e9879-954e-4fa1-9743-2d1ac0c489e1,2024-06-11 23:01:00
3203,284,remove_from_cart,profile,95,77f96467-3d62-4cb7-99a3-f5608c5fe8f6,2024-01-13 11:31:00
3204,739,page_view,home,85,7daa9355-9c36-4c65-a318-5a743d98a705,2024-08-08 04:02:00
3205,522,page_view,product,1,232bc283-7632-493e-90e5-a47e58059b45,2024-02-28 20:06:00
3206,914,page_view,cart,12,8f2a819f-8454-4e02-9d49-a5c727298b8f,2024-03-14 11:32:00
3207,966,search,checkout,89,7dbd7dd8-d756-4ba8-b97b-68d005a80d9f,2024-01-23 09:38:00
3208,671,purchase,home,18,4a28f231-7957-4d34-9c34-8c1cd0fc1d8d,2024-11-25 05:20:00
3209,46,search,product,88,53685d12-eea8-4ecb-8e56-b8406b38e18c,2024-01-16 03:06:00
3210,631,search,search,42,31788fe7-0e0f-4b3c-aff4-438123ff36a3,2024-06-21 05:25:00
3211,88,purchase,product,67,4a6c6264-cc72-440c-bf52-cde91dff7e68,2024-12-21 04:31:00
3212,42,add_to_cart,profile,49,35fef007-0805-4f3c-b3e7-27d70e2347c7,2024-03-02 04:23:00
3213,578,add_to_cart,checkout,75,50043beb-6a15-4bd2-8df4-898e0ce65084,2024-09-08 12:59:00
3214,5,remove_from_cart,home,24,23f70271-ba2c-47b7-a7ed-c24b9529bc81,2024-08-18 03:34:00
3215,887,add_to_cart,home,15,35c4392e-c751-4433-aa7d-56279a82496a,2024-01-06 01:32:00
3216,686,remove_from_cart,search,45,10f07ec3-d878-461a-bc75-9085634cf58f,2024-03-16 10:58:00
3217,268,page_view,home,96,95975187-aea6-4a36-a6b3-2a66442012d4,2024-04-18 11:42:00
3218,914,page_view,profile,94,8a130206-1b13-47ba-ab9d-9151163d7d5d,2024-10-10 16:41:00
3219,799,search,product,36,5e5b2c51-b28b-49de-ba89-355521ca7ff7,2024-06-10 15:24:00
3220,974,remove_from_cart,search,39,9917aa2f-6db4-411a-97f2-733abfd65540,2024-08-14 16:42:00
3221,606,purchase,search,20,58de3fae-c0a2-4878-8ec7-582437551bb0,2024-07-16 22:48:00
3222,684,search,profile,10,3924cc06-721b-4305-8053-b1389b39b799,2024-02-12 12:41:00
3223,796,page_view,checkout,89,5f82d1b7-a0f2-4035-afb5-71b71e56a22c,2024-12-07 08:24:00
3224,392,purchase,profile,81,441932b9-4ba0-4592-883c-555a596542d8,2024-04-20 05:27:00
3225,441,add_to_cart,profile,91,e6216c4f-8e8f-4403-81f3-f0976912a2e4,2024-02-11 16:34:00
3226,139,search,checkout,65,7cbd058a-2c69-48e2-bfb1-29bdc3bfc81c,2024-11-24 14:24:00
3227,557,add_to_cart,cart,48,79ca947b-77fb-4557-bd41-43c947b457b5,2024-09-23 20:19:00
3228,519,remove_from_cart,home,51,4a23319d-690f-4b35-b21f-becaef1fa630,2024-08-08 05:59:00
3229,437,add_to_cart,cart,57,31128b56-4da7-40d0-9832-704a95f16b49,2024-06-14 09:44:00
3230,523,remove_from_cart,cart,23,f9c30ee2-31b9-4198-9327-d33aa2dfec33,2024-06-02 00:52:00
3231,355,remove_from_cart,home,53,5f6814f2-0942-4bef-b6b3-507e1d398634,2024-10-01 06:49:00
3232,205,page_view,cart,23,8360d33e-2ea5-4345-aa72-2f657794e188,2024-02-28 21:45:00
3233,788,remove_from_cart,checkout,23,05d39ada-d756-47c4-a008-0ab71e794672,2024-12-01 07:51:00
3234,531,page_view,product,21,f3f813f3-4d27-48bb-a3e1-81e26d3e00ee,2024-08-18 01:59:00
3235,334,remove_from_cart,cart,36,3851424f-8bc9-49f0-a5cf-0691c2ee4512,2024-01-05 05:31:00
3236,969,remove_from_cart,home,98,b58ba3d4-f114-4e9f-89b6-9ceb86e992be,2024-03-29 08:14:00
3237,160,page_view,profile,43,a13c8775-b643-4a43-ac9f-f436a82a9db1,2024-09-27 18:40:00
3238,164,page_view,profile,96,84ae2be5-1f05-45c9-ada9-bd91a0fac772,2024-08-31 19:53:00
3239,16,remove_from_cart,profile,20,79994074-e04f-4493-abfe-23539a4936bf,2024-07-16 21:27:00
3240,99,add_to_cart,checkout,84,e9c76ca5-2ff6-4c20-a0e0-2de83da52833,2024-08-27 13:12:00
3241,315,search,cart,17,35ae91ec-cb54-456e-a238-b68f967f08f0,2024-10-02 10:43:00
3242,979,add_to_cart,search,41,39a8704f-4308-409e-b6ca-4d42783807a3,2024-09-19 00:13:00
3243,714,page_view,product,4,74f58d7f-e6b3-43e4-a53f-f53603772748,2024-02-26 07:47:00
3244,934,add_to_cart,profile,62,8508fcc6-6b34-4e6f-b355-a9400549831c,2024-11-05 12:32:00
3245,347,remove_from_cart,search,52,edc3615c-fb03-4943-8efe-2e8747672b3a,2024-06-13 20:10:00
3246,80,page_view,checkout,63,a55667d6-38f6-4a14-9115-3e79a6a7cf66,2024-10-09 00:00:00
3247,172,search,home,8,721f52f8-b18d-4801-9a38-efddbe32465e,2024-06-12 18:13:00
3248,620,page_view,product,7,41bc651c-e0d7-4d09-8685-28bfcda5ff48,2024-07-12 09:51:00
3249,734,page_view,checkout,64,d2bb482f-2d8f-463f-9721-aa67234a3e36,2024-12-07 00:10:00
3250,766,page_view,cart,73,e08a784c-cf78-4b49-9e17-5706b9221ed0,2024-04-05 20:48:00
3251,636,page_view,checkout,66,ed8e5b83-cb14-4866-b9bb-099e0bc239ca,2024-04-06 08:00:00
3252,103,page_view,checkout,59,5d9457bc-7d3c-4d15-82a8-e20335f73f21,2024-12-08 04:22:00
3253,693,page_view,product,16,36f74bb8-e74d-4864-a5ee-40b1ecab3f37,2024-01-24 18:34:00
3254,955,remove_from_cart,search,28,2ba1fbdb-209c-4f84-a9b2-d265639a3ca7,2024-01-29 20:27:00
3255,705,page_view,search,35,68128d5c-dc29-4fb2-b374-7609e6144ce6,2024-04-10 16:40:00
3256,152,search,home,32,835df02c-2a09-48eb-9149-f785be16bdeb,2024-07-10 06:50:00
3257,606,remove_from_cart,home,88,3f86eb83-9b0d-4122-964e-35144c305ea2,2024-11-28 03:32:00
3258,857,purchase,product,60,a2a4fc5e-12d9-4e4c-9c85-bbe9bf813ea8,2024-05-19 05:38:00
3259,199,add_to_cart,home,60,535cae78-0996-4466-8dca-81769e5d7399,2024-06-25 13:52:00
3260,72,add_to_cart,checkout,26,35842902-0c16-4525-9ea9-bf016a5df5b6,2024-02-29 03:23:00
3261,607,purchase,profile,78,ba96c757-cc57-49e3-acc5-d23324f44501,2024-06-27 20:23:00
3262,922,remove_from_cart,search,88,21379752-f6c2-4e85-b4b8-c8adbee08277,2024-02-08 23:59:00
3263,470,search,home,70,a0728875-ef99-4d6a-b9bd-f5456867613d,2024-10-10 10:58:00
3264,351,purchase,checkout,31,3daa7d42-57ab-4565-96cb-ae7f60c68b05,2024-05-14 03:47:00
3265,724,purchase,product,48,3961921e-dff0-45d3-bc33-3ed854fea121,2024-04-24 03:57:00
3266,438,remove_from_cart,home,83,c58e1fa7-51a1-4464-9384-a63e7ee2e13f,2024-03-29 22:13:00
3267,462,add_to_cart,search,28,8ebafc73-f952-476f-959a-da4e4836e53b,2024-01-28 23:17:00
3268,377,purchase,cart,13,242187c0-ab66-4eef-b8ad-fc27aaea0600,2024-12-10 04:39:00
3269,962,search,checkout,3,bd0afabc-3330-4f70-aff6-617845a5fd39,2024-12-04 22:15:00
3270,487,purchase,search,97,5e6c11aa-3ec5-41fd-8e87-c7d6d0466ccb,2024-01-15 10:16:00
3271,160,remove_from_cart,product,11,e577d22e-628a-4086-90ae-58c9fa730585,2024-08-31 20:01:00
3272,977,add_to_cart,checkout,60,ce2f221e-6f02-4a0b-b8db-9fb0bcb9310a,2024-09-05 05:06:00
3273,961,purchase,profile,66,045fdeb3-01aa-4263-851f-d7b0eba8460a,2024-10-14 20:57:00
3274,840,purchase,profile,20,4bd4422e-d07b-437a-b6f1-a5deabd79b97,2024-10-03 14:32:00
3275,975,add_to_cart,checkout,44,ca64ef01-df33-4855-a027-ad2d3c884a7b,2024-01-05 01:54:00
3276,642,add_to_cart,home,96,5d20399d-7b3e-4582-9f8e-c31eb79834dc,2024-03-28 06:23:00
3277,892,remove_from_cart,search,96,e9514202-a76e-4739-a199-10312668a637,2024-04-28 13:26:00
3278,161,remove_from_cart,product,80,e91a4bd6-b9b8-4dd4-a849-ef1c127c191d,2024-07-11 15:07:00
3279,564,add_to_cart,product,100,02f6bb02-c5da-4ad0-8424-e93298dc3953,2024-04-20 18:21:00
3280,203,page_view,product,10,264469bf-2e26-4cf8-ab52-0a1d870adbc2,2024-06-23 10:36:00
3281,357,add_to_cart,product,28,04c34c49-7424-43a9-95f4-1d21859b91c1,2024-10-30 20:53:00
3282,240,page_view,cart,77,99eba2cc-4aa7-432d-92c6-f0ffb5e05a7e,2024-12-28 21:43:00
3283,82,page_view,cart,90,20593bba-5c18-4fa0-85f9-5cbb78b25c56,2024-02-17 17:46:00
3284,344,page_view,profile,62,a5f1274e-2298-4bf7-9a4b-8fe7db31db88,2024-10-17 15:50:00
3285,129,add_to_cart,search,13,bf6c7034-f659-4e64-85d5-3826a9cad69e,2024-01-26 23:35:00
3286,593,page_view,search,89,c170aa02-0780-4746-b1e8-620f43bb332d,2024-09-15 14:00:00
3287,910,search,search,72,512a10cf-58b0-4566-8d30-80081ad2e0de,2024-06-19 01:02:00
3288,939,page_view,product,68,0a407899-4cb9-4b6a-a4a8-3a8409e22c47,2024-10-07 20:39:00
3289,103,page_view,profile,29,cfc10f64-b0c1-4048-8c25-2f2c11b52248,2024-03-06 01:14:00
3290,409,page_view,search,51,16b1bf0b-1247-4a1b-b200-c0d0cf5e2db5,2024-01-15 06:14:00
3291,506,remove_from_cart,search,52,0d5fb5f1-e9c3-44dd-b980-c4e1cd5d3aca,2024-02-06 05:25:00
3292,596,page_view,checkout,17,b5218ea1-0eb6-44e1-be66-8ac39a60711d,2024-09-14 01:59:00
3293,482,search,product,89,ca40d0bb-4cc3-4556-9f66-b43209f28a3f,2024-05-26 09:50:00
3294,835,purchase,search,49,ead38a26-c06f-4238-bc80-6513d5e30ba8,2024-11-06 00:40:00
3295,593,page_view,home,21,0bbabc20-6ecf-4189-a6e8-a118512de0f6,2024-04-20 02:36:00
3296,782,add_to_cart,checkout,75,45dfb982-09f5-4d76-92c2-33eebd567f18,2024-11-22 23:46:00
3297,691,search,home,35,3cedfb3b-8050-468a-9191-7880ddb9c3eb,2024-05-17 12:00:00
3298,6,purchase,search,11,9834beba-848a-40ef-bf62-3033a21da22a,2024-11-05 08:37:00
3299,175,add_to_cart,cart,80,5062349c-109b-4475-8906-83fc8f84df00,2024-12-20 22:42:00
3300,164,page_view,product,63,1f3976ed-2d60-4909-8065-b33f3e2971e0,2024-04-17 21:50:00
3301,56,remove_from_cart,search,97,2a722958-0aba-4675-b493-646c58e41440,2024-10-17 15:33:00
3302,877,page_view,cart,42,406b1509-00eb-4076-976c-1e047d730563,2024-01-24 03:19:00
3303,946,remove_from_cart,product,1,eaa1bea3-634b-48bc-8863-1f8ee8932fa1,2024-02-20 03:57:00
3304,69,purchase,checkout,4,8bbac7a0-5a1a-4975-8caa-0cb299b1fa24,2024-06-25 03:08:00
3305,703,page_view,home,61,188241e3-d755-4c66-859b-b60c9f2a5d0d,2024-06-09 07:20:00
3306,203,remove_from_cart,profile,38,2c998c52-7e3d-4100-96ad-29856b08dce6,2024-12-15 05:47:00
3307,253,purchase,cart,86,073025ab-4d64-42fc-bc10-0142305f7952,2024-04-17 15:22:00
3308,382,search,cart,78,e2723f92-5cd2-4068-a0e4-119f780f6b3d,2024-02-19 04:40:00
3309,563,add_to_cart,checkout,40,22f95bd7-1706-4fed-9505-aeb479ef0010,2024-04-03 09:36:00
3310,84,remove_from_cart,search,43,55fe926b-8006-4a3e-869c-557750c1c2db,2024-11-13 12:07:00
3311,520,search,cart,52,6342acee-5805-4879-ad6d-70440ecfd293,2024-06-14 20:50:00
3312,546,remove_from_cart,cart,94,738914cf-faee-4d1d-ad4b-576423281913,2024-08-13 07:52:00
3313,634,search,search,31,e890f069-1a36-4e8c-994e-8d5abb66d42a,2024-11-28 00:05:00
3314,989,purchase,home,23,a4d3c008-82fe-4993-92b3-2e3fda9c3d6b,2024-08-28 19:09:00
3315,306,add_to_cart,checkout,17,7ff95e79-6760-4705-a1fb-8cfa9e976cad,2024-09-20 02:04:00
3316,846,remove_from_cart,home,58,ce603d16-b83a-4c72-a669-0204ba6ee3eb,2024-03-02 13:34:00
3317,581,add_to_cart,product,19,e1edd2d2-9c67-4581-8d06-9c425c445925,2024-03-01 15:07:00
3318,87,remove_from_cart,checkout,60,982d3d74-37a3-48ca-9743-9e0e0c4724b0,2024-06-11 06:02:00
3319,94,remove_from_cart,checkout,8,6b584881-ae99-4670-9302-e96d3625a4d3,2024-06-18 11:28:00
3320,755,page_view,home,36,de44200e-231a-4521-b6dd-3eb380138bed,2024-05-05 21:55:00
3321,23,add_to_cart,checkout,92,30c2fedd-dab3-402d-bcba-04abaca9c4fd,2024-07-19 14:41:00
3322,636,search,home,86,22419296-4549-47d1-886d-1436a029dbfa,2024-09-18 04:17:00
3323,787,remove_from_cart,home,36,00435525-ecbd-4350-bb72-ee45f8b1933e,2024-03-13 23:34:00
3324,231,add_to_cart,cart,22,0a232b53-5268-4d21-b8a0-f2a160acea05,2024-01-14 01:38:00
3325,339,remove_from_cart,home,5,279982ec-dcbb-49b5-8c9f-0cf992a981ac,2024-09-17 09:08:00
3326,804,search,checkout,78,7635ea42-5cbb-48b4-b6c6-139393f003ad,2024-12-19 13:30:00
3327,402,remove_from_cart,product,53,74fbea20-5ee5-498d-84a2-48069857db45,2024-05-07 23:14:00
3328,729,add_to_cart,home,26,4708a8e7-d575-4709-82a3-86070075a8c1,2024-03-21 11:26:00
3329,845,add_to_cart,home,23,ae1d98a9-d0c0-4397-801c-65f0a4fc5c19,2024-11-19 14:17:00
3330,85,remove_from_cart,home,91,e5fff68d-11bb-4ad4-9890-f61c8f084fea,2024-06-19 11:06:00
3331,445,add_to_cart,profile,78,014e948f-18bf-4cff-b79c-0cee8a12d172,2024-08-27 14:58:00
3332,810,add_to_cart,search,9,a28a72dc-7df3-4963-921c-92570f69dc6c,2024-07-26 03:43:00
3333,781,purchase,search,29,2732acf8-86f0-4223-9174-0a0552b905e9,2024-05-22 18:53:00
3334,428,page_view,checkout,40,0179a8a5-ba9c-4dae-b817-837b153efa96,2024-07-21 08:35:00
3335,463,search,product,8,a67103fb-f201-4122-b1b9-0e1e9c25b735,2024-08-29 21:37:00
3336,877,remove_from_cart,profile,91,4af9df89-1d6c-4339-9583-831a5c446510,2024-03-17 01:31:00
3337,347,purchase,home,35,b50e20cf-1ce7-49ea-9827-51817b99197b,2024-11-17 12:17:00
3338,546,add_to_cart,profile,60,d859686d-fdcc-4889-961b-b879c1cae627,2024-02-11 10:13:00
3339,777,page_view,product,63,a6b03105-70d6-4b0b-be8d-d1ec624ad616,2024-08-01 06:43:00
3340,115,purchase,cart,65,41eb87b3-7e64-4c37-9879-c369a8ce4e2f,2024-02-23 22:26:00
3341,470,remove_from_cart,product,14,8a90c994-b54d-4950-a244-b2d39d6d7589,2024-03-15 03:47:00
3342,555,add_to_cart,checkout,20,81b9bf4e-2179-4a65-a0c5-aeaad301213b,2024-06-27 18:54:00
3343,429,purchase,product,38,4acb59a9-cdc9-4a1d-ad8b-d7ba9453cb9f,2024-12-06 15:20:00
3344,889,add_to_cart,profile,14,59210109-90b6-4214-95fd-74a4333652aa,2024-09-02 17:18:00
3345,714,page_view,checkout,84,54eed48c-64b7-4ddc-a5d3-02b9eabccc1b,2024-05-08 14:56:00
3346,749,remove_from_cart,profile,49,5a5e68a8-3175-4ad9-9aff-3743c9bf6836,2024-01-12 19:59:00
3347,111,remove_from_cart,checkout,94,be4937b0-2a57-4816-9e80-f0dd855cfc39,2024-12-18 11:17:00
3348,108,remove_from_cart,checkout,79,7bf684c2-7355-431d-84e6-68399dd05417,2024-08-07 03:42:00
3349,268,add_to_cart,search,24,4c78abc4-f457-46ef-af23-9c3255036059,2024-04-28 08:08:00
3350,717,search,product,8,26a3ab98-d64a-4877-a914-0be75a988549,2024-11-13 14:33:00
3351,515,purchase,product,20,27e612b9-ca8f-4286-9e29-99009cf1f39c,2024-05-07 21:20:00
3352,872,add_to_cart,cart,93,18a014f6-67d6-4fbe-bb12-130d85f415cc,2024-04-01 04:07:00
3353,229,add_to_cart,profile,72,b142403a-0131-42e6-96a6-5b677e429f88,2024-08-02 17:31:00
3354,711,search,profile,64,f5aec747-77d5-4df5-bc65-b49e910395f6,2024-04-21 05:20:00
3355,582,search,profile,76,a001d1b4-9be9-41fb-9842-9b4f211ec6e6,2024-07-17 01:39:00
3356,591,add_to_cart,search,37,0b0b2fe6-357b-47fc-9a71-3e7fd1de6058,2024-09-10 11:34:00
3357,383,search,search,78,a207d759-9884-403d-acbe-2caf302a774f,2024-05-05 09:16:00
3358,245,add_to_cart,profile,66,87ce867c-7bb7-45bf-ae4c-2bf8415f28b3,2024-01-23 03:38:00
3359,263,page_view,search,37,f72d44bf-81a9-4df5-8704-8cf360059a5a,2024-07-06 02:28:00
3360,465,search,home,90,670f8760-1283-4b74-ae55-4b06ab14d7c3,2024-02-25 15:04:00
3361,356,remove_from_cart,search,75,381851ea-8485-410b-9d58-ab35d5a1db13,2024-05-14 18:54:00
3362,750,remove_from_cart,home,48,cc643b4e-213d-4eaf-8187-2ed053a5aac0,2024-05-07 21:59:00
3363,860,purchase,product,31,ccc0eb65-9932-4da3-aaa6-6b11d9f19895,2024-08-08 21:00:00
3364,453,purchase,search,21,027e8dc9-ad78-43a4-805f-6042f23c3b01,2024-08-09 07:28:00
3365,291,page_view,checkout,65,7b9f8aa2-cf73-457f-a139-80ab2148315e,2024-06-15 18:27:00
3366,257,purchase,cart,18,ca66e870-a7de-424b-a941-5caa65e093b3,2024-02-04 10:55:00
3367,496,add_to_cart,cart,69,ee88ac2c-da22-416a-b61c-75793e903f2a,2024-11-09 10:24:00
3368,735,purchase,cart,36,e9719a52-5c03-4182-ad28-6eec2955855d,2024-08-04 09:13:00
3369,612,search,search,75,7727ae56-e8f9-4d66-821e-5303e3ff1d70,2024-08-28 21:38:00
3370,223,page_view,profile,57,37374164-c247-4bd3-84a8-adfcce29d412,2024-01-03 00:17:00
3371,407,purchase,checkout,8,0e0e6b25-ae6c-4d48-b3a0-d3bee03c5589,2024-12-21 11:43:00
3372,168,add_to_cart,profile,53,dddc5ba0-e1fe-4947-a9ea-e8ec4e40e191,2024-02-22 04:51:00
3373,308,purchase,home,26,913ce292-3bdc-47c1-85b4-e61e1c5710a7,2024-01-12 10:10:00
3374,4,purchase,cart,91,1e848fcb-4683-4e81-ac3b-84a94a9735fd,2024-01-14 23:36:00
3375,66,search,profile,11,b379b59e-56eb-42e6-8f63-514445f7afd1,2024-08-18 23:56:00
3376,15,purchase,checkout,73,46a80831-92ae-4d00-9a34-dba0ec1af448,2024-04-27 10:18:00
3377,523,search,home,91,71df9b82-5f8d-40f0-ba5a-56100d09f8cc,2024-12-01 00:55:00
3378,166,page_view,home,34,bd191763-0aa6-45ea-a4e3-55f1bba561b3,2024-01-15 18:05:00
3379,322,remove_from_cart,search,14,f9a4ec32-e9f2-43d8-b31d-7b493c7e65d6,2024-07-24 15:57:00
3380,199,search,product,30,8db7a513-d92a-4f60-b839-694c76fe4685,2024-11-03 22:37:00
3381,924,purchase,home,38,4d3783bb-d74a-472a-9e28-20a8391edf32,2024-11-10 16:12:00
3382,328,purchase,product,24,ee362bf0-357b-470f-a193-eb0389c4578e,2024-08-31 15:03:00
3383,220,purchase,home,75,6d88a040-66f5-4e7f-a3c4-6b7f5450913a,2024-04-22 04:32:00
3384,518,purchase,cart,18,b515da8a-45e0-47e5-919f-87686b8b7ee3,2024-06-11 14:27:00
3385,889,search,checkout,45,a21a9ee2-796d-4077-9712-4a0cb2638894,2024-12-03 05:25:00
3386,273,add_to_cart,checkout,77,eef0cba9-1e08-4865-bf43-630c085bf8d8,2024-12-13 15:58:00
3387,727,search,checkout,94,24f3bdbc-c5d4-425a-bfdd-d052882f105a,2024-06-21 04:21:00
3388,312,add_to_cart,home,59,7d74191d-34b7-4982-80ce-f79571969699,2024-02-16 19:53:00
3389,977,page_view,checkout,68,6c139a9a-3e2f-44eb-9bdc-dda07a3dac45,2024-05-16 22:38:00
3390,887,remove_from_cart,search,72,7466451d-5a42-402b-8e85-514776eaa3ef,2024-03-28 23:24:00
3391,224,remove_from_cart,profile,75,5de7ca8e-2d88-443d-9c0a-110a78958963,2024-05-30 20:20:00
3392,836,search,home,42,71957979-2f6b-4b66-b058-f91067b1455f,2024-12-22 06:55:00
3393,476,remove_from_cart,profile,87,8d57026e-0f96-4086-8806-cc039762006a,2024-11-27 08:36:00
3394,623,page_view,cart,78,9ff750fe-e8a2-4343-996d-218c7db7a758,2024-11-19 10:45:00
3395,123,page_view,profile,33,ded43e1c-8954-42ee-abf6-660e90c81152,2024-02-27 00:05:00
3396,7,search,search,94,28bd540d-4bf6-443e-b737-8914c4c99995,2024-09-30 14:52:00
3397,660,add_to_cart,checkout,74,a9c5e87c-7568-4059-9f0d-56394857a822,2024-12-15 00:22:00
3398,913,search,cart,58,078017d8-8d47-4e33-99c4-475c6785bfdb,2024-02-19 06:31:00
3399,198,search,product,49,f709d6a7-1a3c-4447-b605-d7d789f47e9a,2024-12-20 12:27:00
3400,992,search,cart,99,1067dfcf-294c-4e8a-8f84-9d16e9b38477,2024-12-17 23:39:00
3401,522,page_view,profile,68,bd3e3b5c-6f5b-4881-9ff7-fac5e9040106,2024-04-12 15:45:00
3402,5,add_to_cart,search,35,f5482762-12bf-4299-a654-673036c94b28,2024-09-10 23:14:00
3403,723,page_view,product,97,71a40f57-789e-4ae7-b4e3-f10daa8d0b36,2024-11-16 10:52:00
3404,287,search,checkout,6,cec462a0-d144-4f43-8c1e-1b532212d3bf,2024-09-10 11:06:00
3405,302,search,profile,64,6eb987b2-618e-4915-ba8a-f78dadaa2134,2024-08-02 15:19:00
3406,62,page_view,product,69,21b7ca9f-21ec-4916-829c-dad6c9d0250f,2024-07-26 15:16:00
3407,749,page_view,checkout,4,681097c3-2b5b-45df-9d3d-2a7231e2176b,2024-08-20 07:48:00
3408,93,search,search,47,c8ab749c-0710-4ea8-ac65-5e911e65c007,2024-01-24 08:57:00
3409,951,purchase,search,72,33807bd1-425a-400a-8fa2-35f10e908741,2024-03-12 10:23:00
3410,395,purchase,home,24,6dde3df9-e061-4562-b027-15b210dd36bd,2024-10-03 20:59:00
3411,171,remove_from_cart,home,67,b2f4b2ab-e803-4f80-9de7-1725256757fd,2024-03-17 17:50:00
3412,686,purchase,profile,97,91a53f11-8764-4999-b542-866c3e2ce3b6,2024-03-08 14:40:00
3413,780,remove_from_cart,home,49,c0e293d9-8330-4759-91e5-556b0c20ef21,2024-06-08 15:51:00
3414,835,page_view,search,68,74bf5b05-3c00-4763-a901-40e81fe6f61d,2024-08-16 01:16:00
3415,298,search,home,83,839ee825-e12b-4b52-9823-7bd2ae978685,2024-07-27 21:01:00
3416,494,add_to_cart,home,20,fc79e906-9028-42c6-882a-c485c285944f,2024-09-02 22:58:00
3417,372,search,checkout,76,6a9af3fa-1a82-407a-84e8-fb5c7845ea83,2024-05-11 06:56:00
3418,147,page_view,cart,6,4f05597a-cd7c-46fc-9149-20a2a554a737,2024-01-16 01:49:00
3419,789,search,profile,35,24a87610-0fed-43d8-a747-b83ed4bc7bc2,2024-12-09 06:24:00
3420,345,search,checkout,96,f831b344-4985-4b20-bf16-8dad0b40d7ce,2024-01-01 15:21:00
3421,286,remove_from_cart,cart,92,45e256f7-41a5-429c-91f9-045376647d6f,2024-12-15 05:11:00
3422,217,add_to_cart,checkout,2,be069351-8be3-40df-a08a-478794b6c167,2024-08-01 22:37:00
3423,257,add_to_cart,cart,57,5b8cc9f9-5d33-4242-8b2e-2c63c9a98e4d,2024-03-09 18:43:00
3424,438,search,profile,85,272eb1a2-248a-49c8-b2fb-d98eb67bbd66,2024-04-22 05:59:00
3425,107,remove_from_cart,product,74,acadc300-e0ae-4a13-8831-0519c06879be,2024-12-25 18:23:00
3426,588,purchase,home,96,3111c759-0f05-4f06-a6b0-b8d2c027713f,2024-08-19 20:02:00
3427,965,search,search,46,03fc3e22-1bfd-4666-8636-0a94c615bba2,2024-05-17 17:47:00
3428,729,page_view,search,66,7cbeeb5e-dabc-4383-ac0d-bdf5cb1464d0,2024-03-11 13:17:00
3429,619,page_view,profile,76,82c3627a-93ef-4bb7-9824-b33c8cb83f03,2024-05-08 02:44:00
3430,188,remove_from_cart,cart,62,5748b12f-9235-4bb4-8bef-7c36afae1829,2024-03-12 09:27:00
3431,209,add_to_cart,home,98,40e23bc0-b427-4ae6-a52b-90ae978921d7,2024-04-10 09:21:00
3432,552,remove_from_cart,home,76,172dd413-7459-4335-98df-e58d06393c2c,2024-12-02 23:59:00
3433,282,add_to_cart,home,65,dad27632-b35f-4ce7-b15c-c744eba7462f,2024-10-19 09:15:00
3434,656,purchase,checkout,54,c9c82b9a-5169-4a2e-8e9a-9ca1999010ac,2024-12-29 09:31:00
3435,882,page_view,cart,40,9cdee5b7-53ad-4cd1-ad3f-cd16ff971bf1,2024-12-17 15:06:00
3436,813,search,search,52,6afa9017-1e40-4915-bbfa-a5ebdd839583,2024-03-01 07:48:00
3437,708,page_view,checkout,77,f72043f7-59cf-4fb8-a312-96be4dcc451f,2024-07-03 15:44:00
3438,53,purchase,home,29,6c415352-c717-4ee8-ab07-b4b2ab25a305,2024-01-10 23:32:00
3439,30,add_to_cart,profile,84,326cfa5e-5123-44e3-983c-b98db05418d0,2024-09-17 15:33:00
3440,328,add_to_cart,checkout,89,1772f3e2-ee3e-4b34-a932-ed2f6bc905cf,2024-03-09 23:17:00
3441,319,page_view,checkout,73,e1565d78-51d8-458e-9e98-5442ddbc9940,2024-06-21 06:56:00
3442,380,page_view,checkout,11,7c5d5b25-5ecd-4978-8e5b-7220fe76bf66,2024-08-26 03:55:00
3443,124,search,search,17,aa9ef760-14c4-4626-8b00-6c0277f25982,2024-03-14 02:59:00
3444,254,page_view,checkout,19,8ccac6d5-5146-48dc-981c-2d43606772a2,2024-04-28 12:46:00
3445,72,add_to_cart,product,83,c35095af-6d3c-430c-a2c1-1e2308c75ac5,2024-10-05 01:01:00
3446,47,page_view,search,43,f56b4281-8497-4161-8241-117ceb7d56e9,2024-11-07 09:59:00
3447,5,search,profile,89,790336cd-b918-4491-a620-e92583c0ca5f,2024-08-30 08:39:00
3448,364,page_view,product,27,042dfc10-7477-495e-847a-f4e7694ac73e,2024-05-10 13:28:00
3449,30,remove_from_cart,checkout,58,06b25a3f-dbdd-4a3e-b56c-e21dc3bc1995,2024-04-13 12:42:00
3450,274,page_view,cart,8,593c5964-f4ea-40c8-a049-eaa04708d619,2024-03-30 05:24:00
3451,619,remove_from_cart,checkout,23,84e20d3e-cef9-4a5a-8e0b-9b749fdc81b8,2024-01-03 19:17:00
3452,522,remove_from_cart,profile,83,a20c7b26-febc-4f3c-9a73-142bcbc5cd64,2024-07-19 02:49:00
3453,747,search,home,20,b6c58ed9-4164-4132-8e83-fbacb2dc0f1c,2024-09-26 16:09:00
3454,819,add_to_cart,search,65,9aca33f1-8907-449e-8aa4-060c2c5e2dd8,2024-10-03 09:12:00
3455,487,purchase,product,14,3e2d2190-2708-4eb8-b541-a992cfca4741,2024-02-07 16:13:00
3456,648,page_view,search,89,ddddb410-f84a-406f-8280-970093c193fc,2024-06-24 02:44:00
3457,494,remove_from_cart,profile,31,3ffd412e-e5e7-424d-bfdd-358353c8abe8,2024-01-18 19:41:00
3458,491,add_to_cart,profile,3,f021b110-a9d7-482f-9628-f2b27326a9de,2024-05-12 16:45:00
3459,846,purchase,search,13,86f82b46-7fff-4243-9a74-d455350d4de4,2024-10-07 04:03:00
3460,786,remove_from_cart,home,17,56e33769-4780-41f9-9eea-750ac6088e7b,2024-11-01 23:52:00
3461,143,remove_from_cart,home,54,08176249-ae7d-49af-80b8-3b254f3390ad,2024-10-27 17:41:00
3462,871,add_to_cart,product,9,7076c084-56d0-4712-a55c-d3ef0608a273,2024-05-10 22:41:00
3463,713,remove_from_cart,cart,85,f530d140-5ae1-4af0-90c8-418423482149,2024-11-17 13:54:00
3464,857,search,profile,98,83d785d7-d277-4e14-9c30-dbe29bab8bcd,2024-08-04 06:05:00
3465,317,purchase,search,63,0537a354-36d7-4af7-af9f-d5d4ec7f0364,2024-01-04 08:47:00
3466,894,page_view,home,47,8e9d64f4-564d-4161-83a6-f8aa355fd06f,2024-03-02 13:45:00
3467,429,search,cart,41,cfd731fd-b90d-4a1b-a1c2-337fbf490b6f,2024-04-11 19:08:00
3468,788,page_view,search,13,714991d6-cb2b-418a-b68d-8870869d8260,2024-12-19 03:43:00
3469,139,remove_from_cart,checkout,33,5a5d8e58-7dce-406d-84ed-c53bfcc87483,2024-12-02 16:42:00
3470,570,page_view,checkout,69,9fa8e6c3-fa3c-44f0-adf4-697efdc52aa3,2024-10-02 19:39:00
3471,52,purchase,home,60,591e81df-87a5-4389-9b87-84ac596d97b1,2024-09-09 07:01:00
3472,592,search,product,80,acb8a5da-de42-4cdc-a283-b7865dff7fa3,2024-03-26 05:11:00
3473,540,add_to_cart,home,82,eb51c09f-9195-4f69-80bf-13af8a53e35a,2024-01-04 04:07:00
3474,883,remove_from_cart,product,26,a7b7f2eb-cfd3-4ad7-a1bb-2ca5b7099282,2024-05-17 21:52:00
3475,539,remove_from_cart,home,59,98a03038-30ec-4a6b-ad67-559184c4ff1e,2024-12-29 22:06:00
3476,580,add_to_cart,product,21,c6d493c9-1578-4122-993c-9c1691bf804b,2024-06-18 14:05:00
3477,450,purchase,search,12,bceb1f7d-0f56-4be2-ba7c-4cdee87729be,2024-09-20 11:02:00
3478,410,remove_from_cart,home,77,f91f9d4d-47a1-4ae4-8dc6-6f4ce1dea20c,2024-08-20 22:31:00
3479,231,add_to_cart,home,28,238ec453-18a2-4d22-bae2-1560d438cbee,2024-07-21 00:56:00
3480,492,page_view,cart,75,514e17a8-d2e4-4ec7-8271-6d8fe3f39d19,2024-12-28 16:29:00
3481,39,add_to_cart,checkout,68,bb8c00af-2c1f-4322-bcbe-2901c94b050d,2024-05-15 08:23:00
3482,486,purchase,profile,60,ecb2d0b2-35ee-4f77-b42d-e47e4f982362,2024-08-10 21:13:00
3483,122,remove_from_cart,home,90,fba780e9-5a0e-46d8-b870-38c1e8ad230b,2024-04-16 21:06:00
3484,730,search,product,80,08a4f266-4b4b-49dd-98f5-07c7b2a6d527,2024-11-05 06:11:00
3485,182,add_to_cart,search,39,69b1ed1c-41d1-4412-b41a-4f70e176c990,2024-09-09 21:34:00
3486,37,page_view,home,46,b6f5cf4d-3465-41e3-9df4-c3eca950c37d,2024-01-16 13:28:00
3487,118,remove_from_cart,checkout,85,dfe564de-9d7a-4ccd-9cc4-a16008aed96b,2024-07-26 06:24:00
3488,546,remove_from_cart,checkout,67,b9a33fe0-77ef-43f5-8d33-826ce3ae132e,2024-09-26 21:03:00
3489,813,page_view,home,75,7c319d2f-6819-4444-a8f3-ad596563c1ce,2024-11-19 19:54:00
3490,948,search,checkout,100,55afe6bd-9c20-4f33-babe-6a129027896c,2024-04-15 08:34:00
3491,692,add_to_cart,search,7,deb50af9-733c-4c9d-8703-d1e5b64217af,2024-05-21 11:00:00
3492,907,remove_from_cart,checkout,28,116a6037-e45a-4584-b4e4-a2fbe2120160,2024-03-06 23:26:00
3493,649,purchase,product,8,e38430e7-87c6-4c9e-9cfd-f21363d68d6d,2024-07-02 13:09:00
3494,702,remove_from_cart,profile,76,37141702-a9dd-42fc-954d-f3e5ae47e39d,2024-08-14 04:08:00
3495,876,add_to_cart,checkout,4,9239f20c-55ac-4c74-af36-e7b66d224bdc,2024-10-24 03:17:00
3496,319,add_to_cart,profile,84,3e1b8d52-858e-494b-8a40-d26c9c6d2fe2,2024-10-01 16:16:00
3497,998,remove_from_cart,search,28,8f505bc6-159b-4f89-bfd0-bd8eee72815e,2024-02-17 21:48:00
3498,439,page_view,cart,77,ac855c5f-bc37-48f9-8400-5525f2295daa,2024-07-17 21:48:00
3499,41,search,home,25,36a25f25-c361-40ee-b8ed-d0ce7810adde,2024-04-14 00:56:00
3500,907,purchase,checkout,22,66a3f000-d289-47cc-b88c-0f21ef157463,2024-07-19 23:08:00
3501,610,add_to_cart,search,59,f396fd7d-6fff-464a-a8a1-d09d8056f7f7,2024-06-27 01:59:00
3502,303,remove_from_cart,product,98,86a07aa9-192f-44a6-a8a7-e0284b03d1ad,2024-12-26 21:09:00
3503,919,search,product,39,ad688084-7905-450b-b6d3-f9386eb3d1f7,2024-10-04 11:51:00
3504,693,search,home,18,c0d8e6df-6990-477f-8927-f23300c9b41f,2024-06-16 14:25:00
3505,639,search,profile,71,d1b10d21-ded8-4709-8b05-12b678a091e5,2024-07-10 16:37:00
3506,197,search,checkout,20,d97833d5-194f-40d8-8b63-39a382097adc,2024-06-26 03:48:00
3507,30,search,search,54,a8954f3b-7445-4f9a-aca3-82c1910f0134,2024-08-11 09:05:00
3508,476,add_to_cart,search,90,1ddf69a7-ab58-4f76-b3da-1ef7f5b70676,2024-10-07 10:43:00
3509,379,page_view,search,73,7a175d3c-fc77-420d-91cb-a07d96c309e0,2024-07-07 20:20:00
3510,236,search,cart,45,86d4bd23-6936-487a-9739-79ecf6fa59b1,2024-04-13 08:22:00
3511,173,add_to_cart,search,95,25ec7e1f-61cd-4cea-b4c3-c02f44edebb8,2024-07-06 05:07:00
3512,301,purchase,home,10,be57d47b-a8b4-4eed-9ae0-395a391b1e35,2024-12-31 02:03:00
3513,996,remove_from_cart,cart,77,cb4bfdf3-6958-42dd-b40d-cd70d9f80757,2024-08-24 23:36:00
3514,764,remove_from_cart,product,22,b3cfb940-ec4c-428c-8c4d-ec477ca33da9,2024-05-06 08:06:00
3515,252,add_to_cart,cart,21,6063b2f5-413f-49a4-bdcb-936e2553093c,2024-07-30 22:58:00
3516,169,search,search,94,38b67a29-9d2a-4f6a-9139-bb1842bdbba7,2024-10-02 19:47:00
3517,218,purchase,cart,15,2fd37fc1-64cc-4d14-8d82-b3ec7fa3d6e0,2024-11-11 11:26:00
3518,331,remove_from_cart,cart,89,ecfa57fb-0eed-4755-8374-14d4c44a4c48,2024-07-27 00:14:00
3519,358,purchase,checkout,16,52b88a3b-65ae-49d1-943d-b6d7aa3c79a2,2024-11-14 15:12:00
3520,590,search,checkout,34,3304fc60-cce8-4c1d-aeac-d2573f6ad706,2024-02-02 15:59:00
3521,869,purchase,profile,81,d6cd586d-4d36-4844-8991-36354530cdd9,2024-12-06 10:29:00
3522,993,page_view,checkout,58,8ff91248-7d96-4848-bc38-65db8253715a,2024-10-31 08:37:00
3523,99,add_to_cart,home,7,1ac1a589-b61f-45da-a123-2a827fc7ee4d,2024-04-07 04:23:00
3524,910,search,profile,49,2714ac4c-9899-40e0-bf43-950003a09dfd,2024-07-11 06:30:00
3525,32,add_to_cart,home,53,0c470a25-f217-4d0e-a0dc-29920ab412f5,2024-10-16 22:33:00
3526,488,page_view,search,9,a3b86a7f-7ceb-4ca8-ae07-c9bef9e6a192,2024-03-18 22:27:00
3527,428,purchase,home,61,f06de4b1-1444-49eb-8ac9-ba2d3bcc8392,2024-04-21 17:08:00
3528,221,add_to_cart,checkout,78,7420928d-278f-4dd0-a359-e363f1b7c2eb,2024-09-08 03:13:00
3529,894,page_view,product,82,499c1405-ac33-43d6-a7fb-63a9cdaa6e7c,2024-09-03 02:42:00
3530,363,page_view,product,28,a2f6b4e2-d1ee-47cc-916e-90877bfe5e25,2024-03-15 13:37:00
3531,41,page_view,search,63,b2a511e8-4321-476e-b58c-7fa777af856e,2024-11-17 06:50:00
3532,431,add_to_cart,checkout,49,7f7027bf-f705-4695-a4d6-ce3991567d4b,2024-04-01 15:49:00
3533,306,add_to_cart,home,70,346c38dc-af29-4245-b165-da25ab65580a,2024-07-23 01:02:00
3534,183,page_view,search,15,6c5ba449-6d7c-4e4a-8352-a6cbbebff3ca,2024-03-18 21:19:00
3535,845,page_view,checkout,83,8e99bc5b-2736-4263-a87c-118802b6639e,2024-05-25 08:41:00
3536,467,search,checkout,67,38466b47-adb8-4961-ae42-a9c6d8a6ded0,2024-10-02 05:16:00
3537,559,search,product,17,014b857b-d697-46ec-a0cd-b731832d2ec9,2024-04-10 20:05:00
3538,459,remove_from_cart,search,91,cc469d4b-f89d-405c-8393-e4e04a095196,2024-06-03 21:32:00
3539,482,remove_from_cart,home,48,fd7f6176-0b8b-4924-bbfc-9f92bfa6aedb,2024-03-14 00:49:00
3540,214,page_view,cart,60,48a1ede9-c374-44fa-977c-2ec30ed97865,2024-07-10 09:43:00
3541,530,search,home,49,4b07faa2-1f00-45bd-acde-c62ebfd679eb,2024-02-13 15:19:00
3542,502,add_to_cart,search,31,904cb51b-56e4-4f83-8929-fd56a9832631,2024-07-21 13:39:00
3543,292,purchase,home,66,2df2a842-ee14-4335-b2ce-601e34095f01,2024-04-17 09:17:00
3544,631,search,search,46,f07f2b76-c2c0-45fe-93e0-1cfc85629d5a,2024-07-14 09:29:00
3545,159,remove_from_cart,cart,32,f33e5b7a-42e8-4134-b2e5-fa4e9025780b,2024-08-05 10:43:00
3546,736,remove_from_cart,cart,51,c3040787-4491-4e05-ba43-0a063e47d54e,2024-01-03 10:37:00
3547,773,add_to_cart,product,26,3c7b42f1-c183-408d-be83-a5f493337375,2024-09-22 18:47:00
3548,142,remove_from_cart,home,54,055f46ea-986a-4cc0-b704-90cdcdc90d1d,2024-10-26 03:55:00
3549,234,page_view,checkout,70,13b2602e-af15-43f5-b6de-3d1dda8a3ba8,2024-04-25 03:45:00
3550,834,add_to_cart,search,18,aebc745a-03bf-43a8-9345-9dcbc3b1d6a2,2024-09-25 10:02:00
3551,245,remove_from_cart,home,25,c20dbd84-bb54-4886-9f8c-e6bc1040e81f,2024-06-17 19:02:00
3552,512,page_view,checkout,60,182e2b60-eaaa-4ef0-8308-1f354029025d,2024-02-14 11:05:00
3553,327,add_to_cart,cart,91,d1dc5128-aad8-4824-b2ff-279f5b35c705,2024-12-29 17:46:00
3554,394,add_to_cart,home,63,eea86d39-8b94-4deb-b3ca-b02cbf3bdc62,2024-01-20 00:32:00
3555,481,search,home,25,4437591a-a22a-4306-93a6-af30b5e254bf,2024-03-30 19:37:00
3556,922,page_view,home,15,79cc3db6-fcc9-409d-b164-8f0a5fff5ef8,2024-02-27 17:56:00
3557,711,add_to_cart,profile,59,8e5e73b8-c57f-4377-97d9-4af31cc184ae,2024-11-06 17:45:00
3558,312,page_view,cart,83,67680f3d-d83c-468f-b95d-ed79e5b0cdcb,2024-09-13 04:31:00
3559,240,remove_from_cart,cart,78,0d54c853-5837-4913-9c77-c2d90feeefe9,2024-11-08 16:24:00
3560,364,search,search,75,a04c59d8-6b0e-4dd5-a7c9-e3b1a6cc095c,2024-09-30 23:46:00
3561,862,search,product,87,e714c175-8f3c-4b61-a8a2-a208cc81de0d,2024-01-30 17:22:00
3562,537,add_to_cart,cart,98,d1b1d232-f239-4d73-b21f-65ceda6d6794,2024-06-11 10:58:00
3563,811,page_view,product,81,2c78a826-2eac-4c4a-9aff-8ab9e6e2d91d,2024-02-18 13:50:00
3564,243,page_view,checkout,93,2cfe6b16-f4b2-43a0-ab59-83a226b17281,2024-05-01 06:22:00
3565,609,search,search,42,d6d5a020-c484-4d60-89e0-aa966d00eb44,2024-08-20 20:53:00
3566,355,page_view,product,92,ca750589-c601-40fe-bc01-a82d4ca9a271,2024-03-31 23:22:00
3567,844,add_to_cart,checkout,54,84d480e8-4fc9-45ef-8f20-7676bbd00ab1,2024-11-24 18:56:00
3568,529,remove_from_cart,search,19,a121666f-bcaf-4cba-ac45-d3a892cdc132,2024-12-31 17:09:00
3569,689,remove_from_cart,home,8,2382383b-c231-479b-8b19-408ccdd125d6,2024-12-22 08:54:00
3570,135,page_view,profile,58,3bd567ad-a1cc-4cc7-b82a-6a70aaaf578c,2024-02-17 20:02:00
3571,90,remove_from_cart,checkout,29,6cdf25e1-f8c2-4f62-a765-2dca4aba3f97,2024-04-23 18:06:00
3572,536,page_view,profile,100,e7d34c35-23fc-4857-a8a5-34edf60fd318,2024-08-30 11:44:00
3573,642,purchase,checkout,83,f763ab61-43d3-4017-b320-9e4cbe3efc6a,2024-05-22 09:39:00
3574,210,add_to_cart,product,74,5db08149-37b8-450f-83bd-9390c7123f30,2024-04-10 06:02:00
3575,682,purchase,cart,21,b4768476-b86f-448a-8453-2d2bce8153d7,2024-04-07 04:35:00
3576,620,add_to_cart,home,99,153dd068-7815-437d-b54e-c909811eeaab,2024-12-23 01:19:00
3577,588,search,search,7,5f93a9d4-5e93-404b-a30f-43de1d414ffa,2024-08-02 18:19:00
3578,278,page_view,checkout,26,e9fc9c62-5950-41e2-9036-4fd786f89e34,2024-08-24 04:04:00
3579,925,add_to_cart,checkout,56,2d660e99-6fde-4405-b8c6-221bac1d6e86,2024-12-30 23:45:00
3580,121,remove_from_cart,search,23,68201f86-4ae4-45f4-9b2d-532a04754806,2024-10-14 05:11:00
3581,278,search,checkout,32,5f72ea9f-2820-4354-b25a-374cafd192a7,2024-09-24 05:23:00
3582,832,purchase,search,57,9c9f541f-a2e0-4142-9141-3f31b2e12022,2024-02-18 13:38:00
3583,621,page_view,checkout,41,35dc5b15-2561-41e7-89ae-b8bc208ab3d1,2024-07-07 21:18:00
3584,835,page_view,product,28,b5f0f4ac-2101-43db-9533-e2209d0db46e,2024-01-17 16:06:00
3585,378,page_view,home,84,1512e47a-2ca1-4548-9ff3-6d6936e9249c,2024-04-26 00:02:00
3586,83,page_view,profile,43,48b828e7-5faa-4bff-8837-210b95bfd91e,2024-10-09 20:37:00
3587,748,search,profile,15,0fc16d24-9ca6-47c3-a304-89413c683e34,2024-02-25 08:51:00
3588,262,add_to_cart,cart,97,e266ee64-ada0-4f8c-82d8-0d88a92fddd2,2024-11-23 23:08:00
3589,258,search,profile,35,8a02ae7e-c6f0-481c-8999-88630881292c,2024-02-04 10:47:00
3590,397,page_view,product,47,cef178d3-c02d-4471-989a-4593dbdbfec9,2024-06-06 12:24:00
3591,202,search,home,57,babf842d-f5bc-4370-b17b-c49fd9f68a47,2024-04-09 16:29:00
3592,345,purchase,cart,87,0ace0d35-bf66-4d30-a735-0c6198a1e03c,2024-08-02 03:53:00
3593,843,search,home,12,efac800f-d991-41ed-aa9d-8c8d2dba27cc,2024-03-29 19:18:00
3594,664,search,home,38,eb95a79a-7a31-4f04-8c9f-c6b85db07397,2024-01-22 02:09:00
3595,491,add_to_cart,cart,88,80c29695-fef6-4e8c-9bdc-3019bfdfe4b2,2024-02-27 19:59:00
3596,889,purchase,cart,4,2d7c0e5b-07ac-4c14-a470-2647c1127711,2024-03-18 16:35:00
3597,907,purchase,product,32,72bec345-928b-40b5-848c-09f804868f86,2024-10-10 02:28:00
3598,269,remove_from_cart,cart,79,2138eee9-48e2-418b-a734-5c1593162c87,2024-10-01 22:22:00
3599,424,add_to_cart,checkout,46,99c4cdef-574f-4eb1-b5eb-8b0b2bcbea0f,2024-08-13 15:28:00
3600,683,purchase,search,98,6131e07d-21d9-4532-9d0c-20f5aa54e7d3,2024-04-10 05:04:00
3601,654,search,profile,50,6bc4fd68-a0a3-413c-a614-b82ad67b6f5a,2024-08-19 06:13:00
3602,724,purchase,product,49,65f4bf35-bf7d-4347-8902-b2ecfcf4103c,2024-06-10 13:43:00
3603,540,add_to_cart,checkout,22,0d2d6344-59b9-4167-b7c5-37324c426690,2024-01-28 01:18:00
3604,323,page_view,checkout,100,f1c69f6a-c10b-47e0-b470-e71037b5744c,2024-07-08 11:52:00
3605,986,search,home,42,d05a0e31-9d6f-4ca6-b4ae-69d5e9c1b95f,2024-02-05 15:43:00
3606,555,add_to_cart,checkout,30,5e269320-8a6e-490c-9239-5b8e56b6e0de,2024-04-22 22:51:00
3607,957,remove_from_cart,home,24,8dbd75ea-7506-4537-b16f-dfa7819f4886,2024-02-28 09:10:00
3608,103,purchase,product,12,4fb08de7-b43a-409b-855e-238d00cfb8be,2024-11-11 19:33:00
3609,933,search,search,17,71641a7f-4bf3-436a-ae50-cfbb066d3e23,2024-04-22 22:53:00
3610,454,add_to_cart,product,33,febd2fd3-6469-4624-a2a6-f494428c1891,2024-03-08 16:09:00
3611,202,remove_from_cart,cart,95,bdb41965-b8e0-4b66-bb54-0ee6833a66f1,2024-03-13 19:43:00
3612,59,purchase,home,23,087d5015-93a0-448c-a23f-4c347a617bd8,2024-03-15 23:15:00
3613,32,add_to_cart,cart,28,b2384512-3a0c-4e6e-b49d-b21294850e48,2024-12-08 00:59:00
3614,4,purchase,product,29,3e4f52a7-eef7-4c57-abf7-10310ff17365,2024-03-16 09:54:00
3615,560,remove_from_cart,cart,33,e673037b-14b5-4fff-b2e3-e2afee6781d3,2024-05-22 01:58:00
3616,348,page_view,product,85,557a5908-da1e-4de0-8874-f406cfaed377,2024-08-17 09:40:00
3617,558,search,checkout,8,3989eef7-b4de-4dda-9dab-a82d4bc795f7,2024-07-02 10:16:00
3618,816,search,home,6,23a709eb-cab1-4010-a225-c8f4f79519d0,2024-07-02 14:47:00
3619,185,remove_from_cart,product,74,c6cc6e45-4d85-4770-8d43-8c890c1e3515,2024-11-28 08:19:00
3620,631,add_to_cart,home,74,3fcf016a-2cec-475b-803d-4aea7aa4cd58,2024-12-25 18:33:00
3621,720,add_to_cart,product,26,1611571c-5e46-47bd-aea6-4b4d8e786133,2024-03-12 02:22:00
3622,212,add_to_cart,search,24,26bff2a3-1648-4227-acf6-29855ed1f3bb,2024-04-20 07:09:00
3623,801,page_view,home,65,8fdf8791-0389-43bb-9aab-a1f8a4ac2708,2024-07-31 22:06:00
3624,970,purchase,product,51,df97bbfc-61f4-4b2b-8ad4-0d08a92af9dd,2024-11-23 09:22:00
3625,396,page_view,search,66,1e4fef58-c54c-42d3-a39f-19799b9cf917,2024-01-22 14:33:00
3626,452,add_to_cart,profile,12,ea49ffc0-23e9-45bc-b670-2a7472a34723,2024-02-02 07:41:00
3627,813,search,cart,63,8f755ac3-df51-4409-b706-d8454bc753a4,2024-11-20 01:19:00
3628,56,add_to_cart,product,63,4eef6c47-619c-4ccb-a160-85accb585d9f,2024-05-14 19:12:00
3629,10,page_view,profile,89,3a07878d-aa8e-47ce-bcaa-8e4da3d50ab8,2024-04-27 16:42:00
3630,168,search,profile,48,3a8c93c9-e8dc-45c4-af7f-8a24da1d1ea6,2024-07-07 07:24:00
3631,667,add_to_cart,home,45,0fffb89a-95ec-4c56-9e45-f511f433e45e,2024-08-24 20:57:00
3632,242,purchase,home,29,ea5ae422-79ae-4e77-8f71-733aa9f3572f,2024-10-11 22:34:00
3633,347,purchase,checkout,17,4ecfffad-1f99-4b22-9bfe-3f15c978ef64,2024-12-01 13:00:00
3634,788,add_to_cart,product,25,6fe6e303-8dfc-4c4a-a7ff-3fdf52fc91b5,2024-07-11 00:27:00
3635,199,remove_from_cart,search,73,01f21b06-7ebd-43ea-914c-aba91b66d1a6,2024-11-17 18:38:00
3636,29,purchase,checkout,82,970582b5-15b2-48d8-8fd3-a4b9422703a3,2024-01-08 04:14:00
3637,768,page_view,checkout,99,6eb34ef4-4c72-45fd-8448-1b0d41b37f1a,2024-06-18 01:56:00
3638,540,page_view,home,42,1e221acb-43e4-4df5-8ad9-aea5f0639638,2024-05-05 10:08:00
3639,889,page_view,checkout,23,d2129230-d571-4c2d-b18c-343d5cc3cf36,2024-03-06 18:26:00
3640,366,add_to_cart,product,14,25b066ae-1d70-4d90-8c80-6a9129a04cc2,2024-02-26 18:33:00
3641,742,purchase,cart,95,b6f4cd06-3714-43ad-b927-0b2895e3deaf,2024-05-18 15:05:00
3642,199,add_to_cart,cart,11,93c53069-9b64-4a9f-817a-718a1682d474,2024-09-22 03:10:00
3643,615,page_view,profile,91,0183a0a5-0603-4b1a-a6c9-9cae11616036,2024-07-11 17:25:00
3644,916,page_view,checkout,24,34cee628-5a3f-45d6-a4a2-ef45a13d295f,2024-06-15 06:26:00
3645,816,page_view,product,85,e629bd74-6499-4343-b841-681c8e188c4a,2024-09-22 03:59:00
3646,850,search,cart,66,e4ba1487-7d8f-4abf-8c96-7258347ba005,2024-08-19 16:51:00
3647,849,purchase,checkout,61,1d44de99-bf33-4a40-ace7-abeaf12d5be5,2024-08-25 02:04:00
3648,31,search,home,88,4dd6fbad-338b-4d16-bed8-5e2917c43718,2024-10-26 07:12:00
3649,669,add_to_cart,home,58,bf22e66c-c1d0-4f38-a5f9-11a95be54d8a,2024-11-17 12:11:00
3650,373,purchase,product,12,d51389bc-50d2-463a-8415-da0953765c2c,2024-07-16 19:23:00
3651,441,add_to_cart,search,42,bac77dc8-5856-45e2-b798-352124e2ae5a,2024-10-15 21:44:00
3652,86,purchase,search,9,0f6efc26-fdc5-48f7-8d0c-a32f27f1626c,2024-07-02 17:41:00
3653,155,page_view,search,12,c18a4655-e782-446d-a91d-9646746bbab5,2024-01-09 00:15:00
3654,821,purchase,checkout,60,64dde951-56a9-4c7f-85ba-a6ca4a12e444,2024-06-16 17:02:00
3655,650,search,product,62,ba220026-bdd0-41d5-9598-c6070555aeb7,2024-04-27 07:31:00
3656,467,search,search,100,93b7fada-c41f-464d-8d7a-c80ba0e5c649,2024-08-18 21:59:00
3657,656,search,profile,27,b2cc3bc8-80e1-498c-b689-937c52dc0e52,2024-02-06 22:22:00
3658,909,search,search,93,9543dbbc-9f9e-4dbe-a88d-bb0108ed4ed4,2024-04-07 12:20:00
3659,484,remove_from_cart,profile,67,131f8211-6980-490e-8e12-e7702be26912,2024-06-21 16:25:00
3660,534,remove_from_cart,search,61,cd718912-08ce-4441-8d07-7e05e1a2e616,2024-12-24 07:41:00
3661,190,remove_from_cart,checkout,38,4c05fdc8-3b05-403c-838d-3f974438abb0,2024-06-07 07:14:00
3662,551,purchase,profile,20,4373df9d-a111-452f-a997-f75417566d1f,2024-04-07 08:48:00
3663,106,remove_from_cart,product,76,129a950a-3439-4ea8-88b3-65774c7515e0,2024-04-20 18:39:00
3664,686,page_view,home,74,dc280daf-2d6b-4bfe-90a2-468eda12e438,2024-12-31 13:46:00
3665,800,search,profile,54,76d931c9-560f-4614-a697-2eb8f04af50f,2024-04-05 03:06:00
3666,883,add_to_cart,checkout,47,38a0fb9b-0cce-4b97-842a-a90e62099775,2024-11-05 13:18:00
3667,513,search,checkout,96,edf41cf2-31cd-4bf4-aa1c-16fc0ebfb194,2024-03-30 01:24:00
3668,509,search,checkout,85,2d8d1ef7-e9c3-4d46-8315-32b24fc999f9,2024-03-26 06:35:00
3669,289,add_to_cart,search,99,327cb6f6-76ed-4528-a166-dcb811c2797b,2024-02-11 16:11:00
3670,407,search,profile,47,384733f5-b08c-46ef-a965-abbbf08419be,2024-12-10 09:37:00
3671,975,page_view,home,10,da84cc26-0cfd-423d-833d-665963bdf92d,2024-01-15 07:58:00
3672,537,page_view,home,23,7a528fc5-25b9-488b-a73d-324485879814,2024-02-18 18:08:00
3673,918,remove_from_cart,profile,38,4b3cffe4-4816-4909-a731-a17889bb707a,2024-07-25 23:13:00
3674,205,page_view,product,74,6a1dab2d-9847-41a6-bff9-34e406099481,2024-08-16 07:53:00
3675,586,search,cart,76,73b3a6d9-676b-479b-861d-72af6cb893f6,2024-10-21 20:44:00
3676,158,purchase,profile,40,e3b4555f-1256-4b73-be05-a88abb1290e3,2024-01-24 06:14:00
3677,819,search,product,100,30b897e4-5b51-4e6b-abc5-f355147e2cdb,2024-02-07 07:09:00
3678,540,add_to_cart,search,87,9fbf563e-7d90-48a7-aabb-9d1d8f12a643,2024-01-22 13:44:00
3679,762,search,cart,6,044b24fb-d6e3-4368-8ef8-4d65b1085256,2024-01-30 10:05:00
3680,335,purchase,product,74,607cd7a4-a055-4ef7-ab23-2e3bf20ba7f1,2024-04-22 11:07:00
3681,838,add_to_cart,home,30,cea5fb6c-ed33-4ecf-ae17-10d6010c8325,2024-11-07 19:19:00
3682,848,search,product,94,ede08b4a-cfa7-4e2a-87fd-07361eee0fb3,2024-01-22 22:04:00
3683,195,add_to_cart,profile,7,b9d7b1e3-7baa-4a24-881a-78f4fd53f133,2024-04-14 09:09:00
3684,174,search,search,74,a0cdf938-3ef9-456b-bffd-9fb237b568f3,2024-06-20 22:06:00
3685,567,add_to_cart,cart,29,86ce1713-a369-4c97-b343-a09127cdc9a5,2024-03-05 11:59:00
3686,891,purchase,cart,2,8bd6129f-8c1c-44ad-8113-cc7bd880d029,2024-12-29 18:18:00
3687,720,search,cart,53,dd4f870e-41c4-43fb-95b2-d5858e0f4f53,2024-12-24 21:18:00
3688,814,remove_from_cart,cart,54,d7a2305b-1b8a-4c3f-bed6-d37b1a0003cf,2024-10-30 18:45:00
3689,8,add_to_cart,product,52,cc8c396b-2b9a-4a38-befe-7fedab616949,2024-06-28 08:20:00
3690,252,page_view,profile,44,90fc2925-748a-4e1a-9812-5d0a01aa4f4f,2024-09-01 09:15:00
3691,308,purchase,search,62,4c3c7905-6a3a-4583-a594-4a071da64942,2024-07-08 13:18:00
3692,652,add_to_cart,product,61,ff647e3b-409b-493e-93af-05206e1f259f,2024-04-14 06:09:00
3693,834,search,search,77,54a29ed4-e618-4426-a4fe-8026abdf12bb,2024-07-13 01:17:00
3694,879,add_to_cart,product,8,8a5484ac-1b7e-402a-ab52-27c81930ef51,2024-11-27 13:07:00
3695,814,page_view,product,16,ecd90a19-d988-493c-b1d2-251bed1e86a2,2024-08-20 23:00:00
3696,278,add_to_cart,checkout,74,cc018e6c-afc7-47ac-a592-43c629357a9d,2024-08-03 11:01:00
3697,970,search,cart,26,8ebc6a10-16d9-4685-ab5a-512de7de9fc3,2024-04-06 14:59:00
3698,135,remove_from_cart,home,84,e659b4ca-3065-416f-8500-06b55b1b4460,2024-08-19 09:37:00
3699,45,search,checkout,71,0c3239e3-024e-4d5d-ba58-128809a65cab,2024-03-24 15:26:00
3700,623,search,home,62,85ea5ba2-472c-42fa-a295-2c51f8328612,2024-12-17 03:42:00
3701,429,remove_from_cart,product,7,0ce4545a-62ec-4d3a-842a-13149c12c29b,2024-12-01 23:47:00
3702,828,purchase,cart,29,de5e7d10-64e2-47e5-ade3-6ecd819dd9a0,2024-08-27 10:43:00
3703,75,purchase,checkout,63,3f051bd1-4674-4303-92ff-7855e6e76da7,2024-09-17 09:08:00
3704,375,page_view,home,90,22dca912-57c9-47ed-9557-f47d40d9622a,2024-10-13 02:27:00
3705,348,search,search,62,af4c9207-7e78-40ee-9cb0-a3896f476a9b,2024-10-13 14:04:00
3706,69,search,checkout,62,edaaf115-badc-40e0-8371-a2bafb35b617,2024-05-13 21:31:00
3707,880,purchase,cart,28,7034d2cd-5666-4e22-8034-7dea63212be2,2024-02-10 12:09:00
3708,680,purchase,search,62,5af43080-9702-48cc-a8e7-ef63b5ecb2ce,2024-01-22 13:47:00
3709,389,search,search,77,3ee0ed88-03c5-4863-b8cd-8c7ca0f175c0,2024-07-08 11:05:00
3710,346,remove_from_cart,home,32,63188325-f4aa-4494-a38c-ae2048b81089,2024-03-18 17:39:00
3711,153,purchase,product,38,72f6a355-1009-45af-af37-1ede2b78519f,2024-08-20 10:15:00
3712,812,purchase,checkout,52,0dd0494b-df72-4c99-a1df-20c1985ee81f,2024-10-13 21:00:00
3713,167,search,search,40,2c5d6261-5259-4b76-8abf-11b83d0acf9c,2024-07-28 03:44:00
3714,295,remove_from_cart,cart,35,c3ec0e9d-b18e-4ce2-9560-a9e57cc1ecb0,2024-07-09 02:55:00
3715,115,purchase,cart,41,86729e88-3792-470b-acd5-9e2a753f078f,2024-10-24 11:32:00
3716,222,search,profile,68,f9c97fda-c9de-49cd-a1f2-6d194603fddc,2024-03-18 02:22:00
3717,451,page_view,search,47,0d4770a8-34fd-4729-8a13-99218a6bfe87,2024-11-22 13:19:00
3718,392,add_to_cart,profile,78,0429c59b-77a0-458e-b33c-978c4f00f050,2024-06-30 12:28:00
3719,189,add_to_cart,home,65,6326cae2-d4f4-42a9-9b57-a00e760b3730,2024-06-16 10:17:00
3720,662,remove_from_cart,product,94,32a3a716-8c65-4ae1-90d3-79d46238f66f,2024-07-29 09:17:00
3721,598,add_to_cart,checkout,40,0bf5b2c4-a8d0-4a52-9b0b-60066c9ee13f,2024-09-04 18:00:00
3722,710,search,search,61,ebf09669-1071-43a0-8252-863c0b39724c,2024-12-30 13:34:00
3723,562,add_to_cart,search,97,8256f567-6650-4cc0-ac07-5debb8483c00,2024-12-09 23:17:00
3724,861,search,home,55,e959138c-ae2f-42d7-8426-6b062320f4af,2024-10-24 15:07:00
3725,761,remove_from_cart,checkout,90,7a5eb4cf-2da0-4251-9819-623259c1b5a2,2024-07-22 23:44:00
3726,856,add_to_cart,search,76,7f4f4090-8880-48e5-b926-19808ca7f175,2024-06-03 17:01:00
3727,408,add_to_cart,profile,28,6ff3dcfa-3240-4ed6-988e-ed8fc7831ecb,2024-06-21 23:56:00
3728,703,page_view,search,54,35098485-a14a-4d3c-9f1b-d6908d5ccba3,2024-03-13 22:25:00
3729,804,remove_from_cart,checkout,63,f785558f-38f0-4d38-b00f-201e9a23a008,2024-10-13 17:03:00
3730,589,add_to_cart,profile,56,cb93ff55-df42-4de0-b477-1f687005f583,2024-08-21 12:26:00
3731,107,purchase,checkout,23,65bccdc1-394b-46c4-94e6-3386319851ea,2024-02-01 20:40:00
3732,25,add_to_cart,product,89,594ff1e8-b0db-4019-9ec8-ee064cd1fbf8,2024-02-27 19:15:00
3733,619,page_view,product,7,c1cff3bb-fd44-44b2-96e6-d0685a0d5146,2024-01-12 02:50:00
3734,787,remove_from_cart,cart,5,7a2c798c-5873-4b98-938c-720766389947,2024-02-09 13:08:00
3735,290,remove_from_cart,cart,1,2aeb61aa-e4b4-4a1c-8e26-6a7a211a9160,2024-01-14 19:02:00
3736,234,purchase,product,17,aa0accd1-fbb5-4d0a-9fb8-53d8c656a5fe,2024-06-04 14:10:00
3737,310,add_to_cart,cart,29,a49dddc5-56b0-413f-bec5-35b42a6fb24c,2024-01-28 11:25:00
3738,914,search,checkout,88,45f2cd04-787e-4346-aa8a-8215a53212a6,2024-12-03 00:20:00
3739,662,search,home,72,ef7b8026-c2c1-467a-8d68-6706ef72a0f7,2024-03-13 06:59:00
3740,60,page_view,checkout,60,518aac6f-20b6-4a1a-b3c3-dc7af93aee0a,2024-10-17 19:11:00
3741,699,search,cart,51,3db40d43-93b1-48f8-9f34-ff614db31b2b,2024-04-12 18:57:00
3742,339,remove_from_cart,cart,49,c76a538d-0c2f-4dc6-8f0b-3cc5d29178e6,2024-05-09 05:09:00
3743,401,page_view,profile,69,f40cee5f-a18e-4f2a-ae28-f19c1f163e73,2024-02-28 14:51:00
3744,380,search,checkout,90,0cd407b5-4876-4137-adaa-9edb4099a3d0,2024-01-02 03:52:00
3745,673,page_view,search,1,fefc60b8-8e74-4dd1-af57-f091bd2117c4,2024-09-15 01:53:00
3746,884,remove_from_cart,checkout,77,36b71015-7b20-4dbe-87e8-a799fa061a49,2024-06-02 18:49:00
3747,658,page_view,cart,12,43c3b8d1-d779-4d05-9133-cdbb9b3d89e1,2024-07-09 16:18:00
3748,530,search,search,17,21300885-9137-4d4d-978e-3e9354a060d5,2024-07-09 16:54:00
3749,896,page_view,product,99,047317ed-fea9-4aba-876b-73460281dafe,2024-01-30 20:42:00
3750,671,add_to_cart,checkout,21,12ebac0c-ca17-4a06-9aa7-16846c641d0f,2024-06-16 16:57:00
3751,126,page_view,cart,14,8d8d1d25-f82b-4f68-9799-67cb24cd26d8,2024-08-08 16:36:00
3752,349,page_view,checkout,45,472afac0-37f1-4a18-859e-884f8d239403,2024-08-14 06:55:00
3753,111,add_to_cart,product,69,1c0860de-5a9c-4cbe-94e0-ebe7c82dbd4d,2024-06-22 02:21:00
3754,384,add_to_cart,search,60,23fc622e-9671-46b0-aef3-78df2e73fbc2,2024-05-15 20:08:00
3755,533,purchase,checkout,61,b4ff44de-af63-4382-b910-d603ef41fb5d,2024-08-27 03:41:00
3756,618,page_view,product,25,f033cd39-278c-4354-bbb1-2c80b13c8b43,2024-04-06 22:24:00
3757,574,add_to_cart,search,90,e4e57e2f-7483-453d-8065-6feb01d63596,2024-08-16 16:46:00
3758,801,page_view,search,91,991c8540-14a9-4424-82d3-8230a7ad8fea,2024-10-17 14:01:00
3759,510,search,cart,63,ab985f21-bc16-410c-8fa1-c3b8746bc50e,2024-03-21 01:21:00
3760,925,add_to_cart,search,12,8740fb9b-f912-4f19-bea6-ab2feefc3b53,2024-09-10 14:22:00
3761,657,page_view,search,50,096fa021-ebbd-4ad0-a8e9-589bbf723442,2024-04-27 19:09:00
3762,510,purchase,profile,51,85dfd0d4-12d7-4775-93a0-5b939e21a9e4,2024-10-29 20:35:00
3763,258,add_to_cart,home,14,6acdf49f-ea45-4aec-a617-9b20af4b3d4a,2024-03-25 09:40:00
3764,48,search,profile,92,2573b07c-1196-4560-9b73-eba4a0676813,2024-10-04 23:54:00
3765,397,page_view,profile,33,bd6eaf77-8f98-4a01-8a16-f2c230a692a4,2024-05-05 12:26:00
3766,543,search,search,42,e077e12c-0dbb-4460-81be-6ae27631dc9d,2024-09-09 00:18:00
3767,120,page_view,search,48,c8c75e99-f3c2-4c17-b530-a6940572a346,2024-04-26 10:27:00
3768,257,add_to_cart,product,10,f10e1fbf-8c07-4025-8de0-03e770d487bb,2024-07-20 08:11:00
3769,705,page_view,search,56,1d59aecd-78eb-45cb-987d-dc6cb9ae8c07,2024-05-04 09:25:00
3770,699,page_view,home,87,5c102921-53e5-4e15-8bd2-0661c0686222,2024-12-07 17:53:00
3771,458,remove_from_cart,profile,73,60fa82f9-3136-4698-bb9a-278ef9698565,2024-09-23 12:01:00
3772,457,search,checkout,31,ac969033-2110-44fb-b066-d285248be3f0,2024-10-04 02:10:00
3773,291,page_view,cart,62,c6238786-6d10-4fe6-b3b7-83288cdce031,2024-12-31 21:58:00
3774,600,add_to_cart,checkout,71,06cbfdab-795c-4daf-bc2f-e40af5b3aefe,2024-03-12 22:58:00
3775,774,remove_from_cart,search,31,a44d3619-61b7-4bce-b8f9-5559311b0ca9,2024-08-29 10:05:00
3776,408,page_view,checkout,91,8aaa3114-bd67-4e7e-82b0-6908a9edd5db,2024-02-03 20:40:00
3777,294,page_view,profile,28,8a9f0b78-0618-423d-9f48-5275dcbeaef4,2024-06-16 02:37:00
3778,700,remove_from_cart,checkout,29,9d3d781c-1f86-4e17-bd6e-9cee0dcc68eb,2024-01-20 00:39:00
3779,486,remove_from_cart,checkout,47,ce080d9b-0761-43b7-9e2e-209289e33bf9,2024-03-08 08:33:00
3780,238,remove_from_cart,search,25,06e0ee27-2a23-4d36-8540-cd666a422ee4,2024-12-02 02:05:00
3781,909,remove_from_cart,cart,3,f8fda5a1-f1ac-4114-a991-aaf89d834569,2024-07-24 09:20:00
3782,239,add_to_cart,cart,91,42c11706-9d91-4e5c-9b27-88d3ca190546,2024-10-31 23:58:00
3783,336,purchase,search,20,3abab328-55a2-4324-b0ba-0f0cd9bbf72c,2024-05-21 00:06:00
3784,231,search,profile,44,c8a77abb-c3bc-405e-b838-a2575fb622f2,2024-11-03 17:27:00
3785,932,remove_from_cart,checkout,68,3f3f351f-773e-44c7-858e-abfb35201824,2024-05-26 16:56:00
3786,804,page_view,profile,65,497596bf-3b36-45df-bac0-868d1deb5a13,2024-12-28 11:58:00
3787,681,add_to_cart,product,70,fe307d20-8440-4d1a-9818-8ca98655e2a0,2024-03-25 09:32:00
3788,493,remove_from_cart,profile,25,cc1bf9d7-ff89-4c5f-8f11-465c033fa783,2024-03-13 07:26:00
3789,896,add_to_cart,profile,80,fb8cae6a-77d7-49c1-ba34-7dc08a5a6a1e,2024-09-16 20:10:00
3790,321,search,search,43,456e87ed-1f65-41a5-bf3a-dbbe28068989,2024-11-26 10:05:00
3791,99,remove_from_cart,profile,5,24c95101-c01b-463c-b506-07a742e39868,2024-07-11 16:46:00
3792,967,remove_from_cart,home,2,adc78068-8444-44bb-9bfa-2e151a76c588,2024-12-13 00:24:00
3793,486,search,cart,60,cdf456ba-64c7-41ce-bf8b-3a7c3554a4e5,2024-12-23 03:36:00
3794,625,page_view,product,5,88a0f441-0456-4b96-9e79-148b54482897,2024-12-05 03:04:00
3795,773,page_view,checkout,88,82556522-caf9-45d5-8f57-1b3d8b9c56b6,2024-03-15 16:11:00
3796,892,page_view,profile,45,821458ea-18c1-4aa9-aee5-fc5cfa81ff2d,2024-07-09 23:25:00
3797,288,page_view,search,91,54e8d5de-2c33-4ad5-90b1-9466545fc224,2024-10-25 20:00:00
3798,668,add_to_cart,search,84,23ef3a47-3462-417a-8e48-f825692cbf0d,2024-12-12 21:29:00
3799,10,search,checkout,96,6a84e79f-d32a-47bf-87e0-36f899d563b5,2024-01-20 09:39:00
3800,145,add_to_cart,home,2,f186a971-fd1a-481e-8c8a-6cce99477378,2024-06-17 13:04:00
3801,673,add_to_cart,home,77,657d46d7-5e02-49b6-ab19-f59e2804d0ff,2024-12-09 20:36:00
3802,593,purchase,profile,45,54663ecf-0e9c-477d-a0a9-0cc1ad0640b2,2024-03-26 11:55:00
3803,257,purchase,profile,8,ae6850c9-bd80-4b75-bd87-22988ac8ad31,2024-08-13 17:34:00
3804,216,remove_from_cart,search,76,6d8b6aaf-0831-4f08-82be-a0c7e5b540dc,2024-05-28 08:29:00
3805,131,remove_from_cart,home,17,378cef85-9922-4b53-9fe4-d05f2c1581de,2024-12-23 03:54:00
3806,136,page_view,search,53,b66af5f4-3c6c-4b96-a786-813fa2cd1be0,2024-11-17 11:44:00
3807,900,remove_from_cart,home,75,368426cb-2504-440b-b56e-ecaa2297e062,2024-10-18 00:30:00
3808,40,page_view,search,39,a448d107-fbad-4213-a598-b247bf3e0cd4,2024-04-18 00:23:00
3809,644,search,cart,57,d5332423-01bd-48f7-8404-0c2a1d224020,2024-02-13 12:13:00
3810,907,remove_from_cart,cart,16,301c8661-1788-46c4-b878-98e43a3307c8,2024-06-12 03:54:00
3811,236,purchase,home,89,3f052474-641e-4d01-9f8b-4bdeae80847a,2024-03-20 23:19:00
3812,840,page_view,product,55,967196a2-ebc3-41ca-bdb4-9c128e953641,2024-01-14 03:11:00
3813,482,search,product,59,58d39c60-9109-420a-b454-db31feaae729,2024-01-03 19:59:00
3814,106,purchase,checkout,6,81bccf1b-c458-453f-baf2-e7cdb343f333,2024-03-25 21:53:00
3815,257,page_view,product,89,64da66d4-77d1-4d51-9930-977519c836c5,2024-07-25 07:52:00
3816,710,remove_from_cart,checkout,71,14b7751e-5b43-4fb0-8d1a-a7bf4d26f9f2,2024-10-05 14:37:00
3817,950,remove_from_cart,cart,21,5ba4dcdb-9ecf-4f95-9730-7be687f8ba8b,2024-10-20 18:06:00
3818,34,page_view,checkout,18,0ea1c6b3-7beb-4e29-9d4f-f9192484d158,2024-11-01 02:27:00
3819,615,purchase,checkout,6,fb50b95b-819c-455b-9835-e0d738a27b77,2024-09-29 06:09:00
3820,236,search,checkout,71,06729511-216d-472c-bc49-f63d92387bb1,2024-03-08 11:00:00
3821,561,add_to_cart,profile,38,047ad0e1-36d7-4a23-9564-7857b63aeb71,2024-01-17 01:05:00
3822,869,purchase,home,40,c70dd046-0f62-45ed-bdfb-5682f5374d41,2024-08-17 12:18:00
3823,44,page_view,product,84,0a7b9008-0073-4e63-8083-10643fee4f8b,2024-10-13 02:24:00
3824,50,purchase,home,25,e8602a9a-57ab-43c1-9161-8fedc578fb34,2024-03-13 13:05:00
3825,881,add_to_cart,cart,34,ff89ca81-c19d-43a6-b717-4e68b2548b73,2024-04-09 07:28:00
3826,990,remove_from_cart,search,45,a8612d08-5b56-4df5-b196-1bf285977b67,2024-08-02 16:32:00
3827,820,search,checkout,65,dd152d80-c59e-4688-9a6c-f13f93b65bfa,2024-03-25 15:55:00
3828,232,remove_from_cart,checkout,6,36cb4b6a-2567-4f76-9fcb-44958df93a5a,2024-08-15 04:54:00
3829,289,purchase,product,43,513fa841-f462-485b-8c37-467db6e92a7c,2024-11-14 19:37:00
3830,504,search,search,73,9ff1c402-b3e2-4fea-aa71-c56cf40573c9,2024-08-06 16:50:00
3831,431,add_to_cart,home,44,61696e66-f4a5-416a-a9c4-93a02f39395b,2024-12-04 10:01:00
3832,388,purchase,product,66,7ffe50f4-fdf1-4a2f-b0f0-c4a5f91c132c,2024-03-08 07:24:00
3833,9,search,product,44,affeb127-eaa4-4472-92a0-e410bfc61ece,2024-03-28 06:56:00
3834,217,search,home,77,f0c0b8eb-e6fc-4cc8-8c90-c3be7ad9ec08,2024-11-05 16:56:00
3835,429,add_to_cart,profile,88,dd109fbc-0427-41a7-ae53-750a886cba03,2024-09-02 22:30:00
3836,800,page_view,product,72,87a50dae-0960-475c-961b-6418975b8c76,2024-09-10 08:58:00
3837,917,search,search,98,c1765650-933e-4b3b-b842-dbaf3a9d3bf8,2024-12-23 05:34:00
3838,726,add_to_cart,product,99,c5c40d0b-2ef6-41f3-8432-8f1b5ed8d147,2024-02-23 06:05:00
3839,692,search,checkout,73,3c343940-0462-49ac-931a-535078c4a9d2,2024-11-08 22:50:00
3840,98,add_to_cart,product,8,ffba2a13-0eb4-466e-8fd9-65907b75e499,2024-08-10 20:22:00
3841,733,remove_from_cart,product,26,3ad79dd4-4070-4bde-9101-579782b49fdd,2024-06-29 03:28:00
3842,908,remove_from_cart,search,49,9a42f991-d483-4a0c-b3df-7be351e0553f,2024-12-22 09:53:00
3843,399,search,cart,81,9c93423f-3167-45d5-a5b4-eb3a7581d569,2024-08-08 15:06:00
3844,760,search,cart,59,5e248004-650d-45f6-bfa5-6684262f298a,2024-02-23 09:59:00
3845,233,search,cart,12,3f0c0999-5bc0-4c4c-993e-a554a52d9533,2024-12-03 13:07:00
3846,665,purchase,product,35,71179018-46bc-432b-ac3e-3aa7be71f59f,2024-01-03 10:15:00
3847,591,remove_from_cart,checkout,58,00f5c6a8-c6bd-47d5-86cb-690834a8b86b,2024-03-15 20:12:00
3848,860,page_view,product,30,da1a78b5-a41b-4944-b267-5f66a431dbcf,2024-04-13 12:06:00
3849,291,add_to_cart,cart,83,c7eb8984-fb01-4d27-8672-aae628a4cf47,2024-06-11 13:57:00
3850,309,search,profile,50,2adbe5c8-d4e2-4fa3-9a4a-fd1e18a57039,2024-09-10 02:41:00
3851,983,page_view,cart,25,64b5345d-459d-4659-ae52-167106d48a9e,2024-10-29 11:45:00
3852,492,add_to_cart,profile,2,685450cb-7ee9-48f2-aa2a-73c67c743224,2024-04-14 06:16:00
3853,918,page_view,checkout,2,45ac93c2-5caa-4313-add1-7ab4cbbe8437,2024-06-04 12:10:00
3854,597,page_view,profile,62,271db360-9beb-45b0-824e-c271a214c675,2024-01-18 19:21:00
3855,872,page_view,home,98,13b4cdeb-cb82-41a2-b619-4bcaa323c0f0,2024-05-22 04:30:00
3856,324,remove_from_cart,profile,94,389b6c00-0448-4009-bb2f-1d2f5b0853f1,2024-03-28 12:15:00
3857,376,remove_from_cart,home,100,720ebe17-5ebc-41ce-97f3-dd6d6f5a70b5,2024-06-19 15:51:00
3858,30,page_view,profile,96,20371938-9ca9-4c21-b6e4-71a191c2c9fb,2024-05-07 13:15:00
3859,175,remove_from_cart,search,29,9b26c00d-0ae0-4766-bde3-976de2ab57fd,2024-10-03 20:42:00
3860,759,remove_from_cart,profile,43,0e59474b-6890-4dac-9f09-3718a9034264,2024-08-24 02:23:00
3861,597,purchase,checkout,89,8ad95880-e6a5-44c7-8203-6e3cf0efef41,2024-10-17 19:05:00
3862,850,remove_from_cart,search,71,3e15edc3-5fbe-4d76-ba94-f41c1caae576,2024-03-08 10:03:00
3863,268,purchase,home,52,586efc46-027a-4f90-b4b1-a8bc9f701578,2024-02-24 15:04:00
3864,221,add_to_cart,checkout,15,2bfe2f53-87e3-44cc-be91-d821f176aec8,2024-05-21 15:06:00
3865,88,search,cart,50,e91775be-cd9b-4322-888e-135b418f63a5,2024-05-03 23:00:00
3866,430,search,home,53,781a9feb-e162-494f-9f0f-7e04a88a5ca8,2024-12-11 22:27:00
3867,660,page_view,product,13,a515e19b-526a-4c41-b0b5-9e9d9aa8b350,2024-04-02 03:51:00
3868,132,search,search,67,27429c92-033d-46ec-868b-bc0fb7040d6f,2024-08-22 08:26:00
3869,653,purchase,search,31,bac26ff3-6600-4385-8772-e85f8fa1a195,2024-06-14 03:47:00
3870,389,page_view,product,94,516e76d8-ab66-463e-8c56-ed5d50eb8100,2024-04-07 09:52:00
3871,913,purchase,profile,15,92e9226a-bb2a-4b34-a9dd-cfa010ed4205,2024-02-09 18:08:00
3872,403,add_to_cart,product,77,b02bd8b6-2916-4d73-845f-35a66f40e11b,2024-04-08 01:37:00
3873,40,purchase,profile,45,f4e366cc-5e37-474b-8d4a-6ab92107f563,2024-09-23 20:09:00
3874,156,search,product,1,007f61bf-9dac-4b51-94cb-35ee44dc6a7c,2024-01-04 18:51:00
3875,276,purchase,product,39,b233e3aa-9545-44d6-b2a4-8ab006b7e503,2024-09-28 02:35:00
3876,427,search,cart,41,c15ec32d-1ede-4867-9027-7c80b169d139,2024-10-24 20:42:00
3877,433,page_view,checkout,87,8559aa21-ddb4-47bc-8dcb-c0ff45fa9f7a,2024-10-09 21:37:00
3878,649,page_view,cart,94,41c8b8be-fa8d-4c56-97da-2cbe31dd322d,2024-10-18 01:44:00
3879,563,search,search,80,bb152946-3dea-4886-b4d8-39e091872b21,2024-03-05 02:10:00
3880,863,page_view,product,96,cbc45df2-a436-4ebf-885c-088fb15310d7,2024-11-17 00:35:00
3881,722,add_to_cart,profile,59,e8ba61e6-80e9-4194-a76d-3f2c8b782671,2024-04-21 23:27:00
3882,837,add_to_cart,profile,49,4c84b676-9273-4bd7-b079-46b451240c40,2024-06-22 13:30:00
3883,652,remove_from_cart,checkout,76,bd80cc44-05f6-4127-b4b0-53e6fe5a0cd7,2024-07-15 11:49:00
3884,264,add_to_cart,home,76,eae71594-c64d-4b3c-8255-4904271c7348,2024-06-16 17:53:00
3885,158,add_to_cart,checkout,84,e2a9ab2d-a4c5-4717-b7a9-6e0e465bd1bf,2024-06-11 00:57:00
3886,660,remove_from_cart,cart,54,ccea3234-6ff7-4822-9c55-b34ecd91f26e,2024-06-13 23:56:00
3887,391,purchase,home,15,27cd2b49-55f9-401e-843f-969f767019ba,2024-12-23 13:49:00
3888,148,search,search,71,3b23d101-cd85-4f09-9abc-2072c1306d0e,2024-09-14 22:51:00
3889,730,remove_from_cart,search,39,53d275ef-e599-4789-b529-0528fc802c58,2024-11-11 21:04:00
3890,416,remove_from_cart,search,39,b7280f2e-933e-491d-8181-4c30a6d02e37,2024-10-29 02:56:00
3891,288,remove_from_cart,home,49,73bff602-8823-475b-8b2d-6f2d51ea5990,2024-09-26 12:01:00
3892,355,add_to_cart,cart,57,00a36023-e66e-43c3-80b4-c0b075da7473,2024-04-22 20:43:00
3893,282,search,search,95,9cfe7715-ac34-40f2-b25c-171a03f52068,2024-09-18 10:00:00
3894,221,page_view,search,27,a3041e2c-a931-4e7d-a208-78d348574b78,2024-09-15 19:09:00
3895,267,remove_from_cart,profile,75,18e0c8f9-2870-42d3-90fe-95947d0c4333,2024-01-31 00:38:00
3896,852,page_view,cart,94,50775bba-5c4a-4c19-b963-977e33339b9f,2024-05-11 05:10:00
3897,84,search,cart,26,4831ce94-6329-45a0-a2c4-1b312f4830e2,2024-12-20 05:13:00
3898,690,page_view,checkout,36,a0941839-9da7-40e3-bb6b-56775557a0c1,2024-09-13 14:18:00
3899,870,remove_from_cart,product,35,1f07befa-1e79-4431-8c53-6a95892be89c,2024-12-05 20:00:00
3900,127,page_view,profile,60,e284a5e6-1bc9-41a9-9b03-fb102dede7b4,2024-11-28 09:36:00
3901,645,page_view,product,95,b20967d7-7f8e-4364-a12c-0ad82cbdf6e0,2024-11-25 11:57:00
3902,505,add_to_cart,profile,85,a41bb85b-97e9-417c-8a15-5402a0b2d8c6,2024-07-10 18:29:00
3903,643,add_to_cart,search,8,79c5cc8e-b1db-4932-bb56-14fc73ef6121,2024-06-03 12:26:00
3904,455,remove_from_cart,checkout,38,4391cfc1-0d45-45e0-8203-3f339b15ca8e,2024-11-05 07:08:00
3905,366,page_view,checkout,40,b74c3b7f-6c18-4744-a353-ce1e267ff62e,2024-10-30 19:32:00
3906,495,remove_from_cart,product,64,aba193cd-bfd6-4b19-be7f-c5b09b2fc1ae,2024-11-28 00:57:00
3907,76,search,search,60,dd2ac24d-d2c1-4024-8837-d0a710189a95,2024-03-21 07:55:00
3908,622,search,profile,43,889e4c74-8745-4ced-bc74-b2d1dda0db50,2024-09-21 14:36:00
3909,916,search,home,52,e7e5b7c7-fde2-4601-9e91-51a0100517e2,2024-08-10 13:22:00
3910,327,add_to_cart,cart,67,3a32d433-c46c-429a-9004-e5e7de60b729,2024-10-14 11:14:00
3911,33,add_to_cart,cart,55,d59ccfd9-cdd0-4563-868c-d244c5a5be68,2024-10-09 13:52:00
3912,706,purchase,product,4,809cf26c-ef9f-4272-ac84-45b1ecc8d548,2024-05-09 01:58:00
3913,676,page_view,home,80,c9237f22-d323-45ac-bebe-c7fa9fe4122d,2024-07-08 06:24:00
3914,357,purchase,checkout,26,ec483f93-2b6e-4d45-a391-5f829a0b1e51,2024-09-12 05:38:00
3915,813,add_to_cart,checkout,65,9dec715a-d582-4f76-8738-7d812f08a3f2,2024-09-08 12:04:00
3916,736,add_to_cart,search,100,a8daff14-e87b-4476-af6b-3ea3c9fe1ce0,2024-10-04 08:17:00
3917,113,remove_from_cart,product,48,cf4bebd7-2295-448c-b59c-d27905d27df7,2024-04-28 20:14:00
3918,431,page_view,product,71,ccb37e3c-cd71-4c32-9c46-339f5b952324,2024-08-09 19:01:00
3919,736,search,search,64,f1047b29-8648-4dc2-aa99-3d411a16142e,2024-09-02 10:52:00
3920,948,purchase,search,63,c43138d6-f77d-4312-9d9f-4ce2ffb628c1,2024-04-11 11:37:00
3921,872,remove_from_cart,cart,53,722c3ecc-9b77-4f2e-9deb-f234b0ec4f14,2024-05-03 08:11:00
3922,514,remove_from_cart,product,45,8f48d59c-811d-4a2d-b697-a7e61b75deea,2024-08-29 09:50:00
3923,785,purchase,product,7,bb0e4237-f94c-44a3-a8d5-77d8338144cb,2024-08-06 13:21:00
3924,158,purchase,product,43,ef7a5346-15b8-4407-a7d0-d9bda9b7501b,2024-12-31 19:41:00
3925,390,remove_from_cart,cart,20,5416672d-05a8-4425-92ee-0320924c958e,2024-09-28 18:32:00
3926,48,page_view,home,64,6abfea83-99d1-4165-be76-4ca7f6a11668,2024-12-28 12:37:00
3927,823,purchase,checkout,55,8366a70e-6cd8-4516-99ed-17ffa18e47d6,2024-11-18 15:45:00
3928,879,page_view,cart,53,30c003b1-52da-4f24-8172-7b74f0fe4eef,2024-12-09 20:12:00
3929,912,page_view,profile,96,559d9045-98d3-480f-bd51-1ffab990413e,2024-08-12 23:23:00
3930,588,add_to_cart,cart,58,01b0e290-c3bf-441e-8685-749b07f7c5d6,2024-11-15 14:29:00
3931,664,purchase,checkout,72,56d4b382-e713-4761-8e8f-c6885d6b36bc,2024-01-25 01:50:00
3932,822,page_view,product,58,da67069e-b80c-4033-ae37-bb5918dfddfc,2024-04-16 03:15:00
3933,477,add_to_cart,checkout,97,84a52ba8-8f61-44c4-b08e-36ee1b65c80a,2024-06-18 02:08:00
3934,993,remove_from_cart,cart,72,d68ec779-3589-4d7c-bcb0-7e86846e3345,2024-06-23 15:39:00
3935,593,add_to_cart,cart,17,4cbcce1c-6cd2-48b4-ac44-49132cc698fc,2024-05-06 08:40:00
3936,49,add_to_cart,profile,11,9c855faf-023a-4502-a991-fe8e730f538e,2024-03-02 19:39:00
3937,951,page_view,checkout,37,24d33332-ae72-4999-a78f-952e751e27d8,2024-04-17 13:39:00
3938,809,purchase,checkout,95,c30198e8-6daf-4ef8-8480-3d5b7d872752,2024-10-22 09:16:00
3939,863,purchase,profile,60,03c399b7-6802-4014-b90b-b32f6ee42002,2024-05-26 19:10:00
3940,683,page_view,cart,5,54853c18-5f3d-4422-a534-2d0f429a1400,2024-04-19 03:35:00
3941,778,add_to_cart,checkout,31,dcb3f4b8-a7c6-4fb4-b2f7-afdf51040c9c,2024-07-12 18:48:00
3942,678,add_to_cart,home,78,ab9e6737-4d4b-4a24-a92f-e02dcc69ece9,2024-02-21 22:27:00
3943,738,purchase,profile,95,554693d1-4a44-4e80-b7bd-b0b5b68d2026,2024-08-25 02:50:00
3944,31,search,checkout,51,28288645-72c9-4a69-8900-9bbeb80cb216,2024-10-21 08:28:00
3945,617,add_to_cart,search,91,a684ce54-96e5-4274-9f7c-59e46938893c,2024-01-29 04:35:00
3946,202,search,product,60,32a02e0a-f4b0-4aec-9aa9-8b321400535a,2024-10-05 03:45:00
3947,482,search,search,46,bf7466fd-1a95-41d1-baf7-a4f289f162df,2024-12-10 05:30:00
3948,774,search,checkout,74,fdf9bbea-2075-4675-b041-6316063270df,2024-01-01 20:12:00
3949,32,page_view,cart,45,40fa6f29-a9b7-4c0c-9fe2-8c1f9e13dd1f,2024-02-19 05:37:00
3950,870,purchase,search,87,a002aa4c-fb19-48d1-aedd-75c92175e71a,2024-10-31 03:58:00
3951,912,purchase,profile,59,615de5a1-e9cc-46cc-af0d-ec87bc8e264f,2024-02-17 12:04:00
3952,253,purchase,home,14,78f00e36-48a9-491c-b806-8cc20002e650,2024-09-14 21:54:00
3953,868,page_view,home,3,7cbf273c-e20a-4e57-b3f7-bb5ad45b5c95,2024-12-27 14:12:00
3954,868,remove_from_cart,cart,22,e09d5f53-d57b-4d98-aafa-49653abf2534,2024-09-09 16:16:00
3955,377,page_view,product,57,a5002142-943e-4345-a810-543df80cf867,2024-12-26 02:00:00
3956,380,add_to_cart,profile,65,f2a08098-0268-4729-8f78-afddeab50dda,2024-12-23 17:13:00
3957,316,search,profile,70,245f48a8-9f8f-4029-8398-b86f8a2eb1be,2024-08-16 21:29:00
3958,559,search,profile,35,c29cc74c-405a-4e61-8c13-a4274610b1a2,2024-02-25 11:48:00
3959,397,purchase,search,57,d5946d6e-aafe-47c2-a393-6661b5e77c0b,2024-12-15 23:43:00
3960,531,page_view,search,56,28cee29c-2eb9-40f7-a05f-a798f2a15eb5,2024-10-07 09:29:00
3961,418,add_to_cart,cart,90,844533c9-0d2e-44dd-a70a-bd3e52b8014e,2024-10-22 18:25:00
3962,461,add_to_cart,product,26,f428ea85-628a-4bb9-94a0-97252b478df4,2024-06-05 12:55:00
3963,666,page_view,profile,60,9dc419e6-a93e-4b16-a491-16a44bcb392c,2024-09-18 18:06:00
3964,898,purchase,checkout,11,e8a9ada6-febe-46ab-b221-3a601bc1f98a,2024-01-29 21:41:00
3965,161,page_view,product,63,5a08058a-3549-473f-9aad-5bdb112cf7d2,2024-09-30 13:16:00
3966,113,page_view,search,79,fb7e9d03-c917-4581-847f-887503f90107,2024-12-16 09:28:00
3967,277,purchase,home,59,c54198ea-a708-4eae-a7b2-91ee15c1b2c1,2024-10-15 18:12:00
3968,540,search,checkout,66,2cd85c84-1b56-4d3d-80d7-ef3fe6b4237c,2024-05-08 17:31:00
3969,988,search,checkout,97,7f9f9d02-f752-4fb5-ac3b-51bfef08ca09,2024-05-06 17:10:00
3970,277,purchase,search,70,e415c104-455d-43ce-b60f-5eb39afe3b5b,2024-08-15 02:40:00
3971,421,search,cart,98,7eda1b52-5350-426d-ac18-70c33ea2895b,2024-06-28 02:55:00
3972,964,add_to_cart,home,21,09a2c944-f2e4-4b08-8981-dcc6d23126ff,2024-09-05 20:43:00
3973,481,add_to_cart,home,43,08b62ed2-efe9-4208-afef-8800683ef5aa,2024-03-06 17:05:00
3974,367,search,home,36,4c96bcc2-05e8-4a7b-b523-408198c12e8b,2024-04-08 12:40:00
3975,97,add_to_cart,search,14,a3457825-eac5-40ef-afb2-6b1cce872d8b,2024-12-29 10:44:00
3976,121,purchase,product,78,eb7e534c-0f2b-4aed-9a3e-35ed4e497c6b,2024-12-25 09:21:00
3977,88,add_to_cart,search,44,d4e6ef10-054e-48ff-9bdb-ce70b076289f,2024-12-22 16:36:00
3978,77,add_to_cart,home,65,f5810c26-3ab3-4d69-827b-ef37852ec0b2,2024-11-02 16:54:00
3979,85,purchase,search,13,194733cf-48a0-48ad-b174-7181745f3e76,2024-03-02 22:20:00
3980,622,search,checkout,19,57c445f4-8946-4664-bfc6-b39d0d6ac62d,2024-05-14 16:47:00
3981,216,remove_from_cart,product,7,fcc2f6e5-5c49-48b2-887e-ead69aea1e65,2024-11-17 13:30:00
3982,884,remove_from_cart,home,51,87b55066-0cb5-43c4-9ca1-17f773c86562,2024-09-07 03:08:00
3983,242,search,search,71,1479af39-2081-4167-85df-7451044170f8,2024-11-09 03:13:00
3984,725,search,profile,76,45f391cf-01a7-40d2-a49a-edd1f2c1e547,2024-09-12 19:24:00
3985,544,search,checkout,66,4eb8eb90-2f23-4e87-9c1b-eef514fd88af,2024-11-11 19:31:00
3986,802,add_to_cart,cart,26,0e4e5bb2-2b20-4395-9f41-c1abeff065e3,2024-09-09 04:19:00
3987,711,add_to_cart,checkout,95,c4bf7ebc-828e-4108-b5b7-ff7d7e696208,2024-08-26 10:08:00
3988,208,remove_from_cart,checkout,31,fde991ee-747e-4924-b3af-64272ae1b79f,2024-08-27 03:01:00
3989,680,search,profile,73,7f4c05df-3899-4204-a4af-a1fffafc3f7e,2024-08-14 06:12:00
3990,843,remove_from_cart,profile,54,d37e6e8d-cd1e-4a22-9772-edbb611d9b0e,2024-02-08 06:40:00
3991,936,page_view,search,43,b466d74d-a810-40a2-8fec-3f7be7e91fd6,2024-03-13 09:31:00
3992,79,search,cart,30,728b69c9-8f35-491d-a4f4-24769a3b5c8a,2024-06-28 06:02:00
3993,999,purchase,checkout,99,faf1ae52-74b7-47e5-a12a-273cfcf21980,2024-03-07 03:32:00
3994,478,page_view,checkout,85,1e32e9c7-d577-4de6-a6c2-07126a61d49e,2024-04-10 09:20:00
3995,888,purchase,search,34,1165d3c0-2195-4f62-8ea6-5229f77782a4,2024-09-19 07:36:00
3996,581,purchase,cart,16,9b79f489-01bb-4e97-9c30-c7390429c39d,2024-04-20 11:14:00
3997,126,add_to_cart,product,88,95bd6cd1-745e-45de-b6f0-d67905c1e919,2024-05-13 13:40:00
3998,614,add_to_cart,profile,73,e2832317-cca7-4a34-8dab-def0ba1aa627,2024-09-08 16:53:00
3999,916,add_to_cart,checkout,100,549d7dab-2484-47f5-96cc-4c4a30076fc5,2024-01-26 02:08:00
4000,287,purchase,home,8,952bae2a-8c5d-4f11-947a-b75cf56c75f7,2024-02-17 01:14:00
4001,522,add_to_cart,profile,28,4ffd9805-7be2-451a-a181-d3ac1ff46e07,2024-04-22 02:05:00
4002,161,search,checkout,78,50fbbdcd-55b8-41f5-8a2d-184d454ceaf5,2024-08-27 20:16:00
4003,854,remove_from_cart,cart,23,99b18f6e-df58-4637-87ba-819379b5ee61,2024-09-05 20:27:00
4004,684,search,checkout,49,6c115160-45bf-4396-8258-c743ebae81d2,2024-12-16 05:41:00
4005,955,remove_from_cart,product,66,0f554646-4ae3-4793-a1b4-16364f9e65dc,2024-03-31 06:31:00
4006,447,purchase,product,58,6ff20ca7-7760-48f0-8728-de26dcd3455c,2024-09-18 17:47:00
4007,256,page_view,product,5,853587b4-8cc9-4e8f-b392-34ec7e5f2e5b,2024-08-07 13:30:00
4008,106,add_to_cart,profile,27,49d64e00-3087-4471-912f-1619b41442ae,2024-12-20 15:34:00
4009,420,search,search,33,c15f12ac-0a2e-4b95-8fcf-63d0b2c64e92,2024-04-24 06:35:00
4010,197,purchase,profile,91,8907248f-8be5-4b30-bcb0-25958d10e512,2024-05-14 21:22:00
4011,678,remove_from_cart,profile,70,19535b20-27a3-4ed6-8042-79f7a2efd946,2024-03-18 14:15:00
4012,648,search,cart,34,024dafdc-e594-49f4-af46-89d6b8a175aa,2024-10-08 21:41:00
4013,102,purchase,checkout,13,fa159bb5-ecad-4618-8e81-1a2a771741ce,2024-05-22 18:33:00
4014,925,purchase,profile,13,468a73ef-ed46-4a7d-a991-70eb99fc84fa,2024-01-14 16:47:00
4015,778,add_to_cart,profile,80,406a2933-7011-4cc4-a27f-e18779caa552,2024-08-09 16:40:00
4016,152,search,product,40,d8b53444-b112-4628-9b39-c53e2bf415dc,2024-11-28 11:38:00
4017,62,search,cart,61,49586398-24f5-4109-8817-73224ff12e2d,2024-03-17 03:56:00
4018,351,remove_from_cart,checkout,31,6cceac44-8a36-40f6-83e0-0b2b07c9015b,2024-03-13 22:21:00
4019,152,remove_from_cart,search,92,cc628185-6727-4b61-9154-6149ec7bf292,2024-12-16 16:32:00
4020,375,search,product,9,e478db4e-e482-4c61-a6d5-3a3f55c88070,2024-03-13 21:18:00
4021,61,add_to_cart,product,65,b2161190-0f43-4a28-84ea-e11c16e247ec,2024-02-28 08:01:00
4022,805,remove_from_cart,search,96,c966d094-5b84-4c5f-a51d-4e61ed4e7649,2024-01-25 19:34:00
4023,477,add_to_cart,home,30,eaa56186-66bb-4b9d-b2dc-03de1fae9690,2024-04-13 03:42:00
4024,801,add_to_cart,profile,43,56ce2655-d69f-4375-8769-c02e86ebe367,2024-07-31 22:35:00
4025,4,search,checkout,31,4c0eb19c-1979-418d-bb55-b97ffebcc4a4,2024-12-01 08:32:00
4026,620,add_to_cart,checkout,44,6a4a7ca0-364f-4bbe-ac22-66da2baa377f,2024-10-21 09:23:00
4027,643,remove_from_cart,checkout,1,df50dc82-a15d-473e-8392-404bcb231b9a,2024-02-11 22:49:00
4028,679,purchase,product,61,44d7601e-55d5-4386-a836-baaf3f0c1f57,2024-09-17 11:13:00
4029,825,search,profile,68,d58d42ea-f2e3-4227-aa89-79b973d69e66,2024-12-30 23:29:00
4030,269,remove_from_cart,profile,64,2fcc0dd6-f521-4967-94ee-931d44372798,2024-04-18 13:17:00
4031,124,remove_from_cart,search,18,8fce6ee1-d8e3-4285-86a4-a6e210d2dbf8,2024-09-30 12:18:00
4032,677,page_view,home,72,ff17163e-d981-46e0-b983-0a9fb4841c9c,2024-02-11 00:05:00
4033,674,add_to_cart,search,4,3bd681da-ec3a-4faf-a6c5-e4bef7d56358,2024-01-25 05:46:00
4034,692,page_view,home,57,1ff0e4ec-888e-4825-a70d-2c5584b4950f,2024-10-17 13:41:00
4035,937,add_to_cart,checkout,51,271cb427-996b-441d-95c3-a04bf86ad658,2024-11-06 00:08:00
4036,5,remove_from_cart,home,2,33201761-aa78-4d08-99f0-c6e94ef3ba65,2024-11-03 20:12:00
4037,190,search,product,14,f16a28c1-8b3b-4f2f-ba5b-9bf4d382fb7e,2024-03-31 22:22:00
4038,137,search,cart,46,3c7d1f6f-0362-4b2f-8d05-66cdd0bf9c7a,2024-04-02 23:56:00
4039,27,add_to_cart,search,65,e42ba12c-274c-40ca-b005-850c809b2f1c,2024-02-07 06:21:00
4040,996,add_to_cart,search,84,d04425b2-a40e-48bb-94d4-08e5d8c3ab9e,2024-05-07 07:33:00
4041,544,add_to_cart,search,95,474d3c46-04e6-4989-8f8e-95cb07f0d0b0,2024-06-21 10:43:00
4042,721,purchase,search,54,fc1ebfc2-e59b-4516-9892-620dac4d340d,2024-09-01 19:24:00
4043,729,add_to_cart,profile,7,5f3cc135-d7dc-400b-9d5b-29f2b25d886d,2024-03-22 07:53:00
4044,823,remove_from_cart,search,67,3ba5e672-8923-4736-97d9-f720e4c4cd0f,2024-09-24 21:25:00
4045,2,page_view,home,1,37639a51-bbc4-4428-b676-3a58d6ee148f,2024-01-10 08:42:00
4046,404,search,product,46,8b9d2a92-ca7e-45a8-8bf0-d4b70deedcce,2024-03-14 22:19:00
4047,889,page_view,profile,44,4818b4a1-91ad-4746-8754-939090871b35,2024-01-29 14:26:00
4048,368,add_to_cart,profile,95,2a7330db-d760-4a00-88a9-a1a02fa36a66,2024-04-18 23:12:00
4049,325,purchase,home,93,4fc535f2-40bb-4099-94df-da91d8f177f1,2024-02-27 18:06:00
4050,430,remove_from_cart,home,73,326e25ec-3b52-4c0c-9ca4-0ef018bdf078,2024-03-11 19:33:00
4051,901,page_view,checkout,90,bc85fa78-cb50-4bbf-993c-0b5314ead6c4,2024-06-27 03:22:00
4052,137,purchase,home,13,ae83b8af-cfad-4a61-97ed-c2f0c9f4deee,2024-12-01 04:44:00
4053,496,remove_from_cart,home,94,82ff771c-7b6f-46c0-a4f2-f4b9ea6a836f,2024-02-28 04:59:00
4054,609,purchase,profile,99,f7486598-49f2-46cc-b2c2-da755ff6412e,2024-08-27 13:17:00
4055,138,remove_from_cart,search,92,35aa8909-c2fe-4b55-845d-655410381514,2024-06-11 09:57:00
4056,504,purchase,checkout,11,7cfe2dfd-8ba4-4506-8024-99b03ac3eda1,2024-10-26 04:51:00
4057,857,add_to_cart,cart,59,74f2e17a-b120-47c2-9fee-5937d988a1a9,2024-10-03 04:10:00
4058,122,add_to_cart,profile,18,75caf9f0-c8d2-4169-ae57-73b463f249b3,2024-06-26 17:33:00
4059,796,page_view,checkout,52,215d3ebe-08d3-4a31-8563-5328f083d6fb,2024-02-19 21:08:00
4060,601,add_to_cart,checkout,1,000708a0-0952-4d84-b471-1eace9c2845d,2024-08-07 21:23:00
4061,795,add_to_cart,profile,50,c9371bcd-f186-4453-826e-918a2039243e,2024-07-21 03:09:00
4062,782,page_view,home,18,bd06c3e9-77be-4dae-9999-203b27ff063a,2024-04-20 14:57:00
4063,994,search,product,65,32269210-4311-4995-961d-1fe57964d529,2024-02-16 08:44:00
4064,855,search,home,20,857e9fc5-95bc-407f-aa5c-2cb41a2cec2c,2024-03-25 19:32:00
4065,202,remove_from_cart,profile,66,a765d2ab-ef43-4d3a-9a4f-eb76a67e99cf,2024-08-25 08:29:00
4066,305,remove_from_cart,home,84,0bf86368-a00e-4f2e-bd87-a2b6d213a89d,2024-03-06 09:01:00
4067,287,add_to_cart,search,34,12f59efd-2e86-4db0-a940-0d527ea70d23,2024-04-05 22:33:00
4068,977,search,product,31,126630f1-bbe2-4f20-9e7c-d462502e5ea4,2024-06-27 23:46:00
4069,682,page_view,home,46,d3633533-e291-4c97-b49c-4c046cb6e840,2024-10-04 20:49:00
4070,176,purchase,profile,2,bfc10024-b48e-4f5a-8df7-78010910d1fd,2024-03-21 08:40:00
4071,900,remove_from_cart,product,67,94da8c99-8f7c-42c2-a0cf-84dd724e59fb,2024-07-07 18:52:00
4072,180,add_to_cart,cart,37,32e72d19-8c60-4d69-80b6-cfd94c563cf1,2024-08-03 07:45:00
4073,942,add_to_cart,product,12,551be237-8024-4a6b-b152-806c661f1d31,2024-02-08 02:39:00
4074,780,remove_from_cart,checkout,5,5a2a17b6-a200-4e8f-be0e-8180a2cd7a53,2024-02-04 02:31:00
4075,891,add_to_cart,profile,31,b721a6d2-aa5c-4654-9214-dcd624cdf0d3,2024-10-18 12:14:00
4076,833,page_view,profile,76,e5fff42a-d004-46f1-89aa-cee4cfbf7738,2024-11-29 00:57:00
4077,698,page_view,profile,89,a7a07f2e-20a0-4fd2-8ff7-e685514651b5,2024-11-22 01:29:00
4078,648,purchase,product,31,22ccc97c-ca5c-406c-ba10-c7809f5b0211,2024-09-08 16:23:00
4079,355,purchase,checkout,15,a33dcc46-9646-4c26-87b3-b763484ca283,2024-03-28 06:41:00
4080,891,page_view,home,56,f1f8c36d-7b21-40e2-a5f8-def02e1c7c8a,2024-09-11 09:59:00
4081,811,add_to_cart,home,20,30de12dc-e05d-4ae5-8585-d19d1c6d54ab,2024-02-23 04:01:00
4082,853,purchase,checkout,31,2b459897-a3e0-4b71-b995-f67e942532f7,2024-03-28 23:27:00
4083,463,add_to_cart,search,48,20f02c06-feab-4afa-9f29-46f741e5a469,2024-09-23 19:18:00
4084,526,add_to_cart,product,67,2f0dad33-621a-4450-8369-9bb34db10e57,2024-12-22 12:19:00
4085,708,purchase,cart,16,b2c564f7-8b79-49e4-bffd-479873ef3d8e,2024-03-05 12:26:00
4086,255,page_view,cart,76,4a73cd7a-aac7-440f-9a80-6e07b5978063,2024-07-29 16:41:00
4087,226,add_to_cart,search,20,e1675ab0-99db-4e88-a7b4-e699d9decf4d,2024-04-29 07:04:00
4088,492,purchase,checkout,30,e768fbce-7924-4a98-a66c-1b7732b593c5,2024-08-09 23:18:00
4089,769,search,profile,31,55b88225-13f0-4d4e-8f93-f0a320f8edae,2024-04-17 10:44:00
4090,817,remove_from_cart,checkout,71,06c1787d-acca-4cb9-a1a3-a146ab6252cb,2024-02-14 15:41:00
4091,739,remove_from_cart,profile,44,be66113d-8dc8-423b-9c77-44dbc2e8e1e4,2024-08-31 19:20:00
4092,569,purchase,profile,71,d50c515c-e63d-49a8-9b50-5a1cb2dcbe30,2024-01-25 12:24:00
4093,519,purchase,checkout,97,279776a2-7a82-498a-abd8-85226123f2b2,2024-01-28 19:54:00
4094,399,search,profile,46,08a3fb60-a057-45d3-8228-a362984d898c,2024-01-14 15:23:00
4095,399,purchase,product,69,4bb0e34c-7cf0-4766-8c5b-95a2b333eeb6,2024-07-19 23:11:00
4096,232,add_to_cart,search,71,d3f96537-a77f-4925-aceb-ba95c9dfb1db,2024-05-17 02:49:00
4097,885,page_view,profile,10,9c924551-220f-48a3-ae5c-c84dc0d8719e,2024-08-27 18:59:00
4098,357,search,home,89,fbbf333a-fe2c-40f6-8194-e1ee9375930f,2024-05-20 19:57:00
4099,971,remove_from_cart,checkout,86,e864f5a9-d325-474c-ba00-edf1d6bd1ee2,2024-08-02 01:13:00
4100,324,purchase,profile,24,b834cf0a-4553-4049-994b-b14ae78c3638,2024-04-08 21:35:00
4101,26,add_to_cart,cart,100,05ba1ff7-89f2-445d-96c7-4f2001b61c2f,2024-06-14 11:30:00
4102,977,search,home,62,e1f19a11-4ad4-49a4-873b-6dbea5348444,2024-10-29 09:57:00
4103,414,add_to_cart,product,86,59cdb047-763d-496a-b029-1d87b1efeb9e,2024-11-08 11:07:00
4104,949,remove_from_cart,profile,53,96e368f2-36f1-4c51-9abd-bab6362f69cd,2024-08-21 09:29:00
4105,938,page_view,profile,20,12bf1648-1f56-4290-a08c-b1c2649b869f,2024-04-14 14:23:00
4106,973,purchase,profile,14,d1e64ad1-126d-42be-91c5-9f4402e64da0,2024-11-13 01:16:00
4107,189,remove_from_cart,cart,82,425fa441-c818-4d43-88d3-8b73d21397ff,2024-11-28 12:08:00
4108,758,remove_from_cart,profile,12,1c2b1f98-2922-42dd-a6e4-cd80b2ff6802,2024-08-06 22:41:00
4109,511,remove_from_cart,search,60,7444a0a0-5a02-4d46-a40d-1ea3d148a403,2024-05-21 16:50:00
4110,620,search,cart,71,7ac93253-81a4-4970-b8a6-769850e471d8,2024-04-27 18:24:00
4111,45,remove_from_cart,search,26,3ca82d02-5e15-4e07-9f15-38d01eccfa2a,2024-02-27 16:08:00
4112,929,page_view,home,70,20fe1abd-bd43-4c62-9111-7dfe8004ffca,2024-03-03 09:33:00
4113,924,remove_from_cart,home,55,b4e9e362-a6b3-4338-842c-10c84d7d1bab,2024-02-23 17:28:00
4114,593,search,checkout,32,68426a2f-37ec-4288-ae7d-f7a7c58811b6,2024-05-09 21:56:00
4115,890,remove_from_cart,home,53,6c49b0ce-084a-4a55-9cad-5ac16eba38c4,2024-12-27 01:47:00
4116,874,search,search,23,0039199a-28e1-4146-bd91-5e8dbe87fbd6,2024-06-07 15:42:00
4117,605,add_to_cart,profile,19,022b8668-4e19-464b-8e87-c77308f693ba,2024-03-25 19:56:00
4118,508,search,product,99,5c722dff-d67a-4619-8390-f8d25f9033fa,2024-01-11 20:50:00
4119,941,search,search,11,16f26df1-ff83-49c3-bd2a-5eaed2ebf527,2024-08-16 18:11:00
4120,697,add_to_cart,profile,79,38a6d902-cdfc-4269-ba42-6f0a0eaa47f5,2024-04-13 23:48:00
4121,771,search,search,77,f239852b-0d72-4442-bd8c-c34ced833ab2,2024-12-30 01:47:00
4122,911,search,cart,97,8868fcd2-3e4f-400f-88e6-93788b925b34,2024-06-26 07:10:00
4123,491,purchase,profile,60,6f44c53a-bf99-4364-8cbb-a6b575231157,2024-08-30 01:22:00
4124,382,page_view,product,60,82fa4234-f0fd-4126-bc28-99a688d9b231,2024-02-16 17:04:00
4125,794,search,checkout,19,f1ed6dad-f420-4152-9ad3-de1c7748aa7e,2024-06-06 22:30:00
4126,438,purchase,profile,41,8a85aea1-ff4b-4279-b4a4-815f1a0fa238,2024-12-28 18:00:00
4127,347,add_to_cart,cart,98,6f9d3e3f-8c1d-47a1-a0bd-e803c857c082,2024-10-31 20:30:00
4128,365,purchase,cart,38,2e4dcfac-582f-467b-abb5-f9216944506c,2024-06-16 02:03:00
4129,111,remove_from_cart,search,72,2e1987ad-19cc-4925-b665-fed8e11ab7c6,2024-05-08 10:23:00
4130,357,remove_from_cart,cart,54,fad33e88-3f04-43ca-8f75-f93675ee92ae,2024-03-10 06:11:00
4131,852,page_view,checkout,73,75d70f29-14ad-416d-8a0d-bc23fdec7049,2024-02-20 08:44:00
4132,998,page_view,home,67,927c4289-be68-4489-9a2a-5f1adac397d2,2024-11-27 12:16:00
4133,195,remove_from_cart,profile,61,b54d440b-f4b9-4066-91bf-9e008713c5c0,2024-02-08 13:04:00
4134,511,page_view,product,77,54e4d90e-7f29-402f-8778-be863e506578,2024-08-29 05:31:00
4135,947,add_to_cart,home,18,e41496ee-c692-4f24-87b0-6a5c651a6ee5,2024-10-20 08:22:00
4136,915,remove_from_cart,profile,37,a58e57c1-8bde-4f3c-9760-e33581fbf1c7,2024-08-10 18:47:00
4137,481,add_to_cart,checkout,12,2030d63d-f006-42b8-80a0-bc9b325d8f3d,2024-05-15 04:17:00
4138,316,search,product,80,a32dffc1-997c-40b1-a437-83cbf4b8687d,2024-05-10 03:47:00
4139,464,remove_from_cart,checkout,21,47d214df-069d-4a7b-90db-eadccc3cc54e,2024-04-20 01:35:00
4140,629,purchase,home,88,194e6ce9-785a-43fc-a89c-3bea03b10e6a,2024-03-12 20:26:00
4141,931,search,cart,36,7ecfe140-eeb1-498a-a2cd-b24b5025f210,2024-07-15 11:59:00
4142,789,remove_from_cart,home,60,4f5ab1d0-49ff-4b20-b0f6-b6e9db318956,2024-04-20 15:08:00
4143,256,remove_from_cart,product,87,cf42a8f0-f64d-4435-9f40-c17bffefb254,2024-04-29 16:09:00
4144,208,search,search,20,1a7c1c1e-281b-4fec-bb30-60ef9fc855e0,2024-06-19 13:21:00
4145,567,remove_from_cart,checkout,49,c4d1b009-89cd-4c61-9c9d-e02ea4a4faaf,2024-04-11 15:45:00
4146,417,search,product,68,bf00188c-76d1-4356-9dc4-5331df566428,2024-08-29 08:57:00
4147,980,add_to_cart,profile,41,ecf18329-5845-47f6-a999-793ebef87599,2024-11-09 08:12:00
4148,492,add_to_cart,profile,48,0118ac9f-8e7c-4a07-8e74-6bbc09c8e298,2024-10-17 20:07:00
4149,977,search,home,45,d5603921-e525-4ca1-99c4-a332529dd71d,2024-09-16 00:56:00
4150,514,remove_from_cart,search,88,aed7f29f-b864-46bb-9fd7-304245d47439,2024-12-12 20:37:00
4151,896,remove_from_cart,checkout,55,31722aad-0a9a-412b-bd4b-0d9e544c0b72,2024-11-17 12:40:00
4152,166,purchase,product,70,378a9773-0861-4f53-8824-7426caf1041b,2024-08-26 04:16:00
4153,564,search,checkout,25,36c0d541-7a48-4604-94d2-29ea40809d2d,2024-06-12 21:54:00
4154,604,add_to_cart,product,15,5040b669-a0ab-4f0d-a5cb-b09ca0474986,2024-07-28 18:59:00
4155,233,add_to_cart,checkout,47,83b7d3bf-1ada-4e25-a241-4587b9c4a746,2024-12-06 20:51:00
4156,876,add_to_cart,checkout,11,e38faa0c-b1c4-4b38-8768-15dc744a6a8b,2024-05-16 06:10:00
4157,844,purchase,search,96,23ccd5ab-ce0b-4eb1-abe7-7bdceb80111e,2024-11-08 11:13:00
4158,481,purchase,search,70,47df45f8-8e01-4520-b04a-d4bea9a2f41a,2024-12-16 04:18:00
4159,56,search,profile,88,ed8ecd5a-7edc-4c92-b5cf-f39bf9c4da36,2024-02-15 19:53:00
4160,985,remove_from_cart,profile,15,33bbaa3c-4a49-4ddd-9e5e-ee4e3b87fc8f,2024-03-27 05:37:00
4161,331,remove_from_cart,checkout,3,71fdf7bb-1caa-4920-b440-b6a8c739b63a,2024-05-04 08:40:00
4162,565,search,search,92,9d7083a3-dc92-4aae-bf41-6d4889138d53,2024-04-08 02:37:00
4163,821,add_to_cart,checkout,89,99f42f5a-4378-414a-b00e-f9b896196ffe,2024-06-07 19:53:00
4164,617,add_to_cart,search,97,e4546479-12ac-464e-ae42-19b4a980268e,2024-10-20 16:10:00
4165,901,page_view,checkout,33,89bdc495-00f7-405b-a175-ac8e82cb445a,2024-05-26 19:16:00
4166,367,search,profile,66,4b9907f0-12a9-4eb5-bcda-d8543ee4ec4c,2024-07-21 15:13:00
4167,871,search,product,95,65f629a5-ddff-4824-b590-1262e37c0d5d,2024-02-19 03:08:00
4168,113,search,checkout,9,284d5b1d-346a-4c1c-b1db-d9fc914f7b85,2024-09-23 14:11:00
4169,762,page_view,home,10,341d80b8-70d8-402c-af43-fabbe823aff7,2024-01-07 04:38:00
4170,190,purchase,home,69,06c734f5-feba-44d9-8616-afcea808620f,2024-03-11 04:44:00
4171,634,page_view,search,39,f5cdac80-487a-43bc-b15b-b60cfcf45b89,2024-05-15 12:47:00
4172,504,remove_from_cart,home,63,bc5931c9-b094-4bc4-aed7-028d49aa0731,2024-07-06 00:54:00
4173,775,remove_from_cart,checkout,10,30a5c0f3-95fc-458c-b884-c4457ecc7a40,2024-12-29 04:59:00
4174,691,add_to_cart,cart,64,a1b15cfd-c1b1-40f5-a379-1da78a11af7f,2024-02-25 08:05:00
4175,80,purchase,checkout,27,b2f03269-8d59-40f2-9dde-48ed9fb06d1d,2024-11-09 20:48:00
4176,707,purchase,profile,40,75d1b848-da65-4eb5-8bd5-737fc03088ad,2024-06-23 01:25:00
4177,512,purchase,home,40,baf24d63-4932-4ead-9254-9036c251fdd4,2024-07-26 22:07:00
4178,101,purchase,checkout,49,122e9c6f-7884-42eb-b1cf-d3b29e5b21aa,2024-10-19 12:37:00
4179,216,search,home,15,555c382f-8c71-4983-ab41-b5dc5a051d7d,2024-01-16 19:35:00
4180,792,search,profile,70,4ae59ffb-e7d2-476c-afa5-65cb130a34a3,2024-04-10 22:40:00
4181,624,purchase,profile,25,e7a50086-fc30-4909-aab2-f5d589d2378d,2024-10-17 10:09:00
4182,469,add_to_cart,profile,53,a2c7996a-b483-4626-a38e-5eef812c928a,2024-09-03 09:06:00
4183,195,page_view,profile,35,3a730408-8652-4dbf-bc70-e80aba949b44,2024-07-02 00:16:00
4184,466,remove_from_cart,profile,36,a9f4f080-e536-4cc0-910c-7a157de142cc,2024-03-11 08:12:00
4185,538,add_to_cart,checkout,31,1aac1721-a8bb-4595-b389-ae1d7322f700,2024-10-26 00:51:00
4186,746,page_view,checkout,16,79935a1e-a8e6-4c40-80a2-d9e0ff6c6340,2024-12-03 06:26:00
4187,711,remove_from_cart,profile,75,1d8b1dce-59ea-444f-be7f-01c3f0c828f5,2024-02-28 20:57:00
4188,983,page_view,checkout,14,30120b70-852d-4e63-9ee2-86f7472900d5,2024-09-26 06:21:00
4189,802,remove_from_cart,cart,78,0c29b59f-46f3-4cb4-9cd5-d63638bc0db1,2024-08-11 18:45:00
4190,267,remove_from_cart,checkout,15,819f2e2a-ee1e-421e-90ba-a8ac27d3a999,2024-01-02 15:54:00
4191,665,search,profile,85,64e5ee36-7578-4799-b375-5bdb9a6d0f9e,2024-03-21 07:56:00
4192,781,remove_from_cart,search,43,8ef5f04b-f339-43f8-b9f3-0eb789cad181,2024-06-13 03:03:00
4193,465,add_to_cart,cart,91,1eb5656d-6440-4c76-8d76-c56f6c32b299,2024-05-10 20:45:00
4194,381,purchase,home,22,28ac412c-9995-4925-9250-8a1694949f19,2024-09-09 21:35:00
4195,618,add_to_cart,profile,85,fa19bad9-6c44-4cc1-9143-473b7f0618c1,2024-10-29 04:07:00
4196,316,purchase,checkout,17,91e7c610-b00f-4c70-9c99-556f2c105a4f,2024-03-22 16:39:00
4197,678,search,search,76,714c3045-92c7-4d81-8008-d0f9cff35925,2024-04-05 22:17:00
4198,179,search,home,26,c04b6175-5f49-4803-b17d-71080b934701,2024-02-20 20:51:00
4199,45,search,cart,55,3d672020-d61f-4535-941c-b3a6eb7fd310,2024-03-02 14:22:00
4200,586,add_to_cart,checkout,41,f1adc6aa-a351-4630-9711-335de8e10878,2024-10-18 18:13:00
4201,527,purchase,profile,66,16c4f4ad-58d2-4278-a0ef-04fd3135cd85,2024-09-30 16:57:00
4202,328,search,search,84,c5056d7f-8f08-4b85-8717-e18c3c05abed,2024-12-21 22:08:00
4203,560,page_view,search,72,be5771bc-c34d-4d0c-bc99-ac5b055f3d75,2024-10-27 12:24:00
4204,466,add_to_cart,checkout,15,261ecd82-908c-459c-ad7c-d41d86022ed4,2024-09-21 10:51:00
4205,26,search,profile,11,b339f4d6-3fa2-40f0-b8e4-ca3a66473aaa,2024-06-08 13:15:00
4206,945,remove_from_cart,search,8,766c6ca8-c017-404e-b510-d5c0b42f05ad,2024-10-07 00:23:00
4207,653,purchase,search,10,eae85652-b626-4f06-9f29-ee5408d18344,2024-08-10 06:15:00
4208,662,search,product,83,1a4b318f-7b55-452a-9436-5ac550d595bc,2024-11-21 17:10:00
4209,627,search,home,10,0c1064e9-7b9a-422f-9897-66ea4bce635e,2024-09-27 12:10:00
4210,275,add_to_cart,search,3,8b1f0f5d-8536-4519-8815-8ccbc7b5ba58,2024-12-23 03:05:00
4211,732,search,home,92,ca012e7f-fcfa-42ff-9a99-89bd82a503a6,2024-12-16 23:12:00
4212,739,search,profile,51,e5c655cd-3c30-45bf-b379-c67a2fcab330,2024-06-20 01:13:00
4213,885,page_view,checkout,82,75b06ff5-1e05-4acd-8f3e-e9c36ba3f5c1,2024-07-13 12:41:00
4214,345,remove_from_cart,checkout,44,adaac1fc-03e1-4f61-8dc7-aaac24d9110a,2024-02-20 17:59:00
4215,266,add_to_cart,product,68,ef097c9a-2fce-4981-a144-aefa60f8b8e3,2024-11-22 02:19:00
4216,632,page_view,home,52,1e0ababd-81b0-4f0c-a75c-6c5323cb0bc2,2024-07-26 13:15:00
4217,991,add_to_cart,product,47,ba6d7fcd-ab92-48f6-90c3-36af8edddea6,2024-10-05 03:55:00
4218,447,page_view,product,20,dd9fa1c8-64fc-4caf-884a-d131210ef8dc,2024-04-16 15:45:00
4219,505,search,profile,75,69c3f9d2-eb72-4066-8034-e56faa9a30c6,2024-05-15 11:03:00
4220,969,remove_from_cart,cart,89,5784806e-6e02-4c23-a482-8e3c1e70c1f6,2024-10-28 11:10:00
4221,723,add_to_cart,product,33,6f7c957b-5590-4931-a8dd-ab27b1f6a9eb,2024-11-18 23:50:00
4222,588,search,profile,50,a9d8b50f-b42c-4eba-8cde-b4ce19e6fcc8,2024-08-24 19:41:00
4223,319,add_to_cart,product,2,3407c15d-98c1-4e06-aef1-0ba2cca55a03,2024-07-04 21:32:00
4224,353,search,product,63,2d2a8123-46da-4613-bd82-fcd71e24d178,2024-08-28 11:56:00
4225,796,page_view,product,1,cbbf828c-908b-4850-bfc1-4566a44a6180,2024-11-25 18:42:00
4226,247,purchase,product,20,8328c73a-7655-4789-848c-5d0c062f105e,2024-10-16 15:50:00
4227,969,add_to_cart,search,12,c2f3efb3-6061-404b-9109-6afb47359d38,2024-12-30 09:03:00
4228,797,add_to_cart,profile,20,d7cf5a3a-8306-49e2-b9f3-41ef1d8797c1,2024-08-11 16:02:00
4229,553,page_view,cart,51,b482d9a3-1cef-4b55-865b-068f88d04910,2024-05-06 10:21:00
4230,794,page_view,checkout,84,14e2d97a-fe3d-4ecb-af22-bcb5617995fb,2024-08-07 13:40:00
4231,865,remove_from_cart,cart,6,f592c03e-e2d8-4863-8ecd-f58b181d6397,2024-09-04 18:07:00
4232,248,purchase,home,43,1732e69f-9237-4cfb-96e8-6e2f97c82daf,2024-08-28 20:07:00
4233,124,add_to_cart,product,57,558ace48-56ff-4f29-8fde-59ef5a050cfe,2024-11-29 21:10:00
4234,895,add_to_cart,cart,55,f569472e-6b5a-4d67-9ccf-2326aef857d6,2024-07-29 05:40:00
4235,334,purchase,search,28,4f9d9794-09a8-488a-8b70-070d43d70db3,2024-04-04 23:04:00
4236,779,purchase,search,37,2c10febd-7859-4d6e-8f1c-0b84a2f4a5f6,2024-05-24 11:51:00
4237,999,purchase,cart,42,03223607-1960-4caf-9888-3543fbfd68ea,2024-03-20 01:49:00
4238,101,add_to_cart,product,22,86659819-13f9-407b-a067-b2d1e3162f71,2024-01-02 11:31:00
4239,789,add_to_cart,checkout,14,7a1a493a-956c-4f54-af72-26720f80757b,2024-12-23 18:53:00
4240,287,page_view,product,96,f7838dae-8076-40b8-a288-f762f96989f1,2024-01-17 15:07:00
4241,183,purchase,checkout,64,3f95a667-fccd-406d-8cf4-47ad342e0be7,2024-02-29 19:05:00
4242,60,page_view,checkout,33,7a75721b-f8c9-4c82-9e80-278ded25696c,2024-11-29 12:02:00
4243,542,add_to_cart,profile,85,3e2f59b1-210f-4044-8e73-e153bbd020cf,2024-10-02 04:52:00
4244,115,search,product,57,ef593c01-9495-4eca-a464-25046f7825f4,2024-03-12 12:22:00
4245,677,purchase,cart,97,de5cf989-0921-4b10-8924-b871ff5dcbb2,2024-07-05 05:39:00
4246,256,add_to_cart,checkout,56,d3457cda-397a-456d-8be9-21be5870af41,2024-09-09 07:13:00
4247,646,page_view,product,23,78ddaaf8-6c80-4676-8bd2-bb8927606539,2024-10-17 06:52:00
4248,1,search,cart,70,399d3469-e8b9-4fa7-b5a8-ab379a68bab1,2024-06-22 02:43:00
4249,998,page_view,home,52,4d5328ce-ebfd-476a-ad90-3f475d97f80d,2024-01-15 16:47:00
4250,532,purchase,profile,17,d4f172bd-16c9-4e9f-a00f-974fede539f6,2024-02-29 13:18:00
4251,625,remove_from_cart,product,3,7b70b10a-5be3-4866-a3bb-8f03bae05e60,2024-03-13 14:53:00
4252,536,page_view,search,89,795c07c8-d04a-4da0-ad1f-506a7060232d,2024-04-23 05:20:00
4253,180,remove_from_cart,cart,69,a715ec75-75b4-4637-b498-05459df36858,2024-06-26 06:06:00
4254,512,add_to_cart,checkout,71,07dea0f4-8aa3-485d-98de-edf96c92ebda,2024-03-08 02:22:00
4255,661,remove_from_cart,checkout,63,1b40697b-fae0-414e-9fc2-08a340cebdd5,2024-12-01 02:37:00
4256,982,add_to_cart,home,10,1c6ffeb3-6683-42d3-8f0b-b6be7b8aca86,2024-04-02 08:32:00
4257,866,remove_from_cart,cart,15,ce9dc4ab-1b49-4256-a108-ddf606cc9622,2024-08-14 02:59:00
4258,668,remove_from_cart,cart,39,63fcd3e8-b105-452b-af29-c307a07363ab,2024-04-06 18:24:00
4259,68,search,search,4,49998de7-4859-457b-b12f-8f3e0c2212c7,2024-09-07 22:34:00
4260,195,page_view,cart,20,7e5e4616-59fc-4e73-9d9b-46463af9578f,2024-05-02 08:36:00
4261,610,add_to_cart,profile,83,3e2dbb35-b4a8-499c-a896-c07871af22d0,2024-11-28 15:46:00
4262,143,purchase,search,77,064d5101-3cff-453a-bd95-b22ffcaeaebb,2024-07-07 03:54:00
4263,592,page_view,product,24,fd84c446-549e-4bff-9510-dbed501594ab,2024-01-08 10:33:00
4264,332,add_to_cart,checkout,34,6245e570-7303-48e1-8f87-452dc47fb6dd,2024-09-28 11:32:00
4265,51,remove_from_cart,search,23,2a13c4d0-ca6f-471e-a7af-1677a1977934,2024-11-17 14:25:00
4266,655,remove_from_cart,product,26,b7c59cc8-7056-45c8-9276-80989ee58a27,2024-12-02 06:26:00
4267,593,add_to_cart,search,1,936aedb9-d843-429e-9e66-578c8d804f64,2024-11-03 03:19:00
4268,741,purchase,product,4,3ddcdb86-1f86-42df-ac00-2e915e7f40d9,2024-01-06 17:54:00
4269,45,search,home,18,67cd06f9-7784-4271-bcde-55cec0079284,2024-07-05 14:14:00
4270,509,search,product,16,364c5c9a-4e5c-44d1-9702-0ebcbb3e0edf,2024-01-24 10:25:00
4271,471,add_to_cart,product,66,9ac184df-810e-4f72-beb0-309f4afb4516,2024-01-17 13:24:00
4272,340,add_to_cart,cart,53,fae6e1c3-582a-4898-97e9-dfb77cbc5130,2024-08-29 00:21:00
4273,766,remove_from_cart,product,38,6e50f10a-3950-4dd3-97b5-312bd54c6377,2024-04-09 10:15:00
4274,372,purchase,cart,8,07798186-11be-4088-9cd9-f06e92e3aaf5,2024-03-12 13:30:00
4275,84,remove_from_cart,product,96,4a9dca61-ecf2-4dbc-b942-bd5820e167a0,2024-05-20 23:20:00
4276,344,purchase,profile,35,2cd2ec7e-fbef-4b45-9a66-ec6140f1b913,2024-01-04 09:57:00
4277,261,search,search,21,d591f81a-eb0c-4f97-bbd9-5213a327d002,2024-09-03 02:04:00
4278,46,search,product,62,e1a06116-0ddd-47fe-87a7-923b5b1ebf37,2024-10-16 01:33:00
4279,464,search,profile,72,1cb087c5-c720-4904-bc9a-2a56734f3d27,2024-01-20 08:04:00
4280,679,search,checkout,47,ca99d681-2a9a-473f-b906-a9f2b36b83db,2024-08-07 14:12:00
4281,562,remove_from_cart,checkout,96,77818bef-aab1-4dae-9023-444930f6c697,2024-06-02 21:33:00
4282,561,page_view,profile,4,81461846-7048-4f38-9df4-fd1a536bf0be,2024-03-01 21:08:00
4283,333,add_to_cart,search,5,0c0f52e1-7e45-4bc4-9db5-fbeb8ce38601,2024-06-24 06:11:00
4284,903,page_view,cart,92,1e98b0c6-13b0-443c-91e2-b8135c450407,2024-11-01 12:12:00
4285,846,purchase,home,38,5ea86e24-c4b1-4030-ad9f-786f8de9e509,2024-01-01 22:45:00
4286,133,remove_from_cart,cart,91,fdd1d9c8-e6f1-4568-8a37-6826f2b3d600,2024-02-13 15:57:00
4287,87,search,cart,73,fd0307a8-8c13-4621-b902-64a7fc365f20,2024-05-20 10:08:00
4288,515,add_to_cart,profile,10,8cf8d861-8f6e-4d43-ac1d-d7d2c27ea66f,2024-06-17 07:56:00
4289,246,search,search,53,e999f926-6882-49df-aae6-492273c49b93,2024-01-06 03:42:00
4290,34,remove_from_cart,product,71,f28d33da-8100-45f8-acf7-2250904c4da7,2024-03-05 05:28:00
4291,682,remove_from_cart,product,36,48297e99-cab6-42a5-93a9-9c1bd83153c1,2024-10-16 22:48:00
4292,333,search,profile,62,5f8a33fc-17b8-464c-bf9d-7322ad46a1ff,2024-07-01 13:29:00
4293,888,remove_from_cart,profile,85,c572ec69-eb2e-4c2a-bf53-72f96e959436,2024-06-06 20:13:00
4294,413,add_to_cart,product,24,aab7a330-62c4-457b-859f-c167da48d110,2024-06-13 22:01:00
4295,230,add_to_cart,profile,38,df2be792-5654-4640-a3a8-9481645f8163,2024-07-22 14:30:00
4296,525,page_view,checkout,81,b1c899dc-57c4-4ed9-b12c-c578ed1d474f,2024-12-02 23:47:00
4297,231,add_to_cart,product,51,25e0b4d9-1832-45fb-b567-956fe667da6c,2024-07-07 15:05:00
4298,996,page_view,cart,11,b319f1f4-7c46-4359-9d52-142cc08fd190,2024-09-20 15:13:00
4299,843,remove_from_cart,profile,89,c4f7d7c6-2c7e-4209-8133-1ae6f0efa2ca,2024-09-10 14:29:00
4300,528,remove_from_cart,product,49,60fcfb1f-b73b-46f4-a27d-0fa404a9fc34,2024-06-10 18:29:00
4301,617,search,cart,30,d0d461a7-3c0c-450a-9005-5c67ea9d7037,2024-07-13 05:02:00
4302,71,purchase,home,87,bad04673-62d5-4c0d-8f8c-e003d0415941,2024-02-27 02:56:00
4303,263,add_to_cart,product,8,76cc39a7-c69d-45af-82a6-4fe0ac39c5e6,2024-10-13 02:35:00
4304,235,purchase,product,99,effdffc0-56c8-4618-b81f-46d4f87d7e7b,2024-07-13 01:47:00
4305,672,add_to_cart,profile,39,a1f371fb-35a4-4852-98ac-741f0c3aa732,2024-07-23 06:59:00
4306,801,page_view,checkout,66,e746d967-7fca-407d-812a-fc47bb0909b3,2024-11-10 00:11:00
4307,254,purchase,checkout,32,e96e0d59-7673-406c-a005-23aa751b226c,2024-11-19 18:53:00
4308,939,purchase,product,56,301314f7-cda4-40fe-911e-b9f50977622e,2024-10-23 18:27:00
4309,623,page_view,profile,57,08ba6d48-b922-47ef-94a6-10197d16aace,2024-10-09 14:47:00
4310,38,page_view,home,59,7a901248-da09-4e4e-a1b7-242d5c315751,2024-05-16 10:12:00
4311,551,search,product,17,fbc839d1-37f9-41d4-8408-537e1c26fac5,2024-03-18 02:39:00
4312,486,remove_from_cart,home,20,7a35a296-b04e-430f-9a32-ba9e1ca0deb1,2024-09-17 04:15:00
4313,79,purchase,cart,32,b7741cbc-66bf-4aab-a670-78b659714af2,2024-01-15 07:22:00
4314,974,search,home,10,99f02e28-e9bb-46a5-b2c6-3e2c73397165,2024-10-08 02:32:00
4315,76,page_view,product,16,c110c13c-b700-44c2-a342-2968d8dbecc6,2024-11-18 01:22:00
4316,62,add_to_cart,cart,32,1def35f9-3a07-43a0-bd81-0b23219ea3be,2024-10-11 02:10:00
4317,700,page_view,cart,37,9ed9ab46-4a3c-4aa5-b1e4-6eb9b93293f9,2024-08-01 20:36:00
4318,449,search,cart,82,9723d82d-cf47-4d99-b20b-2e7164127615,2024-06-17 19:15:00
4319,710,purchase,profile,85,1aa6b9f0-467b-4916-b356-3b1a894e9904,2024-07-21 10:16:00
4320,907,remove_from_cart,cart,100,14ba0898-e2bd-443e-9af1-a8568627127b,2024-03-26 02:53:00
4321,543,page_view,search,92,756fb5f9-1a48-41c7-8636-995644ee4c17,2024-06-09 18:21:00
4322,303,remove_from_cart,search,56,c22be755-ad9a-4a39-915c-d91d47a5d00d,2024-04-30 09:34:00
4323,496,page_view,search,29,81574373-418a-4d37-8fd0-940d9d623817,2024-04-02 18:21:00
4324,823,page_view,checkout,85,95abe513-998a-434f-9838-9eca3343c680,2024-01-14 17:44:00
4325,110,page_view,search,75,4600b643-ae02-4127-b384-4b52b841b3f4,2024-09-13 09:52:00
4326,938,remove_from_cart,product,90,dc610852-edb8-4a8f-a50e-d6a83e2f1297,2024-09-01 13:05:00
4327,619,search,profile,69,ff65c355-df79-47a7-9ca1-403f3341e601,2024-01-05 05:16:00
4328,890,add_to_cart,checkout,35,8a31d7e3-ce8a-4b62-b25c-b816f25df338,2024-04-19 08:05:00
4329,759,search,cart,17,169d1cf7-2dfa-46e9-b53f-722de70f7af5,2024-05-17 06:59:00
4330,333,page_view,cart,66,ae9a499a-f6b4-493b-8284-472a151dcf7d,2024-02-26 09:34:00
4331,359,add_to_cart,search,88,a364c618-d726-4fbb-b90b-ca777f47468d,2024-07-22 16:12:00
4332,85,search,cart,76,4ce30cb7-b3cf-4ee2-80fb-83a882c84bff,2024-03-27 08:39:00
4333,652,add_to_cart,cart,60,0110a3d8-7cc1-491c-b66b-a35d289b4706,2024-04-24 15:08:00
4334,328,purchase,checkout,26,0f2352c6-4215-4889-8e3c-f03e5fa4e4ac,2024-01-10 13:14:00
4335,565,remove_from_cart,cart,82,c6cde57e-7808-4dc0-8f8a-afe46024355d,2024-12-31 12:04:00
4336,688,search,home,70,26b12558-45a8-47a2-82c0-6679618d7fcb,2024-01-30 12:15:00
4337,648,remove_from_cart,product,92,25608ad2-d818-4756-a00c-1a9112f980f1,2024-06-24 17:30:00
4338,871,search,checkout,57,3b29e81e-b8b9-4145-a58c-072b197d6c18,2024-03-24 12:11:00
4339,352,purchase,checkout,20,3fabbc40-a15f-4543-9704-1d77bd2e2e6e,2024-03-08 18:58:00
4340,947,purchase,search,21,415606a7-87e2-4024-a647-d64275fb3e1a,2024-05-22 16:38:00
4341,834,page_view,search,18,a129c4b4-5d29-4d26-8594-37e1b963768c,2024-06-02 10:23:00
4342,233,purchase,product,36,78293a4c-7fb5-48de-8076-de7d4f445c3d,2024-03-19 01:03:00
4343,624,add_to_cart,profile,92,026058b3-a1af-4a81-8489-81ac2e8feb26,2024-11-02 19:58:00
4344,424,search,cart,20,d4ca12c4-4d87-4533-9118-bbbe258a7ae2,2024-10-02 00:31:00
4345,974,page_view,checkout,94,f39c52f3-d4e9-406f-9eb5-87b1891f56d3,2024-12-05 14:04:00
4346,534,search,home,44,1dfe4e40-22c5-4d97-9494-e31fdf693a80,2024-09-28 10:34:00
4347,726,add_to_cart,product,59,d297a118-ea96-4f9b-acef-2a206c830d07,2024-10-27 22:13:00
4348,371,purchase,product,43,5e4759fc-741e-45ef-a0f2-8f66bc2fd216,2024-07-02 18:05:00
4349,432,remove_from_cart,cart,25,116f0e9f-2b67-4aee-a96e-77830a4de486,2024-05-14 19:46:00
4350,914,purchase,checkout,8,4043b412-6367-41af-b759-d1de09beedca,2024-11-09 21:31:00
4351,235,search,search,27,f38829ba-e059-432d-afe2-a1dac8f62348,2024-11-19 18:06:00
4352,685,page_view,product,66,d85aeb32-5170-4d70-b938-ec2ba873f25a,2024-02-17 03:01:00
4353,113,search,home,12,8d1f3b00-d529-436f-a401-02b05a74a313,2024-04-29 21:32:00
4354,657,page_view,cart,83,02e3442c-2f0c-4711-9698-d5f93509ab56,2024-03-13 00:26:00
4355,199,remove_from_cart,checkout,18,6c08d99a-62ab-4b2d-b22a-79528454617d,2024-12-03 08:15:00
4356,301,remove_from_cart,home,33,8aa49a1a-06a4-4f3b-865a-4bbb319781c3,2024-12-26 17:36:00
4357,31,add_to_cart,home,58,181972a9-b93c-45a8-ac54-8640ce667608,2024-08-15 05:03:00
4358,469,remove_from_cart,cart,62,882cd9cb-1f9e-44a3-bedb-885cd7b970a5,2024-03-07 20:47:00
4359,984,add_to_cart,checkout,56,7a287781-9eee-4d61-b604-5a16886a884d,2024-12-01 08:15:00
4360,587,page_view,home,61,b38a91db-88f5-4022-ac86-4236d26a4cf2,2024-04-02 05:35:00
4361,238,purchase,cart,16,0ede1a58-9ac0-4fca-9708-a8aded052153,2024-10-23 17:44:00
4362,722,add_to_cart,profile,84,39da60f6-7381-413e-a9c0-f2e72f270cbf,2024-11-23 16:48:00
4363,462,page_view,cart,68,83e64a1e-3c87-44aa-b618-ea8e08f1777e,2024-06-16 19:22:00
4364,622,add_to_cart,search,73,68b6de81-9fd6-4e39-b0a6-71e689b47622,2024-09-11 17:30:00
4365,155,purchase,home,78,d054dc4d-1122-460d-9c74-87e733ac08fe,2024-08-09 18:59:00
4366,496,page_view,profile,52,cbad57b8-f4cb-4019-ac0c-158e2bffe128,2024-09-27 14:44:00
4367,509,remove_from_cart,cart,94,b0866845-7b68-44c0-8fd6-cd990c8d9c2e,2024-03-01 02:33:00
4368,302,purchase,checkout,22,d7db73bb-ee1b-42b2-9020-9cf27a2075ef,2024-10-30 14:41:00
4369,266,search,cart,80,9f1afa76-49d1-4363-b6e8-f8497481107d,2024-08-17 23:39:00
4370,96,purchase,profile,15,7cdfe2fb-e86e-4bb1-8549-51da8f1cf343,2024-09-04 02:49:00
4371,820,page_view,product,90,412dd26a-9368-4b22-9b07-b2fa96b3b9ed,2024-08-12 13:51:00
4372,964,add_to_cart,home,76,b249c8ca-a6e2-4b9f-ae65-b86225c5430b,2024-01-26 03:48:00
4373,799,remove_from_cart,checkout,29,e368f8e0-9113-4ea4-bf1a-8f6ee09a6da3,2024-01-06 09:22:00
4374,152,add_to_cart,home,76,84428e78-66d7-47d2-9756-1337792945db,2024-02-21 06:16:00
4375,679,add_to_cart,profile,63,7399094d-5d0a-43f6-8a97-c8796361381a,2024-06-09 15:18:00
4376,420,purchase,checkout,49,3d091bfb-8325-4497-8fb2-c0758eb212ed,2024-06-12 09:09:00
4377,63,search,search,52,96830994-5d88-41cf-995a-f1adc12cdf60,2024-07-12 12:51:00
4378,292,remove_from_cart,home,57,a432c1b4-272a-47dd-bd52-fd995e4a6dbc,2024-01-19 15:12:00
4379,117,search,home,40,dd645f2e-bd08-4efa-a085-f0e56bf6a771,2024-05-17 23:10:00
4380,74,page_view,product,87,0a1f1d57-5b70-488e-a0e9-4ab495c4ae93,2024-01-01 18:47:00
4381,39,page_view,checkout,61,44fb5170-4d13-4685-b28e-8e7ee628f4cc,2024-05-27 09:13:00
4382,390,page_view,search,29,7f250ca6-df0f-4ab1-8c07-71a8a68159c4,2024-06-15 06:33:00
4383,331,search,product,38,5685ca69-216c-4c1f-b449-69539123b5f6,2024-01-07 13:33:00
4384,350,search,search,75,192eb576-6738-42e6-a438-752695a6a977,2024-11-29 06:44:00
4385,861,search,profile,12,b6b8e10a-dea0-4846-8d2e-943cc0e57374,2024-12-15 06:21:00
4386,945,add_to_cart,cart,52,4ea8da11-571e-4236-b9c5-9244518cb0b6,2024-04-04 22:17:00
4387,451,page_view,product,9,d22389f3-5e32-4ad4-bd6a-9bafff414a0e,2024-12-12 15:52:00
4388,805,purchase,home,17,a09df395-608e-46c2-be7d-c11fed48a7ed,2024-06-18 06:34:00
4389,807,add_to_cart,profile,55,79fd756b-2a4b-4541-bec8-f821c882a8ba,2024-10-24 15:49:00
4390,463,search,home,3,40843c47-bebb-4c08-917f-98a2a19131e9,2024-11-02 19:59:00
4391,185,add_to_cart,home,72,b2b3e2d4-990e-4cfd-83eb-a586b53f551f,2024-11-04 12:36:00
4392,374,search,profile,21,9b7ecf3d-7fd9-4da7-9987-4d564256a872,2024-11-18 11:04:00
4393,484,remove_from_cart,search,14,ee580c4a-70c1-4a63-8257-76e6380be472,2024-05-16 11:23:00
4394,585,add_to_cart,cart,25,17c1503a-76d7-47b6-a352-77cfe3322a73,2024-06-01 13:00:00
4395,342,search,profile,85,d44d726a-d91e-4304-81db-269384519d42,2024-02-20 03:56:00
4396,606,remove_from_cart,product,29,4dcadf29-8783-4bed-9652-9cdb4d420c06,2024-07-29 03:15:00
4397,503,purchase,cart,31,a06f25d4-a6c6-4b02-98db-f5c53711e45f,2024-06-01 05:16:00
4398,361,search,home,19,bc659e61-fee7-41cd-b569-926e195af4cd,2024-07-01 07:45:00
4399,389,search,cart,71,4371e7cc-b7e2-4e23-a7e9-730a8e09f00c,2024-08-04 21:17:00
4400,829,add_to_cart,product,15,990596b3-2736-4284-a239-331a3b3b4847,2024-03-01 08:52:00
4401,383,search,product,74,ab8fa2d0-7e9b-4adf-81b6-33da0a331121,2024-12-21 04:45:00
4402,703,page_view,profile,64,9be30592-a5eb-46e2-9305-85849fd7b202,2024-09-01 01:33:00
4403,816,add_to_cart,search,47,8d5a86ed-db46-4100-9d65-b41df7550758,2024-12-01 08:00:00
4404,443,add_to_cart,cart,13,1bc98112-f985-4212-a7e2-46428591a358,2024-07-11 00:39:00
4405,521,remove_from_cart,profile,12,0641b24b-6e87-49c8-a7cf-0a91c0fd70fd,2024-11-21 08:23:00
4406,708,remove_from_cart,search,25,c5e2d2b1-75b0-4161-ac8f-6a8b88552c22,2024-01-27 23:12:00
4407,553,purchase,home,95,7546abb7-6033-4b2c-b6de-9347b50553ff,2024-08-04 10:44:00
4408,384,page_view,product,69,41192692-6c41-4747-9d3d-7164e8e67ccd,2024-03-01 04:04:00
4409,978,search,cart,8,d16f1163-544b-43a7-b07b-b9564026c69d,2024-09-06 12:25:00
4410,507,add_to_cart,profile,73,4f224fe6-f100-4446-bb40-d586c33ae250,2024-01-17 09:36:00
4411,938,page_view,checkout,71,a3281b90-7531-46cd-81bc-838f7a3060f3,2024-03-31 09:14:00
4412,199,purchase,home,52,eb6a6dbd-272a-4acf-a404-73ffd80ae464,2024-01-01 23:27:00
4413,873,add_to_cart,home,23,afa08662-11db-4643-8139-4d9ec444a9af,2024-07-04 17:52:00
4414,244,purchase,profile,92,ae4137fc-b717-4c68-b26b-16010f449eeb,2024-07-14 17:59:00
4415,931,add_to_cart,profile,37,ce878c67-e375-49d4-94b3-f49e9166c200,2024-01-29 12:48:00
4416,899,add_to_cart,profile,67,0dcc3dcf-71bd-49e4-ad33-74904c599c11,2024-11-18 07:52:00
4417,293,purchase,checkout,9,9e51c407-8e56-4c3a-a853-7a992b6203a1,2024-02-25 15:18:00
4418,946,search,cart,30,6be32110-da94-4383-aeb3-9bdd7a3fe08c,2024-09-25 14:25:00
4419,473,search,search,77,411ed664-bb73-440f-8650-772615cd4fb9,2024-08-18 20:26:00
4420,311,remove_from_cart,product,30,da646b77-86de-4de0-ad31-3fde43e580de,2024-02-15 22:10:00
4421,321,remove_from_cart,checkout,87,2d1e6954-d89f-45e8-afdf-c4f018ce9132,2024-07-10 12:01:00
4422,565,page_view,home,59,8ab32b30-3182-40e4-9a96-554ee2f6f305,2024-11-12 07:43:00
4423,482,purchase,product,24,f0fc8c58-1565-4932-9313-222884b22aeb,2024-05-25 03:19:00
4424,935,page_view,search,69,43aaab8f-8deb-446f-9a66-1b9c4dfaa39a,2024-02-23 23:03:00
4425,795,add_to_cart,cart,3,20921171-9177-4d15-a1c7-ca8d5bf18f3a,2024-09-09 17:50:00
4426,329,add_to_cart,checkout,28,59c90522-243c-4c7b-b739-2bb3c5716158,2024-12-30 20:15:00
4427,334,page_view,product,99,b9aab0e4-26c6-4c8a-8c5f-7165394f2d82,2024-01-07 13:30:00
4428,741,add_to_cart,product,86,b2ed919a-d7a0-44f4-a2ab-b49baa478785,2024-10-07 04:58:00
4429,465,search,home,33,4bc7645b-25b1-48b2-a69c-36caae59cec7,2024-07-31 19:24:00
4430,793,purchase,checkout,61,6de0466c-836f-4184-963d-3cdc46d5f3f8,2024-02-10 09:36:00
4431,540,add_to_cart,search,51,43f55821-ad47-49da-800e-4d24cac0c89f,2024-06-06 17:34:00
4432,869,purchase,search,89,226c0036-fe97-4c62-8c00-80ebc2bd7e46,2024-11-25 16:43:00
4433,660,purchase,profile,97,da3df15c-d129-4e85-8d96-98912b654672,2024-04-10 16:04:00
4434,865,add_to_cart,search,35,c458a6c2-e29b-40e4-a3d9-e91673caab29,2024-07-11 11:57:00
4435,503,purchase,profile,5,7366c3dc-f162-4cd4-80b9-0b5f2f9baf93,2024-11-26 04:17:00
4436,605,page_view,product,40,a0e23b46-9ad6-4058-b04c-326e2fcae42f,2024-07-28 18:01:00
4437,168,remove_from_cart,search,85,75b3ee51-4831-4252-b870-fb4fecef049c,2024-07-14 17:05:00
4438,445,purchase,cart,2,d944f8e9-e618-454a-b6c8-042f028003c7,2024-02-11 15:17:00
4439,561,search,home,76,b4dba5ca-6855-4c42-a908-a85aa696bccf,2024-12-24 01:07:00
4440,728,add_to_cart,home,88,193e55a8-3fe1-4380-8e17-8ee0dedde04a,2024-04-04 17:30:00
4441,707,search,product,26,773782d6-5e11-49fe-a645-a737246fa4b7,2024-03-23 20:03:00
4442,819,purchase,profile,85,cf895b28-955d-47ad-9050-9dd99b58c17d,2024-08-12 22:58:00
4443,89,remove_from_cart,checkout,98,57e2175e-a493-44eb-8f39-12a4b6205047,2024-12-19 15:40:00
4444,867,page_view,product,98,51554692-8caf-4376-a0ac-7b76b5ec9fed,2024-02-17 04:32:00
4445,421,search,home,88,801c360e-aa69-4088-a92a-6894096d549f,2024-05-07 23:09:00
4446,126,remove_from_cart,checkout,94,acb0d107-2ba5-4a01-b570-791a25b7e641,2024-06-24 05:22:00
4447,186,search,cart,29,1ad8c778-5771-4e7a-9740-667233329540,2024-10-02 13:12:00
4448,866,add_to_cart,product,22,bdc5c1d6-90b3-4ddb-9a15-b8230c89d435,2024-02-06 15:03:00
4449,686,remove_from_cart,home,57,2f67f2e8-e0f7-474c-99ce-871218327fa4,2024-06-19 14:46:00
4450,567,page_view,cart,62,89b2e1e9-f613-4e9f-906e-f9643520a33b,2024-10-15 20:56:00
4451,606,remove_from_cart,home,21,915af34d-63e0-411e-9e77-347dbcf416d3,2024-07-12 08:08:00
4452,571,search,checkout,73,357b6bfb-e7f8-4dd0-83d6-7022ef2b3576,2024-08-19 01:23:00
4453,757,add_to_cart,product,54,b88a7ba0-b230-4647-a56f-376d520e4c57,2024-09-20 12:26:00
4454,476,search,home,15,29a32bcb-7202-461f-896f-96ccf561765e,2024-07-31 16:59:00
4455,714,purchase,profile,14,08b5bfe5-3455-4699-8007-ef7ea10202a1,2024-10-05 03:45:00
4456,274,purchase,checkout,18,8e53e455-e0a0-43e1-a63e-ae006e83960d,2024-03-10 05:05:00
4457,267,purchase,profile,11,7b821aec-400b-4eb9-b602-238deef748d3,2024-02-22 23:57:00
4458,590,remove_from_cart,product,53,49c948f1-e394-4575-8be5-b9dcf3efebf5,2024-07-22 11:12:00
4459,206,page_view,checkout,57,b8ed78cd-c317-41ec-9cbd-bab30ddcedd6,2024-08-19 07:39:00
4460,896,remove_from_cart,cart,33,0c21de2a-38c9-4456-9952-38d0b303ca64,2024-08-31 23:21:00
4461,364,purchase,search,86,01fa7a0d-38c3-44d3-aba4-358ebaa9450a,2024-03-11 10:54:00
4462,945,remove_from_cart,product,60,228504ca-a82f-440b-b5a9-61047bf972da,2024-12-09 15:55:00
4463,942,page_view,search,98,707aee59-360a-4003-9b80-5d5c13705528,2024-06-20 20:20:00
4464,80,purchase,search,86,eca567d8-4c3e-4019-bf8c-30c88687bd08,2024-08-27 15:02:00
4465,17,page_view,search,35,0fa4955a-0a00-4f2e-a5b4-cd60f4e23d8b,2024-10-06 08:22:00
4466,441,remove_from_cart,profile,67,2aaad7d2-3214-46cb-ab54-790678b5c00c,2024-12-20 01:14:00
4467,379,purchase,checkout,95,eee9b800-429e-47d8-bab6-983e0a51d5fc,2024-08-05 03:04:00
4468,355,purchase,cart,8,1e468769-d344-4d46-92b1-05a37fd413d5,2024-06-11 17:31:00
4469,217,remove_from_cart,product,21,6f35a82f-45c8-46e5-a3cc-0b744efbc41c,2024-12-21 05:22:00
4470,958,add_to_cart,search,51,44308807-3c57-43b5-9b6b-5f03e6688d0d,2024-02-28 21:33:00
4471,127,purchase,product,16,cab80012-b9f5-46ad-a75a-3933427676da,2024-05-08 07:03:00
4472,635,page_view,profile,23,11d84da2-0988-4465-90cc-1bea5abc88b5,2024-01-26 12:32:00
4473,79,search,product,55,22e55208-b321-4d45-ab7e-c68868e96486,2024-11-04 03:08:00
4474,257,search,search,87,f2f03f9d-4ecc-42db-bc77-07962fb2f6d8,2024-08-23 03:42:00
4475,251,purchase,product,72,9fb55d17-c70e-41c7-9db4-8346cd6e2444,2024-10-05 23:31:00
4476,708,add_to_cart,cart,81,c601c631-fcb4-4255-a4bc-64bd91e56077,2024-01-24 22:50:00
4477,33,add_to_cart,cart,31,ea8ae118-d696-41d3-abd7-c048a37399aa,2024-03-20 08:00:00
4478,897,remove_from_cart,home,89,e8035a96-63d6-44c9-9910-45ade003d122,2024-05-16 18:05:00
4479,102,add_to_cart,search,7,d6a5cf46-5f5e-4311-baf0-59d2a6e5a0a7,2024-10-04 02:41:00
4480,570,page_view,product,61,c656e3ca-db1a-4f94-9c96-6dd1a0147b8b,2024-10-19 14:43:00
4481,658,add_to_cart,cart,81,99f6a17c-54ea-4d7e-b7b6-53224cd8792a,2024-02-05 14:16:00
4482,188,add_to_cart,profile,53,4fcfa2df-f8e0-4848-9b8b-f71a0c051b81,2024-06-11 08:35:00
4483,548,remove_from_cart,home,7,f532b08a-07ef-48a4-929c-15afb9bb1b11,2024-02-24 00:56:00
4484,130,page_view,profile,97,2a1d4b88-b344-4461-9039-3d5500eec500,2024-02-28 07:42:00
4485,208,remove_from_cart,home,58,4d36cac8-ed32-4b8c-a0ba-ba395e79b1d7,2024-09-15 02:16:00
4486,965,add_to_cart,checkout,87,90e13fdb-c317-4a71-a511-b218c7ae4d83,2024-07-22 07:11:00
4487,946,purchase,cart,73,57387e4e-6840-4024-9c85-428e6e8a38e2,2024-04-06 08:32:00
4488,486,remove_from_cart,cart,88,5df5624d-c36f-4600-a714-b60628aef347,2024-05-02 10:42:00
4489,352,search,checkout,70,8909b342-276e-40f1-bf79-8b4614fe5077,2024-08-17 20:44:00
4490,748,search,search,56,9b4807ea-2e7d-454b-8197-72e585949709,2024-05-04 05:57:00
4491,241,search,checkout,55,4de2b990-81b8-49d5-9c70-23769d605472,2024-06-02 05:36:00
4492,992,purchase,profile,34,fdc7234b-b501-493f-b411-73a5a276c581,2024-11-18 04:09:00
4493,288,remove_from_cart,home,93,dc8d592e-d70a-47f9-9ad6-14f005a1e795,2024-08-15 11:13:00
4494,940,search,profile,55,c7118e38-12b5-44b3-ac07-942a7d232076,2024-09-04 14:23:00
4495,225,purchase,product,16,127d8c0e-03d6-4a51-9228-4bccc93d2209,2024-01-04 04:58:00
4496,497,add_to_cart,profile,43,255c9289-9f8c-48e6-8819-41bfacfd2a0e,2024-10-09 23:04:00
4497,62,purchase,profile,76,4671378f-4fe5-4be1-a3e1-9dffa5735b32,2024-01-31 04:18:00
4498,497,remove_from_cart,checkout,62,438e064a-4d62-4fe0-aa38-9ee480c4d1a7,2024-11-17 00:58:00
4499,717,purchase,profile,62,f6d2ccf2-f064-454f-b7fd-63b9d5daa035,2024-01-19 05:49:00
4500,70,remove_from_cart,checkout,34,8051d881-db7a-4a03-9584-ef07d9a31cfe,2024-07-03 10:53:00
4501,36,page_view,profile,35,5a97924c-4a1b-4702-92ce-b3044bdbbca5,2024-10-10 20:49:00
4502,144,add_to_cart,cart,85,6db883d8-53bb-4ef1-a8c5-6679d11c3104,2024-08-16 19:36:00
4503,230,page_view,search,35,d68a37e0-b776-4068-bc03-98f7dbdbb6fd,2024-06-19 21:44:00
4504,452,remove_from_cart,cart,25,c48a307f-c0e7-4ac8-aaf4-256f0e4a8254,2024-02-14 14:03:00
4505,970,purchase,checkout,72,0ae990c9-055e-4edb-8ec5-4f9d69931367,2024-04-10 12:31:00
4506,871,purchase,home,88,2ac6d138-a939-44b7-abab-b4a0ce506cf1,2024-07-19 18:27:00
4507,533,purchase,search,79,e33efc82-df7a-4af7-82de-1fb89475a5f3,2024-03-05 16:24:00
4508,248,page_view,search,22,28483fe9-1ecc-473a-bb53-c2a48e5db54c,2024-06-13 07:41:00
4509,636,page_view,home,45,44af9ff5-3b27-458f-bbca-45c720e89135,2024-05-16 07:04:00
4510,387,purchase,profile,1,47ccb788-ab5e-481f-a5d8-e1540fd98566,2024-05-17 01:16:00
4511,880,search,product,22,0b128776-e43c-48a9-a98e-e0ffe3411fe2,2024-03-25 08:03:00
4512,881,purchase,checkout,92,409b2e4a-2d3e-4357-b741-dd959f3629ad,2024-08-03 00:49:00
4513,897,purchase,cart,6,44f4657f-cd26-471f-beca-bd019ebc6e83,2024-07-11 08:24:00
4514,165,purchase,search,71,18b26480-5f9e-4e0b-a845-940884bfb457,2024-12-29 13:26:00
4515,207,search,home,1,2273c209-8a9f-4c61-918a-4556df92eaca,2024-04-14 06:06:00
4516,198,purchase,cart,68,7f58a5b2-099e-464d-9f10-1a22f839f2d9,2024-12-18 14:32:00
4517,49,purchase,checkout,50,c4f784a6-e0a5-403c-97df-6faed4ad3cd8,2024-08-15 14:42:00
4518,361,search,product,15,234e5b9f-b82a-4670-bf7c-a65300137ee8,2024-04-14 21:43:00
4519,651,page_view,product,76,b37cb385-f58d-4dbb-b719-cb8a7b9d590d,2024-09-07 16:23:00
4520,977,remove_from_cart,product,74,e0d3569e-3c37-4355-bef5-b29338b7e7ff,2024-08-06 08:33:00
4521,684,search,profile,28,51c2b4e8-c3b9-4c33-acb9-1513f1e25fae,2024-10-28 17:32:00
4522,815,purchase,home,91,5fc06717-e5a9-4cf9-bc08-d1b07a0e39c1,2024-02-28 06:37:00
4523,367,remove_from_cart,cart,30,44028a1b-a970-4c16-8bfe-093c090407a4,2024-05-26 01:20:00
4524,275,page_view,checkout,85,2f83f42e-8e85-427d-b8bb-4582e0f0fe52,2024-04-04 10:23:00
4525,728,search,home,66,f6e37611-f44d-4f33-85d9-7daa6d0ed13c,2024-02-06 15:53:00
4526,717,search,checkout,77,66835357-5a4e-4fde-8d17-5c8796408653,2024-09-05 15:58:00
4527,692,add_to_cart,search,69,5dc2c88a-8f11-46d6-bf7a-45cbe68363ed,2024-08-21 07:27:00
4528,29,remove_from_cart,home,99,ce48c60a-6c37-4ad4-a86d-6a18e0bb68bf,2024-02-09 00:43:00
4529,206,remove_from_cart,product,46,cdd47108-1d87-4761-98bb-8559a04e8ad7,2024-10-14 07:39:00
4530,630,remove_from_cart,product,42,9a727b49-1266-419c-b01e-5630a125d7ef,2024-09-13 01:03:00
4531,27,search,checkout,25,1638af38-f854-4f21-947b-5e65b2bbe44b,2024-02-13 16:02:00
4532,800,page_view,search,69,0811595f-5415-49e3-86f1-de1753f1bd5b,2024-11-21 12:15:00
4533,203,page_view,checkout,50,06858440-3a50-4776-8971-cd328d5aa4b0,2024-06-26 19:14:00
4534,999,purchase,product,41,04fc0292-741d-4ee1-94c4-438c9c7850cc,2024-01-26 02:02:00
4535,921,add_to_cart,search,6,3cc26e16-b861-423c-aec9-361bad51addf,2024-01-06 12:06:00
4536,708,search,cart,65,92ec955f-2d14-4a42-aba0-258757e5ea50,2024-12-14 15:12:00
4537,8,page_view,search,24,4b81d9ce-116d-42ea-9f0b-2430bb5c180d,2024-06-02 21:17:00
4538,893,page_view,search,80,89de4ae1-34a2-4f17-b124-937d310dd398,2024-03-21 07:17:00
4539,546,add_to_cart,product,23,ce18903f-0f8f-4d2b-91d0-346f21a753f1,2024-05-31 14:05:00
4540,357,remove_from_cart,profile,16,c89d27fa-2b8f-46b2-a8ee-83b98e0df9d6,2024-06-12 02:21:00
4541,908,add_to_cart,search,47,67b2f88f-f04a-424f-a64f-ff5467cccb9a,2024-05-25 17:48:00
4542,594,remove_from_cart,search,67,0963b15f-76ab-497b-a101-d73890f0a038,2024-08-13 23:05:00
4543,92,search,checkout,82,1c6967c5-1f0e-4e5d-ba3f-bbde6fbe2ac0,2024-11-07 00:08:00
4544,121,add_to_cart,search,55,dc39a7af-2738-4317-b432-d541c5267eef,2024-10-04 12:51:00
4545,930,page_view,profile,83,08824fa7-cd1c-46fd-a39c-2d1530bb69ad,2024-02-22 23:44:00
4546,557,add_to_cart,search,40,f70af6cf-1197-4f9f-b65d-d9a7984169b6,2024-11-15 15:49:00
4547,329,add_to_cart,profile,63,388038b9-e438-4643-ab1d-34ccab580aa1,2024-12-12 03:09:00
4548,595,page_view,cart,21,d75ae4bb-ca00-4150-ba70-624f6c7ce72e,2024-05-26 00:33:00
4549,852,add_to_cart,checkout,37,e3ddda95-6dde-49a3-9f3d-c4591cf6c665,2024-07-14 03:39:00
4550,542,page_view,checkout,40,2a6cfe0e-e805-4e69-9e14-2536b3268888,2024-06-01 07:13:00
4551,655,purchase,product,4,12534ef9-4333-40cc-b56d-426ddad4c6e5,2024-11-06 01:02:00
4552,605,page_view,checkout,23,a3bc4c9a-c2e9-4f8f-9a9c-00457f65b0b1,2024-11-12 19:46:00
4553,820,page_view,profile,29,c89de88d-9a80-4a59-bbbc-293ae43722c4,2024-11-07 01:16:00
4554,103,page_view,profile,36,1816aa9d-94f0-42da-a031-5a2e2a7a1503,2024-01-28 12:14:00
4555,223,page_view,cart,60,4fff25b8-f095-404d-87c8-ed2e967dc5c4,2024-07-20 15:12:00
4556,21,page_view,profile,79,6d13f144-139b-4410-9c75-d3af95d693f9,2024-02-23 12:18:00
4557,960,purchase,home,79,d16ad87b-d360-4494-a12c-4f23a6b2a7d1,2024-02-08 10:35:00
4558,711,remove_from_cart,product,5,e19da122-9e39-4f1b-88cf-a93222eaf3a6,2024-09-22 19:26:00
4559,894,purchase,cart,51,5c365b18-be46-4c73-bd33-3fb2c1c139d3,2024-05-04 02:51:00
4560,973,search,cart,44,315c1d70-f77e-446d-95d2-aa3825830083,2024-03-20 20:44:00
4561,205,purchase,product,14,c779474f-9c79-4e27-9fbb-d12214441ebb,2024-11-07 00:12:00
4562,965,purchase,home,92,9fb5ea57-6717-4f5b-b195-acaf06bd501e,2024-07-17 10:17:00
4563,230,search,cart,33,3da391fc-d1b4-4d17-adb0-140568cd0a48,2024-03-02 20:08:00
4564,446,add_to_cart,product,83,d554388d-6f18-44a8-9e8a-c42946974036,2024-11-27 13:11:00
4565,237,purchase,profile,99,782f1e82-80e4-4e17-88f3-f9e64659ba0b,2024-08-01 06:17:00
4566,335,search,checkout,21,e086bc4e-c97a-4e5e-b073-0790031d73d9,2024-08-09 06:57:00
4567,380,add_to_cart,cart,17,95bd72ee-b514-4613-9073-de1d26813d3b,2024-12-25 21:52:00
4568,172,purchase,profile,59,80dc9ac1-146e-42da-ab8f-6ece1ee3c5db,2024-05-14 16:54:00
4569,39,purchase,checkout,51,aa7061ad-2b19-42ef-b346-989392fb2613,2024-07-30 01:59:00
4570,907,search,checkout,41,caa8e0be-cfd7-4081-a824-f7c9871932f8,2024-06-05 11:45:00
4571,750,search,product,82,345aa332-0d2a-4f85-9214-9dadb247d398,2024-11-16 10:17:00
4572,291,search,cart,95,6b817b82-d335-494f-8429-cdc9c5bca2b5,2024-02-05 14:27:00
4573,305,add_to_cart,cart,97,7158ca64-70b3-4608-af7e-79e2881f5bae,2024-10-28 07:11:00
4574,492,add_to_cart,search,33,ab081482-6b2b-4fec-a88e-912556ad76c3,2024-09-29 17:51:00
4575,486,purchase,home,1,4f1eb5fe-a8b6-47f9-b46d-3cc8a238a6db,2024-01-29 21:58:00
4576,324,search,cart,69,0560c34a-99b2-4b08-849a-a75ce162bd94,2024-03-13 15:59:00
4577,43,purchase,search,5,4b88ada1-d107-4a6b-b2a1-c0d7f166c27d,2024-10-10 14:41:00
4578,115,add_to_cart,home,96,bf2389e0-e224-49df-9cd3-24ab890a7d4a,2024-11-10 14:09:00
4579,929,search,cart,66,2d686fcd-f0c7-4d25-82fe-9e9018a787a4,2024-01-28 04:52:00
4580,822,page_view,search,21,5cc4b975-c26c-4f72-8728-614a4ec192f8,2024-01-25 22:42:00
4581,684,purchase,cart,50,7330aaf8-165d-43b3-bf9c-9a9f38dd89e5,2024-01-12 04:33:00
4582,922,search,profile,81,d1d48757-1e94-44ed-8f7e-a64545cf0e98,2024-04-10 13:33:00
4583,370,purchase,search,53,cd07fa86-aa85-4e91-bbf1-b1ecda7b31ac,2024-01-20 23:05:00
4584,355,search,home,33,97bbf397-8011-4c67-9dfc-8fe34d919329,2024-05-05 19:13:00
4585,769,search,search,71,c7055363-734b-4a9f-a315-193ad03832fb,2024-12-14 02:41:00
4586,524,purchase,search,54,72b16294-9e3b-4e79-b4d5-485a53fb47e0,2024-08-28 10:52:00
4587,6,remove_from_cart,cart,54,6040ba88-5e38-4e7c-a4a2-30e1c0d22550,2024-05-18 20:44:00
4588,215,page_view,checkout,64,5539127c-422d-472b-a6c6-78a64f3b5980,2024-04-03 01:29:00
4589,679,search,home,98,a9e477fb-0c5b-4f64-8665-94911cade07a,2024-04-05 17:10:00
4590,714,purchase,profile,29,77975004-4ebc-48a4-ba60-9692689d6db9,2024-10-17 17:02:00
4591,593,search,search,96,8a2b86af-e17b-4078-8735-eb6dbb8ea1a6,2024-09-18 21:36:00
4592,341,add_to_cart,checkout,59,8b710b66-ede1-4b28-992c-45107367ee47,2024-06-07 14:45:00
4593,938,purchase,search,27,2ed29054-2d07-4b32-8a41-b63893fc15f9,2024-01-14 09:56:00
4594,800,remove_from_cart,home,5,caaeff45-08ba-4715-b07a-fdc9ce4079ec,2024-12-30 11:34:00
4595,904,add_to_cart,checkout,71,0c4b3b7d-67bb-4d4f-9dd5-0ba16c8cc11b,2024-06-07 19:53:00
4596,526,purchase,home,8,8b3e9205-ed76-48d7-9a41-da643c6090f1,2024-07-10 09:08:00
4597,369,page_view,search,66,ada7175c-12f0-4a2c-ae6e-793e6500a358,2024-08-10 20:33:00
4598,627,page_view,profile,45,93041aab-8614-4403-b690-9604c864c978,2024-06-28 00:31:00
4599,483,search,search,34,fe157261-a463-42cc-ba8e-081cc9dd3d3a,2024-04-26 18:36:00
4600,844,remove_from_cart,profile,98,98b1f3e8-1125-497c-b743-c46984f335ca,2024-12-04 00:47:00
4601,772,search,home,69,2744078d-e6b8-4702-bf5a-64861fdd3e1c,2024-02-10 09:39:00
4602,750,search,profile,28,37436fb0-02b0-48fe-ba49-9e1581e2fb60,2024-06-17 01:53:00
4603,789,add_to_cart,checkout,99,61ee630e-c52f-4b21-b7d3-6f14e99daf06,2024-06-29 04:56:00
4604,543,purchase,search,5,8ccf8bd6-7c31-4706-bd21-7477944cf5cb,2024-06-13 19:28:00
4605,228,page_view,profile,86,c7109b65-54d8-41ca-b67a-48ff832f74e8,2024-12-22 14:47:00
4606,453,purchase,search,15,b2b838d1-c39d-4207-9784-57312272153c,2024-01-25 17:47:00
4607,564,page_view,product,6,bbf674f3-0125-4b91-8039-4c5c1e9fcce4,2024-07-09 14:21:00
4608,988,remove_from_cart,home,3,98cd9031-6ac0-4f86-8101-969e9fe4a02d,2024-01-05 06:06:00
4609,423,search,search,50,3bdcf13d-618e-431e-af34-8c143eecb3c2,2024-03-20 02:59:00
4610,747,add_to_cart,search,23,17cec217-62a4-4a12-95e9-844528513f03,2024-04-10 17:57:00
4611,123,purchase,cart,11,6928a0ce-af56-49a9-915e-323efbddfeaa,2024-05-12 04:40:00
4612,258,add_to_cart,product,78,bcebacc8-4ed1-431a-8078-e49b8c1ee5dc,2024-05-20 05:40:00
4613,635,add_to_cart,search,89,452be079-1153-4d52-81d7-d6578feff10f,2024-06-06 00:27:00
4614,301,remove_from_cart,product,30,fc16bb09-a0f4-499d-98b4-14a904720fef,2024-10-06 09:23:00
4615,167,remove_from_cart,checkout,93,685e1caf-a08e-479d-bb85-cbe9938e1c2c,2024-11-06 19:58:00
4616,656,remove_from_cart,home,78,95fdf14c-11c3-4b3d-a331-e71c26b6ca58,2024-08-25 06:21:00
4617,955,purchase,home,69,a4a38d90-0af8-4729-b8ed-1a38ca5be3a9,2024-10-05 05:58:00
4618,532,remove_from_cart,product,31,75281901-9d61-4f3c-a84b-6162efa397da,2024-03-12 06:48:00
4619,808,page_view,search,45,009b0300-e761-4c81-a93f-df185e7ae78a,2024-03-03 05:06:00
4620,712,remove_from_cart,cart,82,069589e6-7f58-4633-8c56-a66477246df5,2024-09-28 14:34:00
4621,673,search,checkout,6,ae214745-81ca-4a33-9c4b-b72b8ce67ebd,2024-09-25 14:19:00
4622,798,purchase,checkout,34,d19a2185-2b53-4da8-ac3a-ecce30b25796,2024-01-31 19:00:00
4623,694,purchase,home,35,4f692951-70a6-451b-b27f-d3a9d2ec78be,2024-04-20 10:53:00
4624,788,purchase,profile,81,8f5e62e5-d60a-4e7f-aee1-f1e5cee5cdb6,2024-05-06 02:01:00
4625,551,add_to_cart,product,24,911dac28-fc89-41ec-a678-651d2b9fcb80,2024-11-23 02:07:00
4626,125,remove_from_cart,home,67,a3e33925-aa1a-4df2-873f-0aff4c4d6ffd,2024-04-05 09:43:00
4627,663,search,checkout,83,22e86977-4c5e-4014-a98c-84364fb73a56,2024-02-15 20:06:00
4628,305,page_view,checkout,28,5778c113-3f0e-4544-b528-160f7154fed1,2024-07-02 10:51:00
4629,843,remove_from_cart,checkout,65,5ae689c3-acc5-4b4b-bd8c-db6785e66318,2024-09-25 08:05:00
4630,289,remove_from_cart,profile,59,c6c73c96-fe30-406e-9762-1a01d6afdb13,2024-05-26 15:15:00
4631,353,remove_from_cart,search,59,140cfd98-63bc-4752-8d25-af6d7cb323b6,2024-09-27 20:41:00
4632,328,purchase,checkout,62,b8a1fb96-4202-4121-895d-20760e5d400d,2024-02-09 12:51:00
4633,821,add_to_cart,cart,35,800ab77e-54e3-4677-a524-039684e66f5d,2024-09-12 14:36:00
4634,568,purchase,product,26,ed17e542-8ffb-4c3f-a353-f5e05511a08f,2024-02-12 02:36:00
4635,451,remove_from_cart,checkout,48,50530897-6bb5-4d3b-8e72-4129786592f8,2024-05-07 01:41:00
4636,731,remove_from_cart,cart,26,e0b2896a-c2ae-48d3-8033-dc78c81a8453,2024-08-26 01:53:00
4637,511,remove_from_cart,profile,64,68e531ab-618f-45e7-bdba-dda5a597a20b,2024-02-20 06:04:00
4638,260,add_to_cart,search,53,46503c49-54e9-47d1-9a8e-32f6a542ed9d,2024-10-17 04:53:00
4639,421,page_view,search,85,f8e03757-529e-40e6-9c2b-78640c38c610,2024-03-06 16:58:00
4640,789,add_to_cart,profile,85,31956f4c-54df-48fe-9dbe-9e4ed1b35311,2024-08-26 20:38:00
4641,904,add_to_cart,home,57,dae2c330-2d24-45fb-9a87-27eb3dc31e6e,2024-12-07 11:02:00
4642,268,purchase,cart,60,023e1231-a61f-4e14-9667-cb8e6b2d56d3,2024-01-31 18:40:00
4643,450,remove_from_cart,profile,16,1da9e2f1-f207-4779-b514-34a8dce6b941,2024-05-14 03:31:00
4644,316,remove_from_cart,home,13,974bc071-1b39-4787-89dc-1961f7f5ce5c,2024-12-10 20:42:00
4645,750,page_view,profile,43,5e46b2f6-3595-42d7-bc60-84ad5e6698c2,2024-11-03 11:48:00
4646,628,add_to_cart,home,71,b1eaffb8-a1d3-4c23-a1c5-93207391d5e5,2024-07-09 15:57:00
4647,782,page_view,search,93,c10a8c89-2d63-4e84-8cb9-5d71998f4195,2024-08-15 10:52:00
4648,89,purchase,cart,33,34aa118a-e30e-4e7b-9629-8f1a2698815f,2024-08-16 17:20:00
4649,894,search,search,39,b93d181f-fe3c-4073-b52f-0d8f87de4ace,2024-05-10 06:39:00
4650,474,purchase,product,11,6797ca3a-ff4d-46cd-be20-1a74f5b00e91,2024-01-12 16:36:00
4651,864,purchase,cart,71,49ee249b-079e-4c01-b95d-e277fcaa4d97,2024-06-30 23:45:00
4652,318,add_to_cart,home,65,d19fde70-4f2d-4682-844e-5b7010eded73,2024-06-01 23:52:00
4653,747,search,profile,16,dc2f9058-f25a-4b95-9faa-0c6cfdc848c5,2024-04-29 18:44:00
4654,946,remove_from_cart,home,78,9a79e79e-1ec8-4893-8868-6b9fb8123e14,2024-01-07 08:31:00
4655,456,page_view,search,56,fafb8138-f00b-4e02-8a41-7e3d053d044c,2024-12-23 15:14:00
4656,5,search,cart,96,ca7f10c9-232a-4c24-9961-9ea210a8bb6f,2024-11-17 12:11:00
4657,388,add_to_cart,product,79,62948666-2f72-442c-b62e-4e3547762336,2024-11-23 05:17:00
4658,89,remove_from_cart,home,31,ffff0422-c0c7-4fb6-8b9a-8c85222ae5fe,2024-05-25 21:02:00
4659,86,purchase,cart,78,0061a41a-12ce-4772-a7b4-62251a8d301f,2024-12-07 21:29:00
4660,105,add_to_cart,profile,90,015734cc-90a1-4ffa-a9da-09243648f952,2024-08-09 08:04:00
4661,132,remove_from_cart,profile,97,f39beb7e-55cf-486f-a39a-3363f958fa7f,2024-05-17 03:33:00
4662,604,remove_from_cart,home,67,e211dcd3-e1e1-4f5d-bacd-bc3a7bda497b,2024-02-27 21:45:00
4663,409,remove_from_cart,search,62,a96aebfd-2319-4a96-a405-087c3bafcf35,2024-12-20 15:12:00
4664,904,search,checkout,82,c57c4e85-f429-4470-a8cc-4ca69c268163,2024-10-14 12:20:00
4665,105,purchase,search,27,7d1c4476-2745-4d3c-b73f-519363fc0bb2,2024-10-13 20:22:00
4666,951,add_to_cart,cart,19,9b2a198d-0e46-43a6-aca1-b931dea2f4e0,2024-12-14 14:52:00
4667,301,purchase,home,36,84532b30-5804-4af5-957c-f3fe84a1c059,2024-07-13 10:28:00
4668,93,purchase,product,82,48c46c35-7179-45a5-88d8-ed0fa6d7febe,2024-08-13 14:40:00
4669,939,page_view,cart,59,e51c7d0f-e35e-44cd-bd97-5060a1464c04,2024-09-30 20:28:00
4670,183,search,profile,30,a5d7d5d8-f84c-423f-832f-a43bb25ce4b0,2024-01-02 12:00:00
4671,838,search,search,92,1c5a193b-7ab0-4aaa-bf48-d891c0ec7725,2024-10-11 02:39:00
4672,182,page_view,search,25,c819fc83-44d1-43be-b899-1b0d8d768126,2024-09-15 05:37:00
4673,433,add_to_cart,cart,41,4af145f5-61dd-4700-a3a6-f6eedbc78d04,2024-12-25 07:10:00
4674,802,remove_from_cart,search,63,4492b32a-e302-4197-a89c-5a44dcdfdbbb,2024-10-07 16:59:00
4675,509,page_view,profile,18,e4e74944-17f0-4a9a-890c-ab02e0fea169,2024-03-09 02:09:00
4676,911,remove_from_cart,cart,53,79302a1b-908f-4d99-9473-e720a92e700b,2024-06-08 03:47:00
4677,435,page_view,profile,49,12291a2f-a5e8-4575-b23c-bb0db01d1328,2024-07-14 19:41:00
4678,678,remove_from_cart,cart,73,0b1102cc-2f27-43fe-8752-dd9c0f01c020,2024-06-08 16:13:00
4679,776,page_view,checkout,36,177ae625-1765-4977-840c-4093692fa0aa,2024-02-15 06:37:00
4680,602,page_view,profile,38,a38d8e13-7a63-4a74-b54e-3cc64e891042,2024-12-17 11:16:00
4681,713,add_to_cart,product,66,7e600a97-8695-4d03-879b-364266bd85d5,2024-10-25 15:16:00
4682,216,remove_from_cart,checkout,52,a187c8e9-913c-41d2-889a-2c47a411b2e6,2024-03-19 18:27:00
4683,100,page_view,profile,57,fd5ebae4-0d53-44bd-8ff6-c280af9ac5d5,2024-03-02 23:15:00
4684,629,purchase,home,71,26e28b5e-3ac8-41b3-84e9-d69554f213a8,2024-04-09 16:37:00
4685,131,page_view,checkout,55,fd37eb7f-b99f-46d4-aa75-f81a07174bb2,2024-03-20 22:50:00
4686,741,add_to_cart,profile,97,b8fee8fc-6a60-4e48-827f-bb27b144c88e,2024-05-22 02:58:00
4687,391,remove_from_cart,checkout,61,3e08ae0b-d284-415d-9db0-705d0b06192c,2024-04-11 16:59:00
4688,679,purchase,search,92,a02951e3-6842-4be6-8dfd-7b31be0704b0,2024-01-07 10:27:00
4689,69,page_view,checkout,22,7cbe1e22-c0eb-4f34-80ef-f0a2c99e8671,2024-03-04 14:43:00
4690,923,remove_from_cart,checkout,24,7c6ebc1c-9cca-4d91-ad2b-a53f2be4d371,2024-08-06 19:09:00
4691,212,add_to_cart,search,29,2a8531d4-6730-4b91-8ae8-1a6992152f25,2024-05-06 02:09:00
4692,314,purchase,profile,62,d3c0ad48-7e3c-42fe-a6f1-3a605ff9133c,2024-07-11 15:31:00
4693,750,add_to_cart,checkout,74,acd8ce3c-099e-4a7f-b983-1449add5c731,2024-10-02 17:37:00
4694,21,page_view,profile,65,5437180c-ce7a-4c8e-88b4-163f1f982afe,2024-06-04 22:41:00
4695,215,search,cart,72,51190932-de50-47d5-849c-64a86d320bd4,2024-07-10 03:23:00
4696,706,search,checkout,77,287d3c16-e68b-4f63-97d7-33dc10119a62,2024-10-09 03:13:00
4697,870,add_to_cart,product,86,db0db196-ca33-4c9d-8afa-385021d78ebe,2024-02-02 05:18:00
4698,583,remove_from_cart,cart,25,4cbcfb29-a0a2-45e3-82d5-882f8eae4414,2024-12-10 05:37:00
4699,582,page_view,product,20,5c9ed70c-67e8-4ba2-9247-9a4dfc5bb2a0,2024-06-20 06:26:00
4700,111,remove_from_cart,cart,29,855020f4-65b5-4ce6-9b1a-a95b5fa66b62,2024-09-24 21:00:00
4701,353,page_view,cart,65,dbb2a2ad-cc6e-44f2-b17c-7602d5f1955a,2024-10-30 10:49:00
4702,685,add_to_cart,checkout,62,3060e8e2-d368-457b-94b0-73e3d8e59edd,2024-09-21 07:48:00
4703,300,page_view,cart,90,9900c6a7-7486-41ef-b9dc-9cc63d112bd0,2024-07-28 13:22:00
4704,58,remove_from_cart,checkout,84,78c8772e-4506-4c7c-96d8-78cba0ff7cc9,2024-05-05 16:11:00
4705,720,search,product,30,e56ae54a-3eab-4ff2-864c-1b41e06deb89,2024-03-27 13:26:00
4706,550,page_view,search,49,e771b340-cd89-4f71-8a1e-6f4fc549240f,2024-07-19 06:44:00
4707,85,remove_from_cart,product,82,b03ad107-1aa2-4c48-864c-b88d68c9edd5,2024-09-05 03:52:00
4708,455,purchase,checkout,59,63cbf957-35a2-41bb-af6a-39aff9f434e5,2024-05-27 13:24:00
4709,173,page_view,product,44,8a521fad-f293-4366-b0cc-060f0eb53764,2024-07-29 22:24:00
4710,64,search,cart,35,3748d92f-8bba-47f1-8843-77605feaaded,2024-07-14 19:31:00
4711,557,search,cart,45,c54f4e16-e857-41f6-8907-5e1dcb14f567,2024-01-26 01:16:00
4712,960,purchase,search,53,0f46c6ea-eb5f-4518-8994-f8d7fd3f8d3b,2024-03-18 13:08:00
4713,374,purchase,search,79,bcbc254a-51f7-4d32-af0c-534239e7dd37,2024-09-06 13:07:00
4714,656,purchase,profile,72,61a0390d-fe61-4cb9-89f6-31ced8642d2e,2024-03-15 18:25:00
4715,575,search,profile,96,0d313c88-076b-494d-a60c-0775da61c04d,2024-10-12 02:36:00
4716,920,add_to_cart,search,9,e3877c3d-eb96-4fb4-bf30-a91dd9fe5b11,2024-01-02 16:28:00
4717,883,page_view,checkout,81,1b3a267f-8640-4f48-8004-de46d1113839,2024-07-22 21:34:00
4718,158,page_view,cart,51,53e8f78a-d907-4b84-9636-2b17f3973acc,2024-06-13 16:35:00
4719,388,search,home,21,3d182291-295f-444a-90c2-5661840ff47e,2024-03-28 13:14:00
4720,287,purchase,home,36,d30d0227-9269-4298-8861-5336ea9022dc,2024-12-03 03:46:00
4721,84,add_to_cart,checkout,32,182fe949-6fc3-442e-a910-f5a900ec028a,2024-02-10 21:31:00
4722,456,purchase,product,50,d48e68e6-7d39-4ac1-8e6a-7977d322411b,2024-01-03 03:58:00
4723,534,add_to_cart,cart,61,c13808ce-70c4-48f6-9c2c-625e19adbc7b,2024-10-14 08:07:00
4724,791,purchase,home,93,d49cbf73-fafd-4129-913c-e652aaad9215,2024-10-02 15:03:00
4725,71,remove_from_cart,cart,2,c38790ab-066d-430e-a0e7-6d96b0046cd0,2024-07-28 11:35:00
4726,937,page_view,cart,51,fa4abc38-d675-4ddf-9f9f-320e6d876284,2024-10-16 10:53:00
4727,915,purchase,cart,48,66f1b686-6251-4a2b-8a9d-ac659d907249,2024-06-11 05:24:00
4728,713,purchase,checkout,51,9c5ca4b1-9bca-40ee-ab50-8893c899e68d,2024-05-10 22:04:00
4729,336,remove_from_cart,checkout,2,04895363-8a56-4ec0-97ac-463a45a3381d,2024-10-31 19:04:00
4730,633,page_view,checkout,78,04f49fdb-a4e0-4418-b4a1-094c4f9d1caa,2024-10-14 08:22:00
4731,652,page_view,checkout,35,3dd6a5c5-5336-4cd6-99d6-0cc8e35161d7,2024-12-08 06:59:00
4732,536,search,profile,10,192e2a19-1ab4-4610-883d-8f924cade5d7,2024-09-26 22:01:00
4733,259,page_view,home,76,7a9d9b45-3986-4557-8d79-4038d54c1c90,2024-06-18 12:49:00
4734,211,search,cart,34,33d34e92-c618-4437-afaf-a2cfcb2f9c0f,2024-12-30 10:14:00
4735,154,add_to_cart,home,64,4df0ec70-fb4f-4c19-9856-a6e1e3495704,2024-12-04 16:16:00
4736,872,page_view,cart,12,bbb39a65-2933-4f95-9551-2e4e512788d0,2024-11-29 12:26:00
4737,893,page_view,checkout,47,6fb050a3-5438-45e4-9afb-ad09e0ac2702,2024-10-18 13:57:00
4738,193,page_view,profile,27,c577b0ef-d575-440a-b1cf-c17186f83857,2024-07-28 23:17:00
4739,206,search,checkout,93,fef4f5a1-1548-45b0-8972-49d98644bc78,2024-04-04 03:40:00
4740,621,purchase,checkout,34,22cb101c-d1b8-43e8-8c29-12129480685a,2024-01-27 06:38:00
4741,990,add_to_cart,product,60,37a07ed9-7097-425b-80e4-fd5eeb060851,2024-12-20 04:28:00
4742,714,remove_from_cart,home,37,d73357e8-64e6-4b5e-bbf2-ea3d96563c65,2024-03-16 03:54:00
4743,261,remove_from_cart,cart,57,48df6834-87ca-427d-bc02-bba9dc132551,2024-09-23 02:27:00
4744,990,search,search,95,fbe24768-f6d8-4326-b01d-07620116123f,2024-07-24 21:22:00
4745,359,add_to_cart,home,69,6d22a458-f82e-4cea-ad99-d029a470069f,2024-07-20 05:02:00
4746,460,purchase,checkout,74,5c90f84e-1750-4f20-8ecf-71f887b59df1,2024-05-17 04:59:00
4747,75,purchase,home,2,7763cab7-8f5d-4ecb-ab84-c5d182bb5b8b,2024-12-09 01:06:00
4748,810,search,search,73,d1d9bcfe-7dd4-4914-a963-796444a5b9de,2024-05-20 14:45:00
4749,788,remove_from_cart,checkout,72,82eaf4c0-53a4-4de8-85cc-3db240c9d9ba,2024-07-22 05:04:00
4750,519,page_view,search,14,827fb9d2-e44c-436e-8690-7aa825fcdb34,2024-11-23 13:15:00
4751,775,purchase,home,22,9f0020ec-ba5e-4328-b917-5b4510fe4e0e,2024-01-04 18:46:00
4752,420,add_to_cart,search,55,9020362b-bec1-4f68-9a2b-2f8eac2478b5,2024-10-10 21:45:00
4753,439,page_view,cart,36,9b5070a6-b031-495f-9c72-7fdca9c6d903,2024-01-02 23:49:00
4754,880,search,profile,77,6fc45fe1-2d5a-4eff-9ec7-1faaaca82414,2024-10-27 15:22:00
4755,858,purchase,home,56,74df277a-dd95-4091-a593-390ceb7794d8,2024-02-29 17:23:00
4756,99,purchase,search,65,f32a8474-8450-4f94-8f65-8a5b35783b1e,2024-11-16 13:11:00
4757,49,remove_from_cart,product,82,31be85c5-4df5-40f3-9eca-0c6fcf21d5fd,2024-08-19 16:32:00
4758,810,page_view,profile,41,f984f13c-781c-463f-beef-a5b2bc8e51b4,2024-09-28 03:18:00
4759,67,page_view,search,89,293b72b6-9e87-46e8-909a-a57bb3f9eb41,2024-10-07 05:24:00
4760,771,remove_from_cart,product,95,883f2161-9fe4-4a2c-a073-c51e7f0b652c,2024-07-04 14:22:00
4761,674,purchase,search,5,ea715a97-7add-4ff2-a27f-d2dce56d0ed6,2024-08-15 17:43:00
4762,175,add_to_cart,search,96,b4ecad07-8ff4-4d5b-a8fa-365ff235ce7e,2024-05-15 09:45:00
4763,871,search,profile,7,8826e304-3959-484d-ac15-2efa2dc31158,2024-11-20 22:16:00
4764,544,purchase,product,35,4923afe5-dba3-4529-a910-0af6430eba7b,2024-01-06 10:53:00
4765,894,purchase,home,60,62c0d332-b1f8-47f7-b4c2-f11d0ef43664,2024-11-11 22:33:00
4766,843,remove_from_cart,checkout,44,2a2165f1-f83c-49c4-93ad-36b405458632,2024-04-14 18:56:00
4767,267,purchase,product,37,85cf917c-dac7-4e0e-ba0b-22eafc7c411b,2024-04-10 02:23:00
4768,184,page_view,search,83,274d6fdd-35ee-4f47-9e56-dda1cfb5d1fa,2024-04-05 11:55:00
4769,897,search,home,83,7230d47b-2ba0-4ec3-8e05-194d5c18f36c,2024-03-08 18:35:00
4770,144,remove_from_cart,home,100,fad7fd6c-4216-49e6-b6ad-ec34e0f0a5b6,2024-08-02 23:55:00
4771,987,add_to_cart,search,11,60a7d246-533b-4af7-99d1-5f0ac60488b6,2024-07-20 14:46:00
4772,667,add_to_cart,profile,86,5d3eff7e-82ab-49b7-8386-13d9f69a88b8,2024-08-15 19:24:00
4773,806,purchase,cart,10,91b127c1-12dd-4b7e-a028-0f19361e3197,2024-01-03 01:04:00
4774,138,search,product,91,ec889548-5061-4305-83cb-a31895b70a92,2024-05-15 08:59:00
4775,634,add_to_cart,home,85,a180c803-736c-47b8-958b-ce4be5db65ce,2024-09-06 20:14:00
4776,872,page_view,home,66,e0d7bac6-f228-45bc-a1e8-23d52b5d667e,2024-04-21 22:31:00
4777,876,page_view,profile,69,fa5b7d7a-feb9-4b25-a391-8ecfd3f0918e,2024-11-09 00:21:00
4778,924,add_to_cart,checkout,64,c2c8976a-4e02-4ef3-a548-bd7b41121100,2024-11-15 18:45:00
4779,547,remove_from_cart,home,79,4f2ba254-7b50-4e94-933b-7c1151a2c49e,2024-07-21 11:09:00
4780,553,remove_from_cart,cart,43,f81cca83-1bdc-4727-93f9-4dce9fec4789,2024-05-27 01:24:00
4781,281,search,checkout,60,3fde1d98-1161-43fb-8af2-5bcdf77ac142,2024-08-11 17:38:00
4782,482,search,search,8,892556f8-c14c-48fe-a1f5-9452376944a4,2024-04-18 04:46:00
4783,226,search,cart,72,7c331a63-2298-4ee3-8d8a-5261a16e57d8,2024-02-28 18:20:00
4784,893,page_view,home,2,45eadca1-2acb-4be7-99aa-651f351aff66,2024-02-20 11:44:00
4785,661,search,profile,89,a17ada77-0ec9-4329-bb43-c1384aa7f3ec,2024-07-17 19:51:00
4786,213,remove_from_cart,cart,11,293abfce-afae-43b0-841c-6a2370b33451,2024-10-27 16:36:00
4787,215,add_to_cart,home,77,141b9948-bf33-4cee-92ae-7e5cca873c9e,2024-10-12 18:38:00
4788,254,purchase,cart,76,8445e9df-f854-46b3-829f-582c2a68b177,2024-06-16 10:10:00
4789,240,purchase,checkout,23,0c8ca0c5-b48e-47cf-9924-46931557452e,2024-07-27 22:16:00
4790,971,add_to_cart,checkout,90,3d177fb1-dafd-4d9e-8fe1-976e5d6fffa7,2024-08-19 02:20:00
4791,975,purchase,profile,97,bb6efa2e-5818-4ae1-b400-93938eb443da,2024-10-01 18:36:00
4792,237,purchase,profile,6,9690f043-5b48-40fd-a509-2efd9f67895e,2024-04-09 16:30:00
4793,144,purchase,product,96,950b9c04-1b28-4643-ab67-38c2ca54602a,2024-03-04 14:32:00
4794,533,add_to_cart,search,27,f1910282-eabf-424e-9783-f1f6c8b66bb9,2024-12-10 23:04:00
4795,821,remove_from_cart,cart,72,a587af3f-fdcb-46fe-8d15-553b119ee21b,2024-08-18 23:44:00
4796,993,search,cart,60,413b4572-62a9-4e2b-82bd-3ee96d1f5412,2024-07-18 19:42:00
4797,944,add_to_cart,product,43,71115991-b432-4f66-9f5c-bb88eda2da55,2024-08-28 05:24:00
4798,51,remove_from_cart,cart,100,e5837bac-58d5-4492-9c5c-6660bba7d40c,2024-11-08 00:39:00
4799,139,remove_from_cart,profile,20,e4664f95-30bb-4807-a85b-518deecc7f8d,2024-11-28 04:33:00
4800,42,add_to_cart,search,95,6b44ee8f-4135-4516-9bf9-e0dc0ea3df0a,2024-01-18 18:35:00
4801,568,page_view,product,44,6c9ab065-a730-4b2f-9c4c-c2dae92a21b5,2024-11-26 07:58:00
4802,377,add_to_cart,product,40,920883ac-891f-4436-a022-2502ffd2981a,2024-10-10 09:28:00
4803,955,page_view,product,34,b56edb0b-9640-4116-b06c-99015adcee13,2024-06-03 18:30:00
4804,495,search,checkout,81,d25b10f4-7e8c-4e9c-9ef1-50b571861219,2024-03-31 13:32:00
4805,367,purchase,cart,47,cd3cbe79-4a43-4530-b3dd-086856d232a3,2024-01-08 11:44:00
4806,137,search,cart,31,521cf2d2-5dfc-4f2a-9345-b4df3d76892b,2024-01-05 09:57:00
4807,303,add_to_cart,profile,39,3bb2e079-e130-4271-9f78-b2d07404b01d,2024-03-17 08:26:00
4808,272,remove_from_cart,product,21,502ae4e4-ef20-4c2f-9f77-25cf436d8563,2024-01-21 07:39:00
4809,296,search,home,46,354bf228-6554-4956-b134-cfd4c40d6444,2024-05-07 23:15:00
4810,105,search,cart,38,b3f114ca-cec3-400b-bad0-397eab75379f,2024-05-04 15:34:00
4811,857,add_to_cart,profile,55,8610a163-c1fd-4f65-87ef-855265dc9e7a,2024-11-23 05:20:00
4812,807,search,cart,44,acbcc993-3eba-4401-a54e-9819d5e220a4,2024-09-29 21:12:00
4813,552,remove_from_cart,product,12,53140c03-66b5-4bfb-84c0-110100000094,2024-05-31 19:22:00
4814,468,search,cart,62,976a385a-a9e6-4b7d-956d-d0d652fd5093,2024-07-20 15:25:00
4815,25,add_to_cart,cart,37,fcddb2e8-db43-4e45-be54-7b440817dde8,2024-01-26 02:06:00
4816,925,remove_from_cart,product,23,828f1019-dfab-4457-bf91-c7c4c62c30b6,2024-01-25 10:46:00
4817,278,search,search,1,53ae9ca9-a8e9-43d1-9694-d3feb6825969,2024-04-24 15:10:00
4818,975,page_view,checkout,72,bdb89dbb-b783-4f49-b814-45922b86d4ef,2024-09-23 14:35:00
4819,319,remove_from_cart,home,96,213059d1-2e17-47e3-945c-e699467a0d48,2024-06-28 23:03:00
4820,375,purchase,search,95,0ae1d0e6-e369-47f3-83ac-eb8471d9f2ca,2024-03-11 17:58:00
4821,401,page_view,checkout,33,1c1d037a-07a3-4d9d-acaf-a695b1875ab4,2024-09-30 10:51:00
4822,192,search,search,49,c9a6ecbb-4a86-4740-a12e-5619b331e0e4,2024-08-23 11:21:00
4823,293,add_to_cart,product,89,49ffe73e-3f8b-4c89-8609-35331a9c8aa1,2024-10-04 07:54:00
4824,581,add_to_cart,cart,63,5c9bf25b-abb6-44e0-9425-258ba6d6eb48,2024-04-04 20:40:00
4825,704,page_view,profile,69,bfc25300-cbdb-46dc-8b97-da543a163a73,2024-02-16 14:10:00
4826,508,remove_from_cart,profile,45,5e44395d-b948-41b3-888d-911ecc913ad9,2024-03-10 11:32:00
4827,577,add_to_cart,search,40,104bd0d8-dcfe-47f9-a717-53254961f8a6,2024-03-29 10:36:00
4828,396,add_to_cart,product,58,3df63ad9-f92f-476f-a033-87f054527b76,2024-05-30 03:57:00
4829,705,page_view,profile,14,3d6d3144-1346-4704-b4ad-830444be5cd4,2024-04-02 03:15:00
4830,581,remove_from_cart,home,14,df2f011f-be19-4cac-888b-3c8015b1f7c7,2024-07-24 15:12:00
4831,453,remove_from_cart,profile,78,97499103-dc7e-4c0b-a6da-b89847779ed7,2024-09-10 13:55:00
4832,984,add_to_cart,profile,84,5c088dfc-27da-4337-98c5-c50f0e98c9d8,2024-03-28 01:11:00
4833,98,remove_from_cart,cart,100,84e7c8f2-8077-41b5-9620-4630d931fbeb,2024-06-05 04:15:00
4834,545,search,search,30,5d98065b-3ed3-4c5c-afdd-aea74c82c32f,2024-11-24 08:43:00
4835,455,remove_from_cart,search,35,3049f05d-403e-4fa3-b254-c3781afd1b17,2024-04-15 14:17:00
4836,4,add_to_cart,profile,63,1b4b6154-b36e-4774-87f0-22caf6aed5b7,2024-12-01 17:55:00
4837,17,purchase,profile,17,d8207fe5-347d-42dc-86cd-5fb0d01a5aad,2024-01-11 19:50:00
4838,145,add_to_cart,checkout,44,bf4a3d75-5d0a-4020-b1e2-5c55a12d764a,2024-02-21 11:35:00
4839,639,remove_from_cart,profile,83,49a24ba1-6ad1-4555-84e2-df68c2a3b179,2024-07-02 04:55:00
4840,879,add_to_cart,home,34,aa56404e-a193-45f8-ac69-87d6e8380453,2024-06-29 21:41:00
4841,805,page_view,profile,33,bac77d12-2c85-4063-8e45-3f14e55e67e8,2024-03-23 09:25:00
4842,586,purchase,product,62,720cb501-5c4a-43d3-a9f5-dc8e877582a0,2024-02-19 01:37:00
4843,834,search,search,52,b91ad9a1-8d36-4649-9a5e-dc7ba45fe8a2,2024-05-19 02:10:00
4844,263,search,cart,50,854ac534-9ca2-4a9b-abe7-64a01103e310,2024-10-02 17:43:00
4845,824,page_view,search,9,49388bb8-2214-44c4-befa-111f44e378f6,2024-03-03 03:49:00
4846,144,search,home,76,e2573db9-4942-41f5-bf09-28bfc80e88a3,2024-08-18 08:55:00
4847,149,purchase,search,35,af30f95a-0e4a-439c-86ff-83b96bfbaec1,2024-02-28 02:49:00
4848,91,purchase,profile,18,c9b67bc8-ca0f-43e3-8710-afdba04d626e,2024-04-16 08:41:00
4849,434,purchase,home,30,5301c1ba-d11b-46ed-b4ae-5e41b15aaebd,2024-09-23 00:36:00
4850,30,page_view,product,13,910c84d2-9b8a-4964-95ab-966b0471158e,2024-09-10 03:33:00
4851,999,purchase,home,68,ea62df1e-0a8d-4ab6-9387-3460d5bc9a7e,2024-01-29 07:26:00
4852,829,add_to_cart,home,29,cba37b51-69a1-4772-8216-c229306ed131,2024-12-29 08:28:00
4853,622,add_to_cart,home,99,8000bf22-7f17-495a-8a06-0f487ba4d111,2024-10-19 01:14:00
4854,723,add_to_cart,profile,67,d8c2b2c7-37ab-48f5-b206-bd872bff9324,2024-12-13 15:49:00
4855,648,page_view,checkout,11,f07a93ec-a5b3-463c-94aa-77e8407f664f,2024-09-19 10:24:00
4856,35,purchase,profile,61,04a5d151-c0fe-4e63-be01-29accdceb72f,2024-02-28 08:34:00
4857,895,search,profile,68,bdd40cb1-72ba-47d9-a725-8a6fbad725b0,2024-02-04 11:58:00
4858,964,add_to_cart,product,5,41f8d593-e1e6-4dc7-9813-b93e5d65e837,2024-12-24 03:01:00
4859,717,purchase,profile,30,d34e5b8c-1cd9-49ab-be97-ee33ed578e0e,2024-12-11 11:56:00
4860,366,search,product,98,72f49f8c-6115-4f9b-997c-590787901a49,2024-02-09 00:27:00
4861,154,page_view,product,66,4b6bca23-e750-47be-a055-7d06c736a264,2024-09-13 19:42:00
4862,116,purchase,search,39,c1dcc17b-0204-48b0-aff1-d695737066a7,2024-01-19 08:36:00
4863,997,purchase,product,96,b157754c-72ab-443b-8d3f-0e6a050ca042,2024-07-30 10:50:00
4864,740,page_view,search,90,12171b19-0859-4058-86a8-0c771858a762,2024-09-13 05:39:00
4865,7,add_to_cart,home,15,8e90db61-150a-4239-a39b-2860ba1e0c8b,2024-10-09 13:00:00
4866,911,search,home,75,5320d792-4d6d-4e56-a9f3-8079831ec8af,2024-11-29 03:25:00
4867,400,purchase,checkout,44,1eee448c-8f4a-404f-8c12-cd8e3f5b4e7b,2024-11-24 01:53:00
4868,572,remove_from_cart,checkout,19,597f6eed-2557-47ef-9999-875be36bc5aa,2024-05-09 10:21:00
4869,345,add_to_cart,search,12,24f2bcba-3af9-4070-992d-3dca406d7818,2024-12-15 01:39:00
4870,38,remove_from_cart,product,73,51476b1e-7f42-4bad-a395-e363dd408731,2024-09-16 11:25:00
4871,324,search,cart,13,81339096-e2c9-4bd0-a5b4-d1e2761cdaf1,2024-05-05 15:55:00
4872,631,purchase,product,63,e6bb83ed-392c-41b3-abbb-31da9dc02c89,2024-06-14 08:51:00
4873,364,search,home,37,b3462605-91be-48cd-ba3a-f31687f09f3f,2024-04-27 00:58:00
4874,150,add_to_cart,profile,37,2bb39655-66f9-490d-904e-4713ac79c688,2024-06-27 19:53:00
4875,607,search,product,63,07abd849-28c4-4e86-8824-27a7b8f178c3,2024-05-19 12:42:00
4876,875,purchase,product,86,c81c04ea-6118-4ee0-97e4-3f576da2c4b8,2024-02-23 13:51:00
4877,713,purchase,search,41,78ea06c6-ca9b-4290-9ed8-17b901a828fa,2024-06-30 10:48:00
4878,458,purchase,home,43,4b5ed2be-207e-4689-9066-436b3d21b6c0,2024-09-15 15:35:00
4879,919,search,home,58,569d687e-b408-4f90-9722-3ec3a0a2e4d9,2024-07-17 06:55:00
4880,621,page_view,product,78,f5e0cbad-1109-4460-963d-89e6c62dac3d,2024-07-18 08:02:00
4881,941,search,product,13,96f921b3-79b8-4bb6-8b02-ad8ec8380cd2,2024-09-17 08:36:00
4882,379,search,profile,5,49cf8d11-833f-45ea-b0ab-dca158f8343b,2024-07-25 08:53:00
4883,800,remove_from_cart,search,75,aa7d22f4-555a-4087-bbba-28d9359161b8,2024-08-07 07:05:00
4884,977,search,search,63,5714925d-fb34-4254-a431-828d8cc62132,2024-11-23 03:40:00
4885,544,purchase,search,68,88639905-dd2d-4ec6-821c-3780acd1c960,2024-09-18 20:11:00
4886,196,remove_from_cart,home,76,3dc4e4d2-89db-4fd3-b21c-11c202fc0da2,2024-08-11 23:01:00
4887,809,search,cart,65,9bbbbad3-b7c5-4734-9454-56f2e7cf274f,2024-07-17 01:21:00
4888,892,page_view,cart,46,06548fca-218f-4b52-9139-72444b5cdd3e,2024-09-15 03:19:00
4889,679,purchase,search,83,ea351148-e689-4c64-a349-b7418cbfed6b,2024-12-14 03:09:00
4890,189,remove_from_cart,home,43,32decb9a-ed48-4f63-856f-ce6b5fcb1c91,2024-09-01 10:13:00
4891,525,page_view,search,15,dd7f35b2-115b-4bed-91bc-06626e63c3b2,2024-07-03 17:44:00
4892,527,remove_from_cart,search,8,61ea97b2-b210-4acf-a72b-c0ca60b21ecc,2024-03-08 16:37:00
4893,930,page_view,profile,8,3d44354e-10d8-47d7-a0ad-0638e542827d,2024-05-11 03:46:00
4894,786,page_view,home,77,8b056a74-1f4f-4267-b3aa-2e429ed8f7b4,2024-08-26 19:42:00
4895,811,add_to_cart,search,26,ca221c2d-c307-4268-9bfe-696c2ee03717,2024-12-13 12:59:00
4896,163,remove_from_cart,search,39,7e98c9fa-64ab-407d-8ecb-7b596df209a0,2024-01-17 22:18:00
4897,18,search,product,32,3e54f49b-f11d-460d-beb0-6dc632ef624d,2024-08-13 06:54:00
4898,848,add_to_cart,checkout,5,1b76cc83-0bcf-4942-8b0f-597253b38700,2024-10-11 23:00:00
4899,521,add_to_cart,search,57,6a10ce8c-203e-4905-8cf9-9ab1667c8d78,2024-04-02 06:34:00
4900,570,remove_from_cart,checkout,99,ee598bc7-47da-4b90-95eb-667f0c430d0e,2024-12-14 22:59:00
4901,338,purchase,checkout,48,34896aab-24e2-439f-a125-ccca2748c3ec,2024-05-31 21:33:00
4902,435,add_to_cart,home,17,76d873c4-6f9d-486d-9214-a5f77d5d8813,2024-12-21 21:24:00
4903,223,purchase,search,44,2779a113-b00f-4b58-bbc3-2edbe862e3b4,2024-09-22 01:00:00
4904,13,remove_from_cart,search,85,4cbc08df-3f51-4c4f-adb0-8812e94c9182,2024-11-02 02:26:00
4905,572,remove_from_cart,search,86,abc4f1ff-ffa8-45bb-99d7-7bd5e7dc91c8,2024-12-24 09:04:00
4906,963,purchase,cart,84,741fd584-1112-4991-9885-91bdbf6ad57f,2024-02-29 02:27:00
4907,951,add_to_cart,search,96,9f141943-7d85-4566-bb5a-124f9cb866af,2024-11-13 06:06:00
4908,578,purchase,product,96,7de63223-18b5-4733-92f9-f8c7298e2229,2024-04-25 01:55:00
4909,675,search,checkout,66,f5206de6-32c0-47f9-a152-566e251a02c3,2024-11-12 07:39:00
4910,495,purchase,checkout,89,fc6085c8-4e69-4ff9-a495-b867222c58c6,2024-01-27 09:52:00
4911,192,remove_from_cart,profile,84,345ca52e-09a9-4fb2-90cb-e29e834f09e1,2024-03-03 18:37:00
4912,351,add_to_cart,search,7,ccecbc74-5530-4b61-981e-5b5e0ddd00bd,2024-05-01 00:26:00
4913,882,search,cart,54,d0f8d0f9-a9a8-4647-8475-f70677c35372,2024-11-09 09:44:00
4914,378,search,checkout,40,4953966c-ba31-4fa6-af1d-dde577779676,2024-11-24 03:19:00
4915,332,page_view,search,63,543924a2-d1cb-41e3-a2ba-f0bd077c7e42,2024-04-21 12:23:00
4916,110,remove_from_cart,search,45,63982c84-fb90-498c-b104-b176655456c2,2024-05-25 07:18:00
4917,345,search,product,2,3d78794e-8e84-4055-bb5a-18eabe36687d,2024-03-19 22:55:00
4918,109,add_to_cart,cart,72,b113d32b-39af-4ec5-964e-9863bf25a1e3,2024-03-18 01:11:00
4919,288,purchase,product,26,7b15c698-4bf9-477d-87d4-6e09a39612b3,2024-09-13 07:11:00
4920,526,page_view,product,71,c1990af7-d3d2-4f32-bde2-4e49d154d8e0,2024-11-18 14:43:00
4921,218,remove_from_cart,product,84,07cc988e-2ca2-44bc-bc87-d0eb4cf594ff,2024-11-03 08:07:00
4922,109,purchase,product,98,b133fa26-ef8e-48da-9b7c-3281b08f6d03,2024-08-13 02:29:00
4923,558,remove_from_cart,cart,67,fd7b7f71-0d36-49d0-a9c9-bee0a4e3d040,2024-09-07 10:35:00
4924,393,add_to_cart,search,42,581f81c2-3986-4a98-ad9f-81adeb8e8c73,2024-08-30 08:12:00
4925,216,page_view,home,54,6cd0883b-d3a7-40a9-8d68-027cafa03eb3,2024-05-23 14:34:00
4926,607,purchase,home,8,d03db535-d992-4307-a138-8af1ae2e8505,2024-06-20 06:46:00
4927,437,page_view,profile,63,62b4c0d4-3ef7-4c05-9441-3a3167222b71,2024-05-25 22:12:00
4928,933,add_to_cart,search,70,f6def90f-3102-44c2-9d3b-7de260f38d2f,2024-10-26 23:36:00
4929,894,search,profile,5,c25b9123-1d4a-4587-8378-3882cb6c93ef,2024-11-12 00:29:00
4930,354,page_view,cart,100,34a5b7aa-bbf7-4ed5-9ea3-9dc45e07436c,2024-05-01 23:14:00
4931,100,remove_from_cart,profile,73,f065d4f2-d38c-45e2-918a-dce92229e65e,2024-10-20 19:35:00
4932,935,search,checkout,1,8ea12708-0493-4077-9e38-f76b30b35595,2024-05-16 12:08:00
4933,917,search,home,43,49a06b5a-0c98-4d3d-9d34-836e37c339c2,2024-11-04 07:13:00
4934,786,purchase,search,65,e1aa0150-3c9a-4036-8e6c-91d4bd44450a,2024-12-23 07:02:00
4935,118,page_view,profile,94,d69f00a6-2d89-430d-af79-1021619b23f2,2024-07-29 23:00:00
4936,964,purchase,cart,11,198815d3-d905-4593-94fa-d34439c8ede1,2024-07-15 12:32:00
4937,812,page_view,profile,93,b9d3e997-30d6-4a17-9f5e-51ade85d2bcf,2024-05-06 10:46:00
4938,742,purchase,profile,55,34bd502b-1d57-4540-9415-5dcbd21ca157,2024-05-02 02:07:00
4939,582,purchase,search,22,f1a421a5-6298-49fa-acfd-d1317839538d,2024-03-02 16:15:00
4940,995,page_view,profile,53,a2a37e00-f456-4753-bca2-6f13fb7d915b,2024-01-20 16:34:00
4941,478,remove_from_cart,cart,31,d41f7e2d-8c09-45ce-858b-d43f1f8ddedf,2024-06-25 02:33:00
4942,744,purchase,search,55,6660be5a-1ef9-432a-9b34-5fad68968cf9,2024-04-19 16:21:00
4943,964,search,cart,98,90f83e34-41bd-4122-be82-7314af23fb7f,2024-08-21 14:45:00
4944,143,purchase,checkout,75,cd336058-ba45-4202-a933-2013087e0034,2024-06-25 01:13:00
4945,329,remove_from_cart,search,72,0b10d0b7-4bdc-4192-a87b-5d594b589d78,2024-11-13 01:41:00
4946,346,add_to_cart,product,21,b34bff03-098c-4995-956a-d8052ce47b61,2024-06-12 10:31:00
4947,356,search,checkout,86,291b04ef-8863-4746-b688-23699ab65f5d,2024-06-08 17:54:00
4948,684,search,checkout,51,a972dd6a-3e6e-4e45-b79e-508b5e55c387,2024-11-03 14:57:00
4949,45,remove_from_cart,product,23,a1beda88-b413-4aa6-ae84-75ee404c6cde,2024-01-21 05:19:00
4950,288,remove_from_cart,profile,67,44a2af14-10f7-48d1-87b2-4b745999effe,2024-11-09 01:10:00
4951,734,add_to_cart,profile,63,e4e0d77d-172b-4bd0-b586-f85ae7759dca,2024-01-18 22:57:00
4952,134,remove_from_cart,home,19,9819fc4d-1f2a-4ef1-b44b-acbb647c2d66,2024-05-12 20:07:00
4953,879,search,checkout,74,51384bc3-6c25-4aff-b57a-0dbcec8ddd6e,2024-10-02 15:32:00
4954,333,search,product,68,1c176e3f-ffab-41cb-a0a9-cfba7ddb1867,2024-12-23 23:58:00
4955,703,purchase,search,56,a4ef7b0d-b3ec-4ce3-bead-c307a9dc88cb,2024-09-09 21:07:00
4956,261,search,home,56,feaeb4c3-2158-46b8-9667-cfb799e2892f,2024-10-26 12:35:00
4957,970,page_view,home,47,3b70ee95-3fe6-4ac9-9c3a-7cd91b428238,2024-12-01 20:36:00
4958,570,search,cart,13,f0af2b74-d0e4-49a7-9946-26c785696e95,2024-01-02 02:40:00
4959,105,search,cart,87,27b81e37-9144-4042-badc-56feacd96900,2024-03-17 11:40:00
4960,190,purchase,cart,3,b8f8f3a4-640b-4e37-8db3-5421fdb3fc83,2024-06-10 02:31:00
4961,630,remove_from_cart,search,73,de1d144a-f2d2-4916-b8c8-3679e4acd093,2024-03-10 02:39:00
4962,104,purchase,cart,75,54d82954-ed70-4371-abc6-048392835dce,2024-07-02 04:58:00
4963,111,remove_from_cart,checkout,20,d91ad11b-9cce-48f3-abbd-f764facf4f61,2024-01-27 19:31:00
4964,857,remove_from_cart,profile,98,88560475-4e5f-49af-a644-e1a573ba78b7,2024-11-05 03:57:00
4965,808,purchase,checkout,53,4eeac61e-47b5-4f8a-a75f-0808ec7fc2ea,2024-08-03 09:58:00
4966,706,page_view,home,57,26fb7b35-b397-4dd0-82d2-93a97d42220f,2024-03-07 00:13:00
4967,983,add_to_cart,profile,98,000b56de-e129-4b29-97d9-9a98b375aac2,2024-03-19 10:50:00
4968,797,search,profile,48,217ffb96-1298-4588-8090-44a2a61b3a46,2024-08-16 04:45:00
4969,545,add_to_cart,search,41,643b29d3-bb1d-4c6b-a727-4b4fa6627899,2024-11-30 19:31:00
4970,106,add_to_cart,home,44,2470e148-8060-4f56-a25d-5071aa4dba47,2024-08-28 16:22:00
4971,381,page_view,profile,40,b8e0e932-5e7a-4089-8407-d121539c09a4,2024-09-27 12:35:00
4972,54,remove_from_cart,search,70,b9a54bda-f31d-4cff-87bb-80e118d7d77f,2024-08-20 22:21:00
4973,25,search,cart,17,4691ed9a-be3a-4a04-959e-763a3ab5013e,2024-12-22 03:24:00
4974,709,search,product,10,69787ad6-f5a1-4752-9cf5-95dd3bb0bd92,2024-08-21 15:59:00
4975,395,purchase,search,57,3be23bb9-44b6-43cc-80e0-126c6629a43d,2024-09-08 02:58:00
4976,496,remove_from_cart,search,31,4c225197-cd8f-42d8-a2d8-0fa8bb617d53,2024-01-17 21:01:00
4977,392,page_view,profile,59,f9c082ef-7f15-4f63-87ac-f957be62ddf6,2024-09-11 17:41:00
4978,625,remove_from_cart,cart,33,c53de2a5-6fd1-4960-be69-fabe8851133e,2024-07-07 02:42:00
4979,886,purchase,home,29,9182746f-f06c-4091-bb34-71c8aa54b0d3,2024-02-01 06:24:00
4980,745,search,checkout,29,5be752db-9a0c-4c1b-9d56-5b8e4c3ce215,2024-05-05 19:04:00
4981,110,remove_from_cart,search,100,cb582b7a-2acf-4a47-a52c-5a6ed85d898c,2024-05-09 06:55:00
4982,727,page_view,home,30,a0469b29-7856-4e35-a829-99fa938c6452,2024-02-02 07:17:00
4983,567,purchase,cart,24,4ad10fbc-c5d0-4aab-b614-d10572111b4b,2024-03-07 15:17:00
4984,785,search,search,28,d3cd0e94-91f6-4fd6-8644-e2f238cfbbec,2024-06-16 04:19:00
4985,721,page_view,cart,30,88e47298-4da0-4856-a393-7985601e947c,2024-10-28 16:55:00
4986,278,page_view,home,4,8c5ef0ff-04ee-4bad-b11e-af8754c79abc,2024-06-05 21:35:00
4987,534,page_view,checkout,40,818d6341-8792-4006-a94f-faf180b05e1e,2024-05-17 16:32:00
4988,57,page_view,search,23,85ef0298-063e-499b-8dcb-2f534f02b21d,2024-08-23 13:14:00
4989,461,search,checkout,23,b8fc8683-3d08-4fc7-b028-7d8de8937a54,2024-10-10 22:10:00
4990,777,remove_from_cart,home,82,2d9752a3-78e6-479c-a879-6df18561f69a,2024-11-08 20:39:00
4991,903,remove_from_cart,product,35,39ec91a8-037a-434a-bf2e-560d8e5d976e,2024-12-14 02:19:00
4992,364,add_to_cart,search,73,a3a821a5-e1d3-4f36-91fd-9007ee5bb93b,2024-10-28 21:52:00
4993,643,search,home,33,28c994aa-653c-4201-af71-772fe141a4a2,2024-04-06 00:49:00
4994,62,remove_from_cart,profile,4,c9c9330a-9e00-45b9-b093-893724265625,2024-07-27 06:54:00
4995,535,search,checkout,94,4a327561-4449-45fb-8f35-2e68f9da3590,2024-11-30 18:44:00
4996,736,search,cart,57,1c258a12-b771-41bd-9afe-5c2d2445d930,2024-06-13 18:21:00
4997,90,search,checkout,44,6c026ec2-34a7-4fd9-bcc9-351c35a3d251,2024-07-12 03:16:00
4998,23,add_to_cart,cart,35,f3bbd2e1-134b-4bb9-840b-38a7b0b2eb81,2024-11-28 08:01:00
4999,831,purchase,home,3,9116535a-d83c-43fe-b1cb-6b64ff07d79e,2024-06-21 06:11:00
5000,366,search,search,61,a07b3a1b-e833-4efc-88bd-1c32f8683c8b,2024-05-31 17:50:00
5001,410,search,checkout,9,f5cdc78d-54f8-4751-b945-bca235e41036,2024-03-23 02:00:00
5002,428,search,profile,68,44e496be-b22d-4027-b56b-8be4087d76ef,2024-04-17 11:29:00
5003,464,add_to_cart,search,57,bb001a07-5a01-4cd3-a1df-ff4fd963c6cd,2024-10-11 06:40:00
5004,266,page_view,product,81,35af5585-91ec-4209-88ec-8fd5bb7772d9,2024-08-15 01:33:00
5005,645,add_to_cart,cart,46,8608f386-bb8e-4fe8-8d03-930b3119081f,2024-09-01 06:00:00
5006,459,page_view,home,8,df71fd8c-f43c-4be0-9835-afec107e0ed9,2024-03-21 10:46:00
5007,717,add_to_cart,profile,77,98b0a42e-4d52-4e2b-9ba6-234ff7d9d76e,2024-07-18 10:28:00
5008,687,add_to_cart,search,58,74a832af-5b10-4554-b12a-8d14ee9b6b82,2024-04-29 21:12:00
5009,971,remove_from_cart,home,58,96bc5bcf-87e4-49ea-bc44-48a59c752d59,2024-12-16 04:47:00
5010,913,page_view,cart,6,a0ef554b-0b03-47bf-b08a-5fd221982987,2024-05-10 23:57:00
5011,390,remove_from_cart,checkout,70,ad010b9b-bd63-4852-ae5b-cb56d08b1f1a,2024-05-19 12:25:00
5012,840,purchase,product,100,ca8dac7f-fc81-492a-8814-c83326ac7f11,2024-08-13 03:13:00
5013,66,add_to_cart,profile,37,508b36fd-0575-4ad7-a5c2-07e5e63b96ba,2024-01-25 03:14:00
5014,835,add_to_cart,checkout,45,c33ed16d-d80a-48b4-b3d8-a69948420f93,2024-05-05 14:15:00
5015,952,add_to_cart,search,58,29a5c980-4650-41ed-8e9f-ac37f55f65c3,2024-09-30 11:03:00
5016,255,purchase,cart,24,aea0e9d3-affe-41fe-a50c-be763f740438,2024-05-03 07:22:00
5017,381,remove_from_cart,search,79,e1c5057d-81db-4dd0-99f1-cefcf0ddb533,2024-12-03 05:02:00
5018,526,purchase,checkout,91,05aa9d8d-ac55-4417-b9e6-bb8353854717,2024-06-16 01:07:00
5019,622,add_to_cart,product,82,ba5187b5-5362-453f-a12c-7d276fc2c250,2024-06-04 09:13:00
5020,689,purchase,cart,89,e43c4d50-e5ae-44f8-bd14-556bee5970fa,2024-10-15 03:48:00
5021,333,add_to_cart,product,64,02d5403d-369a-43ad-8381-08ecf1e788c7,2024-08-03 06:40:00
5022,631,remove_from_cart,checkout,88,69c91bf2-9806-4688-ba9f-aa4ff2821474,2024-09-21 11:58:00
5023,80,remove_from_cart,profile,18,23762c7a-ce49-4d42-a700-7932c419d5de,2024-04-19 15:49:00
5024,55,remove_from_cart,profile,65,72f04ef4-0ac5-41fd-88c3-cfc7a8bff5d6,2024-06-22 11:06:00
5025,196,page_view,profile,29,9cfa164f-ddd7-4fff-ad38-21ce86bb6de1,2024-09-27 08:14:00
5026,980,purchase,checkout,10,6a3eb460-11c4-4f82-9101-e99212a6d26c,2024-02-08 06:23:00
5027,708,search,profile,97,755259ab-4faa-421a-ade3-004e0d43f378,2024-11-18 17:35:00
5028,281,remove_from_cart,checkout,60,1c6d99f0-ca47-487a-adea-37916cc2d6c3,2024-12-03 21:20:00
5029,26,add_to_cart,profile,77,eb517345-9426-4599-a738-4727b028a7c9,2024-08-20 11:42:00
5030,794,search,search,70,c222e000-3b59-45bd-afad-efb1eab6d539,2024-11-04 00:49:00
5031,950,page_view,home,15,397ea800-b3e8-4d2a-9631-f564100118fe,2024-02-07 17:06:00
5032,586,remove_from_cart,home,47,e28b5b61-49c5-4506-92dc-59cc34fecef5,2024-03-28 17:21:00
5033,951,search,search,30,dae87810-8277-4635-a227-34a99ee53160,2024-01-23 17:09:00
5034,104,page_view,checkout,74,6b01849b-94c7-41da-9d6a-f07e5cdc65fb,2024-02-05 21:02:00
5035,519,purchase,checkout,76,3d153658-77d2-41fb-830e-62d7f52a9d2b,2024-10-10 01:35:00
5036,512,remove_from_cart,cart,53,7e17c4f1-45f8-4a12-a2b8-d4b57d188e37,2024-05-04 08:30:00
5037,647,add_to_cart,checkout,22,2a308555-c38a-4786-ad73-926182a3af1d,2024-10-09 07:03:00
5038,38,search,product,97,cf63f007-d555-4bc8-b65e-5bf8fca9848a,2024-01-20 13:13:00
5039,236,search,checkout,81,e1aa1e64-96bd-4f2b-8ee0-9879a3b6588f,2024-02-23 13:03:00
5040,159,add_to_cart,product,58,120d803f-add8-44fb-8fc3-f76a4d91b72d,2024-05-19 21:09:00
5041,717,page_view,checkout,71,6ee02144-55dc-4297-a8cc-a957f28458c8,2024-12-06 05:44:00
5042,480,purchase,home,8,dc00cf9a-ec54-46a5-aac6-061dde8e2920,2024-07-01 22:01:00
5043,860,page_view,profile,86,dc047687-8534-41fb-950f-03f7b4d20b8e,2024-10-11 07:10:00
5044,363,remove_from_cart,home,20,697198ea-e747-4d55-964e-8ce012836787,2024-02-11 06:45:00
5045,695,search,product,7,44337944-7a41-4c98-afac-cdd5d921a960,2024-09-16 07:14:00
5046,637,add_to_cart,product,37,b2aa1ffd-813a-4224-9990-f8b9fa29dc95,2024-08-09 04:11:00
5047,419,remove_from_cart,product,33,5e234d48-b11e-48fe-9aad-0413182984ea,2024-01-06 01:48:00
5048,714,page_view,checkout,36,5ed67487-d914-4b3b-a1b5-fd55079601ea,2024-03-27 11:39:00
5049,103,remove_from_cart,profile,34,d0ca1508-9ac2-4279-b508-7ef967f5164c,2024-09-02 07:35:00
5050,206,add_to_cart,product,52,bb356676-97eb-4731-9516-21d1d98ba68c,2024-08-31 01:28:00
5051,437,add_to_cart,profile,94,c696062d-49ec-4858-b33b-8fe38592c77e,2024-09-21 00:43:00
5052,895,search,profile,75,954aaac1-aa43-4353-97c3-007212aa8dba,2024-06-26 13:01:00
5053,350,add_to_cart,cart,82,1b74bc5b-2874-4b01-a212-040978f6451a,2024-06-08 00:35:00
5054,648,remove_from_cart,checkout,98,f6527cc3-ea4e-4ffe-8fde-c89f856737a6,2024-08-14 22:06:00
5055,19,page_view,product,57,2be16028-918b-4069-bda4-6007a63c9d2d,2024-06-23 23:31:00
5056,572,search,search,53,e9b35062-7406-4676-b802-af42d5bfa2bb,2024-10-03 15:43:00
5057,509,search,home,16,8cfc719b-150f-44c2-b1a1-840b5d77dbc1,2024-08-10 08:39:00
5058,51,add_to_cart,cart,70,b65889f9-89ff-4338-b7c9-6b9119238882,2024-04-08 23:32:00
5059,943,search,checkout,49,8dcbd24f-115b-46f7-be49-a91a9952203f,2024-06-19 06:41:00
5060,405,purchase,checkout,28,2971face-e168-4d65-846a-3b0d9662ce9f,2024-01-26 14:10:00
5061,732,search,checkout,17,b53f5d04-4736-4524-bf16-e8df463abff9,2024-08-26 11:53:00
5062,466,add_to_cart,home,72,381a6440-c44a-42de-b817-a1ed21c3cbbc,2024-04-01 21:47:00
5063,634,page_view,product,10,9e431ce4-4a80-4633-969d-678b2d3680a0,2024-04-24 07:35:00
5064,389,page_view,checkout,73,3122cda7-958d-454c-a14d-4823a06b0a89,2024-03-21 15:18:00
5065,985,purchase,profile,18,2bf5cc96-75ce-4668-8cdd-300a635daa14,2024-03-22 05:08:00
5066,336,remove_from_cart,cart,49,5ef1ee44-130d-4682-9f05-546a6366df4c,2024-11-28 07:39:00
5067,413,add_to_cart,profile,79,b81df45a-5b68-46bf-a9d1-75e70b66a37f,2024-12-22 04:24:00
5068,422,search,home,77,763039be-0e93-4051-87d0-f0a837d29fd8,2024-09-03 12:55:00
5069,583,purchase,product,26,ba420cb1-4a37-4abb-b276-cdc1c242256b,2024-01-02 05:51:00
5070,295,page_view,cart,98,b0c34b3d-db19-4f4c-b525-06d6ad34e649,2024-12-22 19:35:00
5071,265,remove_from_cart,search,56,f18a06fd-e88c-4f1e-bac4-33c6f96becfc,2024-08-22 22:37:00
5072,264,search,profile,40,335c8d83-5e21-46d0-9eb0-8461926a9051,2024-08-19 03:57:00
5073,743,purchase,checkout,48,56ba8676-809f-481d-ad16-80f7b5bb410c,2024-07-17 18:42:00
5074,294,search,cart,82,381e8013-0da7-4812-a77a-78e66adf2d86,2024-08-06 09:41:00
5075,575,add_to_cart,profile,3,1b77a467-650f-4cca-9d56-cf1f3db43520,2024-10-31 16:32:00
5076,615,page_view,search,11,2173f051-7b2c-4bab-abe7-8234bd510ee0,2024-06-16 10:03:00
5077,681,purchase,profile,38,18385a20-6072-48f4-9078-0b478c9dd66c,2024-01-31 06:13:00
5078,677,remove_from_cart,profile,50,464d99fb-43b4-43d0-975e-1b49aaedc851,2024-12-15 05:27:00
5079,980,remove_from_cart,profile,83,d0dd7aee-16bd-4df8-bdad-22a54e2f61aa,2024-01-25 17:22:00
5080,720,search,cart,41,68ac6ef6-f6f8-43bb-8626-0165081dbf10,2024-02-16 09:48:00
5081,773,search,cart,59,8a771815-f7e9-47f5-bcae-c6472aa15305,2024-03-11 20:43:00
5082,163,search,home,49,3a93cd7d-9688-48ce-b369-1368aee94da5,2024-01-18 23:20:00
5083,636,purchase,home,42,4dce4d12-804a-4e81-a223-9ea7b2a4cbe2,2024-03-12 12:28:00
5084,82,purchase,search,59,8cc62611-d8b9-4c8d-9ae9-a38bcbdd8597,2024-08-22 17:47:00
5085,819,page_view,search,64,d7920d11-2d5a-4d6e-a8c8-d9ba98512bd1,2024-07-18 14:46:00
5086,897,add_to_cart,home,39,3ea52257-55de-442e-a7e2-8c35f0554b83,2024-10-07 02:09:00
5087,272,purchase,search,48,10792d35-ad4a-476f-8f18-4d24ff255a5f,2024-08-06 01:20:00
5088,687,page_view,profile,20,0b4c82c9-9689-4ce4-b7d2-7504173c8415,2024-01-24 12:59:00
5089,345,page_view,cart,58,3d9ecd1a-4792-4777-97e7-4143a5a1eb8b,2024-03-12 00:11:00
5090,258,page_view,profile,80,57ae9fed-bc6c-44e5-8923-3a211b685a1d,2024-01-14 11:13:00
5091,387,add_to_cart,checkout,26,6b0d5ae2-1741-4402-8270-198000b92f35,2024-10-30 12:15:00
5092,572,remove_from_cart,profile,56,2302655d-05f5-4df8-848b-850d7a10fe64,2024-11-03 01:23:00
5093,661,add_to_cart,checkout,20,2e2e6f9f-e6b1-4ca0-a0fc-6d8b9b5c2838,2024-06-25 13:43:00
5094,407,remove_from_cart,cart,67,d958bebe-fae2-4baa-949c-2e0964123dde,2024-02-23 18:53:00
5095,946,page_view,home,83,ca842148-8c82-4f19-833c-b3fc0f53813c,2024-02-25 15:03:00
5096,805,purchase,search,17,cdffe3e1-cbcc-42e0-be5d-f9b0bfea4daf,2024-12-10 03:06:00
5097,994,purchase,checkout,35,a4c5e67f-3347-4031-9842-f6b2623cbeb2,2024-05-03 21:47:00
5098,849,search,search,56,4fcae8ea-7980-47fd-8885-fa8babd31869,2024-01-17 12:29:00
5099,366,add_to_cart,cart,60,243d0660-8036-4512-8034-1912d02013fe,2024-12-20 22:23:00
5100,22,purchase,profile,9,69e38241-8a08-4f8e-9850-cc2b6941a40b,2024-03-30 19:28:00
5101,674,add_to_cart,cart,70,31d86a3b-4802-4006-a1a8-9c1c0cba783e,2024-10-06 15:06:00
5102,249,add_to_cart,profile,23,95d48792-9995-46cc-9ee0-45cb5b6106c0,2024-09-20 15:22:00
5103,257,add_to_cart,profile,67,8ce89a1a-0c12-4a0e-9c49-a71e2a2116b9,2024-10-24 00:01:00
5104,380,purchase,checkout,39,768b328b-1ef8-4e2c-8cd4-7ae3cc66935e,2024-02-05 16:09:00
5105,663,search,cart,86,653f8e32-4dd8-40f7-994a-3d3443b4c332,2024-04-15 01:20:00
5106,39,remove_from_cart,cart,70,75447a74-c2a3-46c5-a5b5-ef9b1e7f6d68,2024-04-14 18:04:00
5107,483,add_to_cart,profile,6,67b8d988-72f1-472c-a407-c50ee1aec7eb,2024-01-12 17:25:00
5108,741,remove_from_cart,profile,62,cc5aad29-96f0-4fd1-b497-cf5b9401d3f0,2024-10-06 14:36:00
5109,504,page_view,cart,13,7287a04e-677a-4d82-93b3-151def8e0e90,2024-06-10 15:16:00
5110,969,add_to_cart,search,74,1f946d44-523e-435d-981b-604a02d546b9,2024-05-15 06:09:00
5111,78,remove_from_cart,profile,78,a7a56a69-5b6f-465e-8b13-8eecbb8b22dc,2024-08-03 13:57:00
5112,656,search,product,73,1386e941-8783-43cd-afd3-4441356caea2,2024-04-03 15:13:00
5113,53,purchase,product,95,65b023d7-712b-4620-a2c6-4017c17f347f,2024-11-12 07:56:00
5114,460,page_view,checkout,27,7385ebf9-a4e1-40ba-ba85-512698ffb397,2024-05-24 17:20:00
5115,805,purchase,checkout,43,c85a8c4a-9ea0-4c6b-8431-8e825132ab02,2024-10-01 09:59:00
5116,666,search,search,1,cb3ac115-d96e-4862-a56c-1869398ea744,2024-11-23 01:45:00
5117,687,search,checkout,33,45378f44-7456-4d21-aac9-45dcdccbfc89,2024-10-29 18:14:00
5118,452,remove_from_cart,checkout,73,6b401575-4c11-45fe-8d12-afb2dc3bc3ad,2024-03-20 15:56:00
5119,59,search,cart,48,3ff85736-1bad-4f0a-8610-60e1100ce8a7,2024-04-07 23:04:00
5120,390,purchase,cart,8,a6c3aa99-3377-49d0-b609-200d63880bd4,2024-05-29 07:19:00
5121,862,remove_from_cart,search,38,17bc090a-20d6-4a08-b824-20d5a4904932,2024-07-24 13:46:00
5122,915,page_view,profile,14,e8a91b70-dfe7-4d5e-a33f-bb4792013373,2024-08-15 14:05:00
5123,418,add_to_cart,product,8,9e4caa9c-6bc6-482e-ad6e-a522a282fd3c,2024-04-03 08:32:00
5124,1000,add_to_cart,search,65,0663db74-e2a5-4e19-bf6d-86a971679d40,2024-02-17 06:44:00
5125,889,add_to_cart,home,17,dc71df8d-5780-4cfc-b393-da0e8d3daf99,2024-09-09 04:57:00
5126,744,remove_from_cart,checkout,44,eca8884f-6b45-49da-a45c-4f0625a4b08f,2024-03-25 05:26:00
5127,959,add_to_cart,cart,41,e1678793-b75c-4c96-82f9-677f669ec228,2024-05-31 16:14:00
5128,122,remove_from_cart,product,92,47c9b379-4024-448f-811e-6166067f40e6,2024-03-12 18:13:00
5129,39,page_view,home,63,8b064a9c-30fc-4bbd-827b-3ecaf6653ff3,2024-11-03 12:34:00
5130,789,remove_from_cart,home,39,1e1b76e5-7d26-4cd5-8e9e-7f49447463df,2024-06-27 01:47:00
5131,887,search,cart,34,2de30d79-9777-4129-b674-d7d64d98bb3d,2024-11-15 20:04:00
5132,144,remove_from_cart,profile,71,9d06b30b-3a9b-4893-ab1c-cb536de85876,2024-08-08 13:35:00
5133,917,page_view,profile,8,4f62e3cf-55dc-46f5-bf50-9e2e293ec3dc,2024-02-25 10:58:00
5134,410,add_to_cart,home,35,a1ac9622-aa71-428e-8197-44c731e27dfa,2024-04-18 14:29:00
5135,19,page_view,cart,28,524d5abf-e7d2-4d12-9477-7dac52cf7cef,2024-09-19 18:10:00
5136,742,page_view,profile,39,8f7d05c5-c061-4119-888d-83382af01ddf,2024-05-31 12:12:00
5137,327,search,cart,17,e05b4da3-d5a4-412b-bc3a-3c71dd26923e,2024-02-16 02:57:00
5138,54,page_view,checkout,77,2e80bf98-9a6f-4cc6-bec5-b8e72a398353,2024-12-28 18:54:00
5139,173,page_view,checkout,62,f299818b-69f1-4721-881f-d74422695968,2024-01-20 11:53:00
5140,501,purchase,profile,19,b424e094-c8ec-4de0-a77b-ea58ca69bdc4,2024-11-14 15:23:00
5141,197,add_to_cart,product,83,17b98ead-2313-48bd-ac91-fcd1413f80c7,2024-06-18 13:23:00
5142,463,add_to_cart,product,76,d5cca435-2f3d-42ce-8775-7a6757402af1,2024-06-05 12:01:00
5143,125,add_to_cart,profile,66,6f217bf0-0f3b-4721-9a50-9af586857cbd,2024-09-30 22:51:00
5144,267,remove_from_cart,product,97,bfe1121a-0df9-462d-9265-94e784f00cc7,2024-10-29 12:44:00
5145,596,add_to_cart,product,65,5d514ed6-66ba-45a3-9204-8cc54bbf231c,2024-11-10 08:31:00
5146,748,add_to_cart,checkout,76,a6dd6605-41b6-4f73-897a-e95f2e3d584b,2024-09-02 01:30:00
5147,846,add_to_cart,checkout,80,088a3066-e11e-4968-956c-ba6ff65f589d,2024-01-06 17:31:00
5148,248,add_to_cart,profile,92,3b71c98c-108a-4164-b9c7-f9cb023512e4,2024-04-06 17:40:00
5149,86,purchase,search,62,c6438ca0-4fef-4063-ac9f-becce2452607,2024-12-13 11:03:00
5150,459,search,product,89,cb9bbf06-8f51-4e35-9032-611502de2e03,2024-09-20 16:26:00
5151,876,remove_from_cart,cart,72,185144ac-9bf8-44a0-b149-ae3db1ba359b,2024-11-06 19:48:00
5152,118,add_to_cart,cart,39,9795c46c-67e0-485c-bcb7-d02d483a55bd,2024-07-22 22:25:00
5153,660,remove_from_cart,product,18,99fcaad4-6781-4656-aaa4-028b587a5cae,2024-09-23 18:29:00
5154,959,remove_from_cart,product,92,43b7e39f-c7f3-4875-a6b7-b771df73d7a5,2024-05-06 19:51:00
5155,681,purchase,search,72,56afe21c-411b-4058-ae92-3c81ca2ad962,2024-08-05 01:04:00
5156,49,add_to_cart,cart,51,f27f28ea-2491-4e09-9a2c-c8a5ed75b00c,2024-12-11 20:55:00
5157,608,search,product,80,9da8da02-7cd5-42ba-a53d-acb47521e787,2024-10-28 23:28:00
5158,709,purchase,profile,74,d5d20d2f-8874-431a-901f-e95770c8469b,2024-11-07 14:49:00
5159,92,remove_from_cart,checkout,67,3509be71-1e35-4ec9-afd3-8ab43a2c162d,2024-10-20 17:39:00
5160,405,add_to_cart,product,60,e369fbb8-9dd4-4ba2-ab17-e13f47fb7bcc,2024-08-24 10:17:00
5161,961,page_view,cart,48,ffef0d8e-25be-4e44-8b60-1e46153a4934,2024-07-02 01:51:00
5162,558,add_to_cart,cart,71,030a6e30-c5b9-473b-a787-50d7b3cd466c,2024-05-21 00:13:00
5163,406,add_to_cart,search,77,00725e8e-3d74-49f9-ae62-63c36d0073ac,2024-11-13 10:20:00
5164,290,remove_from_cart,cart,62,4238725c-9850-45b9-85e2-1269f37fddff,2024-10-16 04:34:00
5165,742,search,checkout,1,cf624e1b-2f89-47a4-b9c3-219d3d908bc0,2024-10-22 05:47:00
5166,414,search,search,68,7e815579-0266-4ece-a781-5f8af3cd85b3,2024-03-04 04:42:00
5167,93,page_view,profile,70,1a26c823-1a78-4892-85f0-f8e2f7b6a3c1,2024-06-11 17:55:00
5168,548,remove_from_cart,product,27,9341c8fa-1dfc-4e91-a84f-c913e1f13986,2024-11-04 20:58:00
5169,709,add_to_cart,search,48,c2b47a8c-2e26-4286-82e4-f298949d6098,2024-08-12 21:34:00
5170,970,purchase,profile,45,4e60da33-9378-437d-8ad9-32079dc6c669,2024-01-10 19:22:00
5171,677,add_to_cart,cart,51,20abebd6-0d4f-4dff-9afd-03416b54de9a,2024-04-18 01:54:00
5172,542,page_view,home,5,f7cb1157-bcf9-49d6-ab5a-191cc51d4d5a,2024-01-19 07:44:00
5173,561,page_view,home,99,64fbd3b7-c4db-4d6b-8ee7-379a820930b9,2024-08-19 08:57:00
5174,113,add_to_cart,checkout,84,64c73c0b-66b6-455e-8606-b6b410e66d2a,2024-01-25 00:52:00
5175,634,page_view,home,29,4b3302de-33cd-4acf-b9d6-e4f5099dc527,2024-02-07 04:33:00
5176,48,purchase,profile,81,91aec082-a534-4b23-a303-166119569eee,2024-03-13 19:45:00
5177,822,search,profile,98,4e6e52e7-7381-4f8d-a8c8-a0fac55d5c97,2024-06-04 20:46:00
5178,289,purchase,cart,49,8f962733-4168-4c7f-a045-8a28256c10ba,2024-03-23 05:25:00
5179,803,search,checkout,37,61d4ab1c-486c-4d9b-8162-c4de224c62ab,2024-01-19 15:24:00
5180,249,search,checkout,29,6cf10dc2-92b3-45ce-aa32-95bc32d021f6,2024-11-18 02:32:00
5181,410,add_to_cart,cart,43,8bf7d409-bc82-4134-a31b-8ffa32cbb080,2024-07-05 10:49:00
5182,311,purchase,home,54,502a88b1-063a-42e1-bf04-efe472556016,2024-01-18 20:31:00
5183,513,page_view,cart,40,2d29eafc-b16b-45c9-9e83-a51a4b6a9cd0,2024-01-03 14:07:00
5184,964,add_to_cart,search,67,dbbeb7fe-2013-407b-919d-3893b8ee674f,2024-11-12 19:49:00
5185,952,purchase,search,2,adb93bce-855f-4354-a33c-6d48ec27a055,2024-02-25 02:31:00
5186,730,purchase,product,11,1203c5bd-1308-4192-b7ad-e2552bd1da0d,2024-06-20 16:32:00
5187,481,add_to_cart,home,36,ed278277-9259-431a-8aee-ddcf7a116757,2024-06-13 21:02:00
5188,676,add_to_cart,profile,32,d0213d61-7e5e-48b7-80c0-22bf20cb754d,2024-02-25 11:08:00
5189,216,remove_from_cart,product,88,9779e42b-5a87-4877-b538-402fae1a914b,2024-12-30 10:12:00
5190,778,add_to_cart,product,5,3158c0ed-7294-475f-b3f8-a080e1cb6e53,2024-10-10 20:43:00
5191,94,add_to_cart,profile,64,fee0b655-1639-4209-a7e4-9365918554c9,2024-06-08 19:38:00
5192,247,search,home,77,a4b9619e-296e-4184-a115-70153d45352d,2024-01-27 00:47:00
5193,956,page_view,home,17,dc6827bd-1ef4-4742-951d-3ef47c1cd28b,2024-09-19 08:48:00
5194,56,page_view,profile,64,2a32a3e0-86a0-457b-b801-284c25d428fd,2024-03-12 07:16:00
5195,721,remove_from_cart,checkout,93,7f06791e-9194-42da-9132-02535eb78d5b,2024-09-12 15:40:00
5196,948,search,profile,47,1fbc578c-d31d-43fd-810e-3b98923a3f00,2024-03-24 12:35:00
5197,852,search,home,69,04054b41-7bfc-4655-992a-7a6130ab2257,2024-03-21 12:52:00
5198,954,search,home,41,00d500c9-71f7-4ff3-9780-7a0848de3fdd,2024-05-14 04:15:00
5199,556,add_to_cart,search,11,8f9a73e0-e030-4d40-8c4d-ca80a4d0199d,2024-10-29 13:38:00
5200,940,search,search,6,b2d55393-dbc4-4a12-a119-0feb591e5716,2024-12-23 08:36:00
5201,890,page_view,search,71,d1510421-b3f5-4072-914e-6d4d57cedb12,2024-11-28 02:30:00
5202,845,page_view,profile,3,80ae5fd6-184e-46b3-a3cf-5d4bca4c1db0,2024-02-29 11:38:00
5203,117,search,profile,60,cbd2a370-826e-4249-8995-0b670e8f98b7,2024-08-17 00:49:00
5204,462,remove_from_cart,profile,35,51e1cd89-b0a2-463c-845c-364eb3823548,2024-04-24 20:42:00
5205,996,remove_from_cart,checkout,81,6bce20db-524f-4a97-b2e4-9e928a37902a,2024-09-16 04:05:00
5206,840,purchase,profile,94,5fe34ec1-a038-48ea-a955-4d21433e5727,2024-04-20 17:50:00
5207,580,page_view,cart,47,27dec5c3-a8f7-4950-9152-e12d9a810e26,2024-07-06 00:22:00
5208,421,remove_from_cart,profile,88,aa1dfc2e-773a-4c7f-a53b-173138586638,2024-12-08 20:10:00
5209,17,add_to_cart,cart,35,2eb302ea-2ee3-43bb-b168-7539c7822caf,2024-08-03 09:58:00
5210,783,add_to_cart,search,96,6da25c89-4810-4bc4-ae37-3fcda6f1342a,2024-06-24 18:52:00
5211,379,add_to_cart,profile,44,a1ffa834-7ff6-48ae-b251-3291fda93ac8,2024-03-25 21:36:00
5212,191,remove_from_cart,product,89,eedea6e1-8032-4675-95ef-451e56731298,2024-01-27 20:59:00
5213,580,page_view,cart,20,656a1470-2320-4cef-858e-36ce638e323c,2024-12-05 20:22:00
5214,545,remove_from_cart,product,23,63b179b0-57f5-4362-91cb-009e7e9931ac,2024-11-22 19:36:00
5215,93,add_to_cart,profile,62,2269d136-ba92-4321-aafe-e7e1c4230f1c,2024-10-11 01:30:00
5216,507,add_to_cart,product,36,6711190d-3df5-4087-89c4-f46aaea65f6b,2024-05-08 03:58:00
5217,1000,remove_from_cart,checkout,29,7852c288-d7a9-4b24-beff-115cac60efef,2024-04-06 05:29:00
5218,532,search,profile,95,204aab72-0aa6-4136-b412-4ac9cef1a8d6,2024-05-24 10:50:00
5219,640,add_to_cart,home,42,0f462bfd-ffac-41a3-acad-33f716d8fc96,2024-01-05 13:39:00
5220,678,search,search,63,bd0ed28b-333a-4b6b-994c-2c69434731fb,2024-07-10 16:45:00
5221,324,add_to_cart,cart,63,8529562d-59a2-4f4f-b7ce-a25add91c8ab,2024-03-26 08:50:00
5222,610,add_to_cart,cart,73,19a7867a-a883-4256-83b8-78811639fb76,2024-09-15 15:26:00
5223,272,page_view,home,97,87692aa9-b9a8-4cdd-a1f3-075906179ce6,2024-12-25 12:36:00
5224,436,remove_from_cart,checkout,79,91a3a6e6-2d72-4b6f-b5ac-7fdd15b22415,2024-01-13 03:52:00
5225,810,purchase,cart,36,0ca3b45c-d0f8-4144-8abf-e793cb562932,2024-12-06 04:46:00
5226,241,purchase,home,11,b3ba0d25-735c-4430-bbd0-bbbe3f8ee084,2024-11-27 09:04:00
5227,346,remove_from_cart,home,95,59364dee-96d5-41d8-ab84-27d59b7b905d,2024-01-23 11:49:00
5228,973,page_view,checkout,63,748d1ac6-babf-4db0-9d63-cd582ca41e71,2024-06-17 15:54:00
5229,528,purchase,home,84,4ef2f45f-5d9d-4367-8def-4847af0f1950,2024-03-19 07:52:00
5230,382,search,checkout,49,cd27763c-02cc-4d79-a5f6-845d4a59b760,2024-07-14 05:25:00
5231,628,page_view,search,11,fb080458-61a8-408d-b289-f2d54557f2c5,2024-02-12 19:57:00
5232,442,add_to_cart,product,30,11e7c3ee-abbe-42f2-bf6b-4356e5a606cf,2024-07-17 05:23:00
5233,193,purchase,search,56,4463b52d-3576-4b6a-989d-e43da9b6a269,2024-04-18 01:56:00
5234,464,page_view,home,81,e3646521-f06a-4152-82f1-d246160f60cd,2024-11-16 06:49:00
5235,686,page_view,profile,97,0835d37e-7ac6-494b-8649-0c5ccde86624,2024-07-19 23:35:00
5236,567,search,checkout,68,f92c23d6-17bf-49a8-94bc-51a40c5723ac,2024-01-26 07:15:00
5237,679,add_to_cart,product,13,ecf211c1-98ef-48c8-9f9b-3f0a7b41591f,2024-08-05 09:36:00
5238,953,remove_from_cart,search,52,e1f092d3-f922-4d10-ab72-4637474698fd,2024-05-10 18:04:00
5239,840,purchase,home,42,a333f03f-c6d8-4f34-99c9-0e949573f2e7,2024-10-08 00:13:00
5240,904,page_view,checkout,13,d9eda8ad-a655-47fa-b2ca-0df9e5c31512,2024-05-28 13:02:00
5241,116,page_view,search,79,ad606e4f-dd47-4233-8d9d-f94df4f9280e,2024-06-26 16:30:00
5242,172,remove_from_cart,cart,9,01b9d295-4794-4a3a-833c-062081d39b1c,2024-02-14 20:05:00
5243,782,add_to_cart,search,62,774c8524-9cfa-4f1f-a7a5-0aae5f43ff9f,2024-04-28 00:58:00
5244,904,add_to_cart,home,8,38438ade-c672-4966-9ef9-685830363648,2024-07-08 03:50:00
5245,591,purchase,search,11,3add8bd9-6ad4-4aeb-9b4b-b67b57df89a5,2024-06-08 23:55:00
5246,440,search,profile,15,09c9a71e-84d2-410b-8561-92b8133bd5db,2024-01-05 14:58:00
5247,732,purchase,cart,31,d412d895-2f49-4a70-9d60-90cbe4cfe4c3,2024-03-16 12:53:00
5248,212,page_view,cart,24,f9801aab-7b49-41f8-8af0-ea3934cfb131,2024-05-13 07:57:00
5249,552,add_to_cart,profile,20,a77617f5-ee3b-4434-b517-8d1c244e3699,2024-05-11 22:17:00
5250,885,add_to_cart,search,43,6dedc387-0241-490a-a1f6-23c2a687a34c,2024-02-23 11:15:00
5251,560,remove_from_cart,home,6,c5c7afed-b350-440c-8a57-541ac474cf41,2024-03-31 09:01:00
5252,616,purchase,cart,24,97869578-0f34-48dd-bf3e-b5b94d75e791,2024-07-21 00:44:00
5253,407,purchase,cart,89,127863a4-20a5-4e6d-b0b3-982fb7ef4ef1,2024-05-17 23:57:00
5254,222,page_view,home,29,ea24ac51-0d56-4099-898c-a60e582aaef4,2024-11-23 22:49:00
5255,3,search,checkout,31,fe9931ab-3f98-416d-b39e-156ffacd3814,2024-08-13 15:18:00
5256,64,page_view,search,98,5e42fa00-9742-40c3-b580-fae3109d4822,2024-05-15 05:10:00
5257,521,remove_from_cart,product,23,11e593dd-e930-470c-bf04-a3a153a84cfc,2024-01-19 09:50:00
5258,206,add_to_cart,profile,2,9c42aa6b-e66d-4414-ad17-ffdef87242fb,2024-11-22 00:24:00
5259,909,add_to_cart,product,8,7945e4a6-f9f0-4511-980a-47eea25d5160,2024-06-11 00:58:00
5260,276,purchase,search,18,fa0d1b04-1805-4851-9cd3-18e641079561,2024-08-28 15:12:00
5261,315,remove_from_cart,checkout,90,17ff1fe3-7554-4713-8af9-1c63193a6d24,2024-04-12 23:40:00
5262,291,purchase,profile,41,1f6b5ff2-3e65-4f63-8a30-53b7d7e4bc60,2024-03-15 23:27:00
5263,493,remove_from_cart,search,77,ac1211b3-704e-4c99-96d1-b9d140bda89c,2024-10-09 16:15:00
5264,937,remove_from_cart,profile,95,50dccf29-2f9b-4044-9f3b-ad9c53e41d3f,2024-02-16 19:38:00
5265,128,purchase,checkout,32,b86e441b-7802-4a57-ad95-b0b3bc46ddd6,2024-08-26 13:25:00
5266,15,purchase,product,48,076c429b-51d4-456a-86b7-a38ea6f4e2f8,2024-11-01 06:49:00
5267,470,purchase,product,37,3f84d2b6-61c7-4b19-9299-812d7d8b287f,2024-06-12 14:52:00
5268,289,remove_from_cart,home,45,dddb6f2b-06b6-4f36-8911-88083607c11e,2024-04-17 19:24:00
5269,936,purchase,home,68,0d698b51-3cff-46bd-82fa-ee3b6cf883c1,2024-07-28 01:50:00
5270,314,search,search,74,4e74e6f9-209c-4a81-b4ad-3004ea280e6d,2024-05-10 00:40:00
5271,79,search,cart,12,f0173f42-d533-4e3e-8160-7eaf0588bbc9,2024-05-30 18:27:00
5272,928,search,checkout,25,7615c05a-2428-4d8b-b324-4f59119b5068,2024-07-20 17:53:00
5273,992,search,cart,41,c8ad044d-0638-4e03-a2cc-871ab4fb3512,2024-07-14 02:33:00
5274,621,page_view,profile,31,8afce687-eed9-49b8-8c52-ef6eada94e72,2024-05-26 19:46:00
5275,203,page_view,profile,49,4359aded-5d0b-4d0f-8be5-809f9d84f417,2024-08-29 11:20:00
5276,715,page_view,profile,27,cb522675-6b97-4b1d-8ebe-1e21f75d2745,2024-12-03 03:59:00
5277,1,search,product,68,aefd0349-906c-43a8-a3fc-230474610d4c,2024-10-05 16:11:00
5278,634,remove_from_cart,checkout,25,dc621367-d031-4746-b89a-4b924656fab1,2024-08-21 19:59:00
5279,485,add_to_cart,profile,97,c8180ba9-5b65-44c4-a33a-895ed226fad3,2024-07-23 15:33:00
5280,583,search,search,99,4b7bc04c-e244-42dd-af79-b378842bb616,2024-01-11 03:37:00
5281,959,purchase,product,23,6ddf25e3-e485-4ba7-9602-3174b1326046,2024-04-14 03:16:00
5282,133,page_view,home,85,138512c8-2259-4a59-851a-0579ff9dc593,2024-03-31 10:15:00
5283,278,page_view,cart,34,b2c846cd-1a4c-4d74-95ca-85755c0baca1,2024-05-18 20:18:00
5284,1,purchase,product,97,77414474-0f0d-4cac-8d19-81a16814baa8,2024-02-15 02:54:00
5285,839,page_view,product,41,9a551de7-a689-4f29-8d91-133ae9d9425c,2024-10-27 12:57:00
5286,802,purchase,checkout,74,68e3df23-c9a0-40b3-af0c-1e44ab435e1b,2024-12-27 11:26:00
5287,101,page_view,product,79,2a2d5cd4-cf4e-45e6-98f2-848c253914c2,2024-04-07 22:22:00
5288,246,page_view,home,75,eb70f03a-fb63-4ee7-80cf-c3c7929d1253,2024-04-20 12:58:00
5289,970,add_to_cart,product,75,4fa7c3ac-bab3-44f0-aa08-03de879f4916,2024-06-19 18:31:00
5290,962,remove_from_cart,checkout,61,bef7ebdd-d187-4f30-b500-b3fec7299448,2024-09-14 19:48:00
5291,496,purchase,profile,50,a4c00f1f-0b59-4138-9f62-b963707c46fd,2024-02-22 05:28:00
5292,852,purchase,cart,15,79aec4e0-a950-49e3-a0ee-470190ec58f1,2024-05-11 22:38:00
5293,164,remove_from_cart,profile,14,e8cd391b-cb2b-4d84-a015-d6e3b7e3d045,2024-01-04 01:51:00
5294,590,purchase,search,5,ae1e76d2-b096-40c4-ace8-48ee470b724c,2024-01-10 08:05:00
5295,525,page_view,profile,31,0c28469e-7687-40d8-8d52-76ab4e023843,2024-07-30 13:55:00
5296,148,page_view,checkout,50,ef532abb-64a1-471c-87c8-1c5df4b5a588,2024-08-06 02:00:00
5297,867,add_to_cart,home,11,58dca19e-7943-45e7-9aef-69e12c9fb4d6,2024-02-17 22:28:00
5298,280,remove_from_cart,home,87,cd11b6eb-c478-4863-a0c3-a992a5d6ef4b,2024-09-15 20:33:00
5299,833,search,product,34,fd5d9d25-eb35-442a-89d0-121ce5b99cb8,2024-08-16 14:14:00
5300,73,page_view,home,11,2005f67d-f759-4619-ac52-0d5ca46d22aa,2024-01-16 12:03:00
5301,3,add_to_cart,home,96,d37fa526-9b1e-4b01-bbbc-3153e14fc7de,2024-09-28 10:37:00
5302,485,add_to_cart,checkout,6,7c5be94f-a54a-422c-9157-0b4dcacb7292,2024-07-18 03:11:00
5303,859,remove_from_cart,cart,48,935a9d1b-090d-4f0d-a833-ae2d33f89d84,2024-06-29 03:37:00
5304,376,page_view,product,95,7f05dc41-5901-4930-83cd-ea72914f0c9d,2024-03-06 05:41:00
5305,137,purchase,checkout,43,9509f5db-2107-4e12-ae1a-e960087770ad,2024-01-22 19:57:00
5306,554,page_view,home,62,7d6a1144-3b21-4e10-9aa1-b7a274153ed9,2024-11-20 23:46:00
5307,55,remove_from_cart,checkout,73,c69da0e2-34e1-4898-b45f-256be02beb42,2024-05-31 19:46:00
5308,749,page_view,cart,42,4c713bc1-221d-469f-a8b1-f3267e210bce,2024-08-14 17:49:00
5309,565,remove_from_cart,checkout,16,ddfa9808-1e3a-4982-9d9b-462d5eb96400,2024-05-12 20:13:00
5310,363,page_view,product,2,5dbda265-445f-4314-a1fe-32bfd0776270,2024-01-24 08:55:00
5311,731,remove_from_cart,profile,16,48d67033-acae-4be8-b606-d3c2a2cb3344,2024-06-10 16:11:00
5312,761,search,cart,29,16c1705b-de3b-4ef9-b876-bf09556cb70d,2024-07-19 10:27:00
5313,990,search,profile,48,79f6637f-183b-4863-886b-d00e11524dea,2024-10-07 12:39:00
5314,495,remove_from_cart,cart,100,b31775f1-514d-4e53-927b-409d712af7cb,2024-04-27 00:09:00
5315,463,search,search,13,8a76e2f3-1025-4962-b3c3-f1941ec98ec0,2024-02-09 14:46:00
5316,917,remove_from_cart,cart,56,abdb4022-1e1e-4108-b17d-54994a4fd202,2024-02-25 20:33:00
5317,341,page_view,product,3,5dabcc8f-546f-44e6-808d-d06fc983eb34,2024-07-10 08:02:00
5318,275,search,product,100,23478c3e-d194-4580-bd1a-d62337723f53,2024-06-08 11:40:00
5319,741,purchase,checkout,97,ea2defe1-b42b-4ba2-abee-50534b50ae4b,2024-10-02 04:56:00
5320,352,remove_from_cart,home,29,e1a28fb5-b3f5-46ea-b5c0-802502bcf902,2024-12-28 05:04:00
5321,291,purchase,home,62,358a7305-8497-441a-919b-0d2e8f794f3a,2024-08-31 17:54:00
5322,972,page_view,search,94,6213409e-f787-4384-8b69-292faf0513a2,2024-05-25 06:38:00
5323,708,add_to_cart,search,48,240fc263-8dbd-4ffa-92db-b3af289f7c02,2024-11-27 14:46:00
5324,561,remove_from_cart,checkout,53,1a3c250f-7c56-4cd7-b6f5-aeeb1799f4a4,2024-06-27 00:21:00
5325,305,purchase,checkout,64,323875b4-6a83-4fad-ac66-f0c5e74beace,2024-05-15 08:41:00
5326,345,add_to_cart,home,32,57e372f8-d803-421e-b184-83bbdb2da11f,2024-09-13 13:30:00
5327,533,add_to_cart,product,55,7c093ee7-8333-4c1f-8907-ebf857a6f7b9,2024-04-01 21:31:00
5328,767,search,cart,94,6f543e4f-c659-4dc3-8c77-9b1b793509df,2024-03-16 20:12:00
5329,841,purchase,profile,38,a8d1b718-92f2-4c67-ac45-99b7c78fd8a2,2024-01-21 10:40:00
5330,93,purchase,profile,10,565fc32f-3c9d-4215-911a-3c3b3ce55303,2024-08-12 11:30:00
5331,669,add_to_cart,product,19,52e18753-eba9-425b-83bd-d9b6b6a461da,2024-10-10 06:27:00
5332,113,add_to_cart,search,15,994e2f68-4b1e-45c8-85f8-13845f51cfeb,2024-06-06 05:01:00
5333,696,page_view,product,70,4cfd57db-bc67-434f-83d1-9cb32a579736,2024-09-04 21:15:00
5334,704,remove_from_cart,profile,1,dc66e521-4c54-4941-876c-bc730de2dddf,2024-04-13 13:11:00
5335,496,remove_from_cart,checkout,20,fa04b6fa-9cb8-42a5-b09a-4de54aea3ccd,2024-10-23 11:09:00
5336,132,remove_from_cart,product,77,04a844af-f115-4315-a4e4-8315a3125f85,2024-04-23 04:27:00
5337,471,remove_from_cart,profile,43,d66ac711-190d-42ab-8b3d-a7c0735932ee,2024-03-19 22:03:00
5338,532,add_to_cart,checkout,87,08cabfc3-ef9b-42a6-aace-cd0b2c3693e2,2024-01-14 15:22:00
5339,609,search,profile,14,2eebc9a3-11c3-4a4b-891a-9880a51005ef,2024-08-16 20:13:00
5340,78,page_view,checkout,4,8937cf07-0034-4bf3-9a82-c4b8853b3233,2024-02-10 22:53:00
5341,131,remove_from_cart,profile,2,99ba7f31-893a-4ef3-8a6a-ec3491f6cd99,2024-04-07 13:03:00
5342,202,purchase,home,70,c9a27bc3-d866-45fc-9939-0e6ddb08b4c3,2024-03-13 15:33:00
5343,114,remove_from_cart,profile,57,6f04107b-cb00-438d-a1bd-1072cacc258e,2024-12-31 11:44:00
5344,537,remove_from_cart,search,72,eb8c9578-6c2f-41a0-a746-313d67645ea7,2024-08-31 11:45:00
5345,364,add_to_cart,search,9,f5f2d6dd-604e-4a06-9cc7-d5e50d59a652,2024-01-23 21:56:00
5346,729,search,product,14,3d54efca-815d-4a8f-be8f-fc824f936907,2024-11-10 19:41:00
5347,232,search,search,52,b9d1f4a8-eb8c-4335-b8ea-3768197225e5,2024-04-25 11:23:00
5348,191,add_to_cart,home,30,89e95976-f1ba-4219-be01-bc416161eb82,2024-05-03 10:33:00
5349,739,purchase,product,52,8939af37-6b64-4488-88e8-397be499624c,2024-09-16 11:01:00
5350,240,search,cart,81,b687bed4-e1e0-43af-9417-14e2f11c4087,2024-01-05 08:17:00
5351,827,search,checkout,84,f7ec7a7f-9360-4f22-a019-1a78f733b59e,2024-01-26 03:03:00
5352,81,purchase,profile,27,6e772946-6629-49a6-bd65-8d3d04a4f8b2,2024-03-16 19:03:00
5353,2,page_view,cart,88,d7953128-0fdc-42f1-acba-c48615970e1f,2024-03-25 03:39:00
5354,601,search,profile,73,40091361-d08b-4ef5-b771-ae2c710d34ed,2024-04-21 19:24:00
5355,712,page_view,checkout,25,8e2507fe-5a0d-4aaf-9969-fc8116b30407,2024-04-07 03:11:00
5356,377,purchase,profile,95,17107145-086c-467a-8895-02730e7dc161,2024-07-19 02:16:00
5357,906,add_to_cart,home,50,06a4543c-deb0-4caa-bbd8-12be6f2a648d,2024-03-05 03:16:00
5358,788,page_view,product,35,d1bc298c-cc08-450c-8eb9-c63874f7dc5d,2024-10-22 18:42:00
5359,531,search,search,32,1a83f30e-bf2b-4051-bbb1-e87be9483c02,2024-11-29 09:43:00
5360,129,page_view,checkout,15,4d95eb38-c4bc-485a-aa64-1a94fa01fd4d,2024-12-02 03:20:00
5361,130,add_to_cart,product,16,3bdff2fa-5160-42cc-b6bd-34dd2ccfb867,2024-04-03 17:41:00
5362,847,remove_from_cart,home,47,602e8e14-26e1-4cb4-8785-3b89e13ae15b,2024-11-20 05:29:00
5363,491,purchase,cart,93,305ce2c8-2832-4f08-9dcb-7f5cd1aca39d,2024-12-12 11:51:00
5364,584,add_to_cart,cart,32,333b67ef-918b-4633-a9c8-334a2615a306,2024-03-20 08:10:00
5365,325,remove_from_cart,profile,57,12214924-4874-4aaa-8e31-4c1c2dd05346,2024-07-01 18:20:00
5366,484,purchase,product,39,a4444064-c193-44a2-9130-e6a00d00e82b,2024-10-23 05:38:00
5367,787,search,search,54,07e40dc4-d3ba-4101-8858-c77c3f5a461d,2024-12-03 03:33:00
5368,943,purchase,cart,22,4fdb6446-055e-487a-999c-949131705b6d,2024-09-22 17:43:00
5369,902,add_to_cart,search,16,9ac32dc2-10b6-4fd3-b165-73b40818d184,2024-08-15 01:10:00
5370,932,purchase,product,35,2423adca-3f3b-4762-8d13-06ef2f3f5aad,2024-06-10 17:22:00
5371,132,add_to_cart,cart,86,74e54be3-6ebf-4204-8b18-9a0d6ef36c90,2024-04-25 02:27:00
5372,895,purchase,product,7,bebd45cc-24d6-497f-812e-f3149d4d8dfa,2024-10-08 07:46:00
5373,568,search,search,39,169149c5-bdea-4ba9-ad99-430e06e8f6cd,2024-12-18 21:27:00
5374,91,page_view,search,53,932422d6-43b9-47f2-b3e9-890873359e27,2024-03-28 05:26:00
5375,820,remove_from_cart,search,11,aaac9b68-fb6f-4722-93ff-977734735d17,2024-11-02 09:00:00
5376,802,purchase,checkout,80,f0b8beed-d128-4fc4-810f-dc795e0e5cb6,2024-05-11 04:20:00
5377,914,page_view,cart,43,84638e80-2be8-4a1d-b6d7-f2f18fadb12a,2024-07-13 21:09:00
5378,594,purchase,cart,48,04f48f2f-0032-4feb-ab8e-e32e240c0dbc,2024-10-28 07:12:00
5379,568,remove_from_cart,home,75,794dd1c3-6066-4c33-bb1e-4439969c15c9,2024-12-21 13:10:00
5380,117,search,search,45,9ad983c7-8398-4e08-9de0-4f34f3ff7a74,2024-12-17 23:50:00
5381,642,page_view,cart,48,cc67ee76-bec8-4a88-87c9-d1442f171f0d,2024-11-18 23:44:00
5382,981,add_to_cart,search,66,a0cfb12f-1c05-4e1e-9d6e-17e5347909ae,2024-05-27 13:36:00
5383,671,purchase,cart,86,adf89782-611d-4f1f-8970-1d34f2d60dbc,2024-05-02 16:18:00
5384,476,add_to_cart,checkout,44,755e974c-7b6e-458c-8826-bfdce8042eb8,2024-10-18 05:31:00
5385,754,purchase,checkout,9,04fe4705-0062-4bfa-bba7-70bc4317685d,2024-03-03 22:12:00
5386,105,purchase,checkout,98,a1cae180-8958-45c9-9461-a6ef481c9e31,2024-03-03 10:47:00
5387,919,search,profile,54,788c2403-f5ad-421e-b985-93a99939ccc8,2024-07-06 23:44:00
5388,3,remove_from_cart,profile,65,f1b67419-5358-447f-bde1-7e877434b65b,2024-08-28 01:58:00
5389,915,search,checkout,21,13897a66-63ca-4e93-8670-c048f3caf385,2024-09-24 20:18:00
5390,44,page_view,home,56,fadc4a76-bcfe-4c6e-b8f8-9ccc77e57c43,2024-08-27 23:45:00
5391,402,remove_from_cart,profile,86,3af2699e-5d87-4469-97eb-d8d376a48a2f,2024-06-28 21:17:00
5392,35,remove_from_cart,checkout,6,dd5c6778-0f2a-4576-9f94-cd8d58b4456b,2024-03-25 01:59:00
5393,734,page_view,search,57,e3511b7a-367e-4024-a99c-068e9f9210be,2024-04-15 04:57:00
5394,552,remove_from_cart,profile,51,abc4c04a-68d9-442a-9a00-57c4487eb9a5,2024-06-16 17:40:00
5395,64,search,home,45,c03b9214-a812-4205-a70a-6a0ad5ceba71,2024-11-17 07:32:00
5396,16,remove_from_cart,profile,29,f1dc3cdb-b2d5-410e-bd3d-12caefa7e14a,2024-05-17 13:21:00
5397,30,add_to_cart,product,38,25b5653d-b9ca-4473-bdd0-93f2f5a9dfae,2024-12-29 00:54:00
5398,875,add_to_cart,home,61,8eddb118-9432-49ee-b538-dc953595c17c,2024-01-06 22:14:00
5399,45,search,search,88,d4440e4e-fe43-4780-a526-c3b53f2d0ac2,2024-06-22 20:17:00
5400,765,add_to_cart,product,82,d66da84c-befc-47e2-9658-696f473d1ae8,2024-06-07 16:38:00
5401,539,add_to_cart,checkout,83,08f6ffba-b01c-4de2-b9bf-042235fc18ce,2024-07-30 07:32:00
5402,603,remove_from_cart,profile,54,bfe512ab-3aa8-4bf4-a5e2-aeb2d46f7e3f,2024-01-26 16:39:00
5403,781,purchase,profile,92,5bffebc7-c254-47cb-b4a1-17a144e43058,2024-04-06 22:42:00
5404,784,purchase,cart,38,a42b70dc-5071-4c65-aa62-3c5b428144f0,2024-09-07 14:16:00
5405,424,page_view,home,86,d2c666a4-07d8-4dee-aa49-77b83aa1844c,2024-02-13 20:02:00
5406,573,remove_from_cart,product,80,92193268-dc5f-4e59-b885-7d7431f47f23,2024-12-28 18:03:00
5407,866,page_view,checkout,99,878862d6-ab64-46ab-92d9-7244175243fd,2024-11-16 20:15:00
5408,364,search,checkout,46,cb1cef10-e0ab-43a2-8043-8f2bc1f687f1,2024-02-23 08:25:00
5409,21,page_view,product,41,695570d0-f680-452f-a742-7bde915399b8,2024-04-13 00:00:00
5410,637,remove_from_cart,profile,82,779d6a93-0404-4fe9-bbde-3717d2d24523,2024-09-20 20:18:00
5411,41,add_to_cart,profile,93,4cfe95d6-bd56-4a70-b98a-ae791f0cc8f7,2024-05-16 09:39:00
5412,592,page_view,profile,73,8e611da4-a41d-4af1-bb60-d4bd07f1f826,2024-07-05 23:51:00
5413,730,remove_from_cart,home,15,c2e0684c-7af3-48ef-b179-f3d627a2b2c7,2024-08-19 14:18:00
5414,978,search,cart,3,15ae2530-8eec-491a-82c5-ccb04b8ff826,2024-04-08 10:17:00
5415,261,search,profile,17,aa63a658-3b41-4388-a86c-95aa95826c49,2024-06-09 07:46:00
5416,55,remove_from_cart,search,95,fcd14485-d8e4-4094-9fa0-8e126eb9e319,2024-12-26 02:12:00
5417,333,remove_from_cart,home,24,e0338bd4-d5ed-4528-ac7d-4ec9073fa3ec,2024-12-02 13:50:00
5418,679,remove_from_cart,home,4,23bdd42a-32f8-44a7-9a3e-6ce63676a5fb,2024-10-14 19:46:00
5419,207,search,profile,58,2eba3c72-d357-4718-943e-c0c66f490381,2024-06-28 10:39:00
5420,813,search,profile,100,d5782237-bb45-4801-9015-a450cf2f4705,2024-07-22 17:53:00
5421,63,purchase,profile,52,a81eb39e-a19e-4646-8df0-d38fc35db184,2024-08-05 08:12:00
5422,31,purchase,checkout,25,22c7c85d-4410-4841-8efb-1e463c055c09,2024-09-21 15:20:00
5423,42,add_to_cart,checkout,70,9d115849-03e1-42e6-a77f-d9e4093c6aa6,2024-08-12 20:53:00
5424,198,purchase,product,98,cb4b345c-9911-465e-bfb0-f4c7fe6cdb9e,2024-02-18 17:18:00
5425,523,page_view,checkout,59,ab65fae8-e58a-4f5e-9554-65700f7ae72a,2024-05-11 10:20:00
5426,852,search,cart,72,892ef3f5-e25f-451e-a53e-972b88688aa0,2024-10-28 03:05:00
5427,430,purchase,home,62,f3e7e052-cb6e-4333-8efb-97623cd42025,2024-05-03 20:17:00
5428,718,purchase,cart,23,d1b31bd3-582f-4eb7-b4b3-4e878f391b84,2024-04-05 02:37:00
5429,617,page_view,cart,26,ed283ab1-dda2-4fb8-b346-af543d42e39b,2024-02-20 11:55:00
5430,937,page_view,profile,74,868a9773-ef44-4ce5-a570-e041e34e2a06,2024-08-13 01:30:00
5431,111,page_view,product,82,333c2044-7469-4c11-bbbf-8d9535edad73,2024-01-21 04:41:00
5432,799,add_to_cart,cart,78,06a402ff-b532-4bd6-8ca7-f3656953e69b,2024-04-01 11:02:00
5433,627,purchase,home,71,423dbedc-5b26-48b8-8ae5-7b67379fb8e0,2024-04-26 00:14:00
5434,870,search,checkout,23,287ea844-7f8f-4f84-a098-21e4baa07b7f,2024-10-07 18:35:00
5435,122,search,search,93,7324a229-6004-464d-a185-dbc89e1827ca,2024-11-08 19:48:00
5436,237,add_to_cart,search,33,012bb50d-4a3c-40d6-8847-621ddd6e5d3f,2024-01-22 01:52:00
5437,475,search,product,54,fa711f27-9c16-4d77-802c-836fb6c387cf,2024-12-06 20:38:00
5438,214,page_view,profile,28,5b215220-3f22-44ba-8a02-d2545e0625a1,2024-03-28 08:50:00
5439,108,search,home,8,18d56e2a-457b-45f4-af50-46f8097a7323,2024-11-22 01:43:00
5440,901,add_to_cart,product,45,d2b29480-19e4-4a1e-99d8-2759b5b5e2b6,2024-10-27 22:06:00
5441,427,add_to_cart,product,90,3fd10880-ce3a-48ac-bb4a-660047ab0190,2024-05-13 10:13:00
5442,767,remove_from_cart,product,82,2ebb685e-1763-45af-a5ee-af3491400106,2024-02-26 00:23:00
5443,379,search,profile,77,ffd5a640-d00e-4657-a55a-e093ba84f80e,2024-02-25 02:39:00
5444,545,add_to_cart,home,6,cfd2e5d3-e8e8-49a0-85d1-63de4a6703ab,2024-04-26 01:47:00
5445,702,remove_from_cart,product,100,5099bc59-b75b-4989-bc39-f2c0b67dd887,2024-08-19 00:12:00
5446,259,remove_from_cart,profile,9,ef2e9ac9-7dd5-4e88-b5a7-4ae08eafb0a0,2024-09-30 20:17:00
5447,314,page_view,profile,39,512f5861-f3ed-42ed-8e1b-70a01787ec8e,2024-04-17 16:45:00
5448,8,purchase,cart,46,7ddaffae-7d68-40b4-91fd-4625a442af24,2024-05-19 23:49:00
5449,37,remove_from_cart,profile,100,e969080e-67a5-451b-b4e3-20eaeddd0fec,2024-11-23 11:42:00
5450,643,remove_from_cart,search,49,e40a02d0-cad1-4af0-9010-9ac64fc57bf2,2024-06-04 08:20:00
5451,148,purchase,cart,51,8500be19-776a-45e2-b804-62e1b3cbf7c0,2024-07-05 00:30:00
5452,169,add_to_cart,home,86,33f180ae-4a43-41fd-add2-dc268685157e,2024-05-07 08:06:00
5453,628,page_view,profile,56,dd206e5a-cd2d-453a-a39b-1d46d194dacd,2024-03-18 17:32:00
5454,306,remove_from_cart,search,29,89839c5b-747c-4a58-9b56-70630761050f,2024-07-09 15:48:00
5455,345,add_to_cart,profile,9,4f35df5c-5d80-4d3f-9944-e149f44f21b5,2024-06-02 17:49:00
5456,852,page_view,search,13,ca098723-2dee-4753-a3ac-b4dc10102895,2024-01-26 05:50:00
5457,411,add_to_cart,product,82,ae96434d-6dc1-4752-8ba0-e5d6feb1218b,2024-04-27 06:09:00
5458,634,purchase,home,76,ce60b9c8-3577-4fb6-9a56-d74fa49ac8e7,2024-05-04 00:00:00
5459,135,page_view,checkout,79,f5276c86-52cb-4446-a7da-cec6c5dcb9a4,2024-01-05 12:54:00
5460,301,purchase,product,78,d916f74d-3bea-474b-b96d-77f4815dd7de,2024-06-12 22:33:00
5461,37,page_view,profile,70,4c01a843-e9b3-4fb6-bb91-cc3dc731aab5,2024-12-15 03:47:00
5462,978,purchase,cart,40,f851f4ee-7cb4-4fb7-bfcb-42cf8071d533,2024-02-06 23:05:00
5463,478,page_view,checkout,21,a60bf408-66f1-43f9-b607-461f3d2df520,2024-05-03 00:45:00
5464,555,search,cart,52,7b5cac45-639f-4afd-8df3-e94b68642da7,2024-07-26 13:10:00
5465,636,search,home,76,35e922e0-120e-436f-8d92-b3a387d98be1,2024-10-31 14:32:00
5466,532,add_to_cart,cart,66,d4df6192-ebeb-4a7a-974f-4c9d6b9088c3,2024-11-23 08:12:00
5467,283,page_view,checkout,56,1a405846-a0b0-4a92-81bb-8e27dc37590c,2024-06-24 01:15:00
5468,441,page_view,product,77,85284486-c879-438b-b3bc-08b1aa835278,2024-02-11 19:13:00
5469,22,remove_from_cart,profile,16,4e32486a-9840-462d-a29b-5d26697fc179,2024-03-20 14:04:00
5470,617,search,home,8,fb8d4c1f-936b-48fd-9c47-6442fe8c52ea,2024-10-26 16:48:00
5471,805,remove_from_cart,cart,53,5bae6e83-20f3-4499-b59c-29b33a976516,2024-06-11 04:19:00
5472,649,search,search,17,c950a600-d4be-4ccc-a087-bffebc2ec010,2024-08-06 11:08:00
5473,206,remove_from_cart,product,8,2df06491-0300-4a8a-a2c1-66ea0fdf432b,2024-06-05 01:24:00
5474,896,add_to_cart,product,45,9b91d50d-05ce-4c55-840e-30e2275b41f2,2024-12-11 04:36:00
5475,380,purchase,search,11,bb93d668-68db-44c6-87e2-57fc22f482c9,2024-01-08 06:23:00
5476,164,remove_from_cart,profile,86,a727073c-efe6-428b-ba5d-48d86d760037,2024-02-22 11:18:00
5477,302,purchase,search,92,148d2081-5876-4787-ad6c-9f9d48c5a389,2024-12-26 18:21:00
5478,837,search,home,90,09541646-3756-4988-90c6-c462a7630191,2024-10-04 10:44:00
5479,920,page_view,home,21,b680ed68-36ed-45ae-ac7e-841974228f3c,2024-01-11 16:13:00
5480,527,search,product,13,94e3b8fa-d1a8-4fee-983a-257135f7ac24,2024-02-04 13:57:00
5481,200,remove_from_cart,checkout,2,2366878e-d496-46ff-a54e-57c64c930da8,2024-03-01 12:49:00
5482,815,remove_from_cart,cart,16,b40fe091-969b-435e-866e-8028dcc87c7a,2024-09-25 07:43:00
5483,651,search,cart,17,0ba517f9-4303-48cc-8a97-c8cc72b4ef1c,2024-11-09 21:43:00
5484,217,purchase,product,13,9a5c9a3d-ae31-416a-8de2-8cb378235f57,2024-08-30 21:26:00
5485,664,page_view,search,61,a466674f-b5f0-4555-95b0-357d01c89b0a,2024-04-21 00:07:00
5486,313,page_view,home,13,a45a213a-5283-4207-9135-cbcd1d549dae,2024-01-24 19:18:00
5487,688,search,search,74,a6bd9d31-f825-4ca4-a331-a2a997804411,2024-11-11 00:42:00
5488,339,purchase,checkout,78,dcb24df2-72d2-4d2b-9b98-88e37c3fb988,2024-10-07 10:32:00
5489,902,purchase,cart,88,a4bdfabb-7dfb-475a-bbee-b3ca02a3c24e,2024-11-06 01:31:00
5490,634,purchase,home,69,369da7c2-1025-4a0f-b333-a2975cd6ad76,2024-06-07 23:03:00
5491,278,add_to_cart,profile,13,8786bf04-d80a-4ca4-86bb-f3ccfc257eea,2024-02-17 13:45:00
5492,215,add_to_cart,cart,85,facccfcb-5749-48b0-8c3f-5ba286d4b60a,2024-01-31 03:27:00
5493,409,add_to_cart,product,13,07842b60-c959-4bdd-a61d-7ce35537034f,2024-04-27 19:13:00
5494,226,purchase,product,52,687be3e2-df92-44e7-b2ee-87206fcfb74b,2024-02-08 15:36:00
5495,560,remove_from_cart,cart,82,dced67f1-09f8-43da-8b9a-cf00795cba60,2024-09-29 18:38:00
5496,952,search,product,48,75520a34-9323-4fbb-ba36-4a5813a524c9,2024-10-04 15:19:00
5497,666,remove_from_cart,search,44,1280a0d3-e4a8-4069-bd41-7d6054b9879f,2024-04-12 03:54:00
5498,143,remove_from_cart,home,64,40335384-476d-4ff3-af2f-ed127a8cdaa0,2024-07-10 19:48:00
5499,819,page_view,profile,54,dffc4a26-e847-40bc-a545-0d89f6272288,2024-05-29 17:54:00
5500,920,search,checkout,82,887575e4-4dca-4c83-814c-badba3d5090f,2024-01-13 09:27:00
5501,716,remove_from_cart,profile,3,2ad98f56-0eb9-4819-8172-e78c5a3fa84f,2024-01-28 03:49:00
5502,756,remove_from_cart,search,11,d5252e97-2af9-4207-8e74-6be7c4499045,2024-04-12 07:31:00
5503,52,search,profile,35,167b619c-9556-4970-a254-4003781c39a7,2024-08-26 05:25:00
5504,143,page_view,checkout,31,56cbb3fa-fdc0-4fdc-88c7-36dc671bd340,2024-02-04 10:29:00
5505,473,purchase,home,46,11713ea7-9378-4efa-a853-03dbb804dcf2,2024-08-24 09:55:00
5506,821,add_to_cart,cart,42,85254caa-e700-4a27-ae02-4f59e901fea1,2024-11-24 03:14:00
5507,391,remove_from_cart,search,31,66502fe2-28d5-4325-8f90-cf9467512ba9,2024-11-17 00:06:00
5508,992,purchase,search,88,db170e6e-0848-45af-815f-b179e50060db,2024-05-24 23:23:00
5509,907,add_to_cart,search,95,30615f67-c01a-4f72-9a63-d9bf1f0ddf45,2024-11-17 13:28:00
5510,664,add_to_cart,cart,82,7bd8d234-2beb-4fd0-8218-83151c3f9f57,2024-05-01 09:41:00
5511,503,page_view,home,40,ed34fb14-b153-48dd-aac6-f7a98db49c76,2024-11-09 05:28:00
5512,587,page_view,home,21,52467663-4a8d-4432-92be-bc807c4345a3,2024-07-11 19:54:00
5513,892,purchase,cart,86,91e557a7-286e-4030-8f72-96be804aaa01,2024-03-16 16:39:00
5514,852,page_view,checkout,51,f2a51f09-82b5-4b3d-8484-df84922eb1b7,2024-10-17 01:17:00
5515,422,add_to_cart,profile,56,d5c50d04-107f-4851-b6a3-510705db1627,2024-05-25 06:03:00
5516,264,remove_from_cart,profile,79,5e08b9e8-06ca-4913-9e82-7eaea8f1f44a,2024-08-27 19:27:00
5517,956,search,checkout,59,c40ba3b1-37cd-46f4-835f-f72cdee26367,2024-11-26 03:56:00
5518,887,remove_from_cart,checkout,50,2f6d1dc6-047c-41da-a16d-eb4e87c69355,2024-01-24 13:31:00
5519,810,page_view,home,97,08faf89d-f120-441d-9034-17155df5e7d7,2024-02-16 05:43:00
5520,563,page_view,home,19,7dd20853-8614-41df-822f-22ef1ae51dbb,2024-06-02 06:04:00
5521,990,search,home,5,b7338aae-d067-495d-8bca-f97303c5310e,2024-01-08 19:32:00
5522,992,add_to_cart,profile,83,4ecff5b1-395b-4d7f-8691-c8e2789c33df,2024-07-05 22:56:00
5523,222,add_to_cart,cart,29,628b317b-bcad-4599-abcf-a1440c84a513,2024-07-23 10:58:00
5524,891,search,profile,37,7450b9c4-8509-484c-b303-1ee1c8bf35d4,2024-08-17 00:11:00
5525,576,page_view,profile,53,05382a59-b187-4094-b7dd-fc1d343df7e7,2024-04-04 21:14:00
5526,393,remove_from_cart,search,93,5afb5c28-f26c-40d5-9546-a03a13f29b69,2024-06-19 13:29:00
5527,715,search,search,62,793ba8e9-199b-4b77-af41-7eab5516e7fa,2024-02-02 08:45:00
5528,687,purchase,search,97,5f3ffeaf-d0ba-41b7-82d7-71fcb971c3ae,2024-07-09 14:17:00
5529,813,search,cart,44,568279c0-dd1a-4d62-a600-7b8398cee891,2024-03-24 16:34:00
5530,994,add_to_cart,cart,97,fea2ff49-58a0-4a43-87d1-fd301d69c779,2024-01-25 17:49:00
5531,920,add_to_cart,product,81,fb74fc73-3b87-4529-95ff-38e50f6183fd,2024-07-22 14:33:00
5532,43,search,product,22,b3a0eea2-998f-4f4e-a00c-5ab4200449d1,2024-08-26 06:23:00
5533,353,search,checkout,75,48aeac0c-311f-4437-84c4-b4b90f8deb0e,2024-08-29 14:09:00
5534,960,search,search,79,ee6c1265-c491-470f-890b-a8a2e5a76d40,2024-09-14 14:09:00
5535,347,purchase,search,25,21baec96-7b63-4c4a-b122-3fc902aef807,2024-12-08 22:30:00
5536,311,purchase,search,85,0253cee0-cdd0-4d44-b16a-c2b82e958185,2024-07-12 07:37:00
5537,870,search,cart,82,949395f0-e5ac-4697-8f37-031ded9be5c2,2024-01-19 11:20:00
5538,216,purchase,product,65,df3b0442-40a6-46f0-b7c3-47654d0c6009,2024-07-09 16:13:00
5539,582,add_to_cart,profile,10,9092d189-187b-4dbb-9829-5f5efed4f9b2,2024-04-19 09:51:00
5540,1,add_to_cart,profile,51,5006cd12-5a63-470c-a6c4-dc9faa94062f,2024-01-24 15:42:00
5541,205,purchase,checkout,11,d93e33e5-6060-4e66-a95d-408980be058e,2024-06-24 01:24:00
5542,76,add_to_cart,profile,68,9a836898-f1da-4f10-a886-794e675a78b5,2024-01-26 12:59:00
5543,277,search,home,7,b56a99c9-2881-4255-9a72-4ac132ed5ddf,2024-04-03 16:33:00
5544,644,page_view,checkout,26,90a24d9d-386e-46f6-b206-63719223969b,2024-04-07 17:14:00
5545,922,page_view,cart,7,c53d2ff4-5855-4289-8197-e28a8ca590c6,2024-05-28 15:38:00
5546,312,page_view,checkout,15,6e4a5edb-367c-4162-8e28-be4641ced0bb,2024-03-19 07:26:00
5547,381,add_to_cart,search,80,6b2e230b-7bab-4ad7-9c46-a0938afbe778,2024-04-11 19:12:00
5548,234,remove_from_cart,checkout,41,6cd9c3a4-2b61-45ea-b0b5-359c86d453aa,2024-08-17 08:57:00
5549,301,remove_from_cart,search,21,6449e304-e41d-4028-bf88-889d334c9f03,2024-06-29 20:41:00
5550,465,remove_from_cart,product,29,33c2a749-cf38-40d2-a112-e3c17b041a07,2024-09-10 14:11:00
5551,32,remove_from_cart,product,73,f0c2a8df-818a-4c13-8c21-4c4b9a5c21a1,2024-04-21 08:21:00
5552,214,page_view,product,79,55ef2070-643a-4092-a9c4-31c839b0e141,2024-11-20 11:06:00
5553,592,remove_from_cart,checkout,69,9d5577a8-4b01-42c1-aee3-90c25112ca1b,2024-08-30 16:57:00
5554,475,page_view,product,79,f99dcde9-ad38-4ae3-bd63-b8ea48814c3d,2024-06-28 00:15:00
5555,695,search,cart,35,f5e2ce2a-65d9-47d8-a9ca-2c527c3ba1a9,2024-04-18 06:27:00
5556,403,remove_from_cart,search,82,a2989a8d-1a85-4053-8a81-942a9a572071,2024-02-06 19:45:00
5557,253,add_to_cart,profile,1,10935676-36d5-454f-b0dd-4a74da00186e,2024-11-05 12:27:00
5558,465,add_to_cart,home,55,952beced-0565-4e90-b080-d8b8f25bd823,2024-03-28 10:43:00
5559,441,search,cart,58,414889da-5564-4c1b-8b09-991df8911e13,2024-10-02 17:16:00
5560,216,remove_from_cart,checkout,43,21503ea0-2b81-4789-8ddf-ba672112863a,2024-10-13 11:00:00
5561,562,page_view,search,84,fa3c751a-ba25-448b-b632-af2c73b9ce16,2024-08-07 02:02:00
5562,321,purchase,product,54,6120d7fd-399b-4323-82bc-efac998b0e0e,2024-11-30 22:20:00
5563,843,add_to_cart,search,88,e93b32f5-b0f4-4d44-a2d4-31ebd90add62,2024-05-11 12:45:00
5564,82,remove_from_cart,search,51,b7a506cd-1316-4cd1-a832-aed86bd09090,2024-06-13 09:14:00
5565,589,page_view,profile,3,74066dc5-3786-4148-9fdc-688401b8548e,2024-06-29 02:00:00
5566,440,remove_from_cart,checkout,83,5f11704f-baba-4b6b-910a-64421ba94874,2024-09-21 17:24:00
5567,945,purchase,product,67,8095c21a-afb0-4953-8af9-6c462dbe2978,2024-11-20 04:10:00
5568,396,remove_from_cart,cart,86,c3695e3e-340b-4f45-ba87-b31a8cca5f11,2024-10-16 19:51:00
5569,680,search,product,27,9d899c1a-d68e-4362-bf10-16bcaa97f007,2024-02-24 04:39:00
5570,663,search,product,16,2a65d371-e579-4b24-a51a-b67d70a5ba42,2024-07-01 05:15:00
5571,947,page_view,profile,3,c54702d2-d499-45af-bf2b-7ef6b8b4f310,2024-06-21 02:27:00
5572,809,purchase,profile,46,5c09e5ec-d493-4cc9-88bb-313fcd2d5799,2024-03-14 06:59:00
5573,304,add_to_cart,home,73,53320da0-2512-4f8b-ab78-0e96b1d9b213,2024-05-20 12:21:00
5574,761,purchase,cart,80,d1abeb6e-e759-410e-9628-138875caeffd,2024-11-10 22:33:00
5575,70,purchase,cart,88,841c8f03-f112-41fe-a9f1-2756abeac34b,2024-09-17 09:52:00
5576,852,purchase,product,35,823f8fe4-995e-4f00-b786-52dc839c3bdc,2024-04-22 22:51:00
5577,122,remove_from_cart,product,43,6fd7c38e-24cc-43d1-8059-271ca814b991,2024-08-10 00:15:00
5578,259,page_view,home,36,c7afe56e-38d1-4020-8344-78779296c891,2024-08-07 05:22:00
5579,895,search,cart,97,fc93ca54-3e44-4755-8f61-f9375dca1ae9,2024-05-22 03:09:00
5580,807,search,home,87,dd877fe0-40d7-4b2b-a371-26e3047d8ffd,2024-11-04 08:50:00
5581,627,add_to_cart,home,44,80c0774c-e6c6-4939-a451-ae04f2a837d9,2024-12-12 10:13:00
5582,283,page_view,profile,4,b39ee0fa-9ff5-4cfc-bd3a-1d3f917e76ce,2024-10-30 09:26:00
5583,465,remove_from_cart,search,3,685fb144-f2d2-40b7-bb4b-7a683bae5cee,2024-05-20 03:05:00
5584,311,remove_from_cart,checkout,48,b70aa695-1792-4c15-ac3b-4741bce8ab54,2024-04-18 07:37:00
5585,338,page_view,cart,83,d85331d5-12c7-41ec-b9ed-ab8a2e6aa718,2024-08-20 08:49:00
5586,439,page_view,checkout,60,e728fca4-c343-4398-bb12-c7336408bf86,2024-09-14 00:54:00
5587,555,add_to_cart,home,24,ad1b44c4-42c1-439d-8dd4-4f5bf4ea7cc3,2024-05-11 13:59:00
5588,851,remove_from_cart,product,95,aca504f3-d363-425d-906d-1d57051dc5fb,2024-01-02 15:46:00
5589,808,add_to_cart,profile,23,baa8b96c-96c8-4411-a2b2-f2f966867730,2024-10-27 18:56:00
5590,372,remove_from_cart,product,9,e1aa7d65-cc6d-48d1-bdbe-6ba567f2d815,2024-06-09 14:10:00
5591,939,add_to_cart,home,34,2c8adfbc-c3e4-4e77-870f-b48739d11500,2024-10-12 17:37:00
5592,992,purchase,profile,44,1b94b173-7b49-4400-a8fe-b888030f670d,2024-07-05 11:36:00
5593,426,search,cart,16,cf10fc70-6898-4d06-a1ba-faae7655f3c5,2024-04-06 17:36:00
5594,735,add_to_cart,search,71,68342cb9-4cbc-4cc6-a54c-0adf1e24977a,2024-10-11 14:21:00
5595,395,search,profile,79,f1cf9c10-a281-4faa-b3f3-80f08270159f,2024-11-08 00:57:00
5596,568,remove_from_cart,profile,51,84859916-326a-4021-b86d-ef04e59c1964,2024-11-04 04:03:00
5597,977,add_to_cart,search,82,40cca7f0-0974-40bd-b233-3540f210240a,2024-04-09 10:08:00
5598,784,search,checkout,49,be492c66-5250-498f-a734-b2484f5b13ef,2024-12-07 15:49:00
5599,337,purchase,checkout,61,9e8d6797-c36e-4f79-9078-e35245b057a1,2024-04-20 20:06:00
5600,379,search,profile,35,59becfb9-926a-42da-b3a1-e9d061fac5f6,2024-03-04 14:06:00
5601,866,remove_from_cart,checkout,79,1595ca86-3a99-4eec-ae0e-d481ae51f303,2024-07-14 17:20:00
5602,83,search,profile,92,f9ee73c4-9942-48ea-a61d-cdecb7f40c96,2024-11-01 00:29:00
5603,408,remove_from_cart,home,48,b6e0732d-ad98-45f3-8fdd-ad8119fc63a0,2024-03-13 00:54:00
5604,797,add_to_cart,cart,5,80c919e9-8047-4dbd-85cb-f6716673eefa,2024-09-16 07:48:00
5605,404,search,checkout,4,667bcbc6-70ff-4dce-90dd-01fcbfa52178,2024-08-10 15:56:00
5606,540,remove_from_cart,cart,76,4717b41a-a5b2-4a13-8666-859464dac1a8,2024-08-01 08:05:00
5607,126,add_to_cart,cart,85,09738ac5-9d7c-470a-bc1b-4c065132c9b9,2024-09-28 20:40:00
5608,820,search,product,85,9a7896e7-b25c-4ad1-8d22-ffcf8cab8609,2024-09-04 21:00:00
5609,23,purchase,search,72,6258842b-b4be-4564-a31f-6b6a7c2e032b,2024-03-17 02:38:00
5610,160,search,home,20,0eca2f35-d362-47f8-965e-67f5d6ad800a,2024-05-25 10:01:00
5611,451,purchase,product,38,118a7d84-268e-4d6c-898f-d321cb6a5fad,2024-09-29 12:17:00
5612,270,search,profile,76,605cb820-aeee-4a79-a2a4-f813f8636be3,2024-10-03 03:54:00
5613,356,search,profile,44,6ad514fb-b279-42c1-a917-3a26ba24961c,2024-02-20 20:54:00
5614,469,purchase,cart,32,d8f38220-ac85-485b-9611-3982cd3a4960,2024-05-26 01:09:00
5615,82,search,checkout,8,bab86054-8549-41d2-acb5-d19eb3462298,2024-03-27 00:26:00
5616,940,add_to_cart,cart,67,a8b415af-d97b-4f52-a71f-a81d82cc467b,2024-04-14 05:14:00
5617,314,search,checkout,25,1ae04717-642a-429f-9013-e249930b68fe,2024-05-15 02:23:00
5618,795,add_to_cart,home,27,9077c984-60cd-4f12-ba8c-6d2575cf8144,2024-10-12 23:26:00
5619,492,remove_from_cart,home,83,874dbcac-d2e7-4549-b377-28b33e5000d8,2024-08-13 03:16:00
5620,311,search,cart,96,cbdc9d11-5fc9-4280-95c7-c185135d101b,2024-11-12 00:50:00
5621,477,page_view,product,72,8e96c2df-fbb8-43ce-8a07-3d2abc32f27b,2024-05-08 10:51:00
5622,403,search,cart,47,6d38c290-774f-4b4c-9afb-425759a0b43c,2024-10-10 12:05:00
5623,441,add_to_cart,cart,65,7c59b56d-71c9-445b-8320-249b176592bd,2024-05-20 07:50:00
5624,798,search,search,80,9e86ff91-1fbf-437f-9b1e-2cbb5f6a4e8d,2024-04-21 23:14:00
5625,711,page_view,profile,92,e6dba5f0-4d9b-49f1-bd2e-7052f1f5be4f,2024-05-08 09:36:00
5626,762,search,home,93,bf87a5da-5af5-4cf2-ac67-e74252fff8ae,2024-09-24 22:39:00
5627,825,remove_from_cart,search,15,9b45e8a1-aab7-4238-b68b-40ca76766885,2024-03-13 06:47:00
5628,653,search,profile,81,566fe427-0355-4935-ae83-ca515badd9f8,2024-12-11 12:29:00
5629,225,search,checkout,77,23ef3b8c-78c2-4268-a1c6-29709b85865d,2024-07-16 00:01:00
5630,540,purchase,profile,1,7897b490-ffea-4722-991e-f79bf8df62cf,2024-12-01 15:33:00
5631,34,remove_from_cart,search,75,6093a4a0-46e9-43f8-ba0d-e86ac7dfc0be,2024-01-19 06:13:00
5632,167,purchase,product,14,cdea9c9d-79bf-4f18-b02f-c1889c9e90ea,2024-04-01 21:48:00
5633,341,page_view,profile,98,51a0f6d1-cb96-4296-9591-f07ec2692c44,2024-08-27 14:27:00
5634,612,search,product,86,ee2293a6-ba29-4838-b9c2-83fc0bd64116,2024-07-27 15:42:00
5635,124,add_to_cart,search,3,f58d9414-af70-4a74-850f-7b54c99854c3,2024-10-10 17:23:00
5636,877,page_view,search,42,b48f0d87-67af-47b3-b793-19e2343676d4,2024-05-11 04:17:00
5637,44,page_view,product,100,f6de4360-4c5c-4cb4-a2df-738d23612ced,2024-09-15 05:30:00
5638,197,page_view,cart,38,473876c7-fe09-4ab7-9298-561bd83d404f,2024-03-17 02:53:00
5639,135,remove_from_cart,search,69,86e5739a-d748-4747-8260-83d66bd3d5f1,2024-08-27 01:25:00
5640,332,purchase,home,24,c422a4da-90b4-4ce2-b291-6c54d97865c1,2024-12-10 08:17:00
5641,741,remove_from_cart,product,8,2f86f6de-2fee-4207-a9cf-3a9f94609056,2024-10-25 16:07:00
5642,303,search,home,71,8ffce9c3-daf5-4c6a-bd57-409b997d046e,2024-07-09 09:34:00
5643,51,remove_from_cart,profile,2,55348637-d4b4-4ac5-b740-ce8ee1b12de9,2024-01-25 22:39:00
5644,531,remove_from_cart,home,56,341ac400-83ad-4786-a4fa-d255a9231824,2024-09-14 11:00:00
5645,326,add_to_cart,search,32,2480df19-a369-4e83-ba3d-7d18edb3edb1,2024-06-19 08:07:00
5646,23,purchase,product,58,7298257e-a5dd-42c3-a20e-62eab5d534cd,2024-03-17 01:33:00
5647,851,search,product,24,2269c0b8-0475-4769-a7ab-a6f342138dff,2024-07-01 14:16:00
5648,399,remove_from_cart,profile,36,2e5ce7d8-4f4f-46b8-833a-c8719a34fb96,2024-11-23 08:33:00
5649,41,purchase,product,84,74b3dc69-3ae3-4967-bb8f-5834aee962bf,2024-05-14 09:47:00
5650,405,search,home,21,79fff157-753d-464c-911e-476fbf03e40d,2024-05-01 09:01:00
5651,501,page_view,product,53,44aabc39-1e22-49d9-ac51-ed2f274a0d2d,2024-11-27 14:46:00
5652,977,add_to_cart,profile,55,dfccd2e8-4971-44c6-84c6-a7420b5da1f1,2024-01-22 03:32:00
5653,884,search,home,31,22a187ae-3326-4f4e-b154-bc8f304ea55d,2024-09-25 03:18:00
5654,324,search,home,78,d2d2db4d-3fe2-4cb6-b1e0-198c4738e72e,2024-09-09 00:29:00
5655,645,search,product,38,b42e87bb-e681-40f8-a1d0-897973a22101,2024-10-09 22:05:00
5656,304,search,cart,37,dc7f05f7-da14-4444-983d-9a154d5b7417,2024-02-18 02:07:00
5657,408,remove_from_cart,search,99,3c0872fe-60c2-4b16-80f6-9b2f0d94e1b5,2024-07-30 08:40:00
5658,866,search,cart,84,8855ade7-8670-4610-adcb-33248a62cd27,2024-10-06 18:42:00
5659,876,purchase,profile,6,edba9a72-c69c-4bd0-b7cd-89529bc73618,2024-11-02 13:45:00
5660,311,search,checkout,42,39259c96-f0ba-44d6-9e61-585bd380e4e9,2024-05-12 11:39:00
5661,56,page_view,home,84,0535f5ec-ca17-4ae3-8ee8-7a0493092ee6,2024-12-08 16:01:00
5662,501,add_to_cart,cart,6,44676df9-780c-4723-af0e-ea01e268137d,2024-02-17 10:41:00
5663,901,add_to_cart,cart,68,bd534fe5-58ed-4016-9dce-5c846a0701fd,2024-05-25 04:37:00
5664,801,search,home,40,c7665939-8785-48a4-90da-7fb43cca286c,2024-10-14 18:31:00
5665,538,add_to_cart,search,4,03081187-6905-4e47-8549-e0e7d36f8b46,2024-11-10 00:37:00
5666,29,purchase,home,58,390980ae-fa61-418d-b004-9316d65f4333,2024-01-18 04:38:00
5667,26,add_to_cart,profile,94,26b5c543-dce3-4a9a-a0c4-9c5cc88362ce,2024-09-20 01:52:00
5668,695,page_view,product,32,932fc5b0-2d45-4f4e-8cdc-38f08723855d,2024-03-09 15:33:00
5669,16,search,home,12,d7968aee-9ccb-4b6a-87a4-d0b72f622c1a,2024-10-17 03:54:00
5670,306,search,search,25,f14bb994-1228-465d-9d25-38de77d9a6ce,2024-08-25 15:53:00
5671,834,add_to_cart,cart,55,e849c6e0-9e91-478b-af49-ff0f912c6293,2024-12-23 15:04:00
5672,640,remove_from_cart,search,84,0adf8e99-2f41-4fd6-81ae-44fb89b87893,2024-06-22 10:26:00
5673,563,add_to_cart,home,94,19793a30-5e75-4d86-9e69-ff9c0af3c912,2024-01-01 13:38:00
5674,54,search,search,39,077d4d3d-9b4b-4933-93a2-4b1621804ae7,2024-01-14 06:34:00
5675,507,remove_from_cart,product,87,c160f215-4fd8-4bfe-9f6a-1191789a382c,2024-07-04 18:24:00
5676,387,add_to_cart,product,87,8e4d2729-497d-4d73-9fa1-42b577e991a6,2024-06-10 09:24:00
5677,457,search,cart,29,734aab59-32a5-487e-9561-bf88e5b8f01a,2024-10-03 06:28:00
5678,510,search,product,95,928ed96e-9896-4197-98ad-badf2cab7ceb,2024-10-17 10:30:00
5679,295,page_view,cart,58,4dde5b2e-964c-49a8-b34f-f395edd3e786,2024-10-25 06:58:00
5680,469,purchase,home,19,027e9cbc-c46d-4d08-afb9-e38920a67863,2024-10-13 17:23:00
5681,377,add_to_cart,search,98,9d83afd8-7545-452a-af64-793a7ab884a7,2024-12-22 16:01:00
5682,42,add_to_cart,cart,51,76a98524-e4d6-40f1-b7f6-20cd81755531,2024-02-03 09:04:00
5683,150,add_to_cart,cart,72,2117226d-1dd3-4fdc-ab9e-72605c8b3d04,2024-01-04 08:54:00
5684,683,search,cart,73,fd9f6aec-3aff-4936-a976-3c4433608154,2024-07-03 23:07:00
5685,118,page_view,cart,47,95594d3b-5423-4fcd-96cc-4508bb5c0bae,2024-10-25 12:51:00
5686,499,add_to_cart,profile,67,ad569eff-122e-4fcc-98e0-dc9587ba2ac4,2024-09-01 17:16:00
5687,80,search,cart,50,026e7073-536c-46b9-85ab-04562488effa,2024-08-24 21:49:00
5688,544,search,checkout,93,60d49787-a033-452d-a795-a671817efa2d,2024-04-20 05:46:00
5689,110,purchase,product,28,1ea54c6a-2746-40e5-8539-8d487e5dc0d0,2024-10-26 04:26:00
5690,363,purchase,product,98,850a37f7-fb76-4052-8c09-fdeda68e29c9,2024-05-09 08:16:00
5691,697,add_to_cart,search,7,e6674765-07e4-42e2-957c-4624b1f3e070,2024-08-14 14:52:00
5692,289,remove_from_cart,product,11,c5788cd5-fd1b-4c0b-808e-6a9376e7dd16,2024-05-30 19:21:00
5693,836,page_view,cart,87,35bf407f-10cc-4cb4-bc76-83bb332351ef,2024-08-18 19:16:00
5694,841,purchase,profile,53,623e2c0c-de6d-44c3-b2a3-b427cc81e010,2024-05-24 09:41:00
5695,101,remove_from_cart,home,90,27e3f038-e6e0-4d27-8d8f-02c4fd04691f,2024-09-05 19:43:00
5696,338,search,cart,26,a087212e-5e00-4dea-90e4-a366a9e47769,2024-03-14 13:56:00
5697,396,add_to_cart,cart,100,c70dccfc-26d2-437a-974e-e6ea8dcf3625,2024-03-29 17:30:00
5698,735,page_view,checkout,78,118d02a9-4cce-4059-9575-51db73da9924,2024-12-18 09:16:00
5699,926,remove_from_cart,product,84,1ac33bb5-651a-48ba-9392-d749847eb8f6,2024-11-20 08:38:00
5700,570,purchase,search,54,1f30b597-8a45-4d38-9338-fe10e4edb99d,2024-05-01 10:31:00
5701,530,remove_from_cart,checkout,9,57d4934c-3d75-408f-b58a-8d4148e039e4,2024-02-22 06:33:00
5702,267,remove_from_cart,home,91,8e61a943-f825-4ad4-bb70-73bb273a6dbf,2024-04-06 00:56:00
5703,767,add_to_cart,search,86,4d3c92fb-77b5-48d5-a502-18e36bf54bd5,2024-11-11 18:01:00
5704,241,page_view,product,96,6c8efbd0-f9d4-4bd7-a6a3-4cc51d48959a,2024-12-23 23:42:00
5705,489,add_to_cart,home,78,b085838e-9707-4105-9c1a-ef3aa714224c,2024-07-05 13:55:00
5706,161,remove_from_cart,home,45,bbff7e60-45d4-49ac-aa62-01c9f00a9b1e,2024-09-11 11:40:00
5707,146,page_view,cart,73,45b90b47-72c8-4564-b66e-ace02a44bed8,2024-09-02 08:53:00
5708,140,page_view,home,55,ff3bc607-128d-43f5-8690-f63b9395a342,2024-12-05 13:17:00
5709,400,purchase,checkout,30,40013300-f1c4-491d-8a6e-7108e5593e18,2024-08-12 12:02:00
5710,941,purchase,checkout,99,1c71f226-48b1-4024-9ab3-24bd493115cf,2024-01-09 13:44:00
5711,630,remove_from_cart,product,8,35308ad7-b648-4a0b-a9da-9aa6a112ebe9,2024-12-20 04:09:00
5712,757,add_to_cart,profile,45,f228753c-d48d-4b0f-9018-67ee8d5f8cd6,2024-10-02 16:23:00
5713,988,add_to_cart,profile,30,d0bbfcad-4ce2-4c79-aa87-15d4211b3fbd,2024-10-11 08:07:00
5714,386,remove_from_cart,search,58,c4e0b615-edd9-4ed0-9b42-a25249250a5e,2024-10-21 17:41:00
5715,315,purchase,profile,33,bd36b052-3674-4be2-98a0-15850a974f95,2024-01-15 03:35:00
5716,63,purchase,checkout,67,99cff64f-ff27-48af-b36e-b0586d842f48,2024-02-28 07:01:00
5717,710,page_view,home,30,65d04b2f-9a9b-41ba-9b55-6ee5ed7fc885,2024-06-16 12:43:00
5718,88,remove_from_cart,search,95,c9c8f14c-ea2d-41f9-af59-6c52f9dc6088,2024-11-16 20:40:00
5719,695,remove_from_cart,profile,78,44c4567f-1c83-4614-986a-83c64723b925,2024-03-26 06:59:00
5720,409,page_view,home,84,0ca1e34f-761d-44ed-bf46-d5bfcfd5f221,2024-08-05 14:31:00
5721,804,remove_from_cart,checkout,60,1edc3ae5-005b-44dd-b15b-7e4eede5d6cb,2024-04-16 02:14:00
5722,655,add_to_cart,cart,92,73c28bd6-05f8-433e-80d9-7f923554f4e0,2024-02-18 03:30:00
5723,813,page_view,product,60,3fbb9c98-1bb9-4194-acc4-18bb51c1f552,2024-03-09 18:46:00
5724,758,add_to_cart,cart,94,92a245ec-28b5-4df8-a4b8-e92630decf0e,2024-06-28 18:30:00
5725,249,add_to_cart,profile,65,2fdf1289-435a-4558-9182-135f69cdbc41,2024-07-22 17:54:00
5726,496,page_view,checkout,84,18acbecd-c539-4ff8-8f84-674d93dffef4,2024-09-12 10:48:00
5727,59,add_to_cart,cart,65,c8412768-c29f-4929-af4c-a900912de642,2024-04-09 19:37:00
5728,119,add_to_cart,home,52,70f065fa-fb9b-47aa-a4dc-a1e7511fd01b,2024-12-09 02:43:00
5729,346,remove_from_cart,search,67,935042b4-755a-4187-b211-92255385af1c,2024-10-26 23:11:00
5730,957,search,product,59,0fe379e7-7a80-4905-9150-c36a5135f7ca,2024-08-26 11:11:00
5731,979,add_to_cart,product,45,9c026057-b1cf-43da-9b14-f379fd18bead,2024-07-12 11:57:00
5732,911,remove_from_cart,home,94,28697fc5-2585-4459-811f-4c6dbb265a5c,2024-06-10 03:36:00
5733,146,purchase,profile,43,4edb7491-48d7-433b-b9ce-49e7125a4787,2024-12-21 08:06:00
5734,836,page_view,checkout,63,66a02c64-510c-48ca-a3da-862b323756c7,2024-07-01 16:22:00
5735,531,search,product,36,9920d002-9a7b-4deb-bb18-315f47465992,2024-07-13 04:20:00
5736,710,search,home,38,b6a4249a-5d38-4e5e-81c8-6c460c3f83df,2024-02-27 18:49:00
5737,892,page_view,home,15,5b2c7483-d794-4a31-afa6-e7be792aa4ec,2024-07-24 16:57:00
5738,572,page_view,product,99,f3b4948a-95eb-4e8c-aa0a-ea7025f283ae,2024-09-14 03:11:00
5739,337,search,cart,35,e5019d98-48e7-4e97-bad2-44f83fb79400,2024-03-28 11:03:00
5740,279,add_to_cart,cart,38,11182a42-976d-4f98-9b0b-ab9bc148d732,2024-03-09 13:42:00
5741,129,page_view,cart,64,6dd69907-0389-4380-8729-09adca13776c,2024-02-16 23:54:00
5742,778,remove_from_cart,search,73,b8e48ce6-5bbc-45b5-be95-218dd00da8ca,2024-01-17 16:02:00
5743,263,search,cart,96,de94cb6a-9031-46e7-8057-b384d959f36c,2024-08-21 18:23:00
5744,206,remove_from_cart,product,31,821c1cb4-e34a-4b57-82c3-dd997c96e7bf,2024-01-28 12:25:00
5745,433,purchase,home,36,c8ab0090-7b46-4e49-b9a8-6e13c16bcfa4,2024-06-22 04:48:00
5746,957,add_to_cart,checkout,93,4561c188-272e-4406-82ad-b1b3a799624c,2024-10-21 04:13:00
5747,930,search,product,98,2802d122-ee1d-47b4-b570-a05d8c276e44,2024-03-25 01:54:00
5748,899,remove_from_cart,home,24,4bfb3179-ec67-4ee7-8f81-0c5b5059eebf,2024-06-29 17:03:00
5749,155,search,search,34,a3752143-03ff-47ae-b96f-66864444ff88,2024-08-07 23:48:00
5750,563,add_to_cart,home,43,f3e9958b-a407-4702-af1f-e1bd88e9ce5a,2024-04-28 15:52:00
5751,546,search,cart,3,3a05bd57-cb29-4eb8-b07d-84423ff17075,2024-10-28 16:53:00
5752,821,purchase,checkout,65,c6974172-abde-42ec-b11b-024475d4b99d,2024-02-29 19:34:00
5753,989,purchase,cart,89,bdf69677-db36-41aa-87ba-1af4b34e666a,2024-09-24 13:50:00
5754,286,purchase,checkout,41,5c3ba0fa-b61c-4c42-813b-a5848c4819e0,2024-10-18 06:23:00
5755,165,add_to_cart,search,47,3e9e4dc3-4dd6-48a5-a324-41bb2aef91d2,2024-09-03 22:06:00
5756,896,add_to_cart,home,83,e2925189-5cdb-4358-9608-fa17557e706e,2024-03-20 05:42:00
5757,497,page_view,home,13,a14a6bfb-453f-496c-9861-f914ac520382,2024-10-19 04:41:00
5758,654,add_to_cart,cart,57,e52eef5c-dcd4-4a93-8fbd-42a9407baf81,2024-05-01 15:42:00
5759,733,add_to_cart,search,30,86aa07f8-002e-40da-8f59-5848e6f19e60,2024-04-05 11:48:00
5760,697,page_view,home,78,ae2bef03-2f36-4254-b0a2-5b8f210f8aa1,2024-03-29 05:30:00
5761,676,page_view,search,55,3d219847-ee98-4330-94b0-b97f3e324d8d,2024-08-29 20:46:00
5762,942,page_view,product,16,8d9b6289-a5cb-41f2-94bc-f0dd83989b9c,2024-01-07 10:50:00
5763,207,purchase,home,99,fe7ee4ce-3dc0-4fe3-9457-90a6caffd86e,2024-09-27 01:37:00
5764,542,add_to_cart,home,41,1597519b-9db9-493b-9e20-99b445b30add,2024-05-06 21:12:00
5765,963,purchase,profile,64,f50fa89d-4e18-4951-8728-127999a62160,2024-06-20 07:04:00
5766,160,search,cart,58,b5dcb4c6-4c8f-47a0-984a-4fa7ba0eb1e8,2024-10-31 08:15:00
5767,227,page_view,cart,96,5c40f7c9-3757-4d9c-952f-b4e4018ca253,2024-11-16 04:05:00
5768,415,purchase,cart,88,32dd2f75-9e6b-4dda-92d7-734dcc5b1252,2024-05-09 23:18:00
5769,861,remove_from_cart,profile,2,a7caffd7-1a09-4993-a159-09dc55d40b25,2024-11-22 14:43:00
5770,264,add_to_cart,home,62,3783f7da-9ff0-4538-b2ec-5ec7d05b41a9,2024-09-21 15:33:00
5771,744,add_to_cart,home,7,19d94822-93d2-4824-a745-84375bd9aea4,2024-06-25 15:22:00
5772,176,remove_from_cart,checkout,48,c809787c-571e-4599-a262-e361236c4252,2024-12-16 16:12:00
5773,390,remove_from_cart,search,88,b9f0eb34-1d59-4b34-8022-4aad9c51acb8,2024-03-09 17:45:00
5774,620,purchase,checkout,97,1aff0ee6-127d-4448-8ffd-ff3371edd941,2024-10-12 02:00:00
5775,873,purchase,profile,30,82b43326-8d86-4669-befa-e83492bc0dd5,2024-01-05 00:58:00
5776,493,add_to_cart,home,72,6a23c827-3be6-428d-ada4-292dc7046b67,2024-03-28 12:44:00
5777,353,add_to_cart,profile,43,4710b85c-3f16-439f-9054-d6a63538d57c,2024-04-26 17:10:00
5778,119,search,home,4,3d50b11a-c60f-45be-8186-c76cf9090b27,2024-10-05 17:26:00
5779,778,remove_from_cart,product,80,2f2c66cb-e507-42d3-9fb1-ecb1b58aa166,2024-05-19 21:51:00
5780,239,add_to_cart,home,34,a3d7f31c-9cd1-4113-a15d-d42c905bdaeb,2024-08-26 09:37:00
5781,234,remove_from_cart,cart,74,768bbc91-bc24-41ee-af08-f1d509a9a9ae,2024-06-05 03:00:00
5782,627,purchase,profile,48,beef5e7d-35ea-4dd9-95d4-91553ac82e29,2024-09-21 15:46:00
5783,960,purchase,profile,95,c8957365-5938-4590-b45a-87e352cc5be2,2024-12-19 13:41:00
5784,605,search,checkout,74,ba5fc2dc-1bf3-465a-9db0-df5b1c91094f,2024-07-21 00:35:00
5785,458,page_view,search,76,8cdbdffe-d4da-488b-9f5c-94b781a7e879,2024-11-13 23:13:00
5786,376,remove_from_cart,profile,21,12726fff-490b-4971-b2ae-9d5f4c847d27,2024-08-19 13:57:00
5787,130,search,product,11,07d68ab8-e039-4d53-bd23-1c05484e3e19,2024-08-25 20:30:00
5788,37,purchase,checkout,17,eef2218f-1b34-4fa9-8262-8f031346b225,2024-05-03 21:02:00
5789,685,search,profile,55,d2dedbde-49ad-4aa8-b725-f94154a3df0f,2024-08-08 18:18:00
5790,110,purchase,product,5,5eca77ea-49b6-4d94-a718-2a58fb2bbbd1,2024-05-07 03:22:00
5791,876,search,home,43,0274f43b-ba19-4231-b394-20b8339a1af0,2024-08-26 06:06:00
5792,320,add_to_cart,home,46,c59a0eec-2049-4243-9895-63356e10bf9e,2024-11-06 12:07:00
5793,396,page_view,cart,4,8024318f-db3c-4557-975c-03d6bd799277,2024-07-04 21:01:00
5794,253,remove_from_cart,home,98,8b27fb90-f927-4a8c-a222-45cfabd7c2bc,2024-09-21 06:32:00
5795,724,purchase,home,38,1ae12413-318e-45d5-84f5-1b88a4c41cad,2024-12-08 00:01:00
5796,574,page_view,search,97,068638af-0153-4fac-a749-259291290737,2024-10-11 04:10:00
5797,672,add_to_cart,search,97,ddb9cfde-7934-4316-9b92-c810c5550d7a,2024-05-04 04:52:00
5798,940,search,profile,81,92f473f6-6d1f-412b-a09c-cbee78fe0d76,2024-12-07 00:00:00
5799,415,remove_from_cart,cart,50,8841671c-bc1a-48e4-92e4-781716dff2f9,2024-06-02 05:17:00
5800,327,search,home,77,83da2642-4df5-4ff8-9f71-5a88025f633a,2024-08-19 05:55:00
5801,242,search,checkout,14,0220cae3-fde7-415f-b1f2-3095fca82e08,2024-03-15 09:10:00
5802,680,add_to_cart,profile,93,6866e3ce-07d1-4ba2-af18-7ecddb2d73c6,2024-03-30 13:06:00
5803,410,purchase,product,32,f05b7b16-d127-4808-96b6-c31357c62f25,2024-07-22 13:02:00
5804,377,add_to_cart,search,99,9ab9cc8c-02d0-4938-b96a-681ca2ad017c,2024-10-26 08:16:00
5805,325,add_to_cart,cart,79,09c98d04-f39c-4bcb-ba74-a00559b3b77c,2024-11-30 00:40:00
5806,331,remove_from_cart,profile,100,6e363d1b-b638-4b84-9d1b-0d56cd783217,2024-02-04 07:10:00
5807,209,purchase,home,46,fda90db9-fc4a-442a-aca0-d6439e530a33,2024-05-03 11:54:00
5808,476,search,cart,30,5e18b649-7987-4bfa-a4ed-7284abe2fd5c,2024-11-07 22:19:00
5809,749,remove_from_cart,profile,47,2c45d791-cc3b-4093-87a4-59f10fe56916,2024-11-05 04:35:00
5810,641,page_view,profile,42,bbac87e4-2409-4bb4-8bb9-20e7537f603f,2024-12-22 20:47:00
5811,833,page_view,cart,40,2ac25239-dcba-4982-89d5-165542e2acb4,2024-08-29 07:24:00
5812,914,remove_from_cart,product,12,ae2fde9b-d619-4696-a1e4-b2895ac34006,2024-10-19 07:12:00
5813,412,purchase,cart,19,d1b426e4-98b9-4cfd-b8fc-a70ba695df39,2024-12-08 00:15:00
5814,327,remove_from_cart,checkout,12,bba7d40b-f7a1-4071-ad3e-89aa334b7275,2024-03-13 16:00:00
5815,368,remove_from_cart,product,74,a2861270-be56-4c0c-b9c5-eb2c23cc66ec,2024-12-27 03:52:00
5816,211,add_to_cart,product,48,9717fe7c-427d-4a62-b6d5-9518191bbaf9,2024-11-17 10:27:00
5817,779,page_view,home,14,2e6505ab-61a9-4ef3-b041-5573b92eedfa,2024-01-31 03:18:00
5818,699,remove_from_cart,cart,62,a78b976f-b52f-497d-9033-254338604f63,2024-10-12 07:27:00
5819,993,remove_from_cart,product,60,9fc85e45-f511-45fa-87b4-9b3b08ac9fe2,2024-05-13 16:48:00
5820,934,add_to_cart,profile,52,438391df-31f8-4e16-8621-14f9fd4f1ae8,2024-03-09 06:09:00
5821,818,search,profile,72,e928af11-869d-49f2-b46a-f0cc5406e3ee,2024-07-28 22:06:00
5822,572,search,search,9,2d39d09b-b598-46ce-b8a0-8b7c955534ad,2024-09-15 23:56:00
5823,404,add_to_cart,cart,99,5c98621c-2dcd-4d35-b3b3-737710113ec7,2024-11-03 02:09:00
5824,827,remove_from_cart,checkout,1,7f1a5de3-99a4-4f84-adb0-34eaf722c044,2024-05-22 23:12:00
5825,100,add_to_cart,cart,5,961eaa4b-f6e4-413e-9090-7c48e1784289,2024-03-07 20:04:00
5826,293,page_view,search,75,ee7e8c05-71b6-492b-8370-db660f3b3506,2024-02-19 22:18:00
5827,814,search,profile,20,2da5564c-6c76-4697-b94e-c00948c27a2b,2024-02-17 08:05:00
5828,880,purchase,home,3,6a490905-0955-4396-b894-9c3f36a17b4f,2024-12-28 02:38:00
5829,94,remove_from_cart,cart,7,4ce0b817-96f6-4874-8fdd-ff2d462d0ff1,2024-03-25 04:49:00
5830,279,search,profile,8,4668c725-5cb3-49dc-a16e-fb89031c081d,2024-07-31 08:11:00
5831,12,remove_from_cart,profile,72,7567e70d-f766-45e6-a1bb-84bdf390f3cd,2024-10-09 23:27:00
5832,200,add_to_cart,profile,22,b0709a49-c3e6-4daf-820b-331c96b8f883,2024-01-11 21:03:00
5833,736,add_to_cart,checkout,66,03d53367-00d1-4cd7-b1d9-07a9149d3b42,2024-04-21 18:29:00
5834,894,page_view,home,59,2ab9387b-d15b-4721-ac06-2d4b8c1532cc,2024-04-07 08:36:00
5835,341,add_to_cart,search,85,3309a863-28a6-4142-b4d8-a69ffcd2761a,2024-02-28 00:07:00
5836,965,add_to_cart,checkout,12,6d3588f4-427e-4e07-bdc8-9360bf06216f,2024-02-13 21:22:00
5837,916,page_view,profile,52,939db9dc-7980-4dd5-8d9a-18f57b082e41,2024-06-07 14:52:00
5838,364,purchase,profile,87,a7d140b5-5984-4a95-885b-7c5a267d9110,2024-07-21 03:12:00
5839,626,purchase,home,11,15f8b8a0-db71-4f47-9136-b5f3b27f6075,2024-01-28 15:25:00
5840,781,remove_from_cart,checkout,29,37236d5f-d2a2-4fed-9650-1887f075a9a4,2024-05-29 01:40:00
5841,246,purchase,home,87,582f4647-8a6f-46ef-92de-f57af2352d6e,2024-09-25 08:02:00
5842,411,page_view,cart,94,615be475-f6a8-4337-a70e-c01d293fc539,2024-12-30 22:34:00
5843,660,remove_from_cart,cart,56,800f7db0-01e5-4b6e-9f5a-c01d3df66917,2024-01-17 01:32:00
5844,103,page_view,search,38,7a9ce379-2d7d-4e02-838a-2b6fb6f6943a,2024-07-24 10:00:00
5845,210,add_to_cart,home,97,4b24c05b-b34d-4688-ae20-53769f0aa293,2024-08-19 15:47:00
5846,184,purchase,profile,12,63617ac5-04fe-484c-a3ed-3ebf63e5f78f,2024-06-17 13:53:00
5847,560,remove_from_cart,search,30,60af32e3-c0c9-475d-b610-bf30e9ea7c99,2024-12-13 07:07:00
5848,664,remove_from_cart,checkout,52,024263d9-8882-4883-8382-91f839750b58,2024-09-25 22:17:00
5849,780,purchase,product,70,ad0d33f2-1144-4c1a-ac44-bcc3beeac030,2024-10-05 07:18:00
5850,560,purchase,profile,27,c908e4a4-68d3-4133-a089-235fea51145b,2024-12-16 00:04:00
5851,537,search,cart,40,54284a1e-11c3-4480-a1bd-266cdd048315,2024-06-19 22:43:00
5852,903,page_view,profile,21,96940cba-2f79-4c32-b843-d75a1cfa33e4,2024-07-06 04:35:00
5853,275,add_to_cart,home,20,546c1f5d-9c67-4d48-ac56-b5434242210c,2024-10-16 11:17:00
5854,236,page_view,product,94,914b23af-f590-4378-9d24-f66eca4147a7,2024-01-20 07:23:00
5855,184,search,cart,58,a1f836e3-5a99-4b66-8aa8-40718cc4c06e,2024-03-29 20:53:00
5856,204,search,home,2,7a87c8ab-bc3a-42a6-901a-5470d537310c,2024-07-11 14:11:00
5857,525,add_to_cart,cart,22,872eebd8-16ab-494b-858e-63c6d1d3ecb8,2024-05-27 08:11:00
5858,897,add_to_cart,product,86,b0585cc6-8f56-4813-9ff8-5ef6f796b336,2024-02-16 20:05:00
5859,213,add_to_cart,checkout,62,507257ac-077a-409a-8a1f-ae4deb7917c4,2024-04-17 08:08:00
5860,124,purchase,checkout,93,be9296be-45c8-4acb-9c85-393140f9e83f,2024-10-23 14:55:00
5861,579,purchase,home,98,c81b8598-472f-40b7-ac75-1cba9f47fdc0,2024-11-04 19:42:00
5862,570,remove_from_cart,cart,22,8e6a48b7-7854-49a5-8c68-2c1ac8443028,2024-03-12 00:21:00
5863,587,purchase,search,68,20d8af82-4af8-417c-80a4-220156d82bdb,2024-12-16 17:17:00
5864,687,remove_from_cart,cart,39,1890d6ee-1831-4d32-8a51-678782bdd3cb,2024-03-23 22:30:00
5865,741,add_to_cart,home,45,df159e2b-5218-44c9-85db-4a12c2b9fb51,2024-09-21 03:26:00
5866,914,add_to_cart,profile,81,2467556f-379e-4233-b953-eccd90f61424,2024-01-05 16:04:00
5867,653,search,product,23,2acf213f-1270-4a9e-a696-21d67fc87993,2024-09-24 03:22:00
5868,587,remove_from_cart,checkout,23,3fa29e63-34b1-4cfe-8960-97ab3866ae84,2024-08-09 14:51:00
5869,440,search,checkout,100,02505fc3-bf3f-4b17-b345-1d6896304d86,2024-10-18 17:51:00
5870,476,purchase,home,44,78095f74-c0fd-4860-8e2c-e20b578df616,2024-11-05 02:45:00
5871,139,purchase,search,64,278180e2-00c3-409d-aede-20d1184ff460,2024-03-11 16:35:00
5872,148,remove_from_cart,checkout,26,9d681688-104b-4e94-aa2c-732142b09370,2024-06-26 17:42:00
5873,354,search,product,19,98b7d723-e8b3-4c78-a6bd-35dc3f691f6f,2024-02-06 01:39:00
5874,570,remove_from_cart,cart,50,33ed55ff-176b-42be-8066-2af0ddc4bcd0,2024-06-14 15:24:00
5875,559,page_view,home,64,54431d33-1727-4c2a-93eb-2d5697933b45,2024-09-29 04:52:00
5876,613,add_to_cart,checkout,65,cd6c59f0-f56e-4856-81da-21b437e4cb98,2024-10-05 22:49:00
5877,631,search,cart,11,f0b3fb59-7ea3-44be-8a82-2f24238f75d7,2024-06-30 11:40:00
5878,104,search,checkout,43,2d5a77f6-1abf-44ae-bcc6-430d53b2d2a1,2024-08-12 21:48:00
5879,572,page_view,checkout,83,ead20dab-9e01-486e-9328-c05f04bafd3f,2024-11-08 03:49:00
5880,479,add_to_cart,product,15,a23fdfd3-a550-4dcc-849a-c9cabad7012a,2024-05-08 22:01:00
5881,272,page_view,cart,32,52ea76e5-d13a-4754-91d0-b6de743b919e,2024-06-28 09:56:00
5882,532,page_view,product,61,ef121901-4c13-493b-9d3f-e913a3e4be8a,2024-01-23 05:27:00
5883,932,search,search,95,b8f8b10b-cbcd-469c-a32a-e8cb6b0d5199,2024-12-01 05:03:00
5884,982,page_view,cart,71,d2f317ac-1821-4307-999f-8b0295a94e11,2024-03-26 01:39:00
5885,248,remove_from_cart,checkout,38,c3e69e80-9f66-4a37-be56-8c7e6409b141,2024-05-25 02:33:00
5886,108,remove_from_cart,checkout,76,44d801d9-7941-48f9-898f-b538989f31ab,2024-12-05 10:43:00
5887,653,page_view,checkout,95,e7bec9cc-4833-4791-b1c6-3d15b07e3d5a,2024-02-03 22:19:00
5888,73,remove_from_cart,search,7,bf11b721-ecb9-4b1c-a62d-4e612079c711,2024-05-10 13:22:00
5889,467,add_to_cart,home,13,accb7dbb-bfdc-43f1-a9db-a36e01494d06,2024-10-09 14:51:00
5890,929,add_to_cart,search,91,1debd71b-3d2b-4277-93fa-f3508ebb425f,2024-09-30 08:13:00
5891,844,remove_from_cart,search,60,99c64e7e-f551-4424-8b7e-641b353395c3,2024-11-13 21:55:00
5892,49,add_to_cart,cart,49,d8404c6d-cc0d-4ffb-93a3-d24277238d7b,2024-06-25 03:04:00
5893,430,search,search,65,18b8920d-d2bb-4633-998b-821092fcc346,2024-08-04 00:31:00
5894,830,purchase,profile,67,7ab2c7dc-a834-4ac5-b62d-530ca0c4aa12,2024-12-26 09:48:00
5895,30,add_to_cart,home,87,8874900e-f8da-4452-98a3-5042d1a16e02,2024-01-16 11:45:00
5896,619,remove_from_cart,profile,32,844bbb16-ece0-45ad-b602-6cb3f00d2f51,2024-04-01 11:44:00
5897,13,search,profile,47,b9ae34e5-22bb-40c9-ad36-41397a97a645,2024-09-24 00:16:00
5898,685,add_to_cart,checkout,58,5c70a33e-3c8f-4e89-99ed-df2252098712,2024-03-13 13:37:00
5899,426,purchase,search,18,8e7b1d39-77d5-4b38-b9c8-595a523e9d90,2024-06-01 18:52:00
5900,283,purchase,cart,49,d813d8b5-cd5f-4c3d-ae56-bd490c069757,2024-11-15 05:20:00
5901,632,purchase,checkout,73,68a4522d-7da2-4222-8a72-638d7ecddd0b,2024-03-06 08:26:00
5902,666,remove_from_cart,search,36,9c751f8d-7598-439c-b3d6-cc410d52e726,2024-01-31 06:48:00
5903,340,add_to_cart,checkout,18,9fdc9400-3c05-4d44-b586-1ecb36f0d871,2024-02-07 05:03:00
5904,296,page_view,checkout,71,c049461b-5524-4acb-9c27-97191d2983aa,2024-06-05 08:15:00
5905,483,page_view,home,4,7fa41e53-8e18-44c9-bac1-5bfb28823216,2024-04-28 02:50:00
5906,823,remove_from_cart,product,79,cf93e2af-9958-4356-8bbd-ed6512a2af8e,2024-02-16 04:03:00
5907,860,remove_from_cart,home,94,21f6d65d-1bc0-4934-aea6-075ed71f0a9d,2024-10-07 01:25:00
5908,205,purchase,checkout,29,12eb197c-f296-4e1a-af65-4ead006d4cd0,2024-02-06 10:32:00
5909,426,search,home,40,fb87fbcd-7385-49fb-8194-20b381c77d7f,2024-07-04 02:15:00
5910,165,search,product,16,5a1b030c-707b-45eb-bc48-d4e18b8cf399,2024-02-14 07:52:00
5911,466,page_view,search,88,cdff8ef8-5395-4b2a-8f72-59612c775f4a,2024-05-04 09:35:00
5912,677,add_to_cart,home,66,7676fd5e-6e3a-48c5-9ba2-35d6d424b811,2024-07-13 23:15:00
5913,489,page_view,home,20,1b21440b-650d-4394-8847-3b68d411e3f4,2024-08-08 15:46:00
5914,641,purchase,home,57,63fb30c3-dcc3-46a1-b81d-68fc71099fc4,2024-11-04 08:04:00
5915,284,add_to_cart,search,23,9cb1268e-73c1-4b89-9ac5-595f36a461a7,2024-05-12 17:34:00
5916,248,page_view,cart,36,f5ff1177-80ff-418b-89c8-96f3f2b7e274,2024-12-14 13:34:00
5917,189,page_view,cart,3,c07a3e7b-3de4-496d-b7cb-67809ba36211,2024-02-11 17:00:00
5918,675,purchase,search,36,f9addd7a-a72f-4762-a0e7-d84cf9f8cae9,2024-11-01 16:00:00
5919,694,page_view,profile,53,393824f2-2564-4ed5-9867-586971104814,2024-06-28 19:23:00
5920,230,remove_from_cart,checkout,73,506951f3-5e69-4298-9323-0d605504a83e,2024-06-27 22:30:00
5921,396,remove_from_cart,home,28,304cf099-225d-427b-96ed-f36793a11ce2,2024-11-07 13:03:00
5922,99,add_to_cart,home,29,9f1c4ac6-e1fd-4109-adb7-e1a3fa413c6e,2024-03-06 02:01:00
5923,498,page_view,profile,29,d5fb47f4-a3c4-45e2-ba85-4911cd0d60cd,2024-03-28 09:29:00
5924,137,purchase,profile,15,8a8a9917-d0d9-4edb-9cff-541d5159cbd9,2024-03-16 20:08:00
5925,957,remove_from_cart,checkout,30,f97f7403-2eee-4862-8e9b-99bc54bc7899,2024-10-29 09:33:00
5926,269,page_view,search,38,a90f011f-b9f8-45fd-a8c6-be8b98b1c6e2,2024-10-16 16:27:00
5927,954,search,product,41,9acbf1c5-79fa-4d22-ba1d-b9f9a7429a6a,2024-01-03 04:34:00
5928,873,remove_from_cart,home,14,541cef44-674d-4d27-bfb9-9aec0b710006,2024-05-13 13:33:00
5929,626,purchase,checkout,28,1f7c6c3e-d637-43b2-9fb5-83da7511b5b5,2024-06-28 06:43:00
5930,427,search,checkout,88,894b3487-32c9-4899-8a4f-f42568d72469,2024-07-13 13:51:00
5931,975,search,checkout,9,b072366e-c4df-4136-b900-fba08edb121a,2024-08-15 20:02:00
5932,187,purchase,checkout,99,c2914315-e08b-4096-9873-5cc56e381a00,2024-06-27 23:36:00
5933,80,page_view,home,58,c38d7b6c-50f2-4e5b-8f84-e1086c33aa1e,2024-12-18 05:49:00
5934,808,remove_from_cart,search,28,704b4814-f878-47cc-a9a6-8b688877f816,2024-06-10 03:48:00
5935,730,purchase,checkout,97,9808382d-be41-40f9-92e2-d7f04d31cf9e,2024-01-03 03:01:00
5936,244,purchase,checkout,43,09108939-82a3-4203-8e30-c6b1967fdebe,2024-08-02 11:33:00
5937,769,purchase,profile,80,1ea44afd-4d19-4d0a-9596-920740798039,2024-12-30 10:37:00
5938,946,remove_from_cart,checkout,62,581b06d4-bc74-4421-ab80-1c229a852b52,2024-12-22 06:59:00
5939,570,remove_from_cart,product,96,ab17de6a-f640-4ff5-b375-67c4e695b7c3,2024-03-29 03:37:00
5940,464,purchase,checkout,36,fd53616e-9ca2-4bb1-84ed-4c8736959c7f,2024-07-03 17:54:00
5941,55,purchase,home,77,e08f73aa-3a83-469d-96cb-f3231b864f7d,2024-02-01 13:17:00
5942,343,purchase,profile,7,a37a29d7-1382-42a1-8025-34be28036958,2024-01-21 04:17:00
5943,407,add_to_cart,search,47,be4058af-441f-4047-9eff-a3b1a018aaf2,2024-12-05 22:24:00
5944,389,search,home,47,19c305ac-3d8e-4bd0-852d-dc2df0311665,2024-02-07 02:52:00
5945,646,search,cart,59,67b727bd-c94b-400a-a892-8bfe6720792f,2024-03-17 10:42:00
5946,811,search,profile,38,d1bb5b14-3ca5-48c5-8406-83f2f5b52573,2024-09-20 14:51:00
5947,495,purchase,home,22,4d5fdd55-c198-43d4-8bf7-8912e72fe50b,2024-08-09 21:59:00
5948,526,remove_from_cart,product,10,6d3ae860-83f1-47b6-80d4-65641620bdc4,2024-05-24 22:44:00
5949,726,page_view,profile,99,382af8de-d1bc-4218-a738-55b3c315f52f,2024-01-02 01:11:00
5950,239,purchase,checkout,62,9a9bdb4b-2085-44ee-afb1-4a53fd59cc47,2024-04-19 13:01:00
5951,378,page_view,checkout,9,c4b752f0-0235-4521-8e0c-ba107678e303,2024-04-29 12:18:00
5952,284,remove_from_cart,search,96,716b6d96-de6b-4dc7-ba42-4a415c05d74b,2024-04-01 07:27:00
5953,264,search,search,63,ba70ef98-a799-43ba-b124-18b1fa4c25da,2024-10-28 17:23:00
5954,83,add_to_cart,cart,52,c708dd3c-de9c-464c-bf18-eede53607f08,2024-02-05 22:59:00
5955,169,remove_from_cart,cart,78,1537a18d-87d6-4318-aec5-0c233b6b151d,2024-06-11 22:26:00
5956,611,add_to_cart,product,9,5412c143-c923-42b5-9504-c48e176f8959,2024-09-23 07:53:00
5957,116,remove_from_cart,product,48,1bc5d2c6-4369-439e-a94f-abaa7a0dbe6b,2024-07-15 01:12:00
5958,369,page_view,profile,72,58990f77-6c48-4a3d-b315-3924fc29d917,2024-04-20 15:50:00
5959,912,add_to_cart,product,80,ad56eafa-385f-404e-9f91-a77ea8d77917,2024-02-23 16:16:00
5960,667,search,checkout,3,9b5c36bf-f16d-4774-b7d1-3f3e5175e01d,2024-08-08 02:43:00
5961,337,page_view,cart,68,352e4599-bbca-42c0-94fb-702af4941b30,2024-07-03 09:32:00
5962,491,remove_from_cart,product,76,366879af-a9dd-484f-9c6c-2bd1695d035d,2024-01-21 00:47:00
5963,166,page_view,search,89,f2670111-e723-452a-97d3-6168c38fd11c,2024-11-05 03:16:00
5964,59,search,checkout,36,14ece547-7db3-406b-9dcf-3eba23afdc03,2024-07-25 12:17:00
5965,186,remove_from_cart,search,37,3fd0d08a-685c-4cd8-ad26-1d78a53ea97e,2024-02-06 17:10:00
5966,874,purchase,cart,99,f45eb36b-8d2a-4321-8f4b-175afdc74baa,2024-05-31 22:59:00
5967,223,page_view,checkout,92,13fbd672-59c0-4ffe-9ead-10089f359b67,2024-02-26 09:40:00
5968,85,purchase,cart,64,b5fcab60-6154-4b5a-80a5-ba6e0909c4ce,2024-11-20 03:48:00
5969,375,purchase,cart,76,d24f54f0-0c8c-4ae4-8997-25cef1fb16da,2024-10-30 23:25:00
5970,759,remove_from_cart,checkout,22,573751cd-0238-47bc-9a64-4b8b4b51639f,2024-04-21 13:59:00
5971,402,page_view,profile,10,5c797dc6-dc81-437c-8be3-a3accad2f3a1,2024-08-23 12:04:00
5972,279,purchase,home,22,0dbcf02e-4e3b-46f9-87e0-86bf48ac98d3,2024-08-16 19:43:00
5973,690,remove_from_cart,profile,99,aad73231-f283-4b31-ab07-34790635b434,2024-02-01 08:37:00
5974,538,purchase,home,13,ba3b11f4-31ab-4940-b086-05aea4947779,2024-02-23 14:10:00
5975,274,purchase,profile,92,9bc479f5-cf3e-41c5-81d8-e7007362b446,2024-10-09 19:07:00
5976,262,purchase,cart,31,ffd6e03d-039b-424c-9a07-4d706dfc5ebe,2024-05-20 12:05:00
5977,864,search,profile,23,f337f03b-7516-4388-8f08-3faa2e46c41b,2024-05-08 01:00:00
5978,94,add_to_cart,home,20,5fb44dfb-7758-4cbf-94bb-f216e098f950,2024-10-23 16:37:00
5979,652,remove_from_cart,cart,92,dc177b4d-0c0c-481f-86d5-cf292e07df0b,2024-06-06 16:55:00
5980,125,purchase,product,52,f29acb82-c468-4e8b-a48a-14ce712e3db8,2024-09-01 22:14:00
5981,73,add_to_cart,search,27,7c0e0c98-ba16-43d6-a9c8-df1c3633aed1,2024-05-25 01:16:00
5982,467,add_to_cart,home,10,88890768-249c-4c36-a3e4-980347f25ff2,2024-08-28 08:23:00
5983,649,purchase,home,19,386b1f13-8bde-4e79-889e-baa8df97d8f2,2024-07-31 15:54:00
5984,69,remove_from_cart,home,52,dfbe73c1-3715-43f0-aa87-8c95c833f0ff,2024-03-17 00:46:00
5985,871,search,checkout,81,e9e1a264-3280-4ffd-95a4-e739378eaf45,2024-04-13 02:59:00
5986,453,search,checkout,33,63352945-1382-4cd7-a1f0-053b52cea5ed,2024-10-09 19:55:00
5987,462,page_view,cart,32,77ac2b91-f74f-432c-b02a-5cb7f1c3dd26,2024-11-03 13:26:00
5988,788,page_view,profile,100,626dbf67-bc7f-4b07-91cb-3f58716fc0bd,2024-01-02 18:53:00
5989,527,purchase,checkout,69,54117cb2-6a07-4479-ad81-656582f0b24a,2024-01-01 21:01:00
5990,31,page_view,product,26,d0cd832f-80f4-4798-9092-9a38b74ff49f,2024-01-21 06:18:00
5991,794,search,home,23,4149e257-35c7-4367-9de9-cbddfdc08be5,2024-07-02 15:21:00
5992,983,page_view,home,92,7393ff44-dc9e-4c94-b26f-7df75360bd19,2024-10-13 20:46:00
5993,83,search,profile,28,560c4823-25a8-404a-804e-c622c58c581e,2024-11-07 01:07:00
5994,687,remove_from_cart,cart,99,e0cf7e7c-16d9-494b-adfc-9e4991200d0c,2024-01-12 10:51:00
5995,408,add_to_cart,checkout,73,c63cec3c-ca27-4c7d-b9a2-7d590151de80,2024-12-05 10:37:00
5996,383,page_view,search,63,f2ef7d50-7a7b-4fba-beaa-e92dd59ce97e,2024-06-16 06:38:00
5997,946,search,search,45,4f793530-8ddd-446b-b6a7-83432d8cb230,2024-05-30 14:26:00
5998,615,page_view,search,35,8eb7be09-215f-4046-bf57-80af2c8bdcdc,2024-02-17 10:33:00
5999,394,add_to_cart,home,74,51a88b9d-3d14-491c-83a0-23ab28cfd0e8,2024-07-07 18:03:00
6000,252,remove_from_cart,checkout,99,e997f3ad-6041-4440-b0ac-2285930e3102,2024-12-18 18:03:00
6001,417,add_to_cart,profile,21,b2ade677-4382-4bbc-89e1-7a6ff25ac80f,2024-05-16 17:48:00
6002,80,add_to_cart,search,88,2327fe2f-5902-4c5e-9745-bab934fadb8f,2024-03-09 18:48:00
6003,684,remove_from_cart,product,100,ca840da3-365e-4789-af90-4e7fb3840f01,2024-09-22 15:08:00
6004,907,purchase,checkout,42,49006800-29fe-4599-b09c-074d2f9a9c85,2024-02-05 22:07:00
6005,757,remove_from_cart,home,21,725e5fda-910d-423c-a89e-ecc1bbaa64d2,2024-01-22 00:47:00
6006,511,add_to_cart,home,81,d6fe8984-ec78-4a70-aa91-edd9196b92d9,2024-01-13 12:42:00
6007,374,add_to_cart,checkout,62,7ff1cf8c-3907-4c6f-a0f8-c889db35c8b3,2024-09-07 12:29:00
6008,439,add_to_cart,search,15,d49988a2-e4a2-4bba-a888-35785ed72a03,2024-08-25 02:01:00
6009,297,add_to_cart,cart,92,3529c158-c11e-4528-b879-2062f88e2059,2024-02-03 01:45:00
6010,408,add_to_cart,search,52,f3675366-a3e7-420a-a3e1-cde33840def2,2024-12-22 08:31:00
6011,644,search,product,26,a6f75553-91db-4286-96f2-aab73f38fb7b,2024-02-13 15:45:00
6012,765,purchase,home,96,db92b249-fe8c-40e6-b349-a8ebd41d2f2e,2024-12-13 03:16:00
6013,452,search,search,17,25972f6d-4763-4456-a363-2b5c5e72ee41,2024-06-05 08:34:00
6014,104,remove_from_cart,checkout,36,f1db0866-51c5-4c2e-94ae-1f45cea9fed7,2024-03-08 12:18:00
6015,864,add_to_cart,search,86,3b1e54ec-800c-448a-afeb-ee3ec3c8fbf6,2024-08-06 19:17:00
6016,954,remove_from_cart,search,14,e4efd17a-6466-45f2-b495-5ae06342f60b,2024-06-27 03:42:00
6017,76,purchase,home,32,80aa2b63-be13-44ea-b457-1b84141d0897,2024-02-22 09:45:00
6018,527,search,checkout,89,2abde09a-240f-484e-bce4-f4d303cd1a67,2024-02-07 23:36:00
6019,338,remove_from_cart,home,34,b5e86c37-4c11-49eb-a6f1-cae5963e3051,2024-07-14 05:15:00
6020,955,page_view,profile,15,92339d12-4ff0-43d8-a1fb-49ca7cbfadfa,2024-11-18 06:31:00
6021,948,page_view,search,77,35d9b10b-0835-4f06-bf69-2c737ab9cbd5,2024-04-08 04:54:00
6022,479,purchase,checkout,48,82235f23-e73c-450a-8504-2d64d8842055,2024-03-09 23:26:00
6023,516,remove_from_cart,product,2,771c212a-b01d-43f4-9970-81b650d62844,2024-08-15 09:46:00
6024,755,remove_from_cart,home,13,60d43f75-7be2-4471-857b-31f0cec6c762,2024-12-19 08:45:00
6025,195,purchase,checkout,86,bd20a956-e304-41fc-88d8-121ca7bcba7d,2024-05-09 08:46:00
6026,932,purchase,search,2,86929516-5416-485d-813a-852f971ee7e5,2024-03-23 08:40:00
6027,439,purchase,checkout,97,2e082b30-1f0a-428a-a95f-893a79c03f51,2024-05-22 20:22:00
6028,48,add_to_cart,search,73,e9a2e0c3-70b1-4a9d-adc8-8ea4bd9fca66,2024-08-22 02:47:00
6029,519,search,product,32,0addba9e-3f16-4583-a0d7-bb6872e02106,2024-03-04 19:16:00
6030,450,add_to_cart,product,43,c4683d1f-9332-41ca-a510-c92eca960929,2024-03-25 23:16:00
6031,538,search,profile,6,67b0ea02-fd57-49b7-b84d-3a41c1572945,2024-09-01 20:06:00
6032,627,purchase,product,12,ba3b4d9c-a400-4b91-9b08-c70ecdcdbc64,2024-06-04 04:36:00
6033,65,search,cart,10,a4a1618d-c1b5-4416-b5a2-3a8088fd260c,2024-07-18 16:24:00
6034,159,page_view,product,39,fd63a466-40af-4fc4-9156-ce91d4fc3249,2024-04-27 18:03:00
6035,650,search,home,46,5c8b11a7-5300-4099-9233-7b92b732b5fe,2024-11-06 21:29:00
6036,662,add_to_cart,product,35,5eadd410-bbbd-4c09-9f90-12b46e13806e,2024-10-13 21:44:00
6037,657,add_to_cart,profile,15,78b5ca89-5e2a-4441-8b19-a05a8f3a77f7,2024-11-08 02:20:00
6038,606,remove_from_cart,product,74,35b56707-df26-4470-80f0-65b0047fe316,2024-07-19 17:38:00
6039,291,remove_from_cart,checkout,17,e7051fab-5b5d-440e-930b-b2241e462262,2024-10-27 19:32:00
6040,781,purchase,product,96,bd450943-9509-448a-8838-b88ecae23dc5,2024-07-26 00:31:00
6041,111,search,checkout,96,31ef9152-9564-4f42-b1fa-287543f362b4,2024-01-11 19:51:00
6042,454,remove_from_cart,product,100,3360c464-fa7b-427c-aba7-37e92b00aab4,2024-10-09 10:04:00
6043,710,add_to_cart,product,79,3d0bbd1a-f195-4875-962e-1232100db5bf,2024-01-09 18:45:00
6044,755,purchase,home,31,1cd42879-cbb0-44ed-936f-26bd9bc37071,2024-08-13 23:40:00
6045,217,search,search,36,e7194788-9f27-4e78-a9ca-59e93d8884c4,2024-11-05 10:59:00
6046,529,add_to_cart,profile,33,458ad0e0-904c-4dd5-9225-01af3dbd6b3d,2024-05-02 10:58:00
6047,573,remove_from_cart,search,64,949d552b-6f7a-4c4c-954a-124f68848e5f,2024-12-05 22:11:00
6048,752,purchase,checkout,74,d69d6693-11f9-434c-98cf-72596767d3e2,2024-02-16 06:19:00
6049,365,page_view,search,37,c29e300b-4320-44f0-aa46-4d2c9a46a144,2024-10-13 07:09:00
6050,396,page_view,checkout,62,5f3d5e77-ea74-42cc-8925-86446db4a696,2024-07-13 08:21:00
6051,419,search,checkout,97,561b167b-fd89-44e4-a12f-70841a75381e,2024-11-13 09:25:00
6052,563,remove_from_cart,checkout,50,f8450678-d5ba-44df-a160-eca68ef8c19f,2024-08-26 22:32:00
6053,735,purchase,profile,93,4c03d2d2-bfcb-42de-bac5-a266a83139f8,2024-05-05 08:02:00
6054,362,search,product,97,a463dfa9-03be-41d9-89cd-9873cde0e837,2024-12-18 19:58:00
6055,37,search,profile,60,e321bdb8-c269-4bad-b81b-3178543434aa,2024-01-26 23:54:00
6056,309,purchase,search,27,7a6cc606-8aa0-430e-be61-d6f4501e492a,2024-04-02 04:29:00
6057,217,remove_from_cart,search,97,4a905dcd-b749-4451-8eed-84875b117ca2,2024-05-25 15:05:00
6058,315,remove_from_cart,profile,44,6e0c23dd-0a3e-4552-a330-886da38715ac,2024-05-02 20:19:00
6059,679,page_view,home,7,9f972b3c-b31b-4b52-b2a6-8b9ca5e10a0c,2024-10-21 18:35:00
6060,703,purchase,profile,54,8e8b7013-27a0-4dae-a4b6-9472c227b11a,2024-11-30 23:47:00
6061,962,remove_from_cart,checkout,74,a387ab83-7c31-4c58-a924-0a81e0b4c122,2024-11-06 21:42:00
6062,13,purchase,profile,25,2bb5800a-d0e0-4a59-8d26-22ff640a70a1,2024-08-28 00:44:00
6063,786,purchase,profile,88,407158c7-82b7-4b86-be14-bd40d7ba1c61,2024-05-19 06:17:00
6064,514,purchase,cart,88,fde7edc8-e5e8-4320-8e91-15158ac8e0f6,2024-01-21 00:47:00
6065,184,search,search,7,05342b0a-9be3-40ea-b124-f0d6cda0dc90,2024-11-03 13:20:00
6066,918,remove_from_cart,search,5,e3b677e4-534b-47cc-8894-a6f093030b85,2024-05-26 05:46:00
6067,67,purchase,search,42,089b2156-395b-4eea-83d9-e16b98e7cb3c,2024-02-12 13:12:00
6068,358,purchase,checkout,20,8e863bb9-768b-44a4-a391-7a3852e6c7ad,2024-01-04 16:37:00
6069,474,search,home,83,2e388759-1a7a-4392-b2e2-061fba6b8f16,2024-09-16 17:15:00
6070,420,page_view,checkout,39,b63f023c-706a-4605-a721-a5871711a1fd,2024-07-10 21:25:00
6071,613,add_to_cart,search,70,cd92d605-336c-45d3-8f29-0c695a380fde,2024-03-08 02:25:00
6072,87,page_view,search,74,a327782e-5a6b-4ab5-afee-d2a85d907de9,2024-06-22 16:45:00
6073,530,add_to_cart,cart,18,c823955a-e3de-4b8d-833e-9f6768aee457,2024-12-22 21:28:00
6074,666,search,profile,9,a7590d6a-7fcf-443b-96a1-349b0981c98b,2024-01-18 17:15:00
6075,57,page_view,home,62,dfcb0153-e81e-486c-9aac-f520104154c2,2024-07-03 07:57:00
6076,495,page_view,cart,22,01b2fb75-de7b-492e-b7ca-00551dda38fb,2024-03-24 15:25:00
6077,609,page_view,profile,32,0aec6b3f-a9c0-4862-a35a-b9cd3480b2fa,2024-08-11 05:25:00
6078,909,remove_from_cart,cart,29,e4fc3245-005d-4aaa-8aac-e69bec71fc52,2024-04-27 04:52:00
6079,467,search,search,44,4c21817e-753e-4b21-a227-a34ce5fd07cb,2024-07-01 15:16:00
6080,693,search,product,49,ceff9c37-3141-456e-806a-53dfa840b1a2,2024-03-14 15:29:00
6081,752,purchase,product,3,9032a330-15fc-4211-ac9e-094b7e4713fb,2024-12-12 04:12:00
6082,943,purchase,home,31,ab63dda7-72b7-4f54-828a-449e1e67616e,2024-02-22 13:23:00
6083,39,search,checkout,48,f70ca90f-e31a-4a0f-b5c1-49cfb0512f4a,2024-06-25 02:31:00
6084,225,search,search,91,6886e251-546c-4848-bba1-f4dadeeb1ed6,2024-03-09 20:02:00
6085,772,remove_from_cart,home,87,97049251-162e-4290-b7d0-28d311f8ab3a,2024-09-05 20:29:00
6086,88,search,search,71,2242c2ca-7e42-4cda-b50a-b5d1b83d7b89,2024-08-21 08:38:00
6087,262,remove_from_cart,profile,23,7badb3f5-0397-4d59-a0cd-557505070e92,2024-04-20 03:59:00
6088,529,page_view,home,36,573006d2-accc-4d45-8695-ae1d6cc2a64e,2024-01-29 20:58:00
6089,698,purchase,product,13,f5bb21d1-4619-43da-bf2d-ace096d29d4c,2024-11-14 03:45:00
6090,706,search,profile,57,7f2ac255-e2c2-4edf-aa48-6bc93256cef4,2024-06-28 13:47:00
6091,539,add_to_cart,product,52,6838c2a5-b734-4024-8d3a-6e1c01000669,2024-09-02 00:17:00
6092,987,remove_from_cart,profile,56,dc564d2c-f03c-4274-8591-eca8b491a0ad,2024-10-29 17:28:00
6093,893,purchase,product,38,44814a69-1177-4105-af8d-f26a9eb309cd,2024-09-21 12:21:00
6094,258,purchase,profile,17,07c1e803-34d3-4030-bd3f-c41af63e61bb,2024-03-08 06:57:00
6095,55,add_to_cart,home,97,43cf5c24-2ce7-42c4-a827-69c2c8db633f,2024-09-23 10:39:00
6096,230,search,search,64,24864792-9b72-432b-b91d-6bdb7ec59fc0,2024-01-19 11:27:00
6097,498,purchase,search,8,a066bffd-d42f-43d4-82df-b02149569a94,2024-03-21 00:12:00
6098,264,purchase,profile,23,1b8e0fa4-53c2-491d-a4a2-3d1aea8db933,2024-05-04 07:05:00
6099,139,add_to_cart,checkout,71,2e0f174b-8705-4f22-a9cc-fe31cca618e7,2024-01-30 16:56:00
6100,84,page_view,search,72,ea2245ba-5e57-4123-b8b6-84a4585c53d4,2024-09-15 14:58:00
6101,726,page_view,product,40,3882d940-551e-446a-9816-7061866dd2d9,2024-05-21 09:33:00
6102,648,page_view,profile,60,82a09a9a-078d-41d9-8df3-a572d40d2321,2024-08-30 06:48:00
6103,514,add_to_cart,cart,45,9b202ad9-65df-4f74-b843-4fc65e15a694,2024-04-06 12:20:00
6104,965,add_to_cart,cart,76,d232b18b-9df9-4765-ab55-432b50246dfc,2024-07-26 17:46:00
6105,325,purchase,profile,65,8ace38ae-b29a-44b1-9cdd-8bb77d5c4043,2024-12-13 06:34:00
6106,859,search,home,45,cc97f4d0-57df-47a4-b09e-3af17ee3bd1a,2024-01-23 10:10:00
6107,902,purchase,search,53,2c07c527-1bd3-4be2-a5e0-e7b6a4fa4873,2024-07-29 15:24:00
6108,377,purchase,cart,4,f45b779a-5b0f-4cd8-beb4-690c7a2d9d25,2024-07-23 00:00:00
6109,992,search,product,4,cc38b45b-7fd3-4356-a0f6-7ceb9d59109d,2024-05-05 14:19:00
6110,904,page_view,profile,4,79b61901-a9c8-405f-b8fd-1b26367dadc4,2024-11-18 23:48:00
6111,899,purchase,profile,29,23c61ade-41f7-41e5-b043-205997d360bd,2024-11-10 04:17:00
6112,615,remove_from_cart,search,90,439f70f7-e956-418f-bd55-b15c9ec039e9,2024-05-16 01:14:00
6113,977,page_view,product,83,86b748cc-b4e3-427e-a1a2-f42550dd9cae,2024-05-06 16:12:00
6114,486,purchase,cart,22,e8a3333d-4dca-44f3-a82c-6adf804f5d9f,2024-10-09 08:10:00
6115,808,search,cart,12,b0f43020-f4e9-493a-b518-ecbe8933a369,2024-08-12 20:31:00
6116,900,remove_from_cart,checkout,43,09ef60eb-b6a6-440d-8641-771ac03e06df,2024-07-22 10:34:00
6117,530,remove_from_cart,checkout,76,a5581c5c-58f2-4564-b1b3-f2b3f6c1ba2c,2024-12-20 03:34:00
6118,85,purchase,cart,34,e310fc58-30b6-4815-9c7c-cc1e56fff6db,2024-08-10 07:24:00
6119,526,page_view,cart,22,b67a032c-03a3-4182-ae93-9334996ab0a2,2024-05-11 10:28:00
6120,782,search,cart,12,a1745308-72ad-4c07-8f8d-568b51595a37,2024-08-12 01:24:00
6121,658,remove_from_cart,search,47,19209254-4870-4292-a530-34f80f01df60,2024-03-18 20:31:00
6122,388,page_view,checkout,45,c5cbe8e2-e4b4-4954-b409-aeac11396a95,2024-06-28 07:08:00
6123,755,add_to_cart,profile,85,65fde375-3fc2-48bf-af4f-40c3b8aa79ee,2024-07-25 13:16:00
6124,180,purchase,profile,43,d9378c42-4618-4439-bda8-bf912bf82f80,2024-02-06 18:43:00
6125,931,purchase,checkout,18,388367c9-a269-4873-ac01-226c37b2ac25,2024-02-18 22:47:00
6126,134,purchase,checkout,31,d0dd95c4-9433-4bdb-bd02-2555d1867ccf,2024-06-09 00:20:00
6127,806,purchase,home,43,65707970-72b2-473a-8b1f-a7f66ae2e614,2024-10-22 03:47:00
6128,768,purchase,search,82,248ef532-40fb-49f6-9e2b-2cb096a8006a,2024-09-06 13:26:00
6129,641,add_to_cart,cart,24,996c3740-8a68-4a76-99a6-7dce61db4279,2024-10-07 07:12:00
6130,144,add_to_cart,profile,95,40707f71-8b6f-43fd-9ecb-fedd1c0138e6,2024-12-13 21:32:00
6131,246,remove_from_cart,checkout,21,6710eeff-08a8-4814-9cb8-05636ca7e968,2024-09-06 23:45:00
6132,217,purchase,home,12,45acfcea-a535-4541-90a4-92dec98efd19,2024-10-18 02:52:00
6133,521,add_to_cart,home,96,feb1bd4d-70e6-4cdb-8fe4-ce266edbed6c,2024-07-24 00:18:00
6134,362,remove_from_cart,home,78,832df809-8bf6-46bb-ad5c-19b1b2b3122b,2024-08-09 20:54:00
6135,521,add_to_cart,product,84,2e8e792e-69fa-4269-9fc3-708aa05efb20,2024-02-01 02:49:00
6136,81,add_to_cart,cart,70,ae73c189-4bd5-4211-ba0c-db6582d1ec87,2024-03-28 13:23:00
6137,751,remove_from_cart,home,18,5d6d3db6-421c-4202-86bc-eaf8e7688461,2024-10-01 20:28:00
6138,567,add_to_cart,cart,66,4b43e66c-773e-48d6-8229-0c657b30485d,2024-02-06 20:36:00
6139,930,remove_from_cart,checkout,13,589ce8c0-46c6-4e0a-9204-35f62199f494,2024-06-08 22:25:00
6140,240,search,checkout,4,a662ad6e-cc02-4c5b-a8bf-f2bccb27806c,2024-11-07 00:12:00
6141,340,remove_from_cart,profile,22,74e56a1b-8c51-426a-9ea6-f35d8c4f8409,2024-11-16 18:29:00
6142,944,page_view,search,52,18be23cb-e639-4393-8808-c4c22cecac36,2024-06-18 00:05:00
6143,476,purchase,product,63,1de40a10-1dd8-4a91-903a-15fb0ea28625,2024-05-02 06:33:00
6144,725,add_to_cart,product,75,23efc17e-ec86-48c1-a9a3-4c91dae2aeeb,2024-12-28 15:41:00
6145,429,search,home,15,60ce1d6d-d45f-4f52-8051-ed1eef563a2f,2024-05-04 03:33:00
6146,788,search,product,30,fe2477ab-1d6f-4023-8fe5-9e7e2b543eb9,2024-07-14 11:45:00
6147,568,search,cart,99,8db221e5-d3af-4136-aac6-ee5571ef82b3,2024-03-19 14:32:00
6148,974,add_to_cart,search,11,2550cd23-85e6-454b-9722-5c71e203592d,2024-08-03 09:22:00
6149,233,purchase,checkout,56,cdb78de7-957a-49b7-b57d-bafd641ab392,2024-02-26 08:06:00
6150,572,page_view,home,31,150e5654-ba2f-4725-862c-e7edd48906f9,2024-09-07 09:11:00
6151,370,search,checkout,11,353b160b-be1e-4124-954f-722de5fd52bb,2024-02-20 13:56:00
6152,509,page_view,cart,91,0a7daa87-b8df-4f9c-8bdc-b7d19ba31fa0,2024-03-07 05:46:00
6153,459,remove_from_cart,cart,13,4c41d8e7-824b-44d6-8b36-f4fd1f9cb58e,2024-01-26 18:20:00
6154,838,search,checkout,41,21347270-97a6-45df-be99-7c78a092138f,2024-07-28 16:21:00
6155,975,remove_from_cart,product,4,3c817e4e-f482-4315-b3c3-0b38ddb58f77,2024-07-28 12:28:00
6156,944,page_view,product,35,047aef98-b74e-45ff-b233-28474ae9d02f,2024-11-10 08:17:00
6157,240,remove_from_cart,search,42,76135c97-ba73-41c0-adae-903acf96c5ee,2024-05-15 04:01:00
6158,733,search,search,81,c4609b83-9647-454b-8de7-d792ee96fa75,2024-12-05 13:56:00
6159,18,search,checkout,65,1db75044-3737-4db7-9d55-17e0794fde50,2024-05-11 22:43:00
6160,521,add_to_cart,search,73,a5f0acdc-522d-40f3-a364-c5e0bfd8f65c,2024-04-10 18:11:00
6161,707,remove_from_cart,product,85,8fbe6333-019c-4586-ad95-60c8a24cc6d7,2024-12-01 16:04:00
6162,90,add_to_cart,profile,25,7e998af2-c2d8-4d3f-9960-5a31e02fc73c,2024-11-17 13:10:00
6163,598,add_to_cart,search,20,1ff140a3-87c4-4775-9985-dca5a6209f8c,2024-09-16 16:29:00
6164,458,purchase,search,94,f53b7814-3f50-4e30-83e9-456c837d6875,2024-09-11 06:07:00
6165,995,add_to_cart,cart,2,9d394074-c12e-4d07-b1de-5852b887f2be,2024-04-28 11:30:00
6166,265,add_to_cart,product,75,a5fcfe3e-cc7c-4e55-b6fe-38a47062e683,2024-12-24 10:56:00
6167,917,page_view,profile,25,fec7dfac-85b9-44bc-b7a9-68bf79e9f96f,2024-10-27 14:33:00
6168,862,search,checkout,29,016637ae-5d86-4e58-84b2-b6561cd3cd21,2024-01-02 08:56:00
6169,28,purchase,cart,14,8da6300e-19dc-4563-a936-8ad06e556d5e,2024-10-31 16:32:00
6170,518,search,checkout,52,829879a8-5e49-45b2-abf1-291cdaa11b1b,2024-05-02 03:54:00
6171,740,search,product,51,6a4cf81b-a2ee-447b-89f4-aff84d50f062,2024-08-31 09:26:00
6172,689,add_to_cart,product,86,7a06ca99-febe-429b-8938-f8fb84631a42,2024-12-14 01:15:00
6173,300,search,cart,50,0f8ff97c-e328-4fbe-a3e3-c0226359141d,2024-08-24 01:08:00
6174,821,purchase,checkout,72,d9827f22-ae29-46da-8ec3-2447601416e6,2024-01-05 20:26:00
6175,481,page_view,cart,72,b0b076fe-12e5-41c3-a252-f55202287667,2024-01-25 06:34:00
6176,213,remove_from_cart,profile,25,ebfe37aa-47bc-4612-82ed-058a44cb5478,2024-01-07 13:39:00
6177,916,page_view,product,41,6c46d18b-5130-492e-83fd-16164f865a54,2024-06-30 12:17:00
6178,737,page_view,checkout,58,d553acbe-4e54-45d5-834a-12376da1198e,2024-04-04 01:39:00
6179,9,purchase,search,16,f082d004-d3f1-4f13-b463-03115fe9bf21,2024-03-16 05:06:00
6180,574,search,search,3,35e5d007-5a08-4a61-90a1-fe632e0bf145,2024-04-19 21:09:00
6181,447,add_to_cart,home,2,29cdc22b-80ca-4cb2-9685-39c0361b40a1,2024-02-13 07:51:00
6182,522,search,home,72,d77605a3-1f89-4d9b-9b5b-49da9cbbf9fb,2024-12-15 13:10:00
6183,617,purchase,profile,53,f1128761-a732-41af-b236-78fe7b1c8424,2024-03-28 19:09:00
6184,200,page_view,search,14,fb38bd18-2be4-4a09-9ece-d33d35ae9f31,2024-11-23 05:11:00
6185,412,purchase,checkout,46,bb230801-0445-4c1d-bd3c-c76dd4f59ae9,2024-07-10 11:14:00
6186,955,search,product,61,cc2cc465-56dc-46a7-bd00-2cafb2560787,2024-12-01 06:47:00
6187,918,remove_from_cart,checkout,77,84a1a46b-e876-404e-ae2c-115cc53ebbc0,2024-12-27 19:32:00
6188,506,add_to_cart,cart,51,1aa4670a-02d1-4286-9094-7b1380a2e6ca,2024-09-30 22:39:00
6189,899,add_to_cart,search,13,c5774cf5-2e58-4e4c-b50c-e2fba752119e,2024-10-09 10:57:00
6190,797,add_to_cart,home,100,5453be43-b6e7-4f47-97cd-2e6f4b537620,2024-12-21 08:55:00
6191,466,search,cart,78,ef8d5da1-3bc1-4430-9ffd-609c880517a1,2024-10-22 06:35:00
6192,431,search,product,71,ea5725b3-a384-4771-8bf2-4751740f24d1,2024-04-15 21:02:00
6193,790,add_to_cart,search,48,2bf76602-29bf-4661-8518-98875c02c3e1,2024-05-13 14:46:00
6194,159,search,search,48,6f68d63b-ea72-488d-9b2b-b1d3d1edb4ea,2024-11-10 21:16:00
6195,802,add_to_cart,home,16,c6e862ff-7a81-41a9-ba1b-73faafe210ad,2024-05-18 23:21:00
6196,769,search,cart,49,57d1db3c-27ed-45dc-8be5-10ef8b0a4ef5,2024-03-02 18:31:00
6197,900,search,home,38,d9eadc5a-77b0-4a87-b149-2f8d459ad330,2024-10-13 23:06:00
6198,806,search,search,83,2660ce02-c3cd-4bc6-9019-46c0db60f9e5,2024-01-06 04:37:00
6199,41,page_view,search,97,2b6cf11f-819f-48af-97df-51e27bbbbfb2,2024-02-11 17:05:00
6200,875,remove_from_cart,home,59,757da95f-668d-426c-8887-11cf5cd3433b,2024-11-27 04:36:00
6201,275,search,search,27,64dcbe64-3aa7-4cc2-bf1c-79f6d225f234,2024-02-03 16:04:00
6202,5,page_view,checkout,86,157b668d-1e5c-47c1-86bd-03c0a2020e99,2024-01-13 11:43:00
6203,899,purchase,product,64,bd25ad15-6c73-4a38-903e-3c3e3edddcfe,2024-09-02 07:52:00
6204,207,search,profile,65,3a32acc2-97e1-43eb-9b88-296fd2eea7a3,2024-08-16 03:17:00
6205,888,page_view,search,83,5b196b26-2e39-43e6-b362-8ef60c2bd164,2024-07-21 02:37:00
6206,539,remove_from_cart,product,98,93d988ac-4107-4617-8ae1-b370e149a1ff,2024-12-25 05:11:00
6207,878,page_view,product,21,6ea9293e-85ae-4ec2-b998-2b8b4bd7b47d,2024-07-05 09:18:00
6208,40,search,home,32,8f193b3d-e69c-43df-a067-42223eb22f2d,2024-09-09 05:45:00
6209,497,purchase,checkout,95,6d986021-7c27-4631-8ba1-bcd598f150b1,2024-05-06 03:53:00
6210,99,remove_from_cart,home,99,31e96ec2-ba73-473a-a871-f34317fa3ece,2024-05-07 13:51:00
6211,404,remove_from_cart,home,89,0631fe40-7888-4aa7-bf52-02f09ec47b19,2024-05-01 00:27:00
6212,485,search,home,27,8aa599c6-16a8-4dca-b31c-26e840c0a24e,2024-04-26 17:16:00
6213,973,add_to_cart,profile,37,fdce269e-5f30-46be-8188-444f57ff62e3,2024-07-21 07:42:00
6214,73,search,profile,37,b6fcf59c-fccd-42c6-8be9-8b08a636facc,2024-08-14 12:07:00
6215,946,add_to_cart,cart,5,2f904fee-ee9a-4658-8de8-f0230f960c9d,2024-07-18 21:57:00
6216,937,add_to_cart,search,86,34e9c9d7-7e46-4d20-a086-4bf82ef10066,2024-04-14 14:32:00
6217,968,search,cart,88,832467d5-9bd3-4a65-9600-7552d5591d42,2024-05-30 01:53:00
6218,277,purchase,profile,63,8f8e5c9a-3ab0-478a-8869-2dc2e46cfaa4,2024-09-03 18:15:00
6219,905,add_to_cart,home,65,17e21697-00df-45ce-b269-0446bb630293,2024-03-08 17:44:00
6220,312,page_view,search,82,41a3533e-4801-450e-b74e-b2fa00e14de4,2024-10-12 18:17:00
6221,900,purchase,search,42,94951f58-37fa-4c47-9cf2-3c18c6bbd2fe,2024-10-07 21:17:00
6222,506,page_view,product,52,6a2da29b-5968-46a4-b9e9-2a702e9108ab,2024-11-30 16:26:00
6223,264,add_to_cart,checkout,72,4fb80d38-4335-4a34-8d5c-8b439a906b78,2024-02-28 04:33:00
6224,69,page_view,checkout,28,ea7f414c-429d-4dff-b790-087c7fd30b86,2024-12-09 02:57:00
6225,3,remove_from_cart,product,88,927e7941-75a2-4c7d-97a5-f21f30288fe3,2024-02-10 10:26:00
6226,187,purchase,search,95,a22c88d9-d2c8-4985-9fb9-017c7ed558cf,2024-04-16 02:50:00
6227,129,add_to_cart,cart,19,55341734-2c6e-4dac-b4fd-4b9b419811de,2024-11-10 21:52:00
6228,652,search,product,50,9b1caaea-f62e-4eb0-b5af-0b35607a50bb,2024-05-10 15:24:00
6229,665,search,checkout,42,f3545862-3cfb-4c0f-8f02-86807335f1ac,2024-01-27 07:00:00
6230,67,search,cart,3,34589f1c-d31e-4106-99fa-01a79678e454,2024-08-18 20:31:00
6231,194,page_view,search,48,e0661072-8658-4e8d-ba51-47786bcd2401,2024-06-23 21:39:00
6232,749,purchase,checkout,81,aed54592-0ccf-402d-9ce1-dc53145ca7c2,2024-02-28 08:13:00
6233,644,purchase,search,95,aa50044f-6a34-4753-b587-625cc2b431d1,2024-02-19 14:04:00
6234,329,search,profile,11,e9ff5f8a-2576-4afa-8e01-86fc95977d94,2024-03-07 01:18:00
6235,979,purchase,cart,38,d600694b-392e-431a-a032-e4fb584d551d,2024-05-30 12:08:00
6236,482,remove_from_cart,home,28,ceea57c8-86f8-4f17-a52e-a3bb76789e7c,2024-12-11 19:31:00
6237,899,remove_from_cart,checkout,52,92421245-dc51-44f4-9408-8e9f6067f264,2024-11-10 18:50:00
6238,237,remove_from_cart,profile,56,8141ffe3-1f99-49c1-8715-48f96e5500ea,2024-06-02 19:03:00
6239,816,remove_from_cart,profile,60,e4ea6e6f-8e7e-4dce-bdac-c436e2510d4e,2024-06-09 05:00:00
6240,465,add_to_cart,cart,72,4e798766-a970-4408-93dd-ebb406074122,2024-11-28 13:12:00
6241,110,page_view,product,35,171db419-3339-4599-b090-36d051778380,2024-04-13 07:53:00
6242,654,search,home,25,34a4205b-a0f4-4f59-a60b-18e264e844d8,2024-03-19 00:41:00
6243,110,purchase,home,61,01b889de-e20a-49aa-a0a0-08e68535cd81,2024-07-14 04:24:00
6244,348,page_view,checkout,40,37ca7e25-ce7c-4ad3-9fc2-6651be78a695,2024-01-15 06:57:00
6245,417,search,cart,1,f5d15c4e-4a09-45f7-bac8-b0ae19e51553,2024-07-26 18:28:00
6246,165,add_to_cart,cart,87,765c877e-22aa-4b44-8ae0-b59563648b0c,2024-08-24 05:15:00
6247,657,page_view,product,14,9cd8415b-988a-4ca9-a2e8-d9b9d219b87a,2024-01-19 14:11:00
6248,773,purchase,cart,20,f8c4a893-b4b7-4f7a-8289-499f7936fec8,2024-09-07 05:20:00
6249,66,purchase,home,99,891500f7-f61d-4f45-b33c-e0bae9b92e0e,2024-12-14 19:52:00
6250,431,remove_from_cart,checkout,63,10084c57-9941-4296-8c75-50916f2012e3,2024-02-13 12:59:00
6251,336,add_to_cart,cart,36,49bcd542-5270-4ad6-978e-e64ce3c06ecc,2024-05-02 08:27:00
6252,610,search,profile,40,272331df-2eca-4627-a56a-9c21bc2f50f0,2024-09-24 00:20:00
6253,942,purchase,home,66,7b57ac02-ae7b-47a4-971f-074f675fde0a,2024-02-14 17:31:00
6254,535,page_view,checkout,59,88c0896a-3efe-40fc-aec2-cb6d03d43db3,2024-01-18 19:30:00
6255,403,add_to_cart,product,79,127202a8-e8d5-43cb-a692-e069bf18e2e8,2024-03-17 06:28:00
6256,197,add_to_cart,product,45,000a2865-5b3c-4b5b-bf59-49c50a91cefc,2024-02-29 09:49:00
6257,160,add_to_cart,profile,91,3b6b4bf6-1184-43d1-8814-ed551d151699,2024-06-13 09:18:00
6258,709,add_to_cart,product,37,9eab6832-1475-469e-ab3d-34395e9b6659,2024-01-06 16:44:00
6259,408,add_to_cart,product,67,4a6f7521-1bfd-4764-b363-6f4fe079df1a,2024-04-12 03:27:00
6260,561,add_to_cart,profile,49,8e57da07-0a5a-46c0-a7c3-7c192864161e,2024-10-07 16:47:00
6261,180,purchase,home,66,798a35dd-165d-4ade-9b43-a108e56315dc,2024-07-28 21:52:00
6262,665,remove_from_cart,home,94,90bdfc64-94cf-4669-861a-a407ca476b1d,2024-03-24 02:46:00
6263,740,add_to_cart,checkout,7,f80fe595-adbe-4cef-b701-e89d7acd1cd5,2024-09-13 01:24:00
6264,47,search,product,82,6be92417-fcb8-4cb5-b9cf-701725fa1783,2024-02-10 23:45:00
6265,487,remove_from_cart,profile,87,13b3968c-3fa7-44b1-b428-4ceae1f16dac,2024-03-11 15:16:00
6266,292,search,search,77,f593d4b0-ffc2-4e01-866f-41bc25cb7983,2024-10-08 17:07:00
6267,391,search,profile,71,7725af44-f0d3-4e5b-ac04-766b9e5dade5,2024-04-30 20:19:00
6268,513,remove_from_cart,product,54,69a86818-7a6a-455e-9942-46f10c5d343e,2024-04-03 23:23:00
6269,737,page_view,cart,10,14ec78a8-bf74-4842-b71a-eb85d3665990,2024-03-04 17:20:00
6270,827,remove_from_cart,checkout,45,3e81a07a-ee00-43a7-afca-44492e2c8f85,2024-09-01 13:06:00
6271,968,page_view,search,21,c6aac4f3-4106-4665-ba1e-943b04fe6178,2024-09-23 16:15:00
6272,266,purchase,search,7,f68490b5-b6c3-4cf2-934a-e4fe5da87ff6,2024-11-05 00:24:00
6273,898,search,cart,42,e5086cad-619a-43c7-873c-139bce1f6fb8,2024-05-08 11:42:00
6274,394,add_to_cart,product,41,a1459c92-8f3e-46d4-8124-7ac40c83837b,2024-03-19 10:58:00
6275,187,purchase,home,41,e05a5e64-a5da-489f-9881-d7330eb6d43d,2024-10-22 17:47:00
6276,191,purchase,search,13,42639b14-59c0-48bc-8917-03a3cfb7f985,2024-12-19 01:59:00
6277,325,purchase,product,44,f4c6a885-081e-4e5f-b178-1a97dae9ca49,2024-01-23 13:24:00
6278,562,page_view,product,81,64f29598-ff69-4826-a933-8ac009385474,2024-07-16 01:10:00
6279,420,remove_from_cart,home,96,82bef705-15a1-40fd-bf78-0d47acd8d6b4,2024-07-14 07:20:00
6280,660,add_to_cart,checkout,25,558201b6-6cd0-4925-8344-45378eccdf1a,2024-12-05 04:13:00
6281,828,remove_from_cart,product,78,1f0889fc-ee13-49aa-a23e-20aa9b0c13a4,2024-01-29 00:00:00
6282,992,remove_from_cart,checkout,54,a9b8ef0b-67c3-4d5e-96cb-f345a0bbc792,2024-07-23 19:41:00
6283,262,remove_from_cart,search,21,826b968b-a512-4549-827e-45e38f156ec6,2024-08-09 16:01:00
6284,557,purchase,product,6,aec33a9b-59d5-4e44-923e-bb9545b1639c,2024-10-19 01:36:00
6285,643,remove_from_cart,product,28,0c460803-a5fe-491f-8dbe-b86be3189fc2,2024-04-22 12:12:00
6286,812,page_view,cart,43,891cffa4-4ff8-4cf6-bc3a-1865761bd0f8,2024-05-18 20:26:00
6287,942,page_view,cart,24,8e6bf31c-c62b-4194-bf8a-97f56628eb7c,2024-04-03 22:22:00
6288,383,remove_from_cart,home,75,b0fd4107-9235-4f2f-b16e-290f8f461486,2024-11-30 12:31:00
6289,323,purchase,checkout,55,3e914512-0f8d-44f4-b344-573eca4cc2d7,2024-02-11 13:17:00
6290,742,search,home,100,e45565bf-678c-4bd9-8eb1-30980e586458,2024-05-20 05:49:00
6291,916,page_view,home,3,a6dc7529-3601-4073-a2db-6f93d8abb122,2024-11-16 00:57:00
6292,439,add_to_cart,home,90,2d8a9a9d-b401-44c8-9fd5-b3d6a4ea23f7,2024-10-07 05:13:00
6293,794,remove_from_cart,search,55,5dcbd207-2577-4119-a8e7-c4925a1fbc1c,2024-04-14 12:15:00
6294,751,search,checkout,71,bbd7f773-e86e-4b90-a9dd-6a1295e8cc19,2024-10-20 06:05:00
6295,660,remove_from_cart,profile,67,1a4be35a-55c3-4939-9b1c-2bfd5fd5defb,2024-11-03 01:19:00
6296,286,search,cart,24,c2533273-bb0e-466d-8c89-961e3fbae173,2024-07-29 12:24:00
6297,869,remove_from_cart,cart,60,7d38ba55-23cc-4a53-a682-27820b945795,2024-01-30 21:59:00
6298,871,add_to_cart,profile,53,52384aea-506c-4b7e-8212-919d6a0bbe5f,2024-12-03 19:07:00
6299,916,remove_from_cart,search,88,0b2d43a7-7fdb-4939-934b-4c85d2b34076,2024-01-06 08:02:00
6300,381,remove_from_cart,home,20,a12fdd3d-a6d4-4587-956e-28ca57c5b203,2024-09-05 07:13:00
6301,294,remove_from_cart,home,92,66d1dce1-05f7-40cc-9067-cc7ed590fac0,2024-12-20 11:57:00
6302,392,add_to_cart,cart,28,a89e93df-a60e-4161-96bd-202ff5711443,2024-11-27 16:18:00
6303,867,purchase,checkout,23,0ca17642-a52d-42a6-b7d0-49b42a0afedd,2024-04-19 12:09:00
6304,158,search,search,20,56ac8564-c61d-4811-b30a-8599df584b00,2024-12-16 19:24:00
6305,669,page_view,checkout,16,f091e569-c5c5-4816-b8a0-9a4b776fd7b7,2024-04-28 10:52:00
6306,484,search,profile,49,556a0dda-4ec0-4800-8ac1-5d25cf5bad10,2024-07-28 19:47:00
6307,627,remove_from_cart,product,42,36044250-2306-4c76-ae3b-3d909c9877dc,2024-07-19 19:50:00
6308,367,page_view,product,75,8f46e817-d5ac-424a-8878-4108f19e3192,2024-06-01 14:59:00
6309,330,search,cart,30,756b5adb-f85c-4e3b-97c9-ae0c1945cc32,2024-05-19 19:24:00
6310,463,purchase,search,61,daf7063f-f0ca-4ebb-aa65-e3387ba93d44,2024-11-25 07:29:00
6311,69,remove_from_cart,product,91,30e6f054-63d9-429b-9118-f15fda9b159f,2024-09-12 06:14:00
6312,58,page_view,checkout,18,0d2d419f-711b-49f8-a6d1-2d5c886b4172,2024-09-01 14:09:00
6313,989,purchase,home,9,ff4defae-f358-45b1-b4aa-c21025305eb7,2024-11-18 07:20:00
6314,652,purchase,search,36,a5d4984b-571d-4166-846b-424724a8f186,2024-09-05 22:46:00
6315,69,add_to_cart,checkout,63,b7401bc8-5e6f-4e9e-8d2a-b474f2256a2c,2024-04-24 13:21:00
6316,57,purchase,profile,27,bf7155f9-ba8f-43c9-a6d7-ae12fd688358,2024-05-04 03:43:00
6317,259,page_view,checkout,33,2d93b5bb-bbb2-4759-a18c-6e8546ad459d,2024-11-05 00:00:00
6318,437,search,product,86,57761653-e8eb-4e2f-9b33-470129667ebc,2024-03-24 13:09:00
6319,45,add_to_cart,profile,14,548e4ed9-7400-4324-8e24-9291c4d358d7,2024-03-26 07:01:00
6320,597,page_view,search,55,06f92185-bb46-436a-8237-e6ffa4900332,2024-02-26 05:01:00
6321,516,search,cart,72,411e3c1a-9a29-477a-972b-ecbe62a9559c,2024-04-18 01:24:00
6322,775,remove_from_cart,checkout,86,351aeb7d-e86d-439b-b8c3-ab4d51831bcd,2024-05-01 07:44:00
6323,869,remove_from_cart,product,49,2d049430-4455-4d8f-ade5-11a85b29444e,2024-09-27 11:44:00
6324,204,page_view,profile,18,97986c23-2eec-4a44-ad9e-09d445b16b3b,2024-12-06 08:04:00
6325,717,search,checkout,41,39c76c68-fc3d-4847-a726-abce1754107a,2024-09-08 04:14:00
6326,442,remove_from_cart,home,26,5e667ac5-db64-4304-b2cf-17756ed22c07,2024-01-13 23:24:00
6327,504,remove_from_cart,home,80,b20985e8-95a7-4bf7-8f5a-28d8a9335a75,2024-11-02 23:06:00
6328,979,search,profile,58,626ee6a2-2b1d-4192-a241-906785023eaf,2024-06-18 10:20:00
6329,670,remove_from_cart,profile,86,dee0a17f-c003-40d2-ab52-8d2c8ce2deb0,2024-11-15 00:18:00
6330,501,purchase,profile,56,cea691c4-8a84-4626-bd2f-130bd22f2dad,2024-04-22 18:02:00
6331,368,purchase,cart,18,b994de99-f473-4036-82b7-96c25d5197f3,2024-10-24 10:57:00
6332,965,add_to_cart,checkout,25,b65c5b2c-57ad-453a-be09-88d526eb3671,2024-07-08 19:03:00
6333,285,add_to_cart,cart,17,ccdfa27e-5d19-484e-b495-2891745e6a8c,2024-01-15 14:22:00
6334,456,purchase,checkout,50,e682af37-8822-4680-8683-a39180ebc388,2024-02-07 07:00:00
6335,231,page_view,checkout,84,c099f44e-7d9f-4998-bcfa-94f5550fc7c2,2024-01-03 03:37:00
6336,326,purchase,checkout,63,a0021bfa-f333-4859-8348-8ebf0742d6ac,2024-04-09 02:50:00
6337,546,search,cart,19,a4593312-0852-46ee-8fa0-5af0ee1ce011,2024-03-14 08:31:00
6338,551,search,product,8,fde0503c-18e1-48f0-bff1-84ae6f00cd63,2024-07-15 18:43:00
6339,149,search,home,92,5f260767-fc8a-4e95-ab98-12b922833de7,2024-06-24 23:23:00
6340,301,add_to_cart,search,10,f3433983-3d3d-487c-afe4-038c55d00bcf,2024-03-21 17:46:00
6341,366,search,product,76,80fdd632-66f2-4bb3-bccc-e884c04d3ed1,2024-05-18 06:55:00
6342,553,page_view,home,24,f9d062c4-5c29-4e2f-9d33-37ed8a57d9a6,2024-06-07 03:45:00
6343,174,purchase,profile,5,922658c7-d9a3-4ca3-95aa-56c2a5d4ebfc,2024-04-16 10:57:00
6344,950,remove_from_cart,product,42,8a2d1979-2c41-4387-ad90-33aa33001385,2024-11-23 20:58:00
6345,840,search,cart,88,bb4851ec-117b-4afb-aa45-cf5eeeee1d33,2024-11-15 10:32:00
6346,990,page_view,home,25,09f5422a-ddd8-48e2-9c03-3ce86f0a55aa,2024-03-05 12:17:00
6347,306,purchase,product,75,10526b75-c4c3-4e3b-9fd9-bde5a00fe046,2024-10-08 08:30:00
6348,32,search,checkout,84,c67b4963-a734-4340-83cd-56c8040cf0f9,2024-05-26 16:48:00
6349,718,purchase,profile,90,c9728986-6d8e-4123-83ba-43e8f8cc5bf9,2024-07-03 06:57:00
6350,962,page_view,product,89,8d117784-176d-4e1e-94c2-e03c9651b9ba,2024-12-03 17:41:00
6351,378,remove_from_cart,product,58,0197d2b0-b4aa-4c4e-ab2c-04845cd869a4,2024-11-03 19:48:00
6352,204,purchase,checkout,24,418a8a54-d736-4228-a6d9-47653d3c4bb7,2024-06-25 09:32:00
6353,664,page_view,home,81,7c9495c2-631c-4730-8b29-ec58a9d7862f,2024-12-18 01:14:00
6354,762,page_view,checkout,88,f2731def-1d4c-4505-969a-da95f0707f94,2024-05-08 20:32:00
6355,932,purchase,home,37,7f1be0db-8d1a-4489-9329-efcb28780c4d,2024-02-17 16:43:00
6356,476,purchase,search,49,bac2675c-5224-4aac-9979-81ff7f664ab0,2024-05-05 00:29:00
6357,513,page_view,search,4,f19a11c7-623d-4a90-85e0-19f6297bd5de,2024-07-14 10:37:00
6358,467,add_to_cart,product,81,023fb074-260f-4cb6-bb33-679fcfff8e26,2024-09-28 02:19:00
6359,677,add_to_cart,cart,85,8f4e0f49-3c29-42dc-8611-fdbd783423d5,2024-10-31 14:12:00
6360,714,add_to_cart,cart,94,c2b4bccc-9459-40db-a4b1-750872a8db25,2024-02-11 02:21:00
6361,984,remove_from_cart,product,33,a1c86788-5802-403f-a99c-428c6dcd17f6,2024-02-15 11:46:00
6362,494,purchase,search,22,6620740a-e913-41a4-b093-cbe834c019b7,2024-11-23 10:34:00
6363,644,remove_from_cart,product,4,db697620-c29c-4124-8702-40ad41241c6a,2024-10-20 04:10:00
6364,447,purchase,cart,83,1c4065aa-1771-4ff9-bdc9-47b0e7597b5c,2024-09-22 04:47:00
6365,963,add_to_cart,profile,65,6f368036-0cc9-4497-ac9e-51d38f9792ad,2024-02-27 08:18:00
6366,994,search,product,24,df7ec76c-36bb-4773-a439-f1389901e198,2024-10-10 19:49:00
6367,356,remove_from_cart,checkout,78,d709870d-7be4-409d-8697-f02e424fb6a0,2024-02-28 16:43:00
6368,58,remove_from_cart,product,96,3396444a-50cf-4c29-9d10-9c5081c5c9bf,2024-04-14 15:46:00
6369,816,search,cart,83,f714a697-5861-417a-bce7-bebeeb8bd815,2024-02-28 05:09:00
6370,177,search,cart,82,30727a45-dcc6-46d4-a139-92932897a82f,2024-11-12 06:50:00
6371,343,purchase,cart,53,b5b45fec-e34c-4b68-8297-0f7b07bb575f,2024-02-01 00:53:00
6372,369,purchase,home,38,0ecb2eba-0eb2-4bcb-945f-ec43d9ddfce5,2024-02-15 01:51:00
6373,274,search,search,49,3851a374-0cf6-4f96-b2c8-cbd07d2c794c,2024-09-16 18:25:00
6374,352,purchase,home,88,1a9a01ef-dbd2-4bd7-ab26-9b26dd194f05,2024-05-14 13:57:00
6375,516,remove_from_cart,profile,86,40137f40-e156-4bac-b4b7-a2cd9aa71b43,2024-09-08 05:32:00
6376,607,purchase,product,1,b379a360-4e8a-4c73-af51-fff77ea6742c,2024-10-05 03:08:00
6377,764,page_view,search,56,ee2f43b3-cbac-42ae-a598-8d08d7cdbf13,2024-08-18 20:15:00
6378,646,search,checkout,16,b2e470fa-44b9-4032-b5e8-f1758408a7ba,2024-03-15 20:24:00
6379,217,purchase,profile,57,04931050-c9b1-4ebc-a846-e7e4624adce5,2024-04-04 15:12:00
6380,12,page_view,cart,4,64ad7ac8-2ecd-4deb-bc8a-1c5d778e94b7,2024-09-23 11:01:00
6381,664,purchase,home,66,fef50066-1bd7-4116-8217-e9f9779e5c66,2024-06-24 02:29:00
6382,414,purchase,cart,90,c7bdbfc9-adb5-4ddd-9e99-46fc8e11e303,2024-02-10 21:42:00
6383,926,purchase,home,4,8cbd7e04-c277-45f4-b009-720db1908df0,2024-03-06 15:40:00
6384,908,purchase,search,72,8ebab2b1-7ab4-4891-a4e3-67b23b408b71,2024-09-17 10:15:00
6385,226,search,checkout,12,7c9ef2ca-782e-4ae0-95ec-6bf60d60a90f,2024-11-08 06:43:00
6386,818,search,home,100,1d2068de-6b3b-40c5-823c-f2fd929c29ba,2024-01-23 15:35:00
6387,749,add_to_cart,search,32,28e51bfd-97d8-4e27-8361-425b68bb3ed1,2024-07-30 14:38:00
6388,428,page_view,product,94,2bb46898-9e22-4cee-ac56-87799e32f1df,2024-01-05 21:31:00
6389,588,remove_from_cart,search,63,4eb40147-e512-4c52-9de8-c4c4f34d795a,2024-01-09 19:56:00
6390,199,add_to_cart,home,35,f00beafe-f502-46fa-90fc-fe6df0b09e26,2024-02-27 17:50:00
6391,87,search,cart,30,8263cb68-3d6f-4220-a83b-9c6ec7da0535,2024-11-05 15:44:00
6392,637,page_view,home,64,8c49e959-9fa7-4871-bee9-66515af3cc0f,2024-05-25 00:15:00
6393,639,purchase,product,95,5cfee99f-1311-4c5d-a11b-cd238bdc595d,2024-04-05 07:17:00
6394,178,page_view,cart,39,3f54371b-53af-4df6-92dd-5e9e0baa4725,2024-04-21 17:02:00
6395,19,purchase,product,86,6670844a-2118-49e8-bbff-fe16dc08bcbe,2024-10-18 04:13:00
6396,432,remove_from_cart,profile,57,2b795f82-3106-4a93-b335-df5094837757,2024-11-04 16:37:00
6397,107,remove_from_cart,checkout,72,f7c4b00b-3407-4074-91e6-8221a49b1129,2024-06-21 13:46:00
6398,263,search,product,20,c9c60e24-847e-4862-a50e-0cb72f4934d5,2024-08-06 01:16:00
6399,179,page_view,checkout,20,b60d1e06-ca12-46ec-868c-3812ae8dcfac,2024-07-04 23:17:00
6400,755,page_view,home,33,b12d2752-c5a9-4446-95ae-ba06fc6cd96a,2024-10-13 13:06:00
6401,978,add_to_cart,checkout,13,48cefd58-630e-4a65-97c7-9ed52ed35974,2024-04-30 23:45:00
6402,804,search,home,43,d8118312-4f64-49d3-8760-92431604c298,2024-04-09 13:08:00
6403,442,page_view,checkout,64,d50d8c04-4290-4a85-bbe0-c9a0291f09ee,2024-02-12 21:14:00
6404,964,remove_from_cart,product,67,fad85d7c-ed68-47ea-a3f2-c65502926b69,2024-12-01 18:38:00
6405,58,search,checkout,99,6d0612de-2512-4929-ade5-b55cc8742f5c,2024-11-19 18:22:00
6406,588,remove_from_cart,profile,51,9a3b49f7-5c79-4dae-b96f-e7f859a1b5a8,2024-11-02 12:09:00
6407,582,add_to_cart,cart,2,9dae6f8d-2379-4381-bc0f-cb63bfdce2ec,2024-06-14 17:42:00
6408,912,page_view,profile,57,8c990439-dbd9-4de8-8e48-a17cc86d2a29,2024-05-03 13:58:00
6409,990,remove_from_cart,checkout,11,5e7ef4e6-037b-430a-8cf5-0645c9791880,2024-02-12 16:41:00
6410,872,purchase,profile,97,a1109192-4a9a-496c-ba06-9b5e1b4a5027,2024-05-12 01:45:00
6411,491,remove_from_cart,search,76,c9911352-5158-4e76-a4d6-bf559fd72829,2024-12-15 02:48:00
6412,873,page_view,cart,46,7346611f-7ac5-4c5f-82a3-ccad80c17cf8,2024-04-11 19:01:00
6413,993,page_view,cart,74,e7c3034f-3c71-482f-9165-b0ed9dda6636,2024-11-15 14:12:00
6414,410,remove_from_cart,product,42,6b6dc0c9-1e69-49f7-bbf0-f8ab8c098977,2024-01-15 20:30:00
6415,48,page_view,profile,80,c0c2f762-ddec-48dd-a11a-dc37e2e040a9,2024-03-21 18:23:00
6416,3,remove_from_cart,home,67,3735a849-0a34-4317-8146-b7655edfdc73,2024-08-03 12:05:00
6417,8,search,home,94,45da057c-3e09-4eb5-88e2-3d584e84f869,2024-12-19 13:23:00
6418,39,remove_from_cart,profile,82,ae7872e3-f0f4-4f22-800e-365836117fef,2024-11-13 06:36:00
6419,695,search,home,45,9b7638c0-3ce8-4af3-b4c3-f85966a98cc1,2024-01-04 09:50:00
6420,315,add_to_cart,home,68,2b8d9681-28b6-4ce1-95bc-31e17776c282,2024-06-12 03:08:00
6421,56,add_to_cart,profile,50,b351eced-5939-45c4-8383-46209f62faa3,2024-03-15 13:21:00
6422,770,add_to_cart,product,49,08491c73-7670-478d-a913-34100868f93d,2024-06-19 13:18:00
6423,249,purchase,search,33,ba797b79-faed-460e-851b-536cdffe44b5,2024-11-25 05:00:00
6424,458,remove_from_cart,cart,19,f36346bb-b389-4b94-87ed-3e34e2111456,2024-06-13 11:10:00
6425,251,remove_from_cart,profile,89,7af4bfcd-839e-4241-899f-f13b66e21404,2024-10-17 07:45:00
6426,757,add_to_cart,cart,11,2921a9a1-9a0a-4ebd-b20a-5e3333f4fe67,2024-06-15 21:25:00
6427,516,search,home,97,a1406faf-5e1c-4a7b-b3cc-470443a9c269,2024-12-03 23:29:00
6428,148,search,cart,56,ab156388-9e46-43d3-ac4a-f5c13c14bc84,2024-01-04 00:31:00
6429,225,search,search,80,0a064522-533e-4af0-a55a-a9e8d8ccf34d,2024-06-14 00:41:00
6430,664,page_view,search,1,c1599294-552c-47c3-8312-d76b4ffe2dd2,2024-12-09 10:05:00
6431,10,remove_from_cart,home,90,5c590281-92fc-4906-9828-0ed4cf9de308,2024-02-10 18:52:00
6432,988,add_to_cart,home,97,068c889f-3b2e-4000-bb32-ce1af952ad8e,2024-12-28 09:20:00
6433,16,remove_from_cart,home,12,020dadfe-6e8f-43c7-bd94-57d16e5a39d8,2024-11-18 11:32:00
6434,721,add_to_cart,product,68,d1b179dc-e15a-4a75-8335-5e76b0078460,2024-03-16 10:32:00
6435,368,purchase,profile,58,3a36bcee-abec-40a4-a854-cc8373ef28b1,2024-01-05 05:36:00
6436,571,page_view,checkout,91,63c6279f-0830-49da-b5f5-a4e57c8d91a5,2024-02-29 19:49:00
6437,656,remove_from_cart,checkout,4,c94ce90c-53d9-48c3-8a1d-ec48070617ec,2024-06-25 04:32:00
6438,861,remove_from_cart,profile,91,b9d928b0-2c97-4a45-afc7-77c54530e3c2,2024-12-14 12:09:00
6439,349,remove_from_cart,profile,67,2ffbfa5b-1c34-4663-afbf-2a190bacc946,2024-02-09 22:48:00
6440,968,add_to_cart,profile,54,e4edae18-ea04-47ff-960c-c5fba867ba52,2024-07-13 13:59:00
6441,87,search,search,5,b205e8a0-7e57-4f83-976c-7e9ed6009ac1,2024-01-27 19:41:00
6442,803,purchase,product,36,5b528a7b-28d5-44a0-b7e8-36955ebeef1e,2024-07-07 19:23:00
6443,918,remove_from_cart,product,13,5acd5c27-cad4-44e0-9bfb-817a9606ae38,2024-03-11 04:06:00
6444,880,remove_from_cart,cart,52,44ba7b16-9b8d-4dbb-b880-d8a014ccd553,2024-12-15 06:06:00
6445,688,remove_from_cart,profile,34,0300072e-7593-47ca-8c0e-f367628fe8f8,2024-12-06 00:17:00
6446,332,purchase,search,34,bf450e5f-576b-44ac-8aa8-12219eb51889,2024-09-05 14:20:00
6447,853,purchase,product,49,df0c1726-ca9d-4add-bfe3-833283182846,2024-11-14 03:18:00
6448,180,add_to_cart,profile,75,90a5fa5e-ad6b-4595-8d4d-b2cc98a97a9b,2024-03-15 14:06:00
6449,5,purchase,search,62,5ad5b427-4c09-46b3-8da7-e9d313489aac,2024-07-26 14:20:00
6450,750,remove_from_cart,profile,67,0533e184-4949-44f8-a369-150f38f4622a,2024-05-06 03:05:00
6451,58,search,home,22,35dd218c-85f1-4b56-835b-dae6428ae5df,2024-04-08 08:58:00
6452,550,search,product,24,ee5d1f58-7327-4ce5-a56c-3522549e7250,2024-04-19 12:18:00
6453,654,remove_from_cart,home,87,8013df25-4606-47d9-abf0-ad7efb210f8d,2024-02-29 17:27:00
6454,334,search,search,82,3d636bfb-bf5c-4156-9abd-f061edcc5cae,2024-02-14 14:47:00
6455,918,purchase,home,71,a033637a-f041-49f3-8ec5-7d2293f345aa,2024-12-06 01:30:00
6456,616,remove_from_cart,checkout,53,b5afc5c8-1367-4067-8536-4fbc4e9d609e,2024-12-30 03:14:00
6457,63,add_to_cart,home,94,10a372ee-2c68-47e9-8659-856b69e19daf,2024-05-01 11:24:00
6458,150,add_to_cart,home,25,ee7b6621-e91f-45d0-aedb-7de1b33e8862,2024-06-22 00:25:00
6459,270,purchase,product,87,2b4bd7d9-6b19-4de5-9c66-6cec8c074ff3,2024-01-13 21:40:00
6460,962,search,cart,69,b496bade-a61a-4966-9fe9-b490ce9be493,2024-08-28 12:00:00
6461,694,page_view,profile,82,1c9531ce-3cbb-4102-935e-305d274d78c2,2024-03-23 23:47:00
6462,93,add_to_cart,profile,29,a0164a71-7c9e-4fb1-93fb-f0027fba6341,2024-01-26 23:21:00
6463,479,page_view,cart,14,832b6322-1598-4cfe-9237-f9a62db76c41,2024-11-03 11:39:00
6464,228,add_to_cart,checkout,18,343a1d84-9c59-4eda-9420-28ce04f16c1e,2024-07-07 02:13:00
6465,856,add_to_cart,search,56,77431a10-3a0b-4f54-8949-c513376cfa03,2024-04-19 18:39:00
6466,462,remove_from_cart,cart,56,e30446a1-78fd-4587-8e01-0419a3d5811d,2024-10-06 04:44:00
6467,197,search,cart,61,80ed131a-c25f-4b7e-89e2-f08d7f395194,2024-04-11 03:08:00
6468,378,purchase,product,29,3d2d24be-f8b5-4e38-a49f-8911568e01b7,2024-05-19 01:57:00
6469,881,remove_from_cart,product,32,058d1575-44cd-4983-8ead-417ff29706f4,2024-10-15 18:58:00
6470,661,page_view,profile,22,3422056f-b1db-469f-80df-e5141cdd6f6d,2024-08-03 10:38:00
6471,155,purchase,checkout,43,013626dd-d756-4582-ab42-fc363288c4ea,2024-01-11 18:15:00
6472,851,purchase,product,6,ecd4576a-2ce6-4d70-87e6-7523e32fb3e0,2024-01-29 03:26:00
6473,202,search,search,10,711901f5-0bac-4889-96d5-f0fc62764013,2024-08-30 15:08:00
6474,688,add_to_cart,home,12,e78aa7b8-ce90-47e9-90c1-ca4da8c2e4f6,2024-01-06 20:46:00
6475,947,add_to_cart,product,66,053151e5-29d9-4276-b360-449ce330021b,2024-04-22 02:05:00
6476,68,page_view,product,79,0beae3f7-0756-4315-88ad-9dffce242159,2024-08-24 09:30:00
6477,158,search,cart,56,ff97f941-8e95-4ca9-b139-9333f9015e3d,2024-12-25 09:59:00
6478,434,search,profile,38,df4291fc-4caf-4986-b18a-fe61445fd029,2024-09-07 22:56:00
6479,76,add_to_cart,profile,6,2c69f0bb-f4f5-40a4-a7bb-6c7bddcfa80f,2024-08-21 04:58:00
6480,20,purchase,home,1,f745875d-2411-4c08-b561-ad9bc0387fbd,2024-04-02 16:50:00
6481,248,remove_from_cart,search,55,01f08f90-6104-476e-b1af-30b963108281,2024-11-22 00:50:00
6482,414,page_view,checkout,96,0676b212-3250-4e4a-aaae-faea0a9cc8d1,2024-05-21 22:35:00
6483,219,page_view,product,26,07545028-2ad8-4023-9d1e-e5b7e16c36ed,2024-01-17 12:32:00
6484,77,add_to_cart,cart,94,fe784792-e34e-4939-a5ad-0c7d65a38324,2024-09-16 15:33:00
6485,872,page_view,profile,81,ad87fe45-b0b3-4a8b-9a04-a363907fe530,2024-02-13 21:03:00
6486,816,add_to_cart,cart,23,5d883595-557b-4fc2-9d25-12f585d0daa3,2024-09-07 01:56:00
6487,437,page_view,product,18,7c0200ca-e509-4bb7-95f7-29e0b427cd18,2024-07-18 01:43:00
6488,429,page_view,cart,94,0716385b-a59c-4e24-b436-049c91ce7f8f,2024-03-29 08:20:00
6489,564,purchase,cart,11,d4eb8a2d-9853-47cc-8f3f-07c9e2d2c2f1,2024-05-31 10:47:00
6490,867,search,product,29,5b1057a5-2189-4b94-9f81-008966f64118,2024-02-02 06:56:00
6491,714,search,cart,22,a16cffe6-68c5-4db5-8978-5ec2f98a7dfc,2024-10-13 14:52:00
6492,906,add_to_cart,product,26,29c48cbc-235c-4a80-9cc0-0a65615c6dfe,2024-01-12 14:28:00
6493,979,add_to_cart,checkout,48,34d67889-e4e1-4a54-9ddd-b25c92a408f4,2024-04-19 09:31:00
6494,278,purchase,cart,49,cc37ffa9-d6a7-4854-bf14-b9dd088b45c4,2024-06-01 00:09:00
6495,198,page_view,cart,46,e32af0fa-bc2c-4d53-ba07-cafa345458ce,2024-11-27 09:44:00
6496,83,add_to_cart,home,21,b8acdcc8-a886-4ded-8d71-6022f8cdfbf6,2024-06-06 04:33:00
6497,923,add_to_cart,cart,98,4352fb85-e8b2-4749-8e84-c618efa808c0,2024-11-22 19:40:00
6498,261,purchase,home,8,a6db654a-e75c-4ae7-bd58-0292ef55c880,2024-12-03 13:00:00
6499,923,page_view,cart,7,6495ec7e-ff0d-4982-a859-0c6f460aa670,2024-05-03 07:24:00
6500,508,purchase,search,92,e903d964-afad-4006-93b3-633275408f33,2024-02-27 04:14:00
6501,360,purchase,search,14,330716e7-b149-4475-8e8b-56e8416cb8b5,2024-01-15 00:40:00
6502,193,add_to_cart,home,51,9019ce40-c8b7-4028-8ed7-669818b52bbd,2024-08-19 22:49:00
6503,381,search,home,51,5bc5cf45-6e71-40ab-a57f-222564a53522,2024-04-01 01:31:00
6504,998,page_view,search,95,12af1a7f-288e-4bf8-b09b-8d137e491485,2024-09-25 12:28:00
6505,823,search,cart,11,c80b6beb-ae5d-49c4-a5b1-0fca9449fc8e,2024-05-31 06:45:00
6506,989,page_view,checkout,48,3361ae4f-6ce2-4683-b7a4-f4fad4e0094d,2024-12-23 16:23:00
6507,325,purchase,profile,57,6ca72561-0c6d-4ff9-bbb5-a1f593ac07d9,2024-06-28 09:58:00
6508,814,remove_from_cart,search,16,139ba13c-aa60-43b1-8dfb-b3e6cd496acb,2024-11-19 23:24:00
6509,990,page_view,profile,57,f2394c0f-f4cb-4007-9841-714e8fbef45f,2024-02-14 15:10:00
6510,765,page_view,cart,53,21a4585d-8df6-4025-a75a-3e6c595b928d,2024-07-28 06:37:00
6511,956,purchase,product,59,44c82290-3841-407d-8618-7d2024035a0e,2024-10-31 11:17:00
6512,672,search,product,8,913d0dff-f96e-4d92-8f50-d86550e63473,2024-05-30 01:42:00
6513,440,remove_from_cart,search,58,e998371d-0e5f-40ed-8a83-af98fb22a8b7,2024-02-09 00:09:00
6514,484,page_view,cart,79,3e1ac1c7-0178-4225-b85d-f077c2064c15,2024-04-16 21:47:00
6515,586,purchase,profile,35,520a5a77-9abd-4c94-926c-386737f5b9f6,2024-02-22 03:30:00
6516,488,remove_from_cart,cart,79,fa5e6ea0-4423-4273-be8b-666e83b23142,2024-05-23 01:07:00
6517,836,add_to_cart,checkout,11,81db8fad-a483-40ef-a741-0aa6b4c267a6,2024-07-29 01:29:00
6518,325,search,search,15,dd726522-42e7-4013-b188-37bed8096527,2024-02-21 00:52:00
6519,58,page_view,home,19,8973c4b5-12c6-4a38-b0a0-b4bf1d6c6f18,2024-10-02 06:41:00
6520,451,page_view,product,45,259aece0-946f-4b2e-b7a4-9d6aa92696ca,2024-07-27 05:02:00
6521,147,search,product,47,6a77afe0-82f0-4442-84a3-d73f46c02c0c,2024-07-26 04:40:00
6522,56,remove_from_cart,product,91,1d0e5172-bfbf-49ff-915e-28e6d6bdfe3c,2024-09-15 18:40:00
6523,355,page_view,home,43,340f1377-d9c9-40b5-9124-39c32f9aa47a,2024-05-20 02:14:00
6524,966,page_view,checkout,41,e19ec0c8-e44a-42ed-ade6-981dbed23882,2024-09-26 22:29:00
6525,802,page_view,product,6,6e34f059-545e-4282-9652-53f985baf512,2024-06-30 01:07:00
6526,134,add_to_cart,profile,27,dbb4f9af-5830-4d76-ab88-3ea9d0a94399,2024-03-10 15:05:00
6527,746,add_to_cart,product,3,f4bfe1e7-65c0-4817-9ea6-1d1418630954,2024-11-02 01:48:00
6528,961,remove_from_cart,checkout,50,3c6f43ba-fcd9-4f22-9ddc-32d36bda55ba,2024-12-18 03:08:00
6529,634,purchase,product,10,5db0c303-47d6-431a-af7f-9b034c65b9bb,2024-02-06 11:25:00
6530,590,purchase,home,92,54633dab-6d5b-4048-b538-74349d87db1f,2024-08-29 22:04:00
6531,990,purchase,product,54,8e47b88d-c88f-4f92-b218-f83efc006e8d,2024-09-12 17:08:00
6532,929,page_view,cart,46,934f1e3a-0045-4fae-8185-ce802ca891bf,2024-11-28 12:29:00
6533,753,remove_from_cart,profile,58,d68eefcb-dff4-43a5-932e-32209700c1a3,2024-06-16 01:10:00
6534,942,purchase,home,85,3f979120-1638-4882-85c4-7bf3bf31223f,2024-07-02 16:26:00
6535,111,search,profile,49,f0386791-f38e-4f75-a171-a8995d36eef4,2024-02-06 23:53:00
6536,245,remove_from_cart,checkout,9,d8471922-7b47-4c41-9f18-403ac4bcfd8c,2024-09-11 12:40:00
6537,96,add_to_cart,checkout,74,644962d4-ad59-4af7-a8bd-915b774ac1e6,2024-10-07 17:49:00
6538,737,purchase,checkout,38,16de2f42-1cd2-4302-9475-9023cbb7fa12,2024-05-08 18:49:00
6539,366,search,checkout,28,2053d97b-b362-4902-a9d3-425ea6e1773e,2024-08-14 17:27:00
6540,676,add_to_cart,checkout,46,4efb3c50-5963-4fa3-87bf-a564e9129a38,2024-12-19 18:07:00
6541,879,page_view,checkout,78,3826ace8-df33-453f-85b1-e2331a603d88,2024-11-13 12:12:00
6542,582,page_view,home,63,26607df0-8c70-4473-83f4-439f4a6ee2c0,2024-11-01 05:41:00
6543,941,add_to_cart,profile,70,d9455ce0-e6c3-42a5-a5a1-aa5cb2727de8,2024-09-13 16:14:00
6544,281,page_view,profile,24,64cf7502-864a-476b-b164-cfd6fa774536,2024-12-03 20:23:00
6545,517,purchase,product,53,97ea8e3a-46a3-4c8a-afc8-83bae387252f,2024-04-18 17:01:00
6546,529,purchase,search,22,7b649994-dbf4-4add-9e0c-0f062f377e62,2024-08-21 07:57:00
6547,131,page_view,home,87,872d83cc-9530-489c-a06f-dcd9ab3cc696,2024-09-26 14:15:00
6548,486,purchase,cart,23,654fece6-53bd-43fe-9ea8-7be2e2769834,2024-11-24 09:19:00
6549,801,add_to_cart,cart,55,b8887158-e7a6-4d3d-9a55-3187a47342f2,2024-06-02 16:00:00
6550,494,search,search,33,94904a1c-d690-48b6-a281-1202472eecfd,2024-01-30 12:08:00
6551,449,search,product,6,de4723f8-acc7-49b7-83cd-2910cae4b1dc,2024-06-21 14:38:00
6552,828,purchase,cart,30,e6534196-a314-4a12-99f4-668529807a95,2024-10-08 17:28:00
6553,785,add_to_cart,product,37,ffc027d0-1487-48f6-840a-c534c7b9d8f5,2024-12-29 12:10:00
6554,168,remove_from_cart,profile,52,d8e5c3e2-4db1-461e-b79d-dc3537296ac0,2024-05-23 08:08:00
6555,550,purchase,product,22,ff10c74e-c4f4-4543-97cd-24f7b8af863e,2024-04-23 03:59:00
6556,748,add_to_cart,home,36,3c810423-1d15-43d2-ace0-f6efeb351242,2024-01-01 00:40:00
6557,343,page_view,product,95,82d55ade-1619-4c9e-b344-72a6ecf3c870,2024-11-10 08:33:00
6558,426,search,product,43,bc92cb20-736a-49f7-8fb1-0e4e34e08836,2024-01-11 09:38:00
6559,368,add_to_cart,checkout,84,3fc89216-1eec-409e-befd-90ea4a84a569,2024-05-26 01:15:00
6560,775,remove_from_cart,product,57,1afea601-d5c1-4da1-a56c-5d7d62147ceb,2024-01-20 06:43:00
6561,648,add_to_cart,home,26,7616b0b0-a95c-40c5-8901-47a48ccd811d,2024-08-02 20:47:00
6562,79,add_to_cart,checkout,18,14ffee4e-3398-4ef3-b5e0-133a05dc9bc0,2024-07-23 07:36:00
6563,555,add_to_cart,search,36,e3dc9b5c-3155-4331-bbbe-b67256131ea7,2024-12-20 05:18:00
6564,558,page_view,product,8,d31518fa-b929-4304-89de-ee9a57c8da1d,2024-01-01 17:38:00
6565,359,remove_from_cart,home,29,60392ccd-5e00-4fa6-8348-0d11eb12a9a9,2024-07-09 04:26:00
6566,129,add_to_cart,search,74,8798829a-57e6-4c13-ab54-a2857d876710,2024-12-29 16:05:00
6567,18,search,cart,6,00d61816-e921-4767-aa60-4cd09e0e9640,2024-01-18 01:46:00
6568,986,search,home,94,4a0c9720-f017-4589-9962-28c252e2af5c,2024-11-03 15:25:00
6569,344,purchase,search,38,3a197083-6c33-4223-8d12-07d448ff2ed4,2024-03-01 01:50:00
6570,373,page_view,product,13,c4ef80ae-5e58-4364-bfdf-77b21f1ed414,2024-10-27 15:47:00
6571,85,page_view,home,96,5886e381-ce10-4fa5-ad72-023d2ceb5e6b,2024-08-21 20:00:00
6572,549,purchase,search,96,45fa0534-4a16-4afb-8f54-18ea9ff5f8d2,2024-03-13 04:54:00
6573,240,search,cart,43,84153f2f-37e4-4202-83e5-ab90cb783ca2,2024-05-31 15:26:00
6574,672,search,cart,60,7eb22bb5-007f-4b73-a884-3fa11b0dcf11,2024-07-13 15:20:00
6575,887,page_view,profile,82,b5af8a0e-3bc1-4389-911c-9300e849bb3a,2024-07-17 06:17:00
6576,259,purchase,home,75,f2ee470c-6848-4f03-b08b-7584329072bd,2024-05-19 09:19:00
6577,183,purchase,cart,7,5700e966-b916-479f-bf3c-2df6ea5ad43c,2024-09-02 12:26:00
6578,288,remove_from_cart,cart,15,270d7e3c-0bde-45b3-9241-1c6f273a90ba,2024-01-26 12:07:00
6579,588,add_to_cart,home,66,09e40f0c-40d4-407e-88ee-0d31a603bca4,2024-11-20 09:48:00
6580,71,add_to_cart,product,19,138bad43-f6e3-4374-a860-2ae473b9cf43,2024-01-19 22:15:00
6581,751,search,checkout,88,040c88b2-d357-458b-84eb-1f5f1f9c282d,2024-08-09 14:13:00
6582,698,search,profile,39,712d8279-4dac-410b-918c-e229e9e3710d,2024-03-11 18:46:00
6583,68,search,cart,49,39691896-4cfe-470b-8021-108cae195ff6,2024-02-18 04:08:00
6584,249,search,home,65,975e80ed-9836-4f23-879c-af689f5566c1,2024-03-10 09:47:00
6585,374,page_view,profile,37,8a966b18-9e9c-4017-8489-d3e944a44952,2024-01-18 23:52:00
6586,923,purchase,cart,31,f41830cf-3f44-4a5f-8bcf-6c116927b082,2024-05-31 01:10:00
6587,635,add_to_cart,checkout,50,697d76bf-a2b5-4a5c-9d33-9ece8b537241,2024-09-11 21:13:00
6588,109,purchase,checkout,69,36db42cd-14b1-42e7-b26d-5bc6bddb636c,2024-11-22 11:01:00
6589,315,add_to_cart,checkout,98,4db11b7f-317e-4d48-8d3e-248bb360eb63,2024-05-15 09:15:00
6590,71,search,checkout,89,e8996839-1f78-476e-afb1-c66509557a6a,2024-07-05 08:08:00
6591,230,search,checkout,20,352b1230-d9e3-4c05-a42e-91a106a32de1,2024-09-19 00:06:00
6592,733,search,checkout,3,3d3934f2-f410-40ac-92d1-7f49260aecc2,2024-06-22 23:11:00
6593,524,remove_from_cart,cart,30,240458bb-ed19-4953-a51b-0dc54dd26f66,2024-12-03 02:07:00
6594,365,search,checkout,6,55e52459-36dc-4492-8eaa-c2bb17c9259c,2024-08-21 19:05:00
6595,679,remove_from_cart,search,90,6c2abd69-4525-4f67-a299-dda70ec8bebe,2024-02-24 22:43:00
6596,803,add_to_cart,search,67,a720ae54-e15d-4a69-9f98-944a1ae90aac,2024-03-24 18:32:00
6597,874,page_view,profile,1,c33eae8e-ba46-4e66-992a-9773169d0887,2024-09-20 12:02:00
6598,311,remove_from_cart,profile,13,ca7c1e11-514c-4125-897e-32a674897743,2024-06-26 18:14:00
6599,541,remove_from_cart,home,76,0dbbf763-e5b6-4806-be2f-ee8ea098f986,2024-10-02 02:33:00
6600,70,remove_from_cart,search,49,674b7bdd-9b11-4020-a0a4-87d9c17e2d62,2024-12-22 18:26:00
6601,278,remove_from_cart,product,31,ba493087-64a9-4a25-b248-36bcacdab98b,2024-08-21 03:46:00
6602,326,search,checkout,94,bd897e8d-e031-428b-bd54-ea0599fcaeb2,2024-05-14 07:14:00
6603,195,remove_from_cart,product,35,d8c1ad38-45c3-4f0f-8b63-d30c33b027c5,2024-02-06 03:49:00
6604,642,search,product,82,73bdeef9-d118-44ba-9756-f6a2941b9182,2024-07-04 20:06:00
6605,955,remove_from_cart,search,52,48d9bf5a-c771-41a0-918d-05ea7fbd927a,2024-12-18 08:01:00
6606,812,add_to_cart,product,76,e95915d7-c50e-4b14-8e5a-ec97c2c6c409,2024-05-14 20:32:00
6607,246,page_view,profile,97,adf93329-4910-47c1-8c0a-6b85089af19c,2024-03-17 20:09:00
6608,9,remove_from_cart,search,57,cc967f7b-d19f-46e0-81e5-d3e9d4f2c3ea,2024-03-27 16:28:00
6609,316,add_to_cart,profile,79,3ff55501-9bf0-492e-84b3-bcd70a54492c,2024-05-24 06:44:00
6610,359,search,checkout,18,629a4fce-011e-47bf-951b-2f913f82c478,2024-03-01 07:40:00
6611,125,search,profile,35,d9729edc-4fb4-4b44-b556-675f0e8961f9,2024-02-10 22:35:00
6612,876,page_view,profile,62,4b177928-d78a-44b0-8b92-5145af7fe4aa,2024-02-29 20:28:00
6613,576,page_view,search,72,e9e59223-08ae-4682-826f-76b5d25ee337,2024-09-30 12:53:00
6614,384,search,search,46,72051376-c11f-4933-bcd6-416fc4e4e9a5,2024-06-03 02:31:00
6615,795,add_to_cart,product,25,a7fbcda5-f742-42d8-8e31-b0b9753d7857,2024-05-31 20:10:00
6616,342,page_view,product,65,deb68f0b-1f4f-4d0a-b3f6-f6e178f6d514,2024-08-11 03:28:00
6617,327,remove_from_cart,checkout,42,4774512d-c0dc-433c-afb8-9060e83b54ed,2024-02-03 14:13:00
6618,662,search,cart,22,e9965a44-7380-4def-a249-1a82917986c4,2024-07-24 04:47:00
6619,33,purchase,home,74,fb31cbfe-c65d-465b-9d5a-958fc519a951,2024-05-30 23:14:00
6620,270,search,cart,22,3a7ace9d-d6a6-4b8e-abfd-c534a2d5cf4b,2024-01-14 11:33:00
6621,778,remove_from_cart,checkout,94,e77dd30f-440c-4edc-a446-1c7dcd525459,2024-12-20 20:53:00
6622,1,search,cart,37,a4da37a3-bf3e-4975-a9cf-86c03364c696,2024-02-07 21:08:00
6623,294,remove_from_cart,checkout,67,f2c48278-fcfe-4d93-976b-81846da72a4a,2024-10-11 09:13:00
6624,56,page_view,profile,97,2b371841-52f0-416c-b0e1-e114fbc29523,2024-12-06 10:44:00
6625,17,purchase,profile,25,47cf8db5-4b8f-48cb-a6f0-9d21a18e57da,2024-06-15 06:20:00
6626,196,add_to_cart,cart,40,62ff6a01-6bd3-4902-a64c-7588469d9766,2024-05-08 19:09:00
6627,598,remove_from_cart,profile,61,388ef627-2557-4ac1-ac26-e2103eb7351b,2024-10-31 14:35:00
6628,395,page_view,product,72,c3ba374f-9334-47cb-84db-7e7314652a95,2024-07-26 00:03:00
6629,220,remove_from_cart,product,96,b84da3c5-7687-4ebb-b335-a44bc01e89dc,2024-03-26 20:10:00
6630,378,purchase,product,36,c56d256b-c3a1-4026-bd32-4e98533d9891,2024-07-24 22:46:00
6631,507,purchase,cart,10,a8f84337-391a-4a4b-8791-be8838270eab,2024-07-21 12:45:00
6632,872,purchase,product,1,61823e4e-5bf3-405f-bdfa-c36767552478,2024-05-04 02:31:00
6633,677,add_to_cart,home,13,541f83fb-7433-49a0-babe-b0716620dad0,2024-08-05 05:44:00
6634,311,remove_from_cart,product,9,b07227d6-9d97-449c-a465-599c6f86bd50,2024-07-31 23:43:00
6635,587,purchase,home,87,dffe1c8b-4e23-41e7-9a8a-336a8b21f5bd,2024-08-14 13:02:00
6636,3,page_view,profile,39,0902ad8f-83c2-448a-a9e5-c1b44e813142,2024-01-30 22:34:00
6637,742,add_to_cart,search,25,be3aadb6-83f7-42e3-b90a-7ed900498207,2024-08-09 21:25:00
6638,696,purchase,checkout,51,65bdad88-5761-4127-913a-41ff368baeee,2024-03-09 12:57:00
6639,33,search,search,44,2cf47622-b225-424c-87d7-1b9fa21066ff,2024-12-21 10:35:00
6640,972,search,profile,26,f38bf4a1-4a46-495b-8199-7c2791b2dbe3,2024-11-17 15:55:00
6641,122,page_view,product,43,b31b5c96-342c-4ba3-86be-e212ed5172e3,2024-11-18 10:35:00
6642,279,remove_from_cart,product,64,160fae49-723f-4989-9431-2fbb28b1d270,2024-09-11 20:36:00
6643,492,add_to_cart,cart,16,448cc401-b4e3-4f94-9de5-86cd0e93de48,2024-08-26 09:00:00
6644,259,purchase,home,45,b586f850-9309-416d-bf84-c3384b190e85,2024-10-31 04:36:00
6645,116,add_to_cart,profile,16,50a0f681-59c6-4608-bd2c-946cb633c952,2024-05-06 22:22:00
6646,824,search,search,64,aae2c381-24a6-4c83-b960-c67ddb713fa5,2024-01-15 08:13:00
6647,146,page_view,search,3,72aa973e-76a5-4c61-840b-bb70a1b533e3,2024-12-28 08:52:00
6648,811,purchase,search,93,e84ffc3d-975f-4dc2-9510-2bd241ce067a,2024-10-18 19:03:00
6649,53,search,search,69,5be165d0-99ff-4a1d-8dde-7b20e247f139,2024-11-17 13:20:00
6650,442,purchase,product,26,4b0099ca-c49c-4fcf-8f52-a73672bd5720,2024-05-18 20:58:00
6651,380,search,search,88,f728e62d-8959-4e27-baf6-aab471dac6d3,2024-05-08 01:47:00
6652,718,purchase,home,100,867d7c9c-7724-4a1b-9740-ec51fbe3f28f,2024-12-25 14:20:00
6653,718,add_to_cart,cart,58,001a81cc-1bb0-45d1-ae8f-366f9ac6a381,2024-08-06 19:14:00
6654,837,search,search,43,1dc79f20-346b-4d6c-827b-80b89a2a0518,2024-01-09 04:00:00
6655,9,remove_from_cart,product,76,c24090c1-f2c5-4b1b-8355-838a2046bf94,2024-06-23 12:51:00
6656,978,remove_from_cart,product,51,9a048302-038b-4c7d-b9fc-76eb8c84d902,2024-11-29 05:18:00
6657,808,remove_from_cart,search,56,1abe66da-4094-43f0-aa71-dce25e314259,2024-02-29 06:17:00
6658,470,purchase,home,41,66fc27b7-dba1-4917-b9dc-c07397aaf412,2024-05-30 00:00:00
6659,111,add_to_cart,search,100,c3542efe-58fb-4342-96e1-3a2dd02d1866,2024-09-19 00:05:00
6660,298,add_to_cart,cart,16,96a7cdaa-cf29-42a8-a940-b002690c9b04,2024-09-30 21:11:00
6661,290,remove_from_cart,product,71,f84d45b5-079d-420c-976a-c0cfe560a5b5,2024-09-22 00:25:00
6662,474,purchase,product,21,6054b1b4-a1bb-44c0-8dde-19167639344e,2024-06-01 06:14:00
6663,589,page_view,checkout,73,1c081c34-2217-4d69-b3dd-0518a43998ca,2024-06-10 23:55:00
6664,313,add_to_cart,product,29,cc36174a-eb7f-41ac-9a85-02b94d6ba791,2024-02-18 00:51:00
6665,89,add_to_cart,profile,41,95a26d35-3db2-4b32-aeda-07a2f407cdf7,2024-02-02 04:35:00
6666,225,add_to_cart,checkout,3,5e52340b-b832-41ea-9f10-40f398e2f49e,2024-12-26 14:39:00
6667,828,page_view,home,27,08a5b59e-2e86-4d98-a782-5d279d741a59,2024-02-01 05:11:00
6668,285,add_to_cart,checkout,73,238c6420-abda-4aae-b704-3185a3e07b6a,2024-12-28 06:06:00
6669,405,purchase,product,93,fffaf314-9585-44f1-88ee-eb1dd4e2194c,2024-12-19 04:56:00
6670,285,page_view,search,3,85660300-6d4a-4468-9966-270d5073a502,2024-09-20 02:49:00
6671,917,remove_from_cart,checkout,100,7b8acfe4-ea20-4a0c-8537-69e46440b97d,2024-12-11 23:35:00
6672,869,remove_from_cart,profile,9,cbef2c50-5f11-4644-8a30-f5b07bd75826,2024-07-01 04:15:00
6673,367,search,search,20,88a15950-ba9d-452c-8d72-b1eb0c84c84f,2024-09-13 00:45:00
6674,715,add_to_cart,home,17,23127bf6-9c87-4627-bf47-940f2f4bc0b2,2024-05-11 06:33:00
6675,483,page_view,home,58,75d70eaa-4028-4e56-a179-c65573c18a22,2024-07-22 19:13:00
6676,113,remove_from_cart,home,20,911d652e-fda2-4c50-b272-8c43d9c8fc2a,2024-08-25 17:16:00
6677,624,page_view,search,19,b8cd3d7e-7df4-4880-889b-1bfe03d6c4bc,2024-10-30 06:13:00
6678,495,add_to_cart,search,58,583eee8e-42e9-487b-9677-2d4ac44f1667,2024-06-02 11:43:00
6679,610,add_to_cart,cart,45,ba9c8cd6-c8c5-4bd7-a90c-d313522fc67d,2024-01-09 22:53:00
6680,667,purchase,product,97,64aac5c7-3347-42c6-b00c-5690a0ae718e,2024-10-29 09:08:00
6681,856,page_view,cart,81,61ae90cb-7a2a-4cec-bbdd-e8e49c41e04a,2024-09-08 13:13:00
6682,240,page_view,home,10,f6276dee-ecf0-4512-b34e-a28fe2fb5b8f,2024-03-27 00:20:00
6683,127,remove_from_cart,cart,91,65c15560-152a-4990-ad6a-19dfea27abc5,2024-12-09 20:44:00
6684,592,search,cart,17,829a27b2-3603-4b94-ab99-7131eff19937,2024-08-26 15:35:00
6685,576,remove_from_cart,checkout,10,e3bdb7c2-0e94-42ba-9891-a8dc7bf1b4d7,2024-01-16 03:08:00
6686,462,add_to_cart,search,62,ce0cd65b-1b9a-43a9-bac5-85a4e360352a,2024-09-30 13:16:00
6687,338,page_view,checkout,63,07eb9c1b-73e9-4044-a7ff-d6e0b9a5e4a8,2024-10-08 16:23:00
6688,763,page_view,cart,87,c022921d-a6f5-4580-9457-4b0751de9962,2024-02-29 16:00:00
6689,901,search,checkout,7,ba49e2ba-afe8-4da9-90ba-11e8888df58f,2024-02-13 07:40:00
6690,82,remove_from_cart,home,86,541c5663-afc0-4667-a7b3-ff8ffaa950fc,2024-10-04 23:50:00
6691,36,purchase,product,96,93ba4843-948e-43af-b522-c7b3204b54fc,2024-08-18 05:36:00
6692,486,remove_from_cart,home,21,749b5cde-7194-4901-b63c-72a8e6b4bfd2,2024-09-03 22:33:00
6693,156,add_to_cart,product,25,56d2bb57-74da-4bd3-95c1-14d36f0b95fc,2024-05-26 05:14:00
6694,170,add_to_cart,profile,27,4c07ebc7-37f2-47fe-a5ec-e9b75dca1dbf,2024-01-19 18:40:00
6695,472,page_view,profile,12,d73c368a-5875-438d-bb34-345f2909cb66,2024-12-28 05:24:00
6696,563,add_to_cart,home,31,2184ae66-d5ed-435a-be52-a96cf4c8eddd,2024-04-12 08:08:00
6697,848,add_to_cart,checkout,33,ce8236fa-3c18-4e75-b91b-e83564b32c4b,2024-12-28 07:49:00
6698,824,purchase,profile,19,658261cf-1fac-40c6-8d65-2f861e8b5867,2024-03-10 06:57:00
6699,601,search,product,62,4e523b6d-229b-4a74-9e6e-1f1ea2c48e9c,2024-01-29 00:24:00
6700,436,add_to_cart,search,36,0521e26c-82fa-4a8d-92cd-ec6a8399741c,2024-04-06 18:30:00
6701,649,add_to_cart,cart,18,cd51249d-637e-4d47-bf35-593a7242a46d,2024-04-03 14:36:00
6702,194,remove_from_cart,profile,55,9bc96de7-d12b-4405-ac1e-7d6e1a967dc9,2024-03-21 21:39:00
6703,41,purchase,cart,20,24999ff5-1892-4a97-9300-cb827c971de1,2024-03-26 14:30:00
6704,351,search,search,68,df8338d7-070f-4884-92c8-dffb8bd26beb,2024-08-19 03:18:00
6705,240,purchase,cart,32,07b02e16-b6ca-4de8-81ae-6a5d39e912ac,2024-12-11 18:12:00
6706,269,purchase,search,61,6cf66840-5728-4837-ab4e-a1f16fe4fe7f,2024-01-28 06:08:00
6707,535,search,cart,94,a72fd654-f8b3-4752-9b06-18eac0d650e6,2024-01-25 08:48:00
6708,297,purchase,cart,56,6051442e-8bd3-4592-9f86-df3b2628a1ff,2024-06-23 18:44:00
6709,320,search,profile,31,fe0249b5-6897-4336-bf1f-d677c7b8b7f4,2024-07-18 23:30:00
6710,600,add_to_cart,home,70,cec2e168-22a3-4206-932c-b1cf249a6dca,2024-11-14 23:18:00
6711,368,purchase,home,89,b220dbc3-a805-4e95-b2eb-7e3a2a0ba66f,2024-03-18 22:07:00
6712,929,page_view,checkout,43,23db8f3a-f95a-4b46-a922-d269ce72b3e8,2024-09-02 18:04:00
6713,648,search,search,20,cbb7b176-e0b3-4d13-9816-475f1486ba07,2024-08-05 13:43:00
6714,124,purchase,home,12,3e6720cc-dc4e-4464-8898-0a259ed33f9b,2024-11-22 07:49:00
6715,431,add_to_cart,cart,29,73761b07-289c-4694-b5de-685aa202b927,2024-01-16 00:16:00
6716,659,purchase,cart,88,4d949ffc-04fe-42cb-bf15-d2919b99e7a9,2024-03-21 05:49:00
6717,622,purchase,search,23,67c1c586-c51b-429f-a14e-9db1357e89b6,2024-10-12 00:29:00
6718,979,remove_from_cart,product,46,7ae2da29-aa0b-4d95-a6fb-5356b0d0ee80,2024-12-08 19:17:00
6719,523,add_to_cart,checkout,10,738e9310-076d-4426-8d3a-19529b1988e0,2024-11-25 12:35:00
6720,866,add_to_cart,home,30,2fcc5a87-f8dd-4ede-ac5f-449562a95e73,2024-04-27 17:22:00
6721,98,purchase,checkout,26,5c4a679c-6c42-45f6-b583-fec970434e29,2024-02-26 16:16:00
6722,592,search,product,37,a62df30c-b143-48b3-9534-402f475e65eb,2024-03-03 06:19:00
6723,380,purchase,home,72,af09e77d-3074-4e1a-aad1-ea0575af8c31,2024-02-22 15:30:00
6724,324,add_to_cart,cart,27,c075e53a-18e3-4b9e-ab1e-99385f5a9595,2024-04-22 15:18:00
6725,907,purchase,search,86,b0b93d73-a78b-4b63-b530-d843ffaef8ae,2024-12-01 23:37:00
6726,890,remove_from_cart,cart,47,2c8264d6-4897-460c-ace5-74506d15aa48,2024-04-24 00:37:00
6727,379,add_to_cart,profile,61,304eff60-3a3a-4b4e-8558-c03c20da88db,2024-08-01 03:43:00
6728,247,search,home,8,c06c6cf6-be20-4162-b473-116e875dec68,2024-12-28 11:26:00
6729,244,remove_from_cart,checkout,36,ad4c7054-f638-41f9-a9a5-e0d4e8679d98,2024-12-19 22:15:00
6730,549,add_to_cart,search,93,d4d0a389-c4fb-4143-8f29-c4f79c9f0a19,2024-09-13 04:21:00
6731,583,search,checkout,69,768f903d-22eb-4433-8fc6-cd4264274dfd,2024-07-06 09:22:00
6732,814,remove_from_cart,cart,3,8ab06268-f05f-4fd3-9828-6e9ed6d71eed,2024-06-07 03:49:00
6733,323,search,checkout,83,47731166-73de-4a4d-96df-46e2fb6f6e11,2024-11-03 00:50:00
6734,287,search,home,49,b3ef881d-4f36-46bf-ab35-b2db65d49912,2024-01-21 12:29:00
6735,836,search,profile,23,0ce27158-9e4c-41a1-a4c3-39148fc27422,2024-05-23 22:16:00
6736,619,add_to_cart,search,17,d81208c4-7044-47b9-9580-1fa9bc09db2c,2024-04-08 02:35:00
6737,138,page_view,cart,77,3ba0c401-ea35-4bb1-96b6-1bdcfd7d2ef7,2024-01-27 09:25:00
6738,559,remove_from_cart,home,65,e5e3fc71-67c1-4780-8dec-382d8f63be6e,2024-12-19 18:18:00
6739,813,page_view,search,34,780fbf8c-a3a2-42e9-bf8d-ab9e93f8c6a9,2024-04-11 08:31:00
6740,833,remove_from_cart,checkout,80,96ed978d-6e15-4cc1-8065-149d8f708297,2024-09-05 18:31:00
6741,529,add_to_cart,checkout,66,2437b3ca-d8f9-4dfd-bcee-d3be6c8d8951,2024-08-05 04:18:00
6742,332,search,product,10,88eb578b-990c-4a83-bf47-c589fb0bea82,2024-12-16 09:02:00
6743,592,page_view,profile,82,e79e51ab-9407-4be0-9dec-b70ce58e0637,2024-08-14 03:17:00
6744,495,add_to_cart,checkout,5,c3ad47aa-08df-41e2-90c1-4babfec42640,2024-04-30 19:12:00
6745,604,remove_from_cart,cart,81,b9f7bd47-e1a4-4ab5-89b7-e31b39eeffc2,2024-10-28 23:35:00
6746,668,add_to_cart,cart,26,3962c66a-e7df-4c59-a068-aa115def5170,2024-04-27 13:08:00
6747,153,search,checkout,63,85fe5f31-dcd8-4226-a939-eaee887ea8a9,2024-08-26 10:03:00
6748,448,add_to_cart,profile,94,c9838e96-3511-4137-9ab4-c6f5ca7528d8,2024-09-02 20:44:00
6749,626,add_to_cart,product,91,cb39e00e-fa62-4e74-a1a2-0c0f1059e1b0,2024-11-27 10:23:00
6750,270,search,home,33,e68d2ce8-bbb7-45d7-b500-533efea7e78b,2024-02-26 22:51:00
6751,763,search,cart,47,f53a7fe1-807d-4661-bca4-def5361792c0,2024-09-16 23:46:00
6752,409,add_to_cart,product,73,611bd370-cd26-438b-9e19-53c01776e2d0,2024-02-09 06:39:00
6753,399,purchase,checkout,40,0bfdbae8-cca1-4a4f-b5bc-bbbc6dec5c16,2024-05-04 08:43:00
6754,873,page_view,profile,35,d258beca-9e50-4040-895c-5956299f3561,2024-07-11 14:04:00
6755,510,page_view,home,56,c97b22e4-0069-46ba-b538-375f174c7d87,2024-06-01 10:10:00
6756,998,purchase,product,45,2aeecf16-f63e-45b1-8b9d-3f0eba221df5,2024-03-13 20:58:00
6757,776,search,home,9,f1b7d1b6-718d-4044-bd58-f06bd9a2ea26,2024-04-25 06:18:00
6758,728,add_to_cart,profile,50,ad542ded-3ce4-49c7-aa8a-56f0de34aa9b,2024-10-27 09:56:00
6759,394,remove_from_cart,cart,73,149c29e8-858b-47f3-91aa-db93dd2accc9,2024-05-26 08:23:00
6760,53,page_view,cart,4,be943079-0232-4ad4-8fac-0f6f7f46e4e8,2024-02-25 14:28:00
6761,843,purchase,checkout,48,86066b0b-8fc4-4370-832d-91fb82260344,2024-03-12 01:00:00
6762,240,remove_from_cart,search,78,38f22bae-9c3e-4f75-8882-529131bebcd0,2024-05-15 21:56:00
6763,68,page_view,cart,17,7a6230a0-5fca-482d-9fb1-e993b6276e61,2024-11-07 18:10:00
6764,413,remove_from_cart,cart,7,d634f464-e02c-4172-9785-ac1c8cf888dd,2024-10-12 20:16:00
6765,98,page_view,profile,70,fef7b86b-9a13-4f89-8ffa-a2b8338ebb4d,2024-07-11 15:09:00
6766,294,page_view,profile,28,0c053749-34d7-48b4-b223-f72e9aeabae8,2024-01-10 10:44:00
6767,677,remove_from_cart,checkout,47,e98cd93d-d576-468c-befc-444c6655a114,2024-10-07 21:31:00
6768,900,search,checkout,38,10dd8793-ce87-4d15-bd3c-d7f29b9a05f6,2024-11-25 23:53:00
6769,453,purchase,search,41,1d6c247a-0447-4670-bbbd-49eb72539b6b,2024-02-13 18:15:00
6770,842,add_to_cart,search,71,1859e8b5-b045-40f8-9604-a44d0dab719d,2024-08-10 06:11:00
6771,470,add_to_cart,home,15,c74c78e9-ec76-42a5-9d45-1ba2d7225c58,2024-11-16 05:38:00
6772,572,add_to_cart,profile,74,50e1af8f-c4fe-4336-aab5-0732a99a2745,2024-10-08 16:15:00
6773,522,page_view,profile,36,30967d01-f702-4d21-9ec8-15031092e537,2024-02-26 13:38:00
6774,640,add_to_cart,checkout,53,15232e37-361d-4ce8-a33d-2f183ef9ca1d,2024-11-10 14:00:00
6775,518,purchase,product,22,3a362ed4-3d0e-4dcb-bf24-aa38994dc4de,2024-10-22 11:25:00
6776,759,purchase,cart,72,ad893f7d-685b-4524-bcf5-7c13859eb45e,2024-05-16 18:14:00
6777,127,search,checkout,91,9a0df514-32eb-49ef-8b13-5d4bf462d465,2024-05-24 07:24:00
6778,158,purchase,home,33,66ca4896-cd80-49e4-8b8e-369149a22358,2024-03-02 20:54:00
6779,642,purchase,product,19,6b808a93-9c45-42b2-999d-62d21ffb787a,2024-03-17 17:15:00
6780,20,remove_from_cart,search,54,d8bc12b9-92bc-451f-b730-b923909a5b01,2024-08-23 16:09:00
6781,901,search,search,43,87e0359d-bb71-4458-8239-d57561fc19c7,2024-04-16 15:40:00
6782,568,add_to_cart,search,82,acb12afa-1923-43ca-ae87-255b1fcf3d78,2024-02-24 09:37:00
6783,940,purchase,product,31,b94c8d31-92e1-4305-af91-43072b505d71,2024-11-16 09:40:00
6784,10,add_to_cart,home,49,ea0b2a59-a533-41af-9ee1-a27b5021dec9,2024-05-11 22:26:00
6785,803,purchase,profile,58,b6098ce5-0a8a-486d-a7a7-f20ed3baf55f,2024-02-21 19:15:00
6786,283,add_to_cart,search,69,ede36bde-a061-404e-b626-6d50c10e425d,2024-08-01 04:19:00
6787,546,add_to_cart,search,87,faa6bdcb-5431-423c-a358-06a4f45d91d5,2024-04-02 05:36:00
6788,853,remove_from_cart,product,17,5afb084a-c987-4568-bd4d-0502eb027376,2024-03-24 22:55:00
6789,473,page_view,home,41,55281a98-c6b5-425e-bb78-0305f4a81751,2024-03-06 06:57:00
6790,744,remove_from_cart,profile,63,20f6cbe9-492f-42dd-9fa1-d4ee2d43244e,2024-09-22 02:18:00
6791,976,search,home,71,c4651a73-2e97-47f9-8951-ea98c75f1e6c,2024-02-01 05:50:00
6792,38,remove_from_cart,profile,37,68100a60-0237-4183-b0fe-b1f9c922b6ca,2024-01-07 10:32:00
6793,134,purchase,profile,79,41998168-c4a3-42f4-89f5-9813caf104f8,2024-11-11 02:17:00
6794,14,remove_from_cart,home,94,c625b7c2-1e37-4ed7-a267-4353569f6d4e,2024-10-10 21:26:00
6795,711,search,home,45,8f6d2ac2-2049-431d-926f-d18053c5ba12,2024-07-25 07:32:00
6796,17,remove_from_cart,home,3,4caf5b7b-1a28-43e4-99ec-4c566a43008d,2024-06-05 11:23:00
6797,186,remove_from_cart,product,53,5e75a988-99f4-4863-9ea4-6ef029af0271,2024-06-09 08:24:00
6798,957,page_view,checkout,63,d0c17786-1cea-4898-9237-6c4d91069516,2024-11-05 05:26:00
6799,516,search,search,30,8950a3e1-59d5-41d5-9adc-aa217aa0512a,2024-05-07 09:44:00
6800,383,search,home,74,1c8f0c74-3066-47c4-aae2-674e7fa738fb,2024-08-09 22:39:00
6801,421,add_to_cart,home,74,56d7c9b9-e0ed-466e-b0a0-9381022c5343,2024-06-10 23:25:00
6802,864,purchase,cart,42,ba4e84df-3ab7-4002-bfb8-f22ea8bb7343,2024-01-27 20:12:00
6803,454,purchase,profile,39,f8099ff0-f1a0-4490-9202-c4837b14a03e,2024-09-05 16:37:00
6804,966,page_view,product,30,32434f48-cbbf-437f-bf5f-46c456cedfd8,2024-11-09 00:00:00
6805,491,remove_from_cart,checkout,21,f4e3e9d0-f3f4-44d6-bd34-2d8fce03277a,2024-09-21 12:36:00
6806,108,page_view,home,43,d1d98846-b04c-4e9f-873e-b657c6db5720,2024-01-03 13:59:00
6807,660,search,product,47,bc9ebed0-48d5-4604-9eba-b3a574cb0108,2024-09-13 22:30:00
6808,507,purchase,checkout,25,51262895-68d1-4393-aa34-8ed34e1ed6db,2024-02-24 13:04:00
6809,673,search,search,89,e692dec9-6451-470e-896c-730e1eeda41b,2024-08-11 08:41:00
6810,53,remove_from_cart,product,63,2ca2fbe5-633f-4df9-a0fe-e1aad2f7aeb4,2024-08-03 14:02:00
6811,709,remove_from_cart,home,41,496c3fde-2144-4665-9b5a-1257988bf14c,2024-02-28 00:25:00
6812,92,add_to_cart,profile,88,3907c296-f939-4cf5-bfcc-2f954d7ee54d,2024-06-20 04:03:00
6813,414,page_view,cart,58,056c1ca0-4eab-4e34-a759-ed42274f07cc,2024-11-01 19:14:00
6814,278,page_view,profile,23,f3390eae-9bc3-442f-92ad-97fa8d85925e,2024-02-02 22:52:00
6815,985,remove_from_cart,search,95,f84221b9-273b-4dea-918b-f86b88d5a4ed,2024-10-03 10:05:00
6816,277,remove_from_cart,checkout,90,01f5ac72-0725-49c7-8657-0f3598648049,2024-10-18 10:25:00
6817,47,remove_from_cart,checkout,99,4e08d4af-c646-4f57-afac-f08606bc12e1,2024-01-17 15:15:00
6818,478,purchase,home,98,2924c65d-dc2e-4111-87ca-6ea4e9c76b78,2024-03-02 16:34:00
6819,925,add_to_cart,profile,33,2bc556f5-292e-4a8b-9303-ea05b00f9185,2024-03-24 00:54:00
6820,327,page_view,product,48,4ba9a9bb-6337-405f-b22c-2f6410f76c4e,2024-12-28 07:10:00
6821,141,page_view,checkout,82,2b3efdb2-826a-401d-af08-7d14dd6fbdac,2024-02-27 18:16:00
6822,699,page_view,checkout,30,ee5bf846-80ac-46bb-a3e1-578602a83afe,2024-08-31 22:06:00
6823,930,remove_from_cart,profile,33,87c1d438-7312-4e97-919f-fbf38513c941,2024-12-18 05:56:00
6824,117,remove_from_cart,home,21,64643133-44a7-419f-b190-96d01dea96e2,2024-01-22 19:10:00
6825,66,page_view,profile,17,9d10e8fd-0d75-4b45-8fee-e4ced1b8f1c0,2024-11-27 23:32:00
6826,253,remove_from_cart,search,54,acba30af-c94b-441f-9e1c-63fb1814f9e2,2024-04-06 21:54:00
6827,702,remove_from_cart,cart,57,8ba22998-9165-43f9-b7c3-051225b2d1fd,2024-12-14 20:31:00
6828,764,remove_from_cart,cart,25,aa34ced0-2151-46fb-9169-886bc9601035,2024-11-16 14:55:00
6829,891,add_to_cart,search,91,2e8d5700-9c38-484c-9e4d-5dd6f256a8d8,2024-06-12 09:04:00
6830,733,add_to_cart,cart,93,0f4d3999-1bcb-42cf-90a8-25c81e23681f,2024-03-30 03:47:00
6831,83,page_view,profile,89,fd9facc6-bdb2-4d75-b289-c2aa61743506,2024-07-21 18:52:00
6832,451,add_to_cart,checkout,52,48ddd56a-b427-40ed-a85b-1d0239473346,2024-07-08 08:00:00
6833,762,search,home,6,db57c45b-0df6-4f84-9803-52c5a00ebbc1,2024-05-22 06:32:00
6834,405,remove_from_cart,product,53,17ef3579-801f-4ad9-96bd-fcdacec7ed95,2024-09-24 09:05:00
6835,565,purchase,profile,4,d380fbbf-4627-489c-ab16-507bdfa1ee7b,2024-06-11 06:39:00
6836,41,page_view,search,1,8f513e97-6dd9-497a-afae-e1ca137aa4ab,2024-07-03 17:48:00
6837,284,search,home,32,3e0dd3e3-38f1-46fa-a168-b95963b26bca,2024-07-30 21:48:00
6838,660,search,cart,54,c07d9332-dbad-4634-8152-0c47c6318659,2024-06-11 13:21:00
6839,986,purchase,checkout,51,23774b94-5d47-448f-8760-f6b7e804d1b0,2024-05-02 06:02:00
6840,707,search,home,21,493cf012-9884-43c9-9975-5feaa7b55c6c,2024-06-18 08:13:00
6841,480,add_to_cart,home,51,75e373f9-7ee6-41b4-be9b-4743ecbf7d90,2024-08-17 13:39:00
6842,514,purchase,cart,16,2f5159a3-0f94-4127-9001-b0e1106da27f,2024-12-12 22:49:00
6843,783,remove_from_cart,profile,51,d2926ee5-4194-4673-a355-0615bca110f7,2024-05-14 12:01:00
6844,716,purchase,product,41,77d203dd-6a95-48c4-b4f3-141baba5a712,2024-12-31 21:04:00
6845,33,remove_from_cart,search,23,e6346414-47e5-4119-8607-c1617f76aba6,2024-09-15 01:04:00
6846,686,purchase,profile,37,191a6be6-863f-46ef-b41a-75fe82de1bd4,2024-06-27 09:27:00
6847,617,purchase,checkout,23,82efa4b6-db07-4f4a-a566-06c0997161ae,2024-08-05 09:58:00
6848,550,search,profile,62,42df8be3-ef1b-4919-b95c-b9b98a0c841c,2024-04-12 20:00:00
6849,108,add_to_cart,product,98,eeb719cf-80bb-4ffb-844c-276606e19126,2024-02-02 22:39:00
6850,693,search,cart,81,f62aecf1-6551-45b9-8eb8-15f3a70aeaca,2024-07-21 12:10:00
6851,408,search,checkout,77,08670804-7c35-4ced-9931-d9de4d8b5961,2024-06-24 11:13:00
6852,713,purchase,home,53,02542cb2-6c49-4581-8fbf-f3b0eada98d1,2024-05-23 18:25:00
6853,664,add_to_cart,home,100,b1ce0f82-c02a-4e77-94c7-a96f8b126a59,2024-10-16 15:27:00
6854,357,search,search,52,5e5ddc96-ded8-497d-8c84-c2a03d71fdaa,2024-12-02 00:45:00
6855,562,page_view,profile,22,889f2e11-b346-475b-adcc-5c7119ab53a8,2024-06-28 03:40:00
6856,724,page_view,product,30,c009562e-31f1-455b-b7c1-cec06ca47f93,2024-11-12 16:37:00
6857,512,purchase,product,97,4063f22f-2f90-4e5e-ad6d-f64a940df64e,2024-09-10 01:36:00
6858,907,remove_from_cart,home,49,75de2131-84a3-48a7-ab06-183a0ab86b3a,2024-10-10 09:03:00
6859,909,purchase,profile,10,22ad2256-364e-4876-8dbf-c210dfdd305f,2024-07-05 15:43:00
6860,196,purchase,product,46,fbd29a3d-b21f-472e-80cc-6da8c5db09d8,2024-07-30 02:52:00
6861,893,search,profile,6,40b81797-05e5-49dc-af91-bb9079c882b3,2024-08-08 04:41:00
6862,554,add_to_cart,checkout,2,cfd3a482-e01d-4811-8ee8-4d6672713b4f,2024-01-18 12:51:00
6863,326,page_view,home,55,64e86c7a-5706-46b7-944d-13e9e567a114,2024-09-15 00:46:00
6864,227,page_view,cart,12,2ca689f8-4ee8-40d0-917a-ef15b2b7e84b,2024-04-30 20:55:00
6865,478,remove_from_cart,profile,76,779e6078-8e3d-4c40-a854-abfb333d0049,2024-03-16 13:07:00
6866,660,add_to_cart,checkout,34,2dee8b0d-dc7f-4d1e-bdc3-c5bdc7d35323,2024-01-31 08:02:00
6867,450,search,search,22,d988697f-bc45-41f0-8ea7-b49c6d236b9d,2024-12-02 00:40:00
6868,435,add_to_cart,product,13,55412018-7310-43a7-83ea-7d0f52617449,2024-06-17 21:03:00
6869,421,purchase,search,22,466a6f1b-6a10-435e-8c12-63a94913660f,2024-08-01 08:57:00
6870,174,page_view,profile,58,2c4dbb3f-9657-4fcd-9d59-7eb34247c8c4,2024-02-11 05:04:00
6871,102,add_to_cart,profile,67,44e7d3cf-647e-4c12-b144-695ea4cbf1b5,2024-08-24 03:49:00
6872,164,purchase,home,67,34c4241c-f319-442a-92e9-ac644ca991c0,2024-04-29 18:29:00
6873,979,page_view,profile,82,cad16da0-bd62-40ec-8a34-772f39203299,2024-06-19 06:48:00
6874,755,remove_from_cart,search,58,97b77f3e-5f7a-43b2-8101-2d8472e49fe9,2024-02-18 06:19:00
6875,961,page_view,profile,69,8c6729b3-10b2-4648-9732-4921d74f8fc2,2024-04-09 18:29:00
6876,933,remove_from_cart,profile,59,eb5ad7f9-efa1-471f-afdf-864aa351cc19,2024-11-19 02:13:00
6877,735,remove_from_cart,search,97,08c26a90-386d-4c8d-a852-693c237db2a4,2024-07-10 11:09:00
6878,157,remove_from_cart,checkout,56,d69393dd-86ec-4f0c-baac-b1d4f4c229d7,2024-12-23 23:20:00
6879,6,page_view,profile,60,b446b4f5-c11f-4d41-9bf7-48ae7a0270af,2024-05-22 08:38:00
6880,101,remove_from_cart,product,24,a70b7ff1-829a-463d-a827-da40bcddd49c,2024-04-26 20:17:00
6881,473,page_view,search,90,b39c85c6-29ba-4ae3-9ffa-fe488cf67f87,2024-01-29 10:29:00
6882,845,remove_from_cart,home,100,bf675c41-2ab6-4f6f-9511-02410a09f70a,2024-08-16 19:52:00
6883,213,add_to_cart,home,83,d14b47dc-5579-4ba6-8849-e3f68b5fbbd7,2024-06-26 09:55:00
6884,309,page_view,search,72,6a4c7e37-b4a7-416f-960f-c5d67e3c95d4,2024-09-01 08:49:00
6885,116,search,product,53,ed41a14b-e246-45c6-850a-f4169433ac6a,2024-02-28 19:38:00
6886,522,search,home,44,5d023ae4-f97f-41ab-a7f8-53c2be6b1648,2024-03-15 13:36:00
6887,860,search,profile,13,7d99f391-41d5-4970-8c14-a13c619d7a1c,2024-05-26 17:33:00
6888,472,page_view,home,53,5c10b2f6-4a79-4514-b23c-de747fbae0ac,2024-10-27 10:45:00
6889,851,purchase,product,42,499df856-6e90-4024-8d34-097428b1f1d2,2024-02-09 09:25:00
6890,356,search,search,91,35ca8c3f-8371-49a1-9d91-eda41169645d,2024-04-04 21:25:00
6891,891,search,checkout,31,9ad40cb1-6b91-4e1f-b0f2-843262ca959c,2024-02-08 14:30:00
6892,477,page_view,search,12,0bf4425c-ac33-4b33-bb90-0f6c016bb289,2024-04-29 00:47:00
6893,386,page_view,product,12,f94b3b66-a60c-4cbd-b8ce-f1a1cc6be243,2024-03-31 13:32:00
6894,245,remove_from_cart,product,28,cfa0c0d6-2954-44f1-9437-9ef395d1cc5c,2024-12-22 03:56:00
6895,590,purchase,checkout,87,1acccd67-82bb-4284-93d6-316acc362d29,2024-01-22 01:22:00
6896,942,search,checkout,97,dc97971d-cff3-4167-836c-01a708635e35,2024-12-09 09:47:00
6897,600,search,profile,40,098abefd-b373-476b-95b2-4da55b910051,2024-07-01 07:06:00
6898,110,page_view,product,75,3eb2362b-f7b5-40bd-ac5a-a37b448eb0ea,2024-01-03 06:25:00
6899,404,search,cart,1,29ed651c-7192-4e7c-ab82-5a5b4382f1fa,2024-09-03 09:07:00
6900,633,search,product,66,f5595178-7cdb-4bde-94e1-aacd514bd99f,2024-08-13 14:49:00
6901,251,page_view,search,62,5749226c-6752-47a9-baed-ddfd49d5b669,2024-10-15 17:28:00
6902,551,page_view,home,14,7ea19959-3b7b-4bde-92db-47018943b375,2024-04-20 05:52:00
6903,450,search,profile,46,5cc739e8-da3e-4588-b2d8-f817d2195167,2024-11-17 17:43:00
6904,191,page_view,home,55,ba611354-75f9-4a88-8ef9-d8cc900857b7,2024-03-22 13:05:00
6905,825,add_to_cart,checkout,19,97df84b1-15dc-420a-8fab-70435dc34e24,2024-05-24 00:32:00
6906,688,search,product,88,d6b24846-0f3e-4e81-8a11-1105d00cfd80,2024-07-13 00:09:00
6907,846,purchase,profile,96,2a915261-cd4e-4abf-95ad-0270ce70dd66,2024-03-24 09:59:00
6908,630,search,checkout,18,b02dd49a-f18a-4b2d-a3f1-b6b46c6c572a,2024-06-05 18:20:00
6909,844,search,home,56,c98171b7-e342-4875-b77a-063e0e259c7f,2024-11-07 11:13:00
6910,12,add_to_cart,home,82,70c0c7ec-c0c5-43ee-bd0f-17d446f4056a,2024-04-20 06:04:00
6911,693,remove_from_cart,cart,16,5db0f319-bf14-4019-80c4-cdaa9d06ff88,2024-04-28 18:51:00
6912,206,search,cart,4,2411c750-13e6-4610-bf29-f09621bf6c90,2024-04-19 14:36:00
6913,507,page_view,product,42,e5e73476-2193-492c-8b4c-cc2751dd28d0,2024-06-03 18:58:00
6914,109,remove_from_cart,profile,64,37688c06-d6f5-48d6-a1a7-532c996104a9,2024-06-13 03:16:00
6915,731,page_view,cart,33,7147df6c-d26c-4a33-82fa-1e39b9dada78,2024-06-04 10:40:00
6916,212,purchase,checkout,8,30697412-80d8-4025-9b5e-b7577e52d1a9,2024-12-05 01:57:00
6917,421,purchase,checkout,31,3ddac628-fd3b-4e42-8e62-fd78ca7ec39c,2024-04-19 00:24:00
6918,413,remove_from_cart,cart,54,bd5d0439-7235-4d7d-a093-8575e164bc35,2024-04-03 02:09:00
6919,390,page_view,product,60,c651a4e8-6e6c-47f1-a51f-f37e155fb174,2024-02-12 12:19:00
6920,19,add_to_cart,product,35,2f362835-a1e2-458c-8e0e-b009be1f7d8a,2024-10-14 14:40:00
6921,760,add_to_cart,cart,60,e1a66e46-7c00-4bba-a57a-e7f2fcf1281d,2024-01-14 01:51:00
6922,871,page_view,checkout,9,7ef3a16b-b79c-4a5c-8f69-fbdc328e111e,2024-02-18 13:47:00
6923,592,page_view,checkout,36,48623745-a955-4e0c-bde7-3d991ccb84c6,2024-02-21 17:28:00
6924,836,search,checkout,100,bc1204a3-74f7-4af2-9f81-c35ba7b90a8c,2024-02-16 20:45:00
6925,806,remove_from_cart,search,57,0f33d33c-22e7-4421-9eb3-533f6125b73e,2024-04-14 02:18:00
6926,675,purchase,home,16,46709901-971c-44d7-b938-a9a02b9eb6e5,2024-01-26 08:28:00
6927,374,purchase,cart,25,91dc92a1-a8bd-421e-a375-df10fb95cdb9,2024-02-08 09:41:00
6928,242,page_view,profile,11,409b53cc-c3d8-421b-8a81-6ee9ede66830,2024-08-28 02:06:00
6929,41,purchase,cart,65,a89369ad-551e-4df8-9418-fdda673e7140,2024-04-06 16:22:00
6930,901,add_to_cart,checkout,59,1acca0ac-a097-4f4e-b6aa-76206ecf983a,2024-12-07 04:34:00
6931,189,search,search,63,4fa35a6c-36a7-465f-b7c2-a5912b9f399b,2024-06-23 16:40:00
6932,908,remove_from_cart,cart,13,475029ae-6369-48f6-8369-a9a7f9867fd2,2024-03-09 23:46:00
6933,168,remove_from_cart,cart,78,a920c4ab-c101-4164-9e51-1c8954328bff,2024-05-22 16:44:00
6934,518,purchase,home,93,780b016e-63a1-4493-9586-9bb5a8594f87,2024-12-24 18:13:00
6935,288,purchase,checkout,38,898c1a1f-97b8-4227-9319-bd29355f1d32,2024-11-23 23:17:00
6936,869,search,cart,90,ae1fbcf0-3bfa-4598-8fc2-3f67b726282d,2024-08-11 19:00:00
6937,610,add_to_cart,profile,100,8ef3e283-78ea-4b7b-a48e-0eb36a6f74ef,2024-07-12 21:15:00
6938,397,purchase,product,8,15074712-e126-414a-ab6c-4d5e994f6418,2024-07-05 14:47:00
6939,709,page_view,cart,22,50c2ad59-6c36-44ed-a844-f404b7347330,2024-08-19 17:28:00
6940,920,purchase,home,93,3175aa9e-bba2-41cb-a8b5-052d7fee9177,2024-02-02 05:57:00
6941,474,search,home,49,ee698e73-aba6-4277-9b96-d34d9390b5cb,2024-02-29 06:59:00
6942,106,purchase,search,69,fc80355a-cf51-481c-a931-f6b0dca5c651,2024-11-23 17:06:00
6943,841,add_to_cart,search,73,b5f3065c-4bb9-467b-b16b-1436a51258c1,2024-01-24 03:43:00
6944,454,search,cart,42,43b0c653-a7cc-4237-b931-c9c4303bea16,2024-08-04 12:21:00
6945,467,add_to_cart,home,3,c0d719c4-8bfa-4465-8857-98a6cfee932d,2024-08-18 22:05:00
6946,647,add_to_cart,home,65,9d289c50-666b-4741-a945-6153389dbc1d,2024-02-05 07:15:00
6947,704,add_to_cart,cart,15,e81c00a1-20b2-4454-b912-315ed5a5e786,2024-03-18 10:18:00
6948,580,purchase,home,13,4c85fe99-62dd-4381-8263-65641cc96d16,2024-04-15 07:19:00
6949,549,remove_from_cart,profile,25,1a01a6a4-8a59-4b30-9550-fccc6209edbd,2024-07-19 16:06:00
6950,581,page_view,search,69,ba790807-68b6-49b5-bc46-bf4ba680c61e,2024-09-08 14:52:00
6951,437,purchase,cart,73,931f47e4-8797-475e-a1ac-47c199ec3bc8,2024-07-30 14:05:00
6952,888,search,profile,90,27ed0012-5e92-4911-b8f6-4f2082bcf42f,2024-05-13 15:53:00
6953,94,add_to_cart,cart,6,c870dc8b-d10d-4b78-924e-7c8719387fde,2024-12-20 18:15:00
6954,941,purchase,home,5,5cb4f1a5-d58f-45a7-a06b-41b5f203c829,2024-11-05 03:05:00
6955,118,purchase,profile,41,d39502f6-2088-4976-aa77-841db9fc1890,2024-04-11 15:30:00
6956,924,remove_from_cart,cart,54,02e241d8-0b75-4dd1-8c26-b9bf178bf36b,2024-03-29 17:19:00
6957,41,purchase,home,50,6703682a-9989-454a-aa2d-19408a246fa1,2024-12-04 06:46:00
6958,189,search,product,74,5d101095-d9c5-45e9-8565-1cfa4033ddaa,2024-07-30 15:28:00
6959,951,remove_from_cart,profile,64,0a0befdf-ca6e-4d5a-87a5-7c95bda5f956,2024-04-05 19:34:00
6960,931,remove_from_cart,cart,3,d66a259b-3a4a-45a7-a0d2-4ab2592edfea,2024-08-25 21:07:00
6961,306,search,profile,76,6643d60f-d998-49de-a7e6-df93998401bb,2024-02-10 17:38:00
6962,694,page_view,checkout,21,faa775b7-221d-4bd9-8fcb-84c92a3f9ba3,2024-02-17 11:57:00
6963,158,search,product,68,95c2fc24-b538-459f-a070-e30a582bb207,2024-12-11 04:14:00
6964,811,page_view,cart,9,ca0ac763-97b5-4646-885d-0ee84eda7302,2024-01-03 09:41:00
6965,399,search,checkout,14,8a7b8565-4a5a-45b8-99ec-e2b9a64ad230,2024-06-28 13:05:00
6966,147,add_to_cart,home,55,b1488ab2-dc49-4de3-b738-aa70fd9a3d0c,2024-08-07 22:28:00
6967,77,remove_from_cart,cart,88,4ada60bf-3a55-42cb-9c58-2ed3069dd679,2024-07-09 12:21:00
6968,15,remove_from_cart,profile,50,9950352d-7573-4fcb-90e4-c678bcf42e5c,2024-08-14 12:23:00
6969,839,remove_from_cart,home,45,03fd5c4e-cbc1-4e99-8644-1837568805b4,2024-08-11 01:21:00
6970,719,purchase,product,28,5317c158-1a73-4aa3-8338-286075b9a33b,2024-07-12 20:18:00
6971,980,purchase,cart,72,9c5b4179-2be3-4cb0-9fd9-098f53c889f3,2024-05-04 00:39:00
6972,130,search,home,62,1145924b-9651-4427-b412-cb62fdfc6be1,2024-08-04 15:05:00
6973,717,remove_from_cart,profile,92,1c1d3ec0-5cdb-40a1-979f-ae5ef3aba99c,2024-08-11 05:12:00
6974,332,page_view,home,83,01b83b41-81e0-4f65-85f0-bffd8e58975d,2024-12-27 16:10:00
6975,672,add_to_cart,product,35,6375f14e-6ea4-4fc5-8da5-dfb0d2169abf,2024-10-06 17:19:00
6976,810,remove_from_cart,search,16,9a67ac2f-40bb-4cba-9f31-536fc460a316,2024-10-31 10:43:00
6977,889,add_to_cart,checkout,59,003dca4d-b49b-4d69-8e91-d29a21787076,2024-02-27 02:55:00
6978,241,page_view,cart,16,6da4d396-ae0f-4844-93f5-c2461add2a24,2024-08-17 13:30:00
6979,513,search,product,31,f5a29250-4e1b-47b5-b27e-4b84cf294906,2024-07-01 11:04:00
6980,226,remove_from_cart,product,23,50bbe952-2112-418c-a264-cc5276307f36,2024-08-22 11:37:00
6981,143,add_to_cart,cart,11,f3eb60f7-ec13-4e76-a14b-7f91d1d3c615,2024-12-06 19:37:00
6982,292,page_view,product,65,024e01d0-5253-4cad-99db-d888e1a85bc7,2024-02-01 19:49:00
6983,734,purchase,search,60,483cc925-90b0-4040-aca6-01e957b4ebbb,2024-09-18 10:04:00
6984,674,remove_from_cart,profile,47,ca741ab2-e87c-4eee-aa4e-1c35ce60fb44,2024-05-06 21:32:00
6985,822,search,cart,23,b94f619e-eb30-4afe-9831-b6893f330aae,2024-09-20 06:33:00
6986,390,purchase,cart,83,53bc2042-7a77-40b1-8b66-e5385aa3634c,2024-08-24 00:40:00
6987,600,search,checkout,31,757c0021-d78b-426d-8f4d-74bde9436b97,2024-08-03 14:36:00
6988,261,add_to_cart,product,73,eec6962a-07e0-4e92-9e07-638541fdabdd,2024-06-13 20:36:00
6989,351,purchase,cart,20,33ea741b-b032-4cb1-b00c-061389d92029,2024-03-13 07:04:00
6990,309,remove_from_cart,search,6,d8482ec3-ab2f-4ce9-82e1-f973cb28802d,2024-09-29 02:29:00
6991,184,add_to_cart,cart,67,ae57568a-afa4-46ea-ba1d-73364fe2bdf3,2024-01-31 06:46:00
6992,594,purchase,product,62,7e2e6a7c-0fe9-40ae-82c2-7a36d864f2a6,2024-09-13 03:39:00
6993,417,add_to_cart,product,88,fd72df82-15b4-4163-847e-2ad381060c97,2024-07-28 09:36:00
6994,346,purchase,search,93,7fc4b16b-52f4-4d54-9b41-ce3ee766d1c9,2024-02-16 14:20:00
6995,496,search,cart,90,cbde968a-2834-49ba-ad58-163a6bbd671d,2024-01-19 02:13:00
6996,751,purchase,checkout,18,cf4413c2-5ae6-4ef7-bce3-7f65bc89282c,2024-03-17 01:50:00
6997,437,add_to_cart,product,52,34108350-1636-444e-a1fd-4c5344dc764c,2024-01-15 12:57:00
6998,416,page_view,product,61,4c0dfd1d-b784-4cf3-9193-f0524b9e257f,2024-06-23 19:59:00
6999,288,remove_from_cart,cart,19,73112235-8e4b-4488-b8e6-437ae436afd8,2024-06-28 07:46:00
7000,253,purchase,search,72,dd74b7b8-e017-4138-8374-4871a0561063,2024-01-14 10:50:00
7001,253,page_view,profile,71,46cc015d-ab03-43ba-953e-4efb0725fb78,2024-12-02 21:05:00
7002,446,search,cart,62,c8415f53-e1f0-4f5d-bb75-3bf674f4aff2,2024-11-19 17:28:00
7003,154,add_to_cart,home,59,4ce69759-ceee-4be7-889d-ddb09c582f98,2024-05-27 09:21:00
7004,673,search,search,26,5eec9050-33d4-4ef9-82da-e86103e50d94,2024-01-25 22:22:00
7005,100,add_to_cart,product,4,423cc434-781e-4a0e-b3a8-083ff5584ed0,2024-07-24 06:58:00
7006,547,purchase,home,58,53877e9e-a66f-488b-a4c2-57a06b8e185c,2024-12-04 17:05:00
7007,356,search,product,10,38787b5e-134a-474c-9f03-28e1d9901d77,2024-09-26 03:24:00
7008,612,purchase,checkout,43,bf1d0f00-f6f1-4405-bcf5-1a0f2409460e,2024-03-09 20:50:00
7009,384,purchase,cart,51,d1cd8918-6631-4894-b210-a04f8b72a86e,2024-05-15 02:58:00
7010,368,purchase,cart,70,6ca9e0ab-fbeb-40e4-a21b-9818f91c46d3,2024-01-07 16:24:00
7011,393,add_to_cart,home,56,fd55c22e-60ab-4070-8751-f11c2142efb7,2024-05-26 16:57:00
7012,641,search,profile,47,1b3bbde8-ea80-46a5-bfb4-cea3233cee9e,2024-11-08 07:21:00
7013,237,purchase,home,8,a25f3475-2a36-4736-975e-01cf6029e53d,2024-05-06 17:28:00
7014,310,search,checkout,13,4fe5358b-c92f-4c02-8194-e303834a1ea4,2024-07-18 08:19:00
7015,356,purchase,profile,79,6f24ad68-e1f6-42db-8fc4-d6920fc86667,2024-01-15 04:55:00
7016,915,page_view,home,43,acc8bcb3-4cf5-490d-8844-d50dfab531dc,2024-04-16 07:07:00
7017,975,purchase,cart,2,784f2ba9-0112-4fd9-b693-4b8371378bf1,2024-12-20 01:52:00
7018,814,purchase,search,91,b9a0976b-85d0-4d99-aaf3-388f68221345,2024-07-16 11:32:00
7019,577,page_view,cart,73,f02696be-965c-4160-b66b-6aff4d9113a2,2024-08-17 12:23:00
7020,703,page_view,search,1,813fe738-5c1d-4b7b-9f9b-cb4bbcb83414,2024-12-31 03:30:00
7021,281,search,search,82,edc1b130-20a5-438e-8f67-2b1c942e0883,2024-04-22 16:12:00
7022,474,search,checkout,65,cfbe9caf-79f6-4174-8248-1fb575961581,2024-06-25 15:43:00
7023,29,search,cart,62,070ea77c-eb83-46ce-8441-b4d10f41fffd,2024-01-29 14:36:00
7024,457,purchase,profile,8,312a5287-6de5-469d-aeaf-b084e412437b,2024-01-13 09:55:00
7025,149,remove_from_cart,profile,20,45930d51-23df-448e-ae15-b97fd15cff00,2024-08-25 23:24:00
7026,634,remove_from_cart,search,90,360f5e55-3565-45b7-976c-289e9dd3d360,2024-06-14 07:46:00
7027,837,remove_from_cart,profile,91,d65b842b-2ca1-424e-8ec5-fc483fd3641d,2024-03-04 01:29:00
7028,792,remove_from_cart,cart,29,ced5b84a-c3bd-4e1f-8e7c-28a14a651046,2024-01-28 06:52:00
7029,655,add_to_cart,home,71,8b62774f-9132-48dc-81d0-565488ff7b41,2024-02-28 23:16:00
7030,32,page_view,search,36,41d688bf-e1a7-4d4e-8a68-637244244552,2024-02-26 17:25:00
7031,725,remove_from_cart,product,19,ec30a359-7ae6-4d0a-8330-47e3724d686d,2024-04-12 11:37:00
7032,438,page_view,cart,27,fa3f9835-84a4-42a4-a4b4-bbb331cd5b34,2024-12-21 21:55:00
7033,711,search,checkout,99,296fb489-bf3b-4c61-91d8-ec295e1ffff9,2024-12-19 05:19:00
7034,827,search,search,63,3d1f3d03-5457-4562-a5b2-93b872b0cfed,2024-06-14 09:51:00
7035,528,add_to_cart,search,38,ee1df45e-e583-4124-8ce4-8ab46e579b8e,2024-09-22 14:07:00
7036,157,purchase,product,37,dd328262-8c74-4eb5-80a2-3b9664525b22,2024-03-21 13:59:00
7037,470,add_to_cart,cart,28,4740ac3c-a147-49fd-a66e-215508c91aeb,2024-09-01 02:42:00
7038,299,page_view,search,24,d0addb06-d4f4-44fc-be0f-0dd9df4d6f9b,2024-10-11 22:26:00
7039,968,purchase,product,88,e5d4b6ce-170a-4cc6-8a4e-2c9f47f67ef1,2024-02-17 17:54:00
7040,607,add_to_cart,search,1,110584e7-e43b-4976-b6bf-73296e930947,2024-02-23 10:49:00
7041,257,remove_from_cart,home,9,b967161b-163d-4124-830f-ba10127e0d93,2024-06-02 00:06:00
7042,340,add_to_cart,profile,94,82b60dfd-2c7d-4b00-979f-4a66c3da906d,2024-06-16 22:03:00
7043,219,page_view,profile,7,d9f39dd3-94b8-4f71-9231-a22bf3c77305,2024-07-22 20:16:00
7044,887,purchase,cart,90,b7e21625-11bf-4221-83d7-cc3f740727d2,2024-02-21 15:54:00
7045,255,page_view,profile,26,0b249155-d426-41ca-9d8a-adc8d9835b38,2024-06-24 17:02:00
7046,613,search,cart,91,8aa69f59-16b6-4caa-b10a-c84873ced383,2024-12-19 10:49:00
7047,716,purchase,checkout,82,3704bb2a-c921-4e9b-93b3-9c73ca7bbed2,2024-03-24 23:24:00
7048,542,page_view,home,89,55f54d2e-c602-41c6-9ac7-0324a07ac022,2024-02-20 00:18:00
7049,74,remove_from_cart,cart,90,a5d4b937-4e91-4c80-b082-286b5ef4933b,2024-02-09 14:57:00
7050,313,search,home,53,bb691591-a1d7-4cb4-afa2-5cfd75ba96dd,2024-05-14 21:27:00
7051,206,remove_from_cart,profile,94,51903b89-b432-4635-9c61-ef64aed8611e,2024-02-13 02:18:00
7052,743,page_view,home,77,036c81cf-6939-422f-a2ae-dbd84674ac06,2024-01-27 16:53:00
7053,312,search,cart,28,941342db-abd1-4421-b888-a6774c1f9237,2024-11-14 07:04:00
7054,222,search,search,41,51a317fd-2a3d-4c91-a96d-0c7995f4c96e,2024-07-09 14:05:00
7055,697,purchase,profile,77,36002cf3-862f-44af-84e1-6526eda6c3c2,2024-12-22 09:15:00
7056,422,remove_from_cart,cart,29,240e3332-05e6-401f-ad86-b60f9f91c01d,2024-03-11 07:09:00
7057,455,add_to_cart,product,59,733d47ac-1bad-4051-a5a6-0f63ebe4173f,2024-11-03 03:33:00
7058,12,add_to_cart,cart,6,39c0560f-6190-47b2-b4a9-4b9972396668,2024-11-18 04:46:00
7059,683,add_to_cart,checkout,51,7861620c-a184-460e-85b1-d347ec96b157,2024-07-05 04:34:00
7060,667,add_to_cart,checkout,37,009bf4e1-4972-4c93-827f-b6b8269f4709,2024-10-06 03:15:00
7061,675,page_view,product,19,419b92a8-187d-459e-8107-94b3eab703ee,2024-05-10 06:00:00
7062,771,remove_from_cart,search,90,a66fb590-8987-40af-aedd-cdd0c088ed77,2024-11-23 12:32:00
7063,321,purchase,profile,39,9737d1cf-f36b-4ece-89d4-a3da9adf7223,2024-11-18 09:42:00
7064,728,page_view,profile,25,d944cb26-d0ef-4c3a-a4d1-c58498d9f633,2024-03-07 05:46:00
7065,986,page_view,checkout,10,9ffa67ae-75a0-4984-bf66-7a3b9a6d8310,2024-01-21 17:49:00
7066,260,add_to_cart,cart,49,8692f05d-af3d-4b03-88b9-ba5004efc132,2024-07-02 17:37:00
7067,960,add_to_cart,search,37,f7607580-a8cb-4b80-874e-ed23552787da,2024-09-14 16:45:00
7068,119,remove_from_cart,search,8,05b970ac-0afd-48a7-8357-3cf27a6d99b4,2024-08-11 23:04:00
7069,593,add_to_cart,search,93,922a81cc-668c-408b-91c9-40d33882485d,2024-03-20 05:04:00
7070,996,remove_from_cart,product,51,e8c9aa8a-90fe-4d33-94b1-e3abdb06c63b,2024-06-06 16:17:00
7071,709,purchase,profile,98,8ad1d836-17eb-4f56-8384-f4b56b02ff25,2024-08-02 08:04:00
7072,477,add_to_cart,home,35,b26a3baa-7f0a-4567-a3de-7e9801fbe5dd,2024-02-19 01:32:00
7073,641,search,profile,63,e133218f-dad2-401a-99c1-fdc628684f3f,2024-10-02 07:59:00
7074,314,purchase,home,71,7d75e4c1-d3aa-4d67-a5bb-4742ab64f616,2024-09-17 09:22:00
7075,188,remove_from_cart,product,37,3c8852eb-9f32-4c38-ab8c-e8bbcfdad899,2024-12-15 21:20:00
7076,815,add_to_cart,cart,30,36d0f55e-299e-4865-859d-4b23112ba723,2024-07-24 16:00:00
7077,83,purchase,home,71,0251bbcb-dfb2-4705-87fe-7e17c5325efe,2024-04-15 17:29:00
7078,907,search,checkout,97,1566b147-d77f-4534-9737-7977e7a0c4ae,2024-01-05 01:51:00
7079,280,page_view,search,43,f8d50b29-1c1a-4fa8-bf60-f6bdb7039b97,2024-04-09 05:07:00
7080,758,purchase,cart,60,b0fffc3b-d87b-49fb-99be-b52f02d55be9,2024-07-02 02:18:00
7081,841,purchase,search,48,f6e67d26-82a8-4f56-91a7-2e88c3022d66,2024-05-21 12:00:00
7082,508,purchase,profile,96,90247cb3-60a4-4512-8975-0aac534f6117,2024-09-29 04:12:00
7083,108,remove_from_cart,cart,58,a3a01ae5-3dbc-4252-b115-94f3a85840bc,2024-08-10 03:07:00
7084,55,add_to_cart,product,46,4c96f134-e169-45db-aceb-d723b1877dfc,2024-02-13 09:18:00
7085,415,remove_from_cart,search,39,27870452-7f24-45b2-965a-3fb08a7f40cf,2024-02-14 07:54:00
7086,764,add_to_cart,checkout,78,b16ebcbe-1e79-44c6-9b16-0c69f66716fc,2024-08-19 20:04:00
7087,496,search,product,23,ef72233b-87a4-4ce1-8e2b-fed65eacf77a,2024-10-02 11:32:00
7088,416,remove_from_cart,product,63,be8dfe14-19d6-4e9d-badc-095b4a2c0913,2024-02-04 20:20:00
7089,848,purchase,home,15,0890c99b-936a-4898-9235-de928f14b4dc,2024-07-13 20:15:00
7090,620,remove_from_cart,product,51,378e6fd0-057e-4c72-9485-b4730f8ca1d6,2024-07-26 10:06:00
7091,82,add_to_cart,profile,17,f0ea129a-0241-46a3-a0a3-bbfbaceaf190,2024-08-29 09:28:00
7092,211,page_view,search,68,53f2fcf0-6e78-4775-9fa5-5b9e8ae280be,2024-09-04 09:01:00
7093,410,add_to_cart,home,45,caa6bb95-7ba6-4698-9681-9ae81dc6be4e,2024-03-09 21:31:00
7094,981,add_to_cart,profile,70,b5779262-2c98-466a-b52e-e8a6507e831a,2024-02-14 17:54:00
7095,371,remove_from_cart,checkout,73,c10dec40-b6e9-432a-9475-9b2c1c95ba7c,2024-06-20 09:23:00
7096,461,page_view,checkout,47,fcbdd9d2-c6b9-48fd-b531-eb1900813ce5,2024-03-27 12:05:00
7097,877,remove_from_cart,product,24,4a10bf34-bfae-48b0-a417-e0b28b6bb3c1,2024-01-21 14:38:00
7098,515,add_to_cart,checkout,29,fbeae7e3-75f6-49cb-a138-244877906c49,2024-01-18 14:55:00
7099,156,add_to_cart,profile,5,f2668461-27c5-4931-9784-9af4b3a9ce5d,2024-08-21 00:22:00
7100,205,remove_from_cart,product,1,96257ab1-7b76-43ed-93da-ff021d3ef765,2024-12-21 04:27:00
7101,816,add_to_cart,cart,81,cda98baf-772f-4eae-b901-42ca49322f1f,2024-11-11 12:52:00
7102,43,purchase,home,88,d54d0a94-9149-4b8a-b1c5-931fe97a55f5,2024-09-22 20:21:00
7103,102,search,cart,82,4904221f-60d3-4117-a4ee-8f4999da6438,2024-02-11 05:05:00
7104,781,page_view,product,16,d68c9f89-bc48-4325-8008-fccac92f4d2a,2024-06-10 10:13:00
7105,567,add_to_cart,home,49,e5f3a7a5-52d4-45f4-88fa-da62d2fefcaf,2024-03-01 11:15:00
7106,787,search,home,67,9922efe2-0b5b-40d1-bae9-d11b80dabd99,2024-04-13 01:58:00
7107,167,add_to_cart,product,57,1011d1a5-71b9-4b3d-a2c0-23ec5a163ec5,2024-12-18 15:38:00
7108,420,remove_from_cart,cart,26,65cefc20-eb4c-498a-bc6b-fb704497b497,2024-11-14 21:40:00
7109,811,page_view,product,1,f8864d05-3803-4d9f-a2c1-eb8c0b1ec0be,2024-10-27 23:41:00
7110,994,add_to_cart,product,87,35fc3692-8cd6-42e7-be28-ed74dc4e4251,2024-08-18 03:31:00
7111,854,page_view,product,47,2ffb0851-8baa-4bff-8a44-1125c65b35bd,2024-05-24 16:00:00
7112,495,page_view,search,80,130658e5-e37e-4455-b4be-768d7a25124c,2024-10-30 07:07:00
7113,636,purchase,cart,8,6c3eb99a-88f8-4d33-a80a-02f06af856f5,2024-09-02 12:01:00
7114,77,remove_from_cart,profile,6,c0115974-e791-452f-8b6b-a9accb7ef2c4,2024-01-12 09:48:00
7115,746,add_to_cart,search,47,de0c4428-0c6a-488b-b43d-cd79fef36ff8,2024-12-29 05:33:00
7116,430,search,home,34,62bee425-07cc-45a7-af99-001ae331d224,2024-02-26 06:57:00
7117,139,purchase,home,39,1d01bf95-0565-4791-8bb0-87ffa3eb1821,2024-05-05 19:06:00
7118,449,search,search,25,99b3dd36-3188-4bea-bb2e-31659b1e0568,2024-01-20 06:08:00
7119,213,page_view,home,7,231f4109-8539-44ef-a8ba-6d817f92d188,2024-11-15 06:32:00
7120,858,purchase,search,72,4ea903b7-14aa-4398-94c9-f633209d2a37,2024-02-15 05:45:00
7121,586,remove_from_cart,checkout,41,2960b666-812a-4749-b69c-caf8fb6fb08a,2024-12-18 12:12:00
7122,374,search,checkout,20,53739ff3-4346-4bf1-98a2-5bfced3895ba,2024-10-23 06:43:00
7123,73,add_to_cart,profile,25,7045f672-aa77-4220-a970-b93fa9bed7b3,2024-08-04 16:37:00
7124,878,add_to_cart,search,62,136c8e7f-84dc-4c93-ba38-5efe0a1cbf17,2024-11-28 10:27:00
7125,599,search,search,52,4161bc4f-1479-46c4-8db8-ca4b5a91aa99,2024-05-25 15:47:00
7126,75,remove_from_cart,profile,77,394f0520-9f3c-4d07-85dd-86c94c2e7a7d,2024-05-10 19:28:00
7127,287,purchase,search,96,0799ebcc-2725-4386-b228-23eb15dca5c5,2024-03-25 07:52:00
7128,469,purchase,home,12,14cb77aa-a888-4a64-9a00-d57cc77cbf38,2024-09-11 19:54:00
7129,314,add_to_cart,cart,29,d493efed-b298-43fc-873d-58284f00017a,2024-04-17 15:34:00
7130,914,page_view,cart,69,b1167e5e-4bbc-4f7b-88b2-3b05ba3b8238,2024-10-25 00:28:00
7131,703,add_to_cart,search,99,841457a4-f299-4733-aed1-b90f72e075f1,2024-04-17 03:46:00
7132,151,add_to_cart,search,98,4f8d849e-4bfb-42a5-a0d8-5888c66c4952,2024-07-15 17:13:00
7133,323,page_view,product,1,843adc35-922b-4c88-98a5-3885fda8f031,2024-11-26 08:55:00
7134,758,add_to_cart,cart,54,84175025-034b-477b-a364-b813a4c77c0d,2024-05-04 09:19:00
7135,197,page_view,product,16,fbe84039-fd8e-45a8-8239-13f5aac40146,2024-12-26 13:58:00
7136,722,search,home,76,ae94b189-dea8-4441-be29-8bc06e9d7d2e,2024-01-31 14:37:00
7137,202,search,profile,50,1ae76389-771e-47cc-948e-bcff437cbdf7,2024-10-15 20:01:00
7138,907,purchase,profile,82,567ddfb9-c819-42f8-9190-068d77123093,2024-10-05 21:59:00
7139,158,search,checkout,3,2ff0e571-79d7-4693-a7fd-5ff2439c0d76,2024-01-09 22:30:00
7140,403,add_to_cart,cart,74,44d69a99-235e-4244-b431-fb402bcba097,2024-11-08 13:11:00
7141,923,page_view,cart,77,39187aad-ab82-4e57-9eb5-aeb572f239a7,2024-04-02 12:59:00
7142,82,remove_from_cart,product,46,42a817a5-9070-4ab9-81a4-940438e6c2e6,2024-02-02 19:18:00
7143,666,search,checkout,89,ea97ba6c-b697-4e7f-8a5d-f3c84c763ecf,2024-09-09 10:56:00
7144,991,purchase,profile,87,939d8b90-73df-461d-a826-403414b15b72,2024-10-03 06:25:00
7145,211,add_to_cart,product,11,bcc9f898-f4ca-48b5-8c52-f6e23e4bf43f,2024-10-31 22:43:00
7146,256,add_to_cart,product,70,0e10033d-6f92-4873-9525-aa9a8b175cff,2024-03-30 21:19:00
7147,390,purchase,home,78,6a1a7afa-b7fd-41ca-b2fe-d7d37522b3cb,2024-04-08 15:57:00
7148,250,add_to_cart,search,21,189e87ca-ea00-431b-8127-cf992eb679f4,2024-01-31 21:57:00
7149,912,page_view,cart,45,20c3c107-7e86-4242-aac3-fddca6bedc77,2024-12-19 01:27:00
7150,511,remove_from_cart,profile,22,01ce550f-008d-4f9b-a3ee-743e59f5a98b,2024-01-10 03:45:00
7151,807,search,checkout,5,6190673a-8625-41c8-8bcf-cba43381a6bb,2024-05-02 20:09:00
7152,117,remove_from_cart,cart,95,80ab5392-7df3-47b6-8e59-08a18f8100bf,2024-07-24 10:16:00
7153,290,search,search,68,ee87003f-570d-445d-b642-ece25f49afd8,2024-12-29 12:37:00
7154,35,purchase,cart,22,98060986-cff6-498b-8b28-9198982b2026,2024-03-26 15:10:00
7155,59,remove_from_cart,product,68,f54dde5f-6fd3-449c-bf80-f1128116876b,2024-12-06 02:18:00
7156,92,add_to_cart,home,36,6e25cff2-a942-4ed3-a069-69047b8269ea,2024-07-05 10:26:00
7157,427,remove_from_cart,cart,93,4b9eb25a-bf3a-4101-a4be-c96b3beaadd4,2024-07-04 15:42:00
7158,470,add_to_cart,home,1,9bb2b9c9-b25c-477a-afd7-9b4018e3a8e7,2024-10-11 00:53:00
7159,383,page_view,profile,66,d9ac5e9a-5209-443c-b9a1-689ea143d87c,2024-01-23 08:22:00
7160,549,search,cart,36,0fe224da-f4a5-430b-9f87-3b8d7c54c8cc,2024-03-19 16:21:00
7161,187,add_to_cart,home,42,71dcd8f8-b7ce-4144-a050-f32e23f9cb1c,2024-10-02 18:38:00
7162,534,add_to_cart,profile,17,c74cdd35-59ff-4059-96e8-853af9aa2837,2024-03-14 09:55:00
7163,168,search,cart,76,c09e2ba8-db91-40a7-b513-a30cf0fa144f,2024-08-13 06:34:00
7164,400,purchase,checkout,9,ba6f37b9-5cf6-433f-aacf-857c35692556,2024-07-31 00:04:00
7165,878,page_view,checkout,80,fdbfe45c-04c5-475e-b970-6189a5be46e9,2024-06-08 21:46:00
7166,353,page_view,search,83,84a1ab10-595f-4dba-9f19-3ed6928edf19,2024-10-06 11:16:00
7167,941,search,search,12,7c768917-16a7-4970-80fa-dc088c8811b8,2024-07-03 15:39:00
7168,751,remove_from_cart,checkout,9,7356834b-3712-4f31-bfd9-01a1edef29e8,2024-10-18 10:56:00
7169,973,purchase,product,14,3e924154-724c-430f-bf34-64135d02afa7,2024-12-22 15:54:00
7170,532,search,cart,1,ce385156-a017-4060-bde5-8f10fdb917af,2024-03-20 22:24:00
7171,709,purchase,profile,100,abb78151-ae83-41c0-bd1e-c21607e1b0ff,2024-09-07 21:25:00
7172,321,remove_from_cart,product,68,d7a0ac97-96ff-48dd-a40e-738a08b5119c,2024-09-15 10:12:00
7173,875,search,home,42,bf696ae7-3265-464e-9d6d-ecc8548e7145,2024-04-12 06:16:00
7174,219,add_to_cart,checkout,44,9f3860cb-6ea3-4f3c-898e-1b9de61d214d,2024-11-27 16:35:00
7175,192,purchase,checkout,65,bb1f74ff-43f8-4676-9564-00230c9ae67a,2024-09-30 03:59:00
7176,838,remove_from_cart,home,100,11305098-22f2-4a40-9e8f-bc75b373692c,2024-11-19 17:32:00
7177,364,page_view,home,22,db1f85e4-6563-4c65-9e1c-f06fdfd151d7,2024-11-03 19:39:00
7178,55,purchase,checkout,54,dc2c9be0-168a-4b75-bed4-1a3b58747a58,2024-06-30 17:08:00
7179,934,search,home,83,8d78de7d-0a31-473c-96eb-2444641d133a,2024-08-23 23:09:00
7180,512,add_to_cart,cart,70,744265a2-5afc-47b3-9031-d60a91dc3343,2024-08-08 14:19:00
7181,145,search,home,93,665a8fe8-b23a-4570-bc3a-7d9f09f972ba,2024-06-22 16:33:00
7182,446,search,home,43,257d8d9d-0b1c-47f2-ad3f-882be08a6bac,2024-01-17 06:00:00
7183,582,page_view,profile,31,8014c151-0178-4bfa-9cb0-359e9ba12aea,2024-08-28 02:46:00
7184,871,add_to_cart,search,31,aed4546d-4db4-4178-88fd-d308ec51646a,2024-09-09 19:02:00
7185,46,page_view,product,63,0bc1dbee-9b10-4e1e-a9bf-c0612c6f2ebe,2024-04-06 23:56:00
7186,440,add_to_cart,checkout,82,57703e95-c535-4228-891d-2b07d9212f5b,2024-10-30 07:21:00
7187,705,search,search,37,0347b3fb-0e39-48ff-bdac-faaf08f4a40a,2024-05-08 21:05:00
7188,266,add_to_cart,checkout,20,c403753f-dd48-4b67-8cea-08291a410dad,2024-06-21 19:32:00
7189,258,search,cart,100,844f22e1-e773-4001-b59f-b52b5ec4d3a9,2024-12-21 03:37:00
7190,144,add_to_cart,search,73,851090b5-9b3c-43d6-bbe5-230097e3533e,2024-03-13 17:42:00
7191,924,remove_from_cart,profile,5,22afda8e-6498-4ee3-8a9e-6565cc1d864b,2024-03-30 15:59:00
7192,282,search,cart,7,24d7f790-3c90-42f0-bc21-965e92976f81,2024-07-30 22:47:00
7193,33,purchase,checkout,100,a1c0397c-93b0-4c7f-bc82-e51db67a717a,2024-09-24 07:29:00
7194,834,page_view,product,80,7d72448d-0b92-4902-8efb-6c5cad4d3f22,2024-04-11 19:24:00
7195,732,search,checkout,93,6835962d-81d1-414f-8cb8-fb1b0b341622,2024-07-31 14:06:00
7196,179,add_to_cart,product,59,d57fdabc-4eb4-41ba-947e-61c57c41d7de,2024-04-25 18:08:00
7197,938,add_to_cart,home,27,a04c8ccc-cea7-44a4-ba28-468cd9efccd7,2024-11-22 01:29:00
7198,944,remove_from_cart,home,93,8335e3a1-645a-4a1c-a3e9-a18263579b04,2024-11-24 11:51:00
7199,740,purchase,home,18,5c046633-4492-4a3c-927b-3ad4b0fd7ac1,2024-08-04 13:02:00
7200,484,search,home,23,f07155a7-11c9-4c15-a8b9-3b5360e3facb,2024-11-11 16:02:00
7201,472,search,home,21,e91afa53-5c85-41d1-9a34-36c632310b64,2024-12-07 02:25:00
7202,26,remove_from_cart,profile,75,f489943e-0f04-4693-8f52-a310032f87b8,2024-01-20 03:50:00
7203,576,search,product,99,6fa8cc77-45d2-4278-aef3-9fcb5cacac3e,2024-08-02 10:03:00
7204,38,add_to_cart,search,73,849530bf-b239-4152-9c1d-2a91e2aff104,2024-02-03 11:24:00
7205,560,add_to_cart,cart,27,d13a1dc6-ab8b-46e7-88cc-50732a2902f6,2024-05-22 14:06:00
7206,830,page_view,product,41,242c6ee0-33ba-4df5-8f62-a152990852ad,2024-11-30 03:12:00
7207,605,remove_from_cart,profile,78,7dfdaf29-a1ba-46ed-a212-5ee069e1af83,2024-03-16 15:47:00
7208,807,remove_from_cart,checkout,71,4e2abc4d-af94-4478-a1bb-7c5f37eb2c9d,2024-02-19 13:09:00
7209,5,add_to_cart,checkout,67,654226da-295f-4fc0-af1c-0127f92a5c17,2024-09-14 22:13:00
7210,455,page_view,cart,62,9db5809d-f4f3-4228-865e-c686a32baf60,2024-02-17 08:01:00
7211,415,search,product,98,ebc23262-d9cd-40c4-b358-15329a9acf32,2024-06-01 15:07:00
7212,114,add_to_cart,product,44,1494c005-2fdc-49a3-a85e-690518372281,2024-02-19 14:14:00
7213,347,search,cart,63,059d26ba-e9f9-4b74-966f-638c107a7e85,2024-03-20 09:48:00
7214,988,remove_from_cart,search,25,58d1341b-63a6-4ce2-a4b5-4589709653f8,2024-08-21 12:41:00
7215,914,add_to_cart,home,93,f7ef4300-ee9d-4f88-b5f5-c86728f8a617,2024-04-13 02:03:00
7216,556,remove_from_cart,profile,45,6bd5214d-1d30-441e-b073-d2056b679efc,2024-08-08 01:19:00
7217,1000,search,search,11,7c92c72c-8e61-4114-b314-8e2e3e47204d,2024-09-09 12:22:00
7218,304,search,cart,9,e368a1cd-4986-4d62-974b-e4cbb2570d5c,2024-08-18 15:28:00
7219,379,search,product,30,38bfef1c-172f-43ac-8e58-54f3e0dc5ce9,2024-02-21 13:21:00
7220,971,search,checkout,35,e8885562-74c4-408c-8df3-0c368ceaa263,2024-08-23 01:52:00
7221,184,purchase,home,11,2161a79a-4799-49a5-91b8-e6534c94fe9b,2024-08-08 17:02:00
7222,985,remove_from_cart,checkout,35,69d92c45-d162-4bd7-ade5-e13965d47a56,2024-04-11 13:37:00
7223,658,remove_from_cart,profile,49,41c788bc-710f-4657-b7de-ea4316a7bb88,2024-10-13 01:23:00
7224,295,purchase,product,44,96b4fc09-e055-4337-94e7-a0ec491594e9,2024-12-27 08:50:00
7225,88,remove_from_cart,product,6,c8da1b65-5ca2-4b95-9fe1-8cd07b9267ea,2024-06-09 06:42:00
7226,541,purchase,product,62,eaa939d9-0bea-4856-85b0-7b76d3358590,2024-08-25 05:23:00
7227,223,search,profile,21,c553ef0b-ae8d-41f3-9de6-f6036912d507,2024-10-16 02:42:00
7228,312,purchase,search,55,78804643-fc99-464b-be3a-ccb52230c72a,2024-09-26 11:04:00
7229,145,purchase,checkout,29,de672c58-e24c-4884-b44f-faa60f3e2454,2024-10-28 00:46:00
7230,539,purchase,search,84,9f84e615-864b-4928-89b4-e07565b489a1,2024-05-11 21:14:00
7231,666,search,product,63,1f209e29-93d1-481c-86b5-a5c3a67c5d4d,2024-05-08 01:45:00
7232,161,remove_from_cart,profile,42,bc0431a8-8ea2-482c-96f7-5ab41d2e7b5a,2024-03-29 17:54:00
7233,278,page_view,profile,8,e1eda432-def0-4e4e-908b-06ea32453dfa,2024-04-23 20:23:00
7234,223,add_to_cart,cart,37,b9977982-b3de-4512-a8b3-82edf869432f,2024-06-12 14:26:00
7235,513,search,profile,32,4c60e18b-62d4-4e99-984c-351394d8e803,2024-04-17 10:05:00
7236,401,purchase,home,64,85ae510c-6e29-4ae2-87af-2ae9779c05b9,2024-09-02 06:33:00
7237,439,purchase,checkout,25,15ffbe59-6353-40a0-b387-6f1312df86c8,2024-08-25 16:34:00
7238,939,purchase,profile,91,52538f86-6d26-4dea-b126-77eab8a6e480,2024-10-05 22:57:00
7239,396,purchase,home,78,e7dfd87b-c123-4985-bcd5-c9dea7ea5b45,2024-08-21 03:46:00
7240,198,add_to_cart,home,78,56653a86-876c-408e-98c6-f3151cfc0288,2024-11-30 04:14:00
7241,791,add_to_cart,profile,53,5f500bca-b36e-4c53-a360-5330d813e3a0,2024-09-07 15:58:00
7242,178,add_to_cart,checkout,87,776b60e1-e260-45fd-9bb7-fed2378fdbbb,2024-07-24 15:09:00
7243,229,add_to_cart,product,22,9adce94c-ed2a-45b0-8f6a-db724628762d,2024-10-20 20:56:00
7244,7,purchase,cart,87,8368d162-7d5c-4966-b5df-873b44fbae0c,2024-08-09 16:07:00
7245,569,search,home,73,aca04623-de83-4ec9-8d3f-41db7697c679,2024-06-30 10:55:00
7246,483,purchase,cart,34,a9c3cc2a-3ed3-44d6-a0e8-6378d2b120c9,2024-08-14 12:44:00
7247,619,purchase,home,96,eb1a0a40-4a40-4978-9278-8e5e7978868e,2024-11-15 01:06:00
7248,427,search,product,10,1d1ca875-87e5-46da-93e6-5d897d03c379,2024-01-13 19:41:00
7249,551,add_to_cart,profile,8,6ff46ddb-5ebc-45dd-83d5-5d596bdcf94c,2024-11-01 04:18:00
7250,880,remove_from_cart,home,1,4631af11-fe1b-499c-8b50-90a8428cf128,2024-06-06 19:25:00
7251,545,purchase,profile,95,e2c07634-cd96-4675-ad47-beb6c6685069,2024-01-27 16:36:00
7252,235,purchase,profile,13,0a006603-1076-4603-8df3-7a2e769ad6b0,2024-07-20 04:10:00
7253,169,purchase,profile,7,cf1eb8fd-cd69-4661-9118-0c7550352c85,2024-01-24 23:11:00
7254,414,page_view,checkout,56,74de627d-0188-4938-af99-4b30bd68bd96,2024-10-19 11:13:00
7255,781,remove_from_cart,product,24,209a2e4d-430f-469a-a4b0-0246e61ca235,2024-11-14 10:03:00
7256,735,purchase,profile,34,21ac80f1-da9f-4140-9d9f-86e7328eff5a,2024-07-19 00:01:00
7257,832,page_view,cart,46,3a767660-bd31-4e9c-a768-9406965b8a2e,2024-03-01 12:27:00
7258,8,purchase,product,69,ba844c3c-a7df-47c1-9090-4c713fb5b991,2024-10-17 21:34:00
7259,896,purchase,cart,66,0ab97e4b-5046-40a2-b200-90caf45e1723,2024-04-26 01:37:00
7260,528,add_to_cart,checkout,54,cb669b7e-3713-4285-be36-9213e6f5f3ae,2024-12-01 09:56:00
7261,890,page_view,checkout,48,cc873c4a-fae2-440e-a263-15a452d7500d,2024-01-09 15:45:00
7262,960,purchase,cart,51,0a1ea701-3b69-4b07-aacf-de75c4a2fcf8,2024-09-03 07:34:00
7263,985,remove_from_cart,checkout,48,8ce9fdd1-8834-4776-93a5-cfd2ca05f8a5,2024-02-03 14:05:00
7264,991,remove_from_cart,cart,22,d65f9cc5-2afe-4c80-b238-cfe12748404a,2024-03-26 09:04:00
7265,836,remove_from_cart,profile,86,0842df25-4ff0-4ca9-9a48-25004d7136ba,2024-10-28 03:41:00
7266,739,page_view,search,3,15d6280a-dc9f-4c1b-9cf8-b6c06bd2a1a2,2024-11-17 10:55:00
7267,218,search,home,37,c5349ab2-9536-4fe3-8ca1-adf6ce41a85b,2024-01-22 01:57:00
7268,275,remove_from_cart,cart,14,9d96c045-4845-48d8-913f-017407ed6d4e,2024-10-10 03:50:00
7269,951,purchase,checkout,73,7521231e-7b06-4feb-af2c-5a1027a57202,2024-04-27 10:03:00
7270,568,add_to_cart,profile,61,7be93d4c-ea14-40a9-bcc4-4dd7e435c721,2024-11-20 01:03:00
7271,805,purchase,cart,66,df6a5687-d9af-4551-920d-69002dde9a68,2024-08-04 22:32:00
7272,697,search,product,27,83e1fd39-4b72-42e2-9cf1-f970d00e39e7,2024-04-25 15:38:00
7273,146,page_view,checkout,26,cf214403-0acd-4568-81aa-285c61400549,2024-10-02 00:30:00
7274,830,purchase,search,53,29b280da-7a2a-4ae6-912a-d84b5570e1e0,2024-11-15 15:09:00
7275,612,page_view,home,49,b99edfb1-5d0c-4b33-b712-5857aae7b1b7,2024-05-18 07:43:00
7276,655,search,profile,40,937483a5-a269-41ae-a729-bd3d2c14d5a0,2024-03-20 16:09:00
7277,255,search,checkout,30,6d179c81-e257-444a-a03e-03bab647c9fd,2024-10-27 03:25:00
7278,889,add_to_cart,search,66,968c4d6e-40bc-46f3-9cb8-b2fd744e94c4,2024-09-15 20:32:00
7279,453,page_view,cart,17,29b78e84-e906-44ca-91ce-02e2af25c8f8,2024-09-01 12:32:00
7280,204,purchase,profile,32,ee6a4e68-b6fd-4c69-a3cd-307c36d6fe39,2024-06-18 08:52:00
7281,530,purchase,checkout,74,d1c5f10d-17e4-4adf-9525-230609189241,2024-02-18 09:50:00
7282,137,remove_from_cart,cart,40,d28ff927-9034-416e-880e-8bda155a2821,2024-03-13 10:41:00
7283,807,remove_from_cart,cart,87,82e7b149-cf80-484f-932b-028135be1885,2024-11-02 18:09:00
7284,811,search,cart,87,285b3524-1092-4737-a8b0-01df63740010,2024-05-01 06:54:00
7285,692,search,checkout,52,4dfccf3f-66cc-49bd-b70c-a2ca0b48c993,2024-06-14 20:56:00
7286,491,remove_from_cart,search,19,025901f7-a8bf-496a-abb5-c9303a84a5c0,2024-05-11 00:35:00
7287,234,remove_from_cart,home,46,10785ce8-10b6-46c9-a0a7-35500d07e98d,2024-09-18 22:21:00
7288,576,add_to_cart,search,25,9f944899-6e4c-41c5-b7e0-45fd61bc91de,2024-07-18 12:03:00
7289,340,remove_from_cart,profile,82,38240db5-c6ff-4d4b-acda-f97aa99efb38,2024-04-08 14:46:00
7290,525,add_to_cart,search,14,89641757-1a76-4a44-826a-1fb5e5694b77,2024-06-16 18:22:00
7291,17,purchase,profile,13,ada65558-9111-4c02-b67c-ec96d064a4ec,2024-08-05 04:29:00
7292,516,remove_from_cart,cart,63,2b080c08-a496-4ae9-a0f0-e7250430e0a9,2024-05-18 04:36:00
7293,44,remove_from_cart,checkout,68,0e81e2b4-dfde-4c41-9654-a138b67f0f73,2024-10-24 11:41:00
7294,529,remove_from_cart,product,98,15d9501e-3ab2-4919-a8bd-e2eda06762df,2024-11-12 10:58:00
7295,183,remove_from_cart,search,53,d9237dcc-d9b8-4b7a-a981-9479c4d1d8d1,2024-08-22 05:24:00
7296,600,purchase,home,77,de59446c-5cb0-4f3f-825a-20d257f42130,2024-11-18 03:53:00
7297,181,add_to_cart,search,2,1bbfa0e4-c999-4fcc-8040-56dec225a068,2024-06-19 01:33:00
7298,796,add_to_cart,product,41,c9d5530d-67ca-42e2-ba7d-48057314c912,2024-01-09 09:10:00
7299,357,search,profile,46,aab022ed-1ea8-4ab5-ad78-061fb8fc7b6f,2024-12-23 06:40:00
7300,984,search,profile,51,e14d33f7-7165-49d9-a7a0-4fae02fed049,2024-09-15 06:21:00
7301,125,page_view,search,8,1255b99d-2a4c-487e-857f-f924a73bacf9,2024-04-14 20:22:00
7302,828,search,product,58,0b759470-3e8c-4eb4-8d97-9607697406a9,2024-12-26 11:25:00
7303,243,search,search,45,803860fb-0b53-49b0-91bd-911e56246a7d,2024-07-18 17:22:00
7304,247,page_view,profile,78,32470b0d-9fdc-4ec7-a3a1-f644f46d1433,2024-12-19 07:51:00
7305,356,remove_from_cart,profile,55,9be6b270-d60d-46a3-b4f3-41679da909e5,2024-12-01 09:47:00
7306,832,add_to_cart,search,18,d932362a-3919-4a97-a1c4-f1df4a91602a,2024-08-30 21:29:00
7307,547,add_to_cart,product,52,1c6257cd-bc39-4ef5-9cb6-5c1e72cfd2ed,2024-10-10 02:57:00
7308,951,add_to_cart,home,35,815437c6-b5a6-4378-9d32-a3f001abb09f,2024-05-04 09:08:00
7309,3,remove_from_cart,product,40,d9a184f6-84bc-4de3-a902-4858c4b1a10e,2024-11-11 07:46:00
7310,623,purchase,checkout,68,17028d1b-c169-482a-b27d-911f98e02b22,2024-05-13 21:56:00
7311,677,search,cart,79,2005e8b6-5ede-4d32-88c3-d4de111f1f68,2024-01-14 01:56:00
7312,985,page_view,checkout,87,280d34a4-f77b-4801-a7d9-9067c546327d,2024-01-22 20:54:00
7313,199,add_to_cart,profile,24,1ced6a2c-daee-433f-b96e-aa52fa71e63e,2024-11-08 12:37:00
7314,573,search,product,100,dc3aa52d-521c-4aa8-8114-4d2327919c6b,2024-02-28 22:53:00
7315,976,remove_from_cart,cart,49,88ffe2ee-6efb-4452-ad11-25e4b2b22f4b,2024-12-22 13:09:00
7316,330,add_to_cart,search,23,4b4941b0-0d17-41f8-88f9-8455acd7ed00,2024-11-20 11:06:00
7317,648,purchase,cart,96,1f08a85d-1f4e-48ba-be2b-2b50a260bc1b,2024-07-14 23:54:00
7318,919,remove_from_cart,product,83,d1de0496-c5fd-44ae-bf4b-b2bee30f55bf,2024-01-01 02:39:00
7319,938,add_to_cart,search,39,0eb25c8e-e525-4581-be76-44e8e07bf6b5,2024-12-11 08:01:00
7320,927,remove_from_cart,checkout,91,df7c2804-a71c-433d-9b08-3c71070944de,2024-08-19 22:22:00
7321,92,remove_from_cart,product,92,29f83ec5-5c66-4f12-b4ed-49f37fbfb62a,2024-06-09 13:24:00
7322,185,search,search,41,cc7560cf-f0a3-4d48-88f4-09dea6553fc6,2024-03-19 11:14:00
7323,788,page_view,product,12,c1cdf378-c79a-4255-aeed-27e21572e739,2024-07-27 15:12:00
7324,546,page_view,cart,58,c638cdc1-23df-4c0e-820a-86167085d55d,2024-07-29 14:53:00
7325,756,purchase,search,84,b0cc06b1-0f79-4f86-a4cb-5c7cc3ca4da6,2024-05-05 19:03:00
7326,88,search,product,90,99b46102-2d86-4512-bbae-4ab3a7e6b056,2024-09-27 09:47:00
7327,287,page_view,product,89,5ea0432f-93ad-4f83-8648-5bc77ce54737,2024-11-15 01:06:00
7328,53,add_to_cart,profile,38,2b982cb1-9acd-4691-a232-d587d5279887,2024-11-10 01:11:00
7329,184,remove_from_cart,cart,77,8b3c8333-3f58-4dc9-9827-a69cae1154c1,2024-01-29 23:25:00
7330,69,search,search,91,e280ebb2-c823-4248-919e-21bfde9256ed,2024-08-30 04:08:00
7331,220,remove_from_cart,profile,30,0bf2470a-9b34-482e-86f6-be959d434025,2024-01-25 07:14:00
7332,421,purchase,search,71,4db45619-03bc-4b1a-85c8-417c288acfda,2024-05-05 05:32:00
7333,689,search,home,50,24e13f7f-2b9c-4987-b175-1ab716b05fe6,2024-08-01 02:08:00
7334,394,search,home,15,c15711dc-68dc-460f-967a-dea37f25573b,2024-11-17 23:34:00
7335,188,remove_from_cart,search,90,6c596bf4-85c5-4aa4-993f-b302fc3067a0,2024-04-08 23:09:00
7336,564,add_to_cart,product,43,a203526e-32ef-4dc2-88ee-a87fcfafddf9,2024-06-13 14:41:00
7337,932,remove_from_cart,cart,40,a2232581-7e35-4989-991f-5eee5d642ade,2024-06-20 20:26:00
7338,595,add_to_cart,cart,69,a357566a-082b-4597-87c8-14478813a4f9,2024-04-25 11:16:00
7339,80,page_view,profile,26,6dc1fca5-25b0-4142-9f34-ab3508bd5366,2024-03-25 23:27:00
7340,474,search,search,59,62750e8b-1e3c-48da-8ac8-c01e9030bf1c,2024-11-03 13:54:00
7341,976,purchase,home,16,068e22ab-49c4-444c-975c-3629ff0b1dff,2024-05-01 00:06:00
7342,828,remove_from_cart,cart,39,2383dd5a-6cc1-47dd-8fc8-6647851797a5,2024-05-28 03:56:00
7343,50,remove_from_cart,search,96,8eaff4f0-8185-455c-8cb5-2990e6fd34c9,2024-08-01 16:39:00
7344,953,page_view,checkout,29,b27d166b-5d23-4528-818a-14950f9b829f,2024-08-22 12:25:00
7345,72,remove_from_cart,cart,90,f086679d-364f-4f96-bf7a-44263c13676e,2024-09-28 18:03:00
7346,400,remove_from_cart,search,30,a746d05a-0ca0-442c-8bf2-958d7a063e71,2024-08-20 19:14:00
7347,857,page_view,home,28,d5239c66-b105-4c54-9413-237f92529d93,2024-12-16 21:06:00
7348,62,remove_from_cart,profile,59,fa311d12-275e-41f4-ac76-00b1f794a08e,2024-02-25 13:48:00
7349,986,search,profile,78,3dcd9be7-7276-4698-98a7-b025ae1ebcc0,2024-06-04 07:36:00
7350,908,page_view,profile,68,7d944614-8d86-4bdd-bfdc-40325654bb00,2024-06-16 12:35:00
7351,446,purchase,cart,84,982dcf40-5976-486c-9b36-cd25d9c687e9,2024-10-06 20:18:00
7352,460,remove_from_cart,search,51,9e171257-834e-4466-9110-70d2d95a86a2,2024-03-15 02:33:00
7353,504,remove_from_cart,cart,88,669dc9a7-74ad-4c37-a5e5-06e55482edae,2024-01-11 20:27:00
7354,771,remove_from_cart,checkout,1,73075fe9-601c-46ba-aedb-c250279ae794,2024-12-29 04:54:00
7355,158,remove_from_cart,cart,72,a6ce4413-d88b-4343-9fba-603b4582f05f,2024-06-25 04:29:00
7356,508,page_view,product,2,9a41d8db-aafe-4ae3-a1b0-adc904a624df,2024-11-28 11:58:00
7357,627,purchase,checkout,14,b7cfc2f4-3bf2-455b-ae94-3c143475aef7,2024-10-04 20:47:00
7358,39,page_view,cart,85,a9150e7b-7ea9-4665-9cb2-4be8a447b808,2024-07-10 03:58:00
7359,215,add_to_cart,cart,13,383f09a5-9bbc-4ecc-876b-f5024013729d,2024-03-27 06:46:00
7360,712,page_view,cart,7,51e97125-4899-4bd7-a678-111405cc7f49,2024-12-12 06:15:00
7361,486,purchase,checkout,86,d65438ad-e060-4b40-8d82-bd12ba483457,2024-12-16 08:56:00
7362,750,purchase,cart,56,23b22916-2980-45dc-8aab-388eb69a3038,2024-08-30 07:47:00
7363,531,search,checkout,93,d9eb1157-ce3e-4b0b-9481-5339a454d289,2024-01-11 00:03:00
7364,200,add_to_cart,home,49,9224455b-f223-4f37-ae6b-fda6267821bc,2024-07-21 07:04:00
7365,829,purchase,profile,60,9e63c9a6-6390-457b-b853-2a475e86be6d,2024-02-28 21:08:00
7366,807,add_to_cart,search,7,382a12da-98f8-4e11-977a-239843816530,2024-06-01 22:18:00
7367,129,remove_from_cart,home,49,7b2a63ea-9f82-4abb-965d-1e35f27d01a4,2024-08-03 01:48:00
7368,960,purchase,product,77,57852f40-d977-4c7a-bc92-8cc2c3af6645,2024-11-13 16:50:00
7369,604,remove_from_cart,cart,25,93125b81-1ee6-4fb0-8a58-2205c7231692,2024-05-26 10:31:00
7370,356,purchase,search,29,15483bc0-ebd4-4f35-896a-2052471f329c,2024-05-31 16:11:00
7371,664,add_to_cart,checkout,62,94b8cd9b-7233-4d12-979c-3556cb0d2ce1,2024-09-26 19:12:00
7372,265,search,cart,82,6ad4eb27-a8b4-4e69-8a07-984483110061,2024-04-27 06:56:00
7373,223,add_to_cart,checkout,19,65749833-1d2d-4d64-8b16-403e8f33fc12,2024-05-16 16:36:00
7374,53,page_view,home,13,87044b52-a35c-4b4a-8167-10715c22b71e,2024-10-31 00:36:00
7375,958,add_to_cart,search,61,5fbaeda9-88f2-4bcd-bb24-eca23466ca87,2024-11-28 13:43:00
7376,676,page_view,profile,85,08045c42-3373-4117-aa50-3dc28c4d9f43,2024-06-07 14:12:00
7377,971,add_to_cart,product,90,2615f911-d409-48f1-95ba-c3751c6eacbf,2024-03-05 01:42:00
7378,410,add_to_cart,profile,29,21bce96c-8148-4330-8804-2c0d6a2dab63,2024-10-20 19:23:00
7379,676,add_to_cart,cart,14,997efb25-e31d-4633-bc1c-c324649e1c1e,2024-01-04 07:50:00
7380,856,remove_from_cart,profile,46,0d086270-aa9c-4c7e-85da-1fd4b18c62d9,2024-06-27 22:46:00
7381,946,remove_from_cart,home,14,74fa18cd-ad1c-4228-a196-cacb99d82576,2024-05-14 10:13:00
7382,58,purchase,profile,97,ea8db46d-9153-46e6-b880-4b67e2da893c,2024-11-29 20:13:00
7383,772,page_view,home,23,cabe64f2-c965-4a90-9449-8f00653eac63,2024-03-09 18:00:00
7384,56,purchase,checkout,32,6e5ce154-3baa-4e9c-8bfa-7c609c26a548,2024-09-02 21:42:00
7385,818,purchase,cart,48,f84ded79-6e09-4075-bc96-02cc7317b21d,2024-07-07 01:48:00
7386,296,remove_from_cart,profile,51,9ec04810-176c-4c94-8014-4f8e46c1d429,2024-04-04 05:57:00
7387,841,page_view,profile,25,cd524e69-ee85-494a-a956-f1285ca5d946,2024-07-23 19:38:00
7388,964,search,cart,61,c1f815f3-7e45-483a-bde6-f5581890b381,2024-06-26 07:53:00
7389,529,page_view,profile,23,f91c629e-1ae7-48e0-b72d-8b0e8aaa3e89,2024-11-07 18:55:00
7390,974,search,home,93,acf9bd5f-d5db-4102-90d0-b2e64a31150f,2024-12-28 05:40:00
7391,23,add_to_cart,search,7,762689c3-05a4-4820-bd00-8c27bbcb6106,2024-03-23 02:14:00
7392,177,purchase,cart,91,183514e0-c3d8-44ae-8fe1-109960b58528,2024-01-04 02:46:00
7393,110,purchase,checkout,18,78329bd6-d21f-4a7a-9ae9-bef9e4568361,2024-09-20 19:49:00
7394,155,purchase,search,83,b88c4908-baec-4abb-9d66-b2cc71e1fc89,2024-12-16 07:45:00
7395,64,search,home,87,9f31ecd7-2a31-45f5-b29e-2bd55f6d2492,2024-07-02 10:22:00
7396,33,purchase,search,99,e227f502-033b-401d-870b-bc06c871583f,2024-08-05 03:50:00
7397,735,add_to_cart,profile,7,3e78d28f-9992-4bfd-9d23-0859d5cd4762,2024-09-28 10:32:00
7398,723,remove_from_cart,home,87,4e72df6f-2b6a-4ec6-af68-0f5c4968c07b,2024-01-28 03:43:00
7399,903,purchase,checkout,93,bd66b136-11bb-4ae9-8eaa-5cbac268cc32,2024-10-21 05:59:00
7400,34,search,search,96,dd572ec2-3217-4f02-ae37-79e80df9fde5,2024-01-23 14:10:00
7401,921,purchase,search,1,67cd17a2-5c67-4ba8-96d8-b3227c2f6aff,2024-11-15 23:00:00
7402,837,search,cart,19,f33bb11f-190c-4f1b-82dc-3f8380542ecc,2024-06-23 18:18:00
7403,421,add_to_cart,home,94,fe7d44c4-b0ad-492a-af3d-9c767b4b298a,2024-09-28 18:27:00
7404,313,purchase,search,49,82b15593-8b54-45ab-8d8f-a827377e4b1c,2024-04-04 09:54:00
7405,193,remove_from_cart,home,31,6108bf00-fe05-4bc5-8f4c-b649c020113b,2024-05-15 19:36:00
7406,621,add_to_cart,cart,46,7d8b0887-3c45-44c2-92af-112338b50956,2024-05-29 18:22:00
7407,585,remove_from_cart,product,72,edeb7fa0-6340-42aa-8ae9-a48e182917b5,2024-11-11 04:05:00
7408,441,purchase,product,17,ae72272c-d15d-4f9d-a507-96b6fc110cc5,2024-12-25 23:15:00
7409,312,page_view,product,71,c327b021-24e1-40be-809e-62cf7cca4b7d,2024-08-22 18:42:00
7410,370,purchase,product,55,a0c2e71b-3920-416d-b8a0-625022d36f8a,2024-05-02 20:53:00
7411,468,remove_from_cart,search,73,7859da95-9805-4b95-ad80-5ff8645e688d,2024-06-15 07:08:00
7412,277,purchase,checkout,71,5b8a5d81-e74e-44be-9c3d-c85d767a07c2,2024-10-28 12:31:00
7413,391,page_view,product,53,ed825eb4-54cd-4a46-aed5-e248668452a3,2024-02-12 14:14:00
7414,417,search,profile,53,c4efb838-a4b8-4227-bad2-1f88dbd3082f,2024-06-21 08:03:00
7415,646,add_to_cart,cart,56,4b9064fd-d1ed-423e-a1d9-5a699347fbf9,2024-09-20 14:48:00
7416,307,add_to_cart,search,10,f803ce66-b347-4668-bfbf-682cc3afd77c,2024-03-12 18:45:00
7417,785,add_to_cart,home,38,b39f24ca-1878-4c34-9ab0-f2cf85c6ca65,2024-04-11 02:05:00
7418,696,add_to_cart,home,12,3b3c2a0a-521d-4fb5-a26e-4924a72c745a,2024-03-15 02:50:00
7419,910,remove_from_cart,cart,6,b9414049-bb94-48aa-af69-3f52f2178ffc,2024-01-19 03:30:00
7420,648,search,product,18,26b9caff-c22a-478e-83b4-5eb64a63b9bf,2024-06-15 23:27:00
7421,424,remove_from_cart,home,68,da809747-8b3d-458e-8663-6d842533a239,2024-09-01 08:09:00
7422,618,remove_from_cart,profile,71,cee3db4d-9fc0-47f8-8adf-aaff5b7a37f2,2024-10-07 01:24:00
7423,288,page_view,checkout,67,2bbc8cce-1560-44fe-8fb8-8f160375c474,2024-06-16 17:00:00
7424,905,purchase,profile,77,cf985534-4a59-4426-a8ba-aa51ca810216,2024-10-14 08:15:00
7425,934,remove_from_cart,profile,76,569511a0-d2cd-41f0-8014-fa370d70dc97,2024-07-04 19:54:00
7426,496,search,cart,67,670d17d7-8493-423a-9470-1c4acb5b1ab6,2024-03-26 21:53:00
7427,247,add_to_cart,cart,61,5bb1773c-df78-4ca2-b7df-3d2a18812760,2024-02-05 02:59:00
7428,279,purchase,product,81,bd30b06c-ae5a-4d83-b0d8-f57e35dfcbe0,2024-08-16 15:09:00
7429,851,page_view,search,87,ba86a621-2e3c-4138-b329-faead58a6b75,2024-01-26 14:41:00
7430,606,remove_from_cart,search,26,beba03bf-647a-40ab-a199-b97f7c211bb3,2024-06-12 11:12:00
7431,560,page_view,home,51,d8e842ff-0299-4217-ad5b-97ba90125225,2024-08-08 12:05:00
7432,182,search,home,49,6b4898fd-dcbb-479c-a8e9-c25196f5086d,2024-05-21 03:14:00
7433,189,page_view,search,90,4a86a82e-3d81-4688-83b7-76897a778418,2024-12-14 12:13:00
7434,887,remove_from_cart,search,89,7e04e6f8-d0ff-44c4-80c5-e6e5cbaae2d8,2024-08-21 18:09:00
7435,853,page_view,product,80,857c3ca0-6fef-40cc-96be-44013bd8c2bb,2024-06-17 19:05:00
7436,977,purchase,home,30,cbe6c0c9-5eaf-4ca8-9d16-4cda28914b80,2024-10-17 19:35:00
7437,834,search,profile,70,de358abf-f340-4715-8d15-e38f1f8656ed,2024-10-31 00:23:00
7438,659,add_to_cart,home,44,386218ae-7b36-4cfc-b0c9-da652e801ceb,2024-03-09 11:46:00
7439,898,purchase,cart,15,1bafaee1-8062-4a2e-b66f-96776652227f,2024-11-09 05:09:00
7440,908,search,home,41,883f60e7-a755-4c91-8977-ea9487e83798,2024-04-10 08:40:00
7441,445,page_view,search,12,886fa133-8090-44c7-ba0a-923a1946470b,2024-10-31 17:53:00
7442,460,search,checkout,43,41c9118d-4571-4ac6-bb68-8086c751b893,2024-10-12 04:59:00
7443,823,purchase,product,43,e4ea2a84-b50c-4651-a021-c47cb3d1a183,2024-12-17 13:11:00
7444,210,add_to_cart,checkout,15,c82d4f88-8910-408e-9fd4-5db5853a1a38,2024-01-17 00:11:00
7445,481,page_view,product,16,731f90b2-9748-49c8-a912-d3dcd0ad7365,2024-12-19 09:48:00
7446,308,add_to_cart,cart,98,57999216-7970-4ccb-806a-6c6fb25c094c,2024-12-27 03:03:00
7447,757,page_view,profile,12,13c27296-a4a4-4c10-b497-91bb6dc69d67,2024-01-23 19:48:00
7448,10,page_view,cart,27,bb3b1bbd-8645-4377-89d1-2e9257c15812,2024-11-16 14:03:00
7449,823,search,search,86,5619ee58-2140-4f37-a647-08db3455902b,2024-07-14 21:59:00
7450,674,page_view,checkout,17,a09a6565-2751-4bf3-a9f3-a21baefd7f1d,2024-11-04 05:58:00
7451,793,search,search,28,0829ef2c-b1b6-4f84-9590-77a7a7906f3d,2024-03-11 04:41:00
7452,594,search,product,98,706ba609-4179-4e38-8137-d7fdd3adf7f2,2024-09-07 09:26:00
7453,80,add_to_cart,product,4,45125c7e-9f9f-4ce0-9385-0a67724ab3b1,2024-08-24 01:28:00
7454,210,page_view,search,63,409569e5-c019-44e2-93d9-38e71c798fc2,2024-02-03 15:20:00
7455,723,purchase,checkout,24,1adaafe5-9238-4c1d-8c41-24435e51a8bb,2024-09-20 06:28:00
7456,619,purchase,checkout,47,c606b508-936c-432f-9429-194de3234d7b,2024-07-14 12:14:00
7457,719,purchase,checkout,31,fc3dacc8-ab5f-4dc4-8b97-141d17f1722d,2024-08-18 06:49:00
7458,200,remove_from_cart,cart,60,0d694f79-1ce9-4e34-84fb-dd8d39fb3adb,2024-03-13 23:17:00
7459,32,page_view,search,77,3c77e4d1-391a-4ead-b71e-e82d7ba15a6d,2024-02-04 11:39:00
7460,728,search,home,2,995e235a-85eb-4cef-814d-4dca90e67dd6,2024-10-12 21:21:00
7461,426,search,search,49,10966898-b355-46a7-9f6a-d13409afc68b,2024-02-27 10:53:00
7462,956,remove_from_cart,cart,25,4825e7dd-4350-4e25-ac95-2149d47a609a,2024-06-10 02:47:00
7463,243,remove_from_cart,profile,94,4c71c799-9598-4ae0-9935-41a366326d5d,2024-10-19 05:55:00
7464,899,page_view,checkout,51,de21c4d8-b6ba-4334-ab15-93f7af7207ff,2024-07-31 15:38:00
7465,533,search,search,76,82fc36fd-a160-4d6e-8a10-96286a1a807d,2024-07-27 16:16:00
7466,137,purchase,cart,96,49879108-68ff-4f33-9b53-776ae5252828,2024-10-12 09:43:00
7467,647,purchase,checkout,82,8ae3cefd-3995-4cd5-96ec-869c4b08844d,2024-03-06 06:19:00
7468,273,search,checkout,24,249f02e3-8ca3-4471-bcc2-b0c2d562e948,2024-03-09 14:34:00
7469,483,purchase,home,99,8205e084-872c-4caa-bfb0-3943b832bb1a,2024-09-23 22:30:00
7470,8,remove_from_cart,checkout,4,386368f0-bff0-4eb0-ae88-f20084937aa3,2024-09-25 03:03:00
7471,594,page_view,product,39,00891150-e39b-4084-87c9-a944f76893b6,2024-04-11 09:09:00
7472,599,purchase,checkout,40,6e4863cd-3ef3-4ddd-9df3-85273cdd86dd,2024-04-18 03:09:00
7473,120,search,profile,70,7d49cab1-f15f-4b77-b9ed-867f69c90615,2024-06-14 03:33:00
7474,156,page_view,profile,85,87cb93f6-a24f-45c7-af15-ca0e7bb66d38,2024-07-25 08:49:00
7475,151,page_view,home,7,048e55d4-3328-4a57-b7bd-68b9c54dc55f,2024-11-05 00:37:00
7476,552,purchase,profile,87,3da8f4a6-fd99-4a52-b164-ebeb051cf11f,2024-10-02 12:50:00
7477,614,purchase,product,69,2f4d1f4f-01be-40ea-8b54-745d07eafdc5,2024-01-03 19:38:00
7478,378,purchase,search,88,13626d86-c5de-4df9-8ddc-0c86ec7b2a33,2024-02-28 23:51:00
7479,22,page_view,home,31,3897a67b-8c65-4aa9-80c1-65217a28e1e7,2024-07-08 07:57:00
7480,64,remove_from_cart,search,34,c8fb6922-dcc3-4ef6-a6ac-bb7824b706d6,2024-09-02 13:37:00
7481,511,add_to_cart,search,62,bb40f40c-2313-4e9e-8bd3-be68e9918475,2024-03-04 12:18:00
7482,497,search,profile,79,367a8879-de91-4c9f-94e8-1b806757edcb,2024-01-05 19:31:00
7483,292,add_to_cart,profile,91,83c9a6d5-ce24-461e-9cf0-e4df00c4ec44,2024-03-13 07:56:00
7484,370,page_view,product,73,95d42d00-34bf-4f5d-afd1-2550d4240b91,2024-03-02 06:40:00
7485,640,add_to_cart,profile,88,71d4d7cf-3024-4b9e-a2a3-4272414e3411,2024-02-01 05:51:00
7486,792,add_to_cart,search,21,960defc2-7fba-4a67-9a95-dc32dbcd6b76,2024-12-28 18:04:00
7487,305,search,checkout,60,1544b8c5-c7a6-4283-9725-7e84df48815f,2024-04-30 06:05:00
7488,43,purchase,home,2,fd60fa64-872f-4ab4-89ff-053db8717e3e,2024-10-25 12:09:00
7489,91,remove_from_cart,search,84,cd8b311e-2f69-4316-b04d-15117c235496,2024-11-23 08:48:00
7490,554,page_view,cart,67,7191c900-7c12-4046-98e1-0dcc34b2b6df,2024-08-10 22:43:00
7491,928,search,home,84,7a66f414-5e40-4e18-b012-9c553c748f66,2024-11-11 10:24:00
7492,247,search,product,82,684004b7-549e-4c2f-9c14-f0ce62621514,2024-09-14 20:26:00
7493,350,page_view,checkout,5,860aaeb0-7a65-4a6d-ba8c-5fa28eb4316f,2024-05-11 17:40:00
7494,414,search,home,21,a84130f6-9061-4bb5-8cf8-d675504b760b,2024-11-09 01:27:00
7495,338,search,product,70,b1fbcb54-8208-45d7-8902-28af844db538,2024-04-02 03:06:00
7496,958,add_to_cart,cart,80,cd6f4c2e-014f-439b-a363-50046a0ac938,2024-03-03 20:25:00
7497,108,add_to_cart,checkout,99,b4ca5a51-e5f8-4a12-918a-c778eeac971d,2024-06-26 15:00:00
7498,949,remove_from_cart,search,38,4a6840e6-84f5-4101-a0cb-13e7f94c3838,2024-12-22 17:10:00
7499,705,search,product,79,2137ec8f-42ed-4b60-8b29-13c79e8ad4a9,2024-09-24 08:29:00
7500,564,add_to_cart,cart,2,b37e6e55-477c-4752-951d-27651201f74f,2024-02-23 13:59:00
7501,601,add_to_cart,search,87,028dbedc-d7c9-48af-8386-3a696a50f461,2024-05-03 06:51:00
7502,664,purchase,home,42,be19e257-5f6e-47ab-b511-e3dc705fda77,2024-10-16 01:29:00
7503,185,purchase,checkout,83,3f76bfbe-e97c-45f1-9070-b68853282a0b,2024-11-27 22:42:00
7504,759,purchase,home,53,97a88722-ab30-4dac-9d6e-2bfa51800961,2024-03-10 21:53:00
7505,323,purchase,product,49,d178fb6a-a6c8-438b-935a-ef3b212bd6aa,2024-08-09 23:22:00
7506,492,search,home,50,6a8272ce-52dd-4f91-b41c-db3e6592568c,2024-07-07 14:50:00
7507,289,remove_from_cart,search,3,8fa0004b-9bee-4fdd-b1fb-5048e9eaa7e9,2024-03-15 16:41:00
7508,134,remove_from_cart,home,94,b72fb315-0c41-4516-911b-1dfcabe282b9,2024-11-20 04:43:00
7509,750,page_view,home,11,48ee03e8-961d-4794-871a-8a2ec265d0ae,2024-10-30 21:11:00
7510,196,purchase,home,20,f9ca7eb8-0a01-462e-8421-2d58cbbc4453,2024-08-03 12:36:00
7511,691,page_view,search,15,176800c7-55c7-4728-b853-dd499ab14417,2024-07-06 15:10:00
7512,400,remove_from_cart,product,85,db49ea14-eb07-493e-bf65-7f2de2903465,2024-11-23 23:50:00
7513,869,page_view,profile,27,f16ee746-499d-45e4-af5e-b8309a47454e,2024-08-10 11:43:00
7514,714,add_to_cart,profile,34,d646b438-a4fa-4566-8ac7-fdcc6a653303,2024-04-16 18:56:00
7515,305,add_to_cart,cart,55,b0115b1c-9f19-45f9-9f4d-4a0c58c224ef,2024-11-26 17:41:00
7516,260,page_view,home,52,c4e174f5-35ce-41d0-86ff-b4a5b4c71957,2024-12-27 11:45:00
7517,552,purchase,home,44,6015b7aa-837a-4f4f-aa50-3fe490f5e754,2024-09-16 08:49:00
7518,236,remove_from_cart,search,84,85c0b973-8e2c-4602-8d92-dbc86f2b8c7f,2024-12-17 03:19:00
7519,942,search,home,88,e8445251-dd41-4852-b4fc-be8c234e70ba,2024-09-15 16:40:00
7520,147,remove_from_cart,product,56,75a214ad-5898-4383-994c-75ca932a5873,2024-12-26 15:22:00
7521,707,search,home,6,9169a500-99e7-4fb6-85a2-31b40be03523,2024-07-18 13:10:00
7522,171,purchase,checkout,11,1bda3083-8157-4c7f-97e8-88522df3783a,2024-12-19 04:06:00
7523,11,add_to_cart,home,83,d2a9f5bb-7117-4cf5-93f8-7b9f08984380,2024-09-07 09:15:00
7524,721,add_to_cart,home,8,553f0e72-8794-4df9-ad5a-007c22eb4ea7,2024-06-24 13:39:00
7525,722,page_view,home,100,41feb54d-5e9d-4281-b2e5-12ed691d7c75,2024-08-14 03:25:00
7526,895,remove_from_cart,cart,35,19c00f2f-fd48-41d7-89c6-75f0b412f7e6,2024-05-28 03:06:00
7527,728,add_to_cart,cart,10,a8c91d4c-07bf-4b54-8183-c92a3c62c2a2,2024-08-17 06:50:00
7528,953,search,profile,36,53830765-8caf-4e10-a6f8-f2fe44dea8ea,2024-02-13 20:31:00
7529,384,page_view,profile,24,4d355aa1-1c04-4320-a906-a4f7b284bb47,2024-03-14 15:34:00
7530,230,page_view,home,50,9340514a-0e2a-42a9-a85b-94f1f541d809,2024-10-21 10:09:00
7531,255,remove_from_cart,profile,91,11453a75-39fd-4098-9188-b98e7c705a6b,2024-11-04 23:45:00
7532,199,search,product,84,99273f8a-dace-4da5-9a4b-162ae04ff627,2024-03-28 01:37:00
7533,58,add_to_cart,product,36,3e7b861c-9938-4581-8a7c-28dbb6ca5084,2024-02-01 23:01:00
7534,464,add_to_cart,profile,98,4637bb35-ba6c-4f0f-83ed-ec0652c28977,2024-12-06 03:08:00
7535,105,search,checkout,71,a588ddd2-722b-47e9-ae4f-8d67c3b871ce,2024-12-30 10:18:00
7536,662,add_to_cart,checkout,1,a4ccb201-0447-4556-913f-3ad33749aa5b,2024-03-30 00:37:00
7537,913,remove_from_cart,cart,44,b52cab1f-62f5-48d1-b306-8870ca390dc3,2024-08-20 08:44:00
7538,435,add_to_cart,search,73,ff69d852-115d-486c-af4e-0050b74d0f65,2024-01-11 09:48:00
7539,248,add_to_cart,home,87,7df85722-b33f-420f-a719-16d9e9a2dd5b,2024-08-05 17:09:00
7540,29,purchase,checkout,67,7a39c37a-64bd-42a9-892c-0a67397d023a,2024-07-07 05:51:00
7541,462,remove_from_cart,product,18,afad7c6c-7915-424c-9c7b-c01e5aa78bf0,2024-01-20 12:41:00
7542,102,add_to_cart,cart,16,aef4a8cf-bf09-4ee1-a64e-ce2af14ce4c5,2024-11-06 05:45:00
7543,469,page_view,product,29,eb019fdf-a4b4-45fb-9090-1018130e2be3,2024-10-16 14:42:00
7544,266,remove_from_cart,home,21,7efe694c-e40e-4258-a65b-2ca0bbebf5ae,2024-03-01 09:23:00
7545,243,page_view,home,48,295b82c9-f047-4648-b34d-71894968e73a,2024-10-17 15:19:00
7546,629,purchase,search,82,ec6f8f5b-45c7-407d-b1ae-0ed492714a77,2024-08-10 22:40:00
7547,426,remove_from_cart,product,79,2a15253c-8062-4fd9-97f2-8e5ab08ff2ed,2024-02-23 06:11:00
7548,831,purchase,home,37,02ee4d0d-ae55-412e-941f-dfea8ffa525f,2024-07-06 10:03:00
7549,615,add_to_cart,cart,36,58c73d82-d11a-49c5-8091-965b7685d3c2,2024-01-02 16:59:00
7550,238,remove_from_cart,cart,10,8beda906-9c9b-4608-8aa4-b114a72d8209,2024-03-16 18:06:00
7551,668,search,cart,70,15a0d9db-55bf-4ec4-b55f-a906fa73b4ee,2024-11-23 15:02:00
7552,622,remove_from_cart,product,56,4fe85d08-dfad-438d-8f49-a22e1d148a48,2024-04-17 12:49:00
7553,660,add_to_cart,checkout,35,cc38dee8-4bea-420e-87bf-5de22c64a80d,2024-03-31 04:20:00
7554,576,remove_from_cart,product,74,78e59b4f-4e25-4e53-935f-d5fc264fc14a,2024-08-01 07:57:00
7555,350,page_view,product,75,0228080c-77bf-4c2d-bd6c-dcadcc97ae31,2024-10-22 16:59:00
7556,221,remove_from_cart,cart,62,772cfcb7-6b73-4715-ba37-c555d124587f,2024-01-02 20:33:00
7557,910,purchase,cart,58,a554d48c-2211-4c2f-b5f1-d1e9b26468f1,2024-07-29 10:08:00
7558,538,purchase,search,27,40e1ccbd-7809-479c-90ce-8c8bdce7472b,2024-12-16 17:56:00
7559,266,add_to_cart,product,36,6df0c355-98f6-47c8-9cb7-88d4b0837d24,2024-09-02 20:50:00
7560,433,page_view,home,40,e35b8cc7-3bfc-4c8a-b61c-595fe48bc25d,2024-04-25 08:14:00
7561,524,add_to_cart,product,48,2fb2ff38-414c-41ba-890b-b6001e941d49,2024-01-14 13:33:00
7562,582,purchase,profile,84,d8ebbccd-1514-48c3-94a4-6639ba2ac2ea,2024-05-23 09:43:00
7563,259,purchase,search,86,a1c27c43-0593-4fe7-bf1b-cd5d7bdacb9c,2024-08-22 03:28:00
7564,283,search,home,79,1c46b4b7-e3b8-445c-b495-8c2fcd28100e,2024-12-09 10:54:00
7565,324,add_to_cart,search,99,4046db70-36bb-4e4d-99ed-90772b6bdf5d,2024-10-05 00:28:00
7566,94,purchase,search,55,037f2a2e-c0fa-4bf1-a7b6-5d2c9fc37b6d,2024-12-26 11:13:00
7567,186,page_view,checkout,82,7b0b6457-a921-4d4a-be1c-10e34f52fc81,2024-01-02 18:07:00
7568,111,purchase,checkout,83,df178b4c-0367-48b5-a16c-60bd38a4bb14,2024-10-06 13:47:00
7569,871,remove_from_cart,search,89,7348f4a0-f5ba-430b-97d9-e1bad918df0c,2024-07-20 09:46:00
7570,389,remove_from_cart,search,85,c674bf93-db74-4cc8-abe3-d0bf7f2d2cfb,2024-09-19 19:50:00
7571,740,remove_from_cart,search,19,10c880e6-501d-4fab-850d-b779916647eb,2024-02-08 21:19:00
7572,507,remove_from_cart,search,42,989322c8-9ce1-4193-8514-c266636a9624,2024-08-15 01:51:00
7573,948,remove_from_cart,home,74,1bca7a5a-58bd-4eb4-ab98-63d047500b76,2024-10-31 21:47:00
7574,903,add_to_cart,checkout,36,ce0bd482-eea2-4725-ae95-18643f0582e7,2024-11-23 06:54:00
7575,408,search,profile,5,071310b7-adf9-4578-b710-67e3d31e762f,2024-03-06 22:23:00
7576,820,search,cart,100,e004ec42-fdab-478b-92f5-393d8260b0c6,2024-06-17 05:22:00
7577,65,purchase,home,19,614ba356-6eab-4b5c-82a9-0ba61ce2d7af,2024-10-24 10:56:00
7578,290,page_view,home,58,84ce6d28-6387-4081-af88-df60b96fe2a3,2024-11-06 22:23:00
7579,371,search,search,82,893a037a-f5a3-4504-bda6-2a10e42ae6de,2024-11-06 17:15:00
7580,262,add_to_cart,checkout,6,da094fba-0f96-4054-8617-be6d54c7fae6,2024-03-28 09:55:00
7581,71,page_view,cart,22,193aec4c-41f3-4d4a-8dba-5d1367b18e16,2024-09-16 07:23:00
7582,628,purchase,profile,32,dc522d56-08e0-4049-bb39-cfe7eb92759b,2024-04-13 01:03:00
7583,936,add_to_cart,checkout,34,0dc7fd09-28a3-42d6-b6eb-7381ea1b3560,2024-03-01 15:11:00
7584,838,purchase,home,33,bddc9c61-e9ec-4fdc-9217-c074bdddfa99,2024-09-03 14:35:00
7585,30,search,checkout,2,5df80e05-5e52-4051-b549-d5bbe1540005,2024-04-05 22:55:00
7586,792,page_view,home,46,1b5f2597-dbf6-4d59-91a6-89d24a69fda9,2024-10-13 03:49:00
7587,191,search,checkout,7,eba3483e-519a-4f97-9762-c1e306fabd66,2024-05-30 14:36:00
7588,722,add_to_cart,product,3,5bff14c9-7190-4a97-b3c3-9b879d018b10,2024-12-21 00:54:00
7589,135,remove_from_cart,product,55,c7eb2855-dd30-4741-b43c-92ede801a08a,2024-11-21 22:13:00
7590,944,purchase,product,24,3b9a110e-f25f-45e9-8134-8a769913ea6a,2024-07-22 02:58:00
7591,529,remove_from_cart,checkout,56,8b4e7f68-29ee-43fc-8bdb-d670d2c46452,2024-01-06 12:38:00
7592,819,add_to_cart,checkout,14,8e13ed8b-3558-49b7-bd8e-e941f1a41fdb,2024-12-19 23:42:00
7593,174,page_view,search,29,0cb6924c-1b2f-4aa9-94c4-85d44f6210e8,2024-06-11 23:49:00
7594,752,add_to_cart,search,36,e4865ea2-6fe8-4b75-a045-406c4f07419b,2024-02-28 05:28:00
7595,226,page_view,home,54,4a81336b-43cb-46b6-8ea3-3f08877d63e3,2024-04-09 17:06:00
7596,785,remove_from_cart,home,67,619db566-4bd0-4695-a723-21e31c38c435,2024-01-04 22:49:00
7597,847,remove_from_cart,search,87,feebc2c9-3031-4d25-bebd-8e98eab758dd,2024-08-08 06:30:00
7598,493,page_view,profile,22,af4c9d77-debb-485f-8b4c-7ade33e0a1d6,2024-09-11 01:01:00
7599,648,add_to_cart,home,100,cec389e2-fd7c-4872-b376-89be7bfedf35,2024-01-03 00:42:00
7600,769,remove_from_cart,search,4,e9ec1308-9df2-492b-97eb-cd805d600e44,2024-10-25 19:52:00
7601,544,add_to_cart,checkout,96,8ab544a9-09c6-4ff8-b9c4-5fa79e541a6f,2024-03-24 13:26:00
7602,771,remove_from_cart,checkout,72,8de8de53-c214-42ab-a23d-ab148268b3f3,2024-01-19 09:57:00
7603,149,search,cart,2,1a9ad350-5bc8-4548-893e-08d6f23ac5fe,2024-04-13 17:34:00
7604,752,remove_from_cart,product,56,e2b7ca13-2dc3-47f9-9629-3ab880fec923,2024-08-29 02:29:00
7605,399,remove_from_cart,product,35,72935016-0bad-4732-888c-62eb6f6bec5b,2024-08-31 07:33:00
7606,250,remove_from_cart,product,84,bbd9b218-7348-4100-98c3-336071049284,2024-02-24 09:40:00
7607,69,search,profile,5,dd16edb2-0c15-42a2-b2c8-0428a41c8b1b,2024-12-01 08:44:00
7608,812,purchase,home,66,23546fc0-0cf4-430e-a840-0f080ed7dd75,2024-10-03 07:01:00
7609,979,add_to_cart,profile,89,14d88205-a720-486e-ae81-1b851af82181,2024-02-22 01:06:00
7610,81,add_to_cart,checkout,34,4b8bb925-ce58-4290-9178-9a9145da0a7a,2024-09-10 01:42:00
7611,322,remove_from_cart,home,86,57f27ef1-fae1-4eee-b2f0-bca68d2b0d08,2024-11-04 16:20:00
7612,648,purchase,checkout,6,507f42c8-b1ab-46e8-9d1c-f87ff22b609f,2024-07-13 23:11:00
7613,87,remove_from_cart,cart,33,9ea7259a-f47b-4441-8f28-b94ad7d7ac18,2024-07-19 23:58:00
7614,301,purchase,search,98,250eda53-9835-404c-982e-cfa74c5a351a,2024-08-26 12:06:00
7615,559,remove_from_cart,checkout,81,810b0471-d1c6-495b-b744-94fa3b164141,2024-05-29 07:32:00
7616,915,purchase,checkout,17,5743e196-97c6-4e1e-bd8c-451ca92f473e,2024-07-02 01:10:00
7617,782,search,cart,98,8000712e-9838-4c48-a628-6246e2601eb7,2024-06-14 02:34:00
7618,657,page_view,search,44,0d87c129-943a-4b79-a3e2-ea2904ddf40a,2024-05-02 16:04:00
7619,670,add_to_cart,cart,32,09263cbb-5255-4029-b693-0e614cc05f1e,2024-10-14 21:59:00
7620,206,page_view,home,35,5e7cb02f-3eee-4620-9800-934e94688ad1,2024-02-24 00:02:00
7621,616,remove_from_cart,checkout,68,8e76d3a3-bee7-42f7-b5da-5b9670133311,2024-03-22 23:37:00
7622,872,remove_from_cart,profile,87,2f0e1dd9-30aa-4bf6-8ada-a79aafa168bb,2024-02-15 22:58:00
7623,862,search,search,61,605d9d4a-fd3a-4794-bd9b-a4b8b3b9787c,2024-07-26 10:44:00
7624,241,page_view,profile,34,80509a22-13f7-4a8a-ba53-1b339f3cc69b,2024-09-25 05:29:00
7625,711,add_to_cart,home,44,0635d18d-75ab-45e8-bcf3-09a00ddd5106,2024-06-27 01:48:00
7626,195,search,profile,56,94ba5828-78d1-4d32-bfe4-bd73a7dfd9ea,2024-12-25 16:45:00
7627,28,page_view,home,53,5ccd1dbd-ae7c-41a8-95cc-b69effc7d124,2024-10-11 04:04:00
7628,554,purchase,cart,5,b64ac1d6-9b34-4ebf-83e4-ca25180875d5,2024-07-18 23:55:00
7629,264,search,product,93,db3640c5-e2f8-4b2a-a159-982465c13751,2024-03-27 01:28:00
7630,255,remove_from_cart,profile,81,ab0d89aa-3e11-4e67-a32d-5bfaf642ec83,2024-07-08 12:08:00
7631,39,add_to_cart,profile,84,c7a41f2d-05b1-41d7-a03b-fa8d0c1ed7ed,2024-03-05 18:16:00
7632,591,remove_from_cart,cart,13,33ed1a33-bdc4-42e4-bf38-365216e640c7,2024-04-09 20:04:00
7633,969,search,search,75,19463710-7597-4668-aed5-0256e77f271b,2024-05-20 21:40:00
7634,678,search,cart,97,7658d798-ce2d-49a0-ab38-c0b66a617a2c,2024-09-03 20:44:00
7635,694,page_view,profile,61,3500dce0-21f5-4080-a70c-5c324dec2131,2024-02-03 22:31:00
7636,247,page_view,profile,24,ed392fd1-cbd8-4b4c-989e-ce61dfbc573f,2024-02-13 11:25:00
7637,739,page_view,home,27,e27085a0-2139-4c51-95fb-f162d7f6bc12,2024-10-27 18:16:00
7638,912,purchase,checkout,44,1540d41c-9459-416e-8ec5-e7da9727a520,2024-11-08 16:17:00
7639,359,purchase,checkout,21,1d3f33e5-0dcf-43e2-949f-805db18e0132,2024-02-04 22:40:00
7640,45,remove_from_cart,product,4,342d0f0d-25ad-4b20-bf18-e281dcaf020b,2024-08-09 17:07:00
7641,877,page_view,profile,54,3c81d8f2-4ee7-4cbb-9a83-a50c63a855f6,2024-10-28 13:06:00
7642,200,search,checkout,99,565b75ea-88d4-4e2e-9a07-53c08ecbd699,2024-05-04 21:57:00
7643,740,remove_from_cart,product,42,a005e101-c775-4c1e-88f5-38ac653f4812,2024-09-02 02:44:00
7644,96,page_view,profile,17,85ff4d60-0ab9-4aaf-b9d2-4dfa1acaf4e1,2024-04-27 09:28:00
7645,469,page_view,cart,61,bb01603a-76b7-43a5-9a88-007e5faf4c9d,2024-03-10 21:36:00
7646,52,add_to_cart,product,67,df558706-871a-4bdb-be44-45f4c1e4aa28,2024-10-04 03:41:00
7647,222,search,profile,28,79d9fc1a-9b3a-4d20-9dca-37818916395f,2024-08-16 04:36:00
7648,615,search,home,72,9319ebdc-fe05-44a9-9c94-276f0181d7c3,2024-09-08 12:15:00
7649,171,add_to_cart,profile,13,eecbadce-d06f-4444-8357-c34e015f73fc,2024-01-26 16:59:00
7650,761,page_view,profile,36,9b51965b-2b72-4a07-b53c-0fbbffd0a574,2024-05-14 01:53:00
7651,610,add_to_cart,home,53,2d239960-6b1c-4318-a076-3a314cb8a2ad,2024-10-18 21:17:00
7652,559,add_to_cart,checkout,98,b53195ac-762e-4bf3-b3e4-43591b227e4f,2024-03-07 21:05:00
7653,262,search,cart,50,0a415b15-5938-483e-b8ba-8fb0161a38a0,2024-05-03 09:25:00
7654,180,purchase,checkout,12,ffd25ed6-6c55-4711-8ae9-a3c4ef774a40,2024-05-10 05:22:00
7655,310,purchase,profile,32,51a77d84-0480-402c-86bb-af721d5e63d5,2024-04-28 01:31:00
7656,130,purchase,profile,28,fd574c73-8194-4bf2-ba6c-3ef916b0115e,2024-02-03 04:47:00
7657,807,remove_from_cart,checkout,73,555c06d4-29dd-41fb-be96-8f552b9af7d8,2024-07-18 12:06:00
7658,729,remove_from_cart,checkout,78,44415810-0238-416b-8d4a-2faa0742bb4a,2024-07-01 12:07:00
7659,264,add_to_cart,profile,51,7de088c8-87ab-4c32-bd7e-366f6218f757,2024-07-31 20:46:00
7660,649,page_view,cart,30,9be11894-3cc1-4eeb-b648-2d986d2b07c3,2024-04-06 23:36:00
7661,175,page_view,product,29,7708b5b7-ed3c-436b-801e-889b671f2a43,2024-01-03 00:38:00
7662,546,search,search,79,623f9c43-6b96-4ea9-9ea8-5e60da31fc51,2024-04-15 18:25:00
7663,815,page_view,cart,63,1ec01485-0669-4465-9e44-77504de1a5b3,2024-06-08 09:14:00
7664,759,remove_from_cart,product,71,66801abb-d95e-464f-b6d3-e3d9acb3cbeb,2024-09-27 03:57:00
7665,888,page_view,search,40,0994e64d-1250-4ae1-ae21-a33b795f3ebb,2024-07-23 22:43:00
7666,185,search,search,90,c5fe97ee-b7d5-4a23-87e6-eec177004284,2024-11-30 05:00:00
7667,114,page_view,checkout,17,5fdefadc-f12a-4043-a417-e56f82fc0a9e,2024-04-01 21:34:00
7668,477,page_view,profile,100,f76a50a9-5d82-46c7-b9af-fa02546f287b,2024-02-10 13:18:00
7669,544,search,profile,98,b70c912a-f5f8-462e-b23d-f50cb5e52f3b,2024-09-06 17:43:00
7670,622,search,product,29,9b49d938-6d93-448a-be80-54d3177bd8e9,2024-11-26 15:14:00
7671,790,add_to_cart,home,24,4e230af6-841a-4d9a-b06b-ebcd22ff023c,2024-07-02 06:21:00
7672,237,search,checkout,41,8f75d75c-20d5-4ae9-83c3-b34b9e40cdff,2024-12-06 09:00:00
7673,178,purchase,search,53,e17098e9-e29d-47bf-a7cd-d194c637f003,2024-06-17 21:48:00
7674,427,page_view,checkout,36,ec671f19-2b0d-4265-bb36-5e0fa8622482,2024-02-07 13:34:00
7675,893,search,home,81,777cb6a4-3db7-4905-8bd8-7b80e24f0a12,2024-02-08 07:51:00
7676,294,purchase,search,67,0a6b3735-b4c3-4329-9e20-c8a6ba9685a5,2024-05-20 02:39:00
7677,779,search,cart,48,baa43cd6-913b-429a-9ff6-3b417df34215,2024-04-10 16:36:00
7678,235,page_view,profile,84,f513e20d-9706-4385-a186-dbba8aab97d7,2024-09-07 10:40:00
7679,58,page_view,profile,75,e349ea0e-4ce1-44a3-ab0a-d40fb0b303b9,2024-06-20 13:40:00
7680,81,remove_from_cart,search,69,34ee53f6-6f55-4e56-8f40-9d4d97fcd334,2024-01-12 21:04:00
7681,603,add_to_cart,search,36,9e1e2007-61d4-4913-8de0-461c9926a1c4,2024-04-13 09:38:00
7682,245,search,profile,95,77b732e4-4e15-47a3-8024-ae89b13f941a,2024-09-01 02:14:00
7683,770,remove_from_cart,cart,31,fe27d8f2-0b04-4cb1-824f-6f411740de36,2024-10-16 03:21:00
7684,678,search,product,83,028c944e-c7ad-43e7-8bf5-82978d82a52d,2024-07-28 15:22:00
7685,240,remove_from_cart,search,34,fc4d97de-7bfb-4f4c-a291-d7cf83b090eb,2024-08-11 09:20:00
7686,490,remove_from_cart,product,91,e037b665-aff2-43b9-b1aa-cae69cbf69ee,2024-08-07 23:10:00
7687,912,page_view,profile,81,fe860151-ffa4-4a92-b4b4-8a7d59fa62b9,2024-04-09 06:48:00
7688,922,search,profile,62,24543f70-cf42-447c-8c09-83b260a24ef7,2024-11-15 12:00:00
7689,148,page_view,cart,15,e5dd3890-b195-4ba5-9409-20b0a00535bf,2024-06-14 10:41:00
7690,537,add_to_cart,home,15,bba526cd-63cb-40ef-9ba4-602e7034ced0,2024-12-09 19:54:00
7691,99,purchase,cart,97,c7df4570-520f-4d9c-8cf2-2c66738a28e0,2024-08-11 07:07:00
7692,189,page_view,profile,20,1abb8898-5708-457b-ac3f-b811782cd1b4,2024-09-30 07:41:00
7693,862,add_to_cart,profile,11,872514fd-fe8a-4d17-8804-ffc4b699a3f8,2024-01-01 22:39:00
7694,862,page_view,profile,51,618d529a-a6cc-474b-885e-999cacbeba32,2024-10-28 04:37:00
7695,322,page_view,product,82,0bbc4585-e7a3-498a-8764-b2c1731e22e3,2024-05-18 21:41:00
7696,625,page_view,search,23,184a89de-892c-451b-91d2-50a68d955640,2024-11-20 21:04:00
7697,536,search,home,8,77decc69-c682-49a5-802d-b404250aa2cc,2024-12-07 00:37:00
7698,69,add_to_cart,product,48,d1594ba4-2c00-44a2-9bb4-74f7ebaf4b92,2024-04-07 02:51:00
7699,106,add_to_cart,search,93,937dcd28-7631-4ff6-90e9-fbca994a540d,2024-01-26 22:16:00
7700,475,add_to_cart,checkout,93,62d91d1c-b019-47f6-96ac-a1051f8a1721,2024-01-07 00:15:00
7701,709,page_view,search,46,04e5f5fa-d195-49f5-9b9b-eac2cb22bb6b,2024-02-07 06:55:00
7702,176,remove_from_cart,profile,4,506050ae-2601-4813-807a-c2d9d0b21e6f,2024-07-04 07:54:00
7703,32,add_to_cart,cart,52,4accac70-0dee-4d7d-aaa1-971528f1b943,2024-06-21 16:20:00
7704,374,remove_from_cart,profile,4,64a1117a-f4d6-414b-936e-dea80cc93abe,2024-04-01 09:14:00
7705,752,purchase,home,40,a49bffec-1394-42e6-85cd-b11387363a31,2024-02-22 03:52:00
7706,35,add_to_cart,checkout,86,db0775f8-8032-4ece-bfeb-e6b29608ca87,2024-05-09 01:35:00
7707,439,page_view,home,38,27099f87-ec48-4c4d-88f8-a2b93627e915,2024-11-21 10:07:00
7708,142,purchase,profile,55,48aaab6e-eb26-4651-8bab-f8866ac79d63,2024-05-17 19:30:00
7709,569,remove_from_cart,cart,87,5cabda20-f26e-4b08-9546-7e53cfb8cb08,2024-04-23 15:46:00
7710,394,page_view,home,75,d70c1a9d-f1c9-4f85-855c-0d4a53fd1534,2024-03-17 11:49:00
7711,582,remove_from_cart,cart,48,9704af91-adb5-4f8c-8cdd-721be1128d41,2024-03-21 17:51:00
7712,454,search,profile,82,fb0dc54c-1804-4252-959b-52ce3c262039,2024-02-25 08:33:00
7713,530,page_view,profile,92,36aa9954-1aeb-4f30-8ff4-02fff183d708,2024-04-16 09:50:00
7714,963,page_view,cart,63,6d92487c-263f-450e-bb9e-7c24cff03e19,2024-10-30 03:39:00
7715,893,add_to_cart,search,11,64b27682-c80c-4a1e-8f41-c2c64408430f,2024-03-30 13:35:00
7716,275,purchase,profile,15,7f52372b-d2f9-4d46-8f68-ca789acbc4a7,2024-07-17 20:31:00
7717,107,page_view,home,6,552f9db6-3222-48c7-86f8-9d98142df7a0,2024-08-19 19:35:00
7718,364,page_view,search,23,f2b3110d-10b2-44e2-95c5-82163958e342,2024-11-24 03:34:00
7719,61,remove_from_cart,product,75,8d74d534-7012-4e11-981a-b8826ef1bffb,2024-10-29 13:37:00
7720,161,purchase,home,58,7348825f-3932-4d2a-b6fb-9a98e066e8dd,2024-08-11 18:12:00
7721,264,add_to_cart,home,62,22018362-529e-4f05-b0c3-8d195493d406,2024-07-07 04:14:00
7722,33,add_to_cart,profile,48,8d91ab83-4e85-4eb1-8cf6-c96fdc42bd83,2024-12-08 04:26:00
7723,713,page_view,product,36,0e04cb37-c95b-4984-991d-7a90887c7edc,2024-09-14 13:38:00
7724,391,purchase,product,85,b40ee10f-5548-4334-b902-677f345521c5,2024-06-26 15:12:00
7725,774,remove_from_cart,profile,54,277fde05-09b0-47a6-badc-516229e5c07f,2024-03-14 07:11:00
7726,801,page_view,checkout,68,e62cb9e5-015d-4a39-b8e2-306b30b8e407,2024-03-27 09:58:00
7727,790,page_view,search,57,a7028cf5-db38-4e4e-a4b6-3a153862a2f6,2024-06-17 07:13:00
7728,898,add_to_cart,search,36,c60d2b74-2744-4e90-b1bd-062fd516168a,2024-01-17 18:14:00
7729,985,search,profile,33,c549aa86-a6a5-4e35-bf4a-08ca57c72a18,2024-03-14 07:23:00
7730,841,page_view,product,30,73dade51-78c5-4d04-b3d0-21a3a1af31ac,2024-04-06 13:20:00
7731,911,purchase,cart,12,4085aa46-3fad-4adb-b88a-180795fd516e,2024-10-03 03:24:00
7732,990,add_to_cart,product,1,1ead1469-2681-4d73-a85f-b506de07657e,2024-10-31 05:28:00
7733,42,purchase,search,82,845d734b-0365-49f4-a7fc-ff54e9e8ec9b,2024-12-12 20:24:00
7734,545,search,home,6,1339ab59-039a-451d-8cfd-9c92beed8c8f,2024-12-15 00:35:00
7735,808,purchase,product,78,680f97bd-9b0b-4411-99eb-d841255e5139,2024-04-02 08:50:00
7736,137,search,search,75,21ef9c84-88cc-453a-bc8e-0d20bb934fdd,2024-12-31 01:56:00
7737,884,purchase,product,93,d028e9f8-5916-4840-a67b-a7067f12ab27,2024-10-19 13:31:00
7738,464,add_to_cart,search,23,b9c16856-6bf5-40dc-a780-2dfedfc30f09,2024-11-28 07:41:00
7739,957,add_to_cart,profile,43,77ef556a-72e2-408d-80bb-c5f70708e1d6,2024-03-01 03:10:00
7740,425,search,profile,28,ad26a52c-e13b-4677-b834-be2706d0a05e,2024-05-03 02:55:00
7741,455,remove_from_cart,product,6,7375e2ca-aeb1-4a75-a0a2-75cf8f43678e,2024-02-14 15:04:00
7742,827,search,search,93,e7c3c814-38f5-4219-9034-b4246113387b,2024-02-05 01:26:00
7743,330,page_view,profile,90,6ecb7814-af94-4c2f-862e-c53ff7f7a5ac,2024-08-28 23:53:00
7744,310,remove_from_cart,search,6,46f0aaa6-fe23-48aa-8d10-018653a035c3,2024-11-10 19:30:00
7745,308,page_view,checkout,37,c4e8165a-a142-4b22-9874-bdbe06459e50,2024-11-08 05:28:00
7746,233,page_view,cart,45,7ab12989-42aa-46b9-b355-f22a3bed4a94,2024-10-26 06:07:00
7747,629,remove_from_cart,product,53,c8b3ae3e-4bf4-48c4-8fe7-f6e74680bca4,2024-01-29 20:09:00
7748,107,search,home,93,d58e620d-d035-464d-a804-b467edcd47b8,2024-04-01 18:37:00
7749,373,purchase,search,46,8dc61082-0fc7-487e-bafa-fdffd7cb3a97,2024-10-08 19:58:00
7750,6,page_view,profile,10,5782fdaa-9896-4010-b8a8-d85167b6a81f,2024-08-03 14:35:00
7751,17,purchase,product,78,f4f1db0c-f5a5-47b5-bf0f-165096bd0874,2024-06-22 12:40:00
7752,775,add_to_cart,product,97,ed52e349-9540-44fa-9853-ec06162f1a46,2024-10-04 03:49:00
7753,171,purchase,profile,64,c699853f-7c46-47ed-8893-c8e9796e1a9b,2024-10-04 08:50:00
7754,52,page_view,checkout,99,ec905a38-ef61-4814-bef6-e1491c175305,2024-10-13 16:44:00
7755,631,purchase,product,88,07fd3a2e-a7d6-4fae-be97-0ad1bdff6714,2024-08-16 09:34:00
7756,365,purchase,home,29,cd4194a7-2b4a-4e15-9da8-b2b2d1e21335,2024-07-17 12:10:00
7757,422,add_to_cart,search,57,7526a51e-be9a-480e-9170-0928fb23d70d,2024-04-07 09:58:00
7758,289,search,checkout,51,2286d713-16a4-42f7-aee6-febe9cc9561b,2024-03-08 02:36:00
7759,929,search,product,99,053983bf-8f7f-455b-b889-22ecafdc0d75,2024-02-08 02:43:00
7760,983,add_to_cart,home,64,797b491b-0bcd-4da6-99ad-36695864b5f4,2024-09-15 10:37:00
7761,734,page_view,profile,90,5d288fdd-980e-4488-9d1c-fd95c597263b,2024-02-20 04:54:00
7762,415,page_view,product,41,0823b903-cdbb-471a-a7c9-a0d1edbf88ee,2024-04-21 05:50:00
7763,276,search,cart,3,5559fbe3-01c4-46ba-a961-ad89dc661bd5,2024-06-28 18:48:00
7764,604,page_view,cart,64,9ceedeb6-99a6-46e6-a55e-6ad115433612,2024-01-15 18:48:00
7765,153,purchase,cart,8,99de9217-b4b2-4b31-ae60-931a046da76c,2024-07-12 08:49:00
7766,555,add_to_cart,product,87,a835792e-703a-406e-919c-37be9db132c9,2024-09-09 19:24:00
7767,97,add_to_cart,cart,63,8b801caf-eee1-4569-b67b-768b5dd78aac,2024-09-21 05:26:00
7768,756,page_view,profile,72,fe468517-de51-4626-b682-cc808dfa9487,2024-04-09 05:36:00
7769,294,page_view,home,12,b6b80189-4f1d-40d8-ba69-66ef211d0aaf,2024-12-31 23:26:00
7770,542,purchase,checkout,82,b6d06693-d799-4c90-a95e-75f4ee68074e,2024-11-09 16:46:00
7771,620,page_view,search,40,a218b171-9954-4edd-bd36-fdd9e3d18b2b,2024-11-02 11:50:00
7772,841,page_view,checkout,66,30aad4e8-b775-4c99-a624-d5a36cc0ead9,2024-01-27 09:01:00
7773,353,page_view,profile,79,7a6e7bee-8e0b-4a6a-b921-be5a945f8053,2024-03-26 22:10:00
7774,502,purchase,product,69,1d63c5db-8b5c-4b0e-bbc8-f0467f0a1385,2024-07-19 13:15:00
7775,867,remove_from_cart,cart,82,828783c3-e4d6-476d-b785-ba7172257b4c,2024-04-27 01:00:00
7776,841,remove_from_cart,checkout,6,77f83ff0-cd56-4ae4-90b3-ae34b773b87f,2024-04-22 03:45:00
7777,585,remove_from_cart,profile,14,0398c1e4-0011-4e5f-8192-cc2576be89f9,2024-07-13 09:46:00
7778,739,remove_from_cart,cart,25,396ddf48-f742-49bf-81c9-387776907252,2024-04-26 10:35:00
7779,844,remove_from_cart,product,39,b2d755dc-8182-4f69-a2e6-6d4462e46284,2024-08-08 14:47:00
7780,60,search,cart,91,3fbfb647-d143-4c7d-a2c0-ecd09e425d1d,2024-06-09 00:17:00
7781,243,purchase,product,62,b0a73b61-2424-4d05-b04f-3eb4e0c6e740,2024-02-05 21:08:00
7782,336,purchase,search,93,19cc0c70-2a6e-470b-a71e-2947497e1c4f,2024-10-06 02:06:00
7783,12,remove_from_cart,checkout,82,d213f441-b5ae-4c8b-acb3-04d02e92f008,2024-05-28 17:52:00
7784,347,add_to_cart,home,66,867b6848-bb94-4cf2-b26b-51ea66dc87a8,2024-03-06 09:44:00
7785,426,purchase,home,14,4c0220a0-3506-4cb2-aa1d-290c07ea3a4a,2024-08-22 16:35:00
7786,102,add_to_cart,cart,81,53ff8a84-8e68-44f3-9dd5-d0d8a1471fd8,2024-05-15 06:08:00
7787,82,search,home,17,4ccccd54-c033-44c9-b941-e9f8c915fe93,2024-08-03 09:07:00
7788,356,page_view,checkout,79,1f943e31-5143-4553-8168-5ee073297b21,2024-06-17 13:31:00
7789,880,remove_from_cart,profile,82,80f56b86-e59e-4245-a3c9-e0e7d95f4577,2024-08-25 13:36:00
7790,794,page_view,profile,23,76c46269-f90a-4899-b719-513ed2c14e6e,2024-01-24 03:14:00
7791,892,remove_from_cart,search,28,31338503-932e-4ec5-885f-46d21847f704,2024-05-28 05:09:00
7792,897,search,search,19,3fab73e4-0df6-414c-b636-624af1c042a1,2024-07-14 21:38:00
7793,419,page_view,search,84,2a016657-eaf0-4ddd-bdaa-e2e52d593b12,2024-06-13 20:10:00
7794,341,remove_from_cart,cart,68,e39262f5-8f2e-42d6-baa1-bbd8af796fb3,2024-08-13 04:32:00
7795,103,add_to_cart,checkout,17,06d73331-5731-4476-8819-31664b23a8eb,2024-03-16 14:27:00
7796,478,search,product,58,3d8c184e-eeb8-43bc-96f3-8525e454ebaf,2024-12-31 18:02:00
7797,984,remove_from_cart,cart,10,63c6cefa-e1bd-4c2a-ae92-c29cda7bc32b,2024-04-18 06:07:00
7798,450,search,profile,37,93960c7d-2152-4e34-972a-839742be7ae1,2024-08-07 04:15:00
7799,832,search,product,88,f87eeba7-3d6c-4f76-a31d-02c250602d39,2024-07-27 20:13:00
7800,420,search,home,44,3e370bd4-1b6c-43fb-a9fa-39f485269dba,2024-01-01 15:14:00
7801,69,remove_from_cart,cart,95,c41e02e7-531e-4420-b84d-537c2ffefa1a,2024-02-18 04:01:00
7802,299,purchase,cart,52,243fd124-9499-4ba6-ae78-88a233ca5e6a,2024-05-07 19:21:00
7803,186,remove_from_cart,checkout,81,a6182793-39fb-4424-abdc-109369cb2d7d,2024-11-28 12:12:00
7804,742,add_to_cart,home,99,ed0d63d4-0bd6-48a3-bb7b-443a45ede4c0,2024-07-18 00:13:00
7805,944,search,home,67,d5a68205-45d1-456d-a6df-3618e9ecf459,2024-01-01 14:13:00
7806,821,purchase,profile,85,79a2b79b-35b0-4251-b13d-fe2423c61a83,2024-06-13 03:05:00
7807,974,add_to_cart,product,21,ea48ff83-84b3-4872-aee0-c9eb8e852085,2024-08-23 08:16:00
7808,620,purchase,profile,48,8876bf8a-bf7b-4d9e-8e36-8e6da640ba9a,2024-01-21 03:58:00
7809,313,search,product,97,4cf73f3a-9b41-434f-9075-7bc60b4c28c7,2024-02-16 23:32:00
7810,547,page_view,profile,73,4d585597-2d37-428c-986f-51e5a215a23e,2024-08-13 19:02:00
7811,651,page_view,cart,32,5644be4a-1967-4fba-8000-a24aed3417d7,2024-09-09 07:46:00
7812,790,remove_from_cart,checkout,35,024fc188-aa18-440d-a5cc-526a647ed193,2024-01-07 00:58:00
7813,652,page_view,product,20,0ac347f1-3818-45b9-b230-09c4cfe02711,2024-08-07 07:14:00
7814,813,page_view,home,97,324c8b5b-7614-4152-83a7-def345f4cb3c,2024-02-09 19:49:00
7815,951,add_to_cart,search,95,33747112-ba62-46f2-afe7-b64b48df97a8,2024-10-13 16:02:00
7816,639,add_to_cart,search,66,2cc58557-9cc2-43f7-98fc-b1dfe07ae91c,2024-12-19 04:02:00
7817,41,remove_from_cart,cart,4,5c0f253a-01c8-4e4d-91ff-1b714c3d4243,2024-10-05 11:25:00
7818,629,page_view,search,57,b69080c9-8831-4cb4-ab64-e3747a2a883d,2024-12-25 21:23:00
7819,780,search,profile,34,8ae6efd6-3156-4384-8b45-bcd38d4c4719,2024-07-12 05:26:00
7820,75,add_to_cart,product,20,295d9063-7bda-4047-8b70-2552e4348de3,2024-02-23 13:50:00
7821,541,add_to_cart,search,2,3a690306-0214-431c-af3e-7473d59f6b31,2024-12-11 17:05:00
7822,389,add_to_cart,home,61,fe42c22c-0832-442d-8205-38f7ee2d8095,2024-05-02 23:01:00
7823,4,add_to_cart,checkout,9,016a5b33-90af-4c14-9e05-cda5aafa229b,2024-04-30 09:48:00
7824,883,purchase,product,94,74d7ee24-a96c-4b24-aed9-fc74c69b4d8e,2024-06-20 07:34:00
7825,283,remove_from_cart,product,56,b1d0788e-4855-4bee-9d8b-d7781f59a7be,2024-08-09 10:54:00
7826,151,page_view,cart,14,b9fd972a-77c9-43e9-911f-312f70670d15,2024-01-03 05:25:00
7827,902,search,home,29,540d3f62-c191-4f35-8923-98703b29120b,2024-05-06 01:40:00
7828,918,purchase,checkout,93,1585a086-402d-46b5-830b-8c24e5849ba1,2024-11-08 11:02:00
7829,19,search,checkout,22,3c0f5cc3-3288-4c33-9382-0b61813efcdf,2024-05-02 06:58:00
7830,855,search,cart,14,bd1a6f48-ab42-48ec-97c6-b1ca59c54bcb,2024-08-31 17:45:00
7831,664,search,home,95,bd5b885a-6f34-457a-833f-a222f97b99d1,2024-02-03 08:54:00
7832,209,page_view,product,89,5b9f80f9-12c4-418d-989e-367ad6794150,2024-03-18 04:52:00
7833,895,search,search,15,acc9cdd3-9e60-4420-bfd9-f564cc606717,2024-11-04 17:08:00
7834,797,purchase,cart,91,2bf162c9-03b3-4e0a-942b-4173938dcd8f,2024-03-05 11:33:00
7835,153,purchase,product,36,c7d5f524-57c4-488c-9cd1-811f8440ba7a,2024-05-21 21:49:00
7836,539,purchase,product,77,6250609f-351b-4a09-b1c7-1430694105a3,2024-11-19 16:45:00
7837,731,purchase,checkout,92,fae608a2-799f-4146-be6f-13ccbcbe75b4,2024-02-19 10:24:00
7838,338,page_view,home,98,8502ee6a-62e6-4835-9a7f-b1004a477f76,2024-01-24 03:33:00
7839,4,add_to_cart,cart,55,5b7d4a5c-2ca4-4b1e-8565-b2b846403f30,2024-08-28 22:46:00
7840,758,add_to_cart,home,43,d3ea066f-0d54-40a6-8449-30f4e3b602ed,2024-04-03 08:01:00
7841,590,add_to_cart,profile,69,f99867bf-3b56-4225-aa95-1cebd749dfd7,2024-04-30 11:08:00
7842,510,remove_from_cart,checkout,11,e7dcf094-cd2c-4a96-8df3-c2a44fdea773,2024-08-18 02:42:00
7843,207,search,checkout,88,30b1fe55-fe0a-4281-ad79-5f03ceabfbaf,2024-11-10 22:24:00
7844,501,add_to_cart,checkout,58,105480a1-0ff7-4fe8-8c23-ad1bb9c6f8c8,2024-01-08 08:05:00
7845,919,add_to_cart,cart,52,6950155a-3e8c-4a0d-923e-1325298767cb,2024-03-20 08:54:00
7846,822,search,checkout,67,63cc78ac-25b3-4a8c-ae43-44b5c96ae0ec,2024-02-06 19:38:00
7847,893,add_to_cart,cart,100,b9992025-b245-4d83-a1ca-efe6cfae0c3e,2024-08-30 05:51:00
7848,363,purchase,profile,32,dc7c4e28-c116-46d8-bdbe-017d9aadd661,2024-09-08 00:02:00
7849,520,add_to_cart,cart,16,e32cf008-d334-4f59-b00e-122808b0af00,2024-03-22 06:34:00
7850,814,page_view,profile,76,22e28f8e-af6e-4b79-803f-795b9c4fd799,2024-07-19 05:50:00
7851,436,add_to_cart,profile,30,ce778f25-da1c-47a3-aa07-e32d3fa8625f,2024-08-06 11:49:00
7852,738,add_to_cart,profile,67,8802c4fd-1ef6-4696-b28b-0ab03614380c,2024-05-21 15:29:00
7853,457,add_to_cart,product,84,21bfec6f-f4a6-474b-9452-98440e0b9595,2024-07-16 05:13:00
7854,291,add_to_cart,profile,45,49de74d6-049b-411d-86c7-b2a5fb14da70,2024-12-02 04:34:00
7855,612,purchase,checkout,95,47453051-ec77-4abe-9306-3f1cdccfd7df,2024-01-01 12:16:00
7856,461,remove_from_cart,product,20,29e26fd3-ec62-44f5-905e-65c24e8db738,2024-06-26 21:22:00
7857,858,purchase,product,72,c67de59b-518a-4fd3-8db0-a484e1132995,2024-03-08 09:01:00
7858,842,purchase,search,90,90cfd2d4-b84b-4229-a462-e5f63236cc08,2024-04-08 12:21:00
7859,191,search,search,75,3d0b10c2-051b-46cc-8e8d-73a07bb0db07,2024-09-15 17:58:00
7860,719,remove_from_cart,profile,42,b9c1ab35-6199-4393-844f-18f65412abd0,2024-01-21 11:48:00
7861,598,add_to_cart,profile,6,5dcbcf92-4817-443e-bfdb-2b28942a6a97,2024-07-21 22:58:00
7862,209,add_to_cart,checkout,8,cccf2346-3236-4374-9832-75f4f5908e6f,2024-07-17 20:59:00
7863,837,purchase,search,15,543aa143-1888-40fa-bac1-57e2819f76c6,2024-01-15 08:08:00
7864,574,remove_from_cart,cart,63,82dff64e-5529-48b0-b48e-2e314f19f0ea,2024-11-11 17:30:00
7865,206,add_to_cart,home,92,364522e9-6e4e-4548-971f-fdc7e24fd872,2024-07-24 04:48:00
7866,576,add_to_cart,product,4,c6b2559c-7ca1-4449-b55f-19ba1f5bb60a,2024-10-01 17:42:00
7867,35,add_to_cart,cart,48,6536bb06-726b-4e3a-b4dd-8ec6208f6302,2024-11-11 17:35:00
7868,458,page_view,cart,100,1492b555-f806-4c94-b4be-976cfdfa83a9,2024-03-28 03:39:00
7869,173,add_to_cart,profile,97,43335b97-fa58-4d3b-a918-0dc1a1e1d629,2024-08-06 08:24:00
7870,408,purchase,home,37,4c6e1455-8996-4aa8-9d0a-17b462072468,2024-12-20 11:35:00
7871,611,remove_from_cart,cart,32,cd176290-aaf6-4322-8135-25d450ed9a63,2024-03-18 17:17:00
7872,740,add_to_cart,cart,58,e03c1898-8c3a-477e-9ba7-c336cd867fcb,2024-09-18 22:33:00
7873,269,purchase,profile,15,79ae7cad-a742-4bc1-babd-acc684ebc149,2024-07-09 22:48:00
7874,286,page_view,cart,78,d923431c-6063-41f8-b0e7-cea80a6cafe6,2024-09-11 00:41:00
7875,362,remove_from_cart,home,29,e6fe0497-7402-4319-8812-1dbf36faaa51,2024-06-05 11:14:00
7876,40,remove_from_cart,profile,46,7c8503de-3749-4ebb-8b06-95237e46dec9,2024-11-27 07:15:00
7877,889,remove_from_cart,checkout,54,7c7000c3-c70f-4686-b25f-5f77e8a1a572,2024-12-28 11:52:00
7878,468,add_to_cart,checkout,88,76699825-597d-4339-a5d7-8d2d45bb377b,2024-04-05 11:48:00
7879,423,add_to_cart,checkout,46,cc794c1a-bd07-4b26-abce-68f290637a8c,2024-10-02 10:36:00
7880,872,purchase,product,85,56128d2f-3649-44b4-80e5-27fc1c4b8c69,2024-06-17 12:42:00
7881,46,search,home,1,1b2ffaf7-d9a4-4a15-aa53-2cc70580bc08,2024-10-14 10:28:00
7882,838,search,search,7,141aaeb4-8ea7-4ee4-8f80-eeac4cb31596,2024-01-05 09:22:00
7883,932,search,search,95,254355b6-7856-4dd3-8d4f-390821c85886,2024-09-18 18:12:00
7884,282,page_view,search,77,2bcd6f87-d5fb-4aed-b13b-38ff8b68f08b,2024-07-21 02:28:00
7885,685,purchase,cart,35,579dc11d-26a9-41ee-95d5-884c5bb518ce,2024-05-01 04:38:00
7886,6,purchase,checkout,42,9c3fe4fd-2bac-44f1-bdf7-8b3661aab9c9,2024-10-13 04:16:00
7887,900,remove_from_cart,profile,69,588d0513-5d2b-43b7-9798-c94291854f41,2024-10-30 16:31:00
7888,924,purchase,profile,35,8602f337-f1e2-475c-ae18-a3981339f8a2,2024-10-17 17:50:00
7889,350,remove_from_cart,profile,69,52ac0977-293b-4537-92da-f915e3a7ae68,2024-06-29 01:25:00
7890,991,purchase,profile,66,8af9fe65-a28d-4900-b471-e099daac6aaf,2024-02-04 08:18:00
7891,987,purchase,cart,87,5e9a8559-a821-4962-92fa-9ff1e6a76b44,2024-10-25 09:41:00
7892,361,search,search,20,c2006dc2-e570-4f7b-bb8a-285bbfd16d57,2024-05-14 17:41:00
7893,354,search,profile,86,91f9fed9-e30a-42b0-833b-39c33efb29fa,2024-12-06 03:57:00
7894,44,purchase,home,45,15f61d90-1ec0-4e71-a2e8-678244e222e0,2024-12-05 07:51:00
7895,288,add_to_cart,product,52,a6782f4b-ea4b-45b0-a0a7-56b6f3b61dde,2024-07-16 15:54:00
7896,107,add_to_cart,search,94,11555cb3-835d-4226-92a7-efc2fb17f5b1,2024-09-28 02:59:00
7897,49,purchase,search,10,548a97b1-dca8-4a3d-ab20-65978b7c8143,2024-01-10 16:16:00
7898,842,search,product,39,960cbc26-3af8-4695-bb07-45235020875b,2024-02-25 15:36:00
7899,289,purchase,profile,97,b2bc49b6-6858-4b26-8e31-e47dbbf67536,2024-07-10 05:53:00
7900,815,add_to_cart,cart,50,94ee6c22-afaf-409f-bfc3-49e2891e92b2,2024-07-22 05:39:00
7901,374,add_to_cart,profile,27,fc38c953-78bf-4462-873d-1daae45ba214,2024-01-02 22:23:00
7902,926,add_to_cart,home,45,fd962f18-428e-4836-bb82-e1ce98c3d325,2024-02-13 07:11:00
7903,507,page_view,search,63,68328b7c-fcec-40a4-b3d0-c3017bd21b97,2024-04-04 10:43:00
7904,701,remove_from_cart,checkout,51,7644c6e0-6d8f-4717-9d7f-ef6de93c5621,2024-03-20 05:14:00
7905,42,search,search,50,f2206094-c7ec-48bc-bb06-6c5b406b07e8,2024-02-29 10:33:00
7906,974,search,product,43,18e8e1d4-2680-408f-b065-4c9ea9a18ef7,2024-01-25 15:05:00
7907,194,add_to_cart,product,77,f7835bba-6a31-47eb-8eab-f36697c141e4,2024-06-22 19:43:00
7908,474,remove_from_cart,product,28,011307ad-06ee-4104-adf4-0a0c07d831d3,2024-07-03 14:37:00
7909,394,remove_from_cart,search,27,539028f3-f042-44e1-81c5-656d22c607cc,2024-02-11 09:38:00
7910,89,purchase,home,60,d6be98a6-e8e2-4bb6-a607-9305e939282d,2024-08-30 11:41:00
7911,480,remove_from_cart,home,80,05a78363-ac06-4408-8384-9f37300170ae,2024-04-22 12:56:00
7912,979,page_view,product,39,2c10df74-bb3f-443d-9fb4-78a4b259c4ee,2024-03-13 01:04:00
7913,90,search,checkout,87,c477f018-538e-48a3-b220-e5f84fe93195,2024-01-17 04:20:00
7914,990,purchase,product,28,2aa8f9ee-71f8-4b23-be9d-5a39fd2aa3e1,2024-07-13 09:02:00
7915,420,add_to_cart,search,53,4b140ad1-c85f-49c8-b86d-f0628055531c,2024-04-15 13:00:00
7916,941,remove_from_cart,checkout,39,da14567e-ed3f-4e2d-8c55-eb3c0b13fa46,2024-08-30 01:49:00
7917,834,purchase,checkout,61,5f75c1c0-be8d-4624-bf5e-25a7e68f41af,2024-01-26 07:05:00
7918,41,page_view,profile,43,e48f7807-f320-496d-ba77-8f9ca7da4430,2024-03-02 03:05:00
7919,903,add_to_cart,checkout,93,87616b11-b97c-4430-9813-1f113219359f,2024-08-21 13:49:00
7920,110,add_to_cart,search,52,5a521b43-67de-403c-9082-f37f7d871e70,2024-08-20 04:37:00
7921,229,search,profile,95,dcbe145c-6307-4941-b052-aae91a739c06,2024-04-12 21:42:00
7922,367,search,checkout,44,18362d7d-e988-4102-a36e-4579edfdbed3,2024-07-03 17:45:00
7923,68,add_to_cart,search,35,fd69868e-0521-4b9f-8cd7-7b7cdd720632,2024-10-01 21:20:00
7924,734,remove_from_cart,home,42,4bdbc21c-2e59-4057-a507-67b89d24ac28,2024-08-09 07:23:00
7925,876,add_to_cart,home,89,eb7d3aad-8295-4f07-8562-b2cbfa1ae0f6,2024-07-29 14:33:00
7926,452,add_to_cart,search,38,8c354682-8587-4320-8e64-3446254571c7,2024-02-07 02:01:00
7927,897,purchase,product,85,ad0250e5-9eb2-4490-b091-dde4b083b5d5,2024-06-05 04:37:00
7928,281,purchase,cart,97,8e9f39e6-5888-4b16-a4ca-fc4639c2a835,2024-02-09 23:05:00
7929,835,purchase,home,30,b4b5fabd-be8e-40ce-a79d-8163e15b1900,2024-10-17 06:34:00
7930,401,add_to_cart,home,99,d64f7a4c-5958-4058-91d2-eec96ac137ca,2024-09-14 21:23:00
7931,516,add_to_cart,profile,45,3714fd72-fb80-4285-8d86-39ad42ae80bb,2024-10-22 04:39:00
7932,535,add_to_cart,search,16,0af49c4e-78dc-46d1-a63f-ef0e527a1760,2024-03-24 04:33:00
7933,67,purchase,profile,15,328ed982-cb31-4e32-b71f-1543126dc519,2024-12-12 17:10:00
7934,931,add_to_cart,product,100,8551c256-03a2-437e-a757-7567113f3fa4,2024-03-25 18:16:00
7935,673,page_view,search,36,41f172ee-f017-4807-b72e-7769728e120c,2024-07-16 00:44:00
7936,5,purchase,search,84,bc1962cc-ec3c-40df-bb8a-8a9a8201edf8,2024-06-18 03:33:00
7937,776,page_view,cart,92,35b1b30c-60c9-4b3d-ac52-e134e1b44a72,2024-08-20 23:31:00
7938,370,page_view,cart,12,f3792eb2-bf04-4375-8ca2-c0d518fbe564,2024-02-25 19:00:00
7939,335,page_view,checkout,67,7f46f0a3-b18a-46f2-8d6f-fbaf2d662ceb,2024-04-21 03:10:00
7940,405,search,product,18,5fbc612f-210e-4087-8c66-f15d57ece518,2024-04-11 18:58:00
7941,435,purchase,search,62,db213626-4fe3-4215-ba94-3d0f5a55c321,2024-12-09 04:37:00
7942,215,purchase,product,97,0f677191-5d03-450e-84b5-c29d95b1cf8a,2024-03-04 23:56:00
7943,869,purchase,search,56,c961b24d-4aad-42e3-8f24-2ef13857298a,2024-10-06 01:35:00
7944,673,search,profile,67,2a91d211-2370-4206-8152-64e89bd514c5,2024-10-13 04:41:00
7945,219,search,home,93,2037c32a-f706-466b-8768-1aa6aa449e8c,2024-01-25 11:09:00
7946,161,add_to_cart,search,74,ff22fe06-a27f-4be6-825a-e042ab706d03,2024-03-22 09:04:00
7947,923,add_to_cart,profile,48,4b716b19-be9b-461a-885e-7a7a3b788d30,2024-08-02 06:29:00
7948,260,purchase,checkout,19,83eb3e32-a30b-40f3-bf46-e1e3f98d1e46,2024-08-09 13:04:00
7949,523,remove_from_cart,profile,6,e4468423-eae8-411a-aa30-d75bd313c833,2024-11-23 15:53:00
7950,716,page_view,search,94,2c89cd2b-b1b6-4f82-b49f-ffd2de4fa026,2024-09-09 21:12:00
7951,472,page_view,home,49,d7d85118-dd24-47e6-b6b3-6d7900ecbeb3,2024-02-07 15:16:00
7952,122,add_to_cart,cart,89,1028adad-2038-4944-b2f6-e65f1acd7969,2024-11-27 04:28:00
7953,6,page_view,search,97,876f73a9-a65e-4ab4-923d-3055e9c724cf,2024-08-31 16:00:00
7954,878,add_to_cart,product,37,ff950d2f-06ff-4360-ac36-a8635f9ffb9f,2024-01-04 21:49:00
7955,873,search,checkout,14,5534d976-9eb7-48d4-b07f-9d62289af586,2024-08-02 05:33:00
7956,246,remove_from_cart,checkout,44,d3e770f7-ddac-4157-a671-a775b334a279,2024-06-08 17:01:00
7957,6,add_to_cart,search,12,ae1abdc8-bfce-4253-93c9-f635fa396aa2,2024-05-18 13:56:00
7958,509,add_to_cart,checkout,2,51f71b2f-7dcd-4dfb-afc1-8efdddbbe2dc,2024-10-03 17:26:00
7959,57,page_view,checkout,4,1fe761ce-6b85-48d6-86b5-98953c6ff407,2024-09-02 04:11:00
7960,214,search,search,58,5db01493-6254-4527-bff0-10c86b51841a,2024-01-19 17:50:00
7961,633,remove_from_cart,product,93,f0dbeb34-fc36-46ca-8a6b-c0a2cbf324d9,2024-01-21 20:57:00
7962,694,search,profile,66,c9e25e75-c1a0-4104-b723-a651c76757ff,2024-02-24 23:07:00
7963,924,remove_from_cart,search,7,8d1e9b1f-09e0-435e-bc89-526b69793f30,2024-11-25 01:58:00
7964,830,page_view,profile,71,5a7136b3-137f-498e-919b-cd68b32ae2f6,2024-08-17 02:03:00
7965,825,search,home,24,581d05ae-052c-4428-98bc-3cd67eb8ddf2,2024-11-20 13:46:00
7966,666,purchase,checkout,10,44dd3199-5593-4f1a-a6e4-08a1751f9e24,2024-10-05 03:35:00
7967,170,search,profile,89,ab22c669-1ed2-4b90-98a3-73978167d378,2024-04-07 21:05:00
7968,16,add_to_cart,home,74,661e3682-6464-4f5e-93f7-713800f3236f,2024-04-15 19:47:00
7969,572,page_view,home,88,99a68c2f-c1f1-46ec-a5cb-c6d66fac2606,2024-05-03 10:30:00
7970,320,page_view,product,28,8717ef28-b741-4f31-9e64-f53bf292c310,2024-02-02 10:58:00
7971,675,purchase,checkout,1,ee0fb5c2-8069-4c79-a833-a9e4d7273f47,2024-09-06 07:14:00
7972,953,page_view,home,82,91142561-4315-4662-b048-d1271703f849,2024-11-12 05:35:00
7973,911,purchase,profile,83,8f5f1d40-8618-4168-8f13-3130d3611af6,2024-03-12 19:04:00
7974,254,page_view,profile,6,ddb3ad46-a60e-4068-a48b-e3f9ddff1099,2024-04-22 02:24:00
7975,199,page_view,profile,77,aec5a416-7088-4738-9715-6bc8adb755ed,2024-10-05 09:47:00
7976,56,search,checkout,27,73087231-03e0-4a2b-9127-dd3eb0da4764,2024-01-21 23:57:00
7977,718,search,profile,32,b89df9fb-1dce-4c23-94d0-a97366b2bc2d,2024-07-24 09:42:00
7978,323,search,search,44,d3844956-278f-4c07-9511-82ddab88d0ed,2024-08-07 18:12:00
7979,282,remove_from_cart,home,57,9e3275bf-4c9e-48ea-a020-e2b766c8454b,2024-09-14 17:20:00
7980,549,purchase,profile,14,fd3fa953-6eae-4fb7-a7ea-5e5223fbebd6,2024-12-22 22:34:00
7981,615,add_to_cart,home,73,4a37d032-885f-4400-ab15-d939303eae7b,2024-03-20 18:12:00
7982,81,search,profile,66,9f641426-bf23-4319-89a0-c34e276568fe,2024-03-08 13:41:00
7983,216,page_view,product,44,69c637ad-e229-4075-9e49-163b10c42fbb,2024-11-02 18:57:00
7984,266,page_view,profile,14,7bdbf2fb-9089-44b4-9866-e6b368cf2400,2024-03-20 07:27:00
7985,100,purchase,checkout,5,80401652-83a7-4601-87f0-00c0003e6fb2,2024-04-14 07:15:00
7986,988,search,checkout,87,43227afc-fde1-496f-8835-84373e82c1f9,2024-10-23 21:00:00
7987,788,remove_from_cart,profile,68,bcf334cb-89d4-4a65-8a32-9350eecc0138,2024-09-13 13:05:00
7988,832,remove_from_cart,checkout,91,330304f9-183e-4837-b450-1ba6dbcbec19,2024-12-29 10:12:00
7989,666,page_view,product,27,d40f8c7e-3217-4c0f-82e8-c5809402ff01,2024-05-31 02:21:00
7990,498,purchase,cart,96,6b753403-d4ee-4c09-8303-8acd5c1974b7,2024-01-04 03:16:00
7991,696,remove_from_cart,home,53,e948e7c4-0730-41af-afc8-36d3504fbb74,2024-10-15 22:36:00
7992,227,page_view,checkout,98,e53708f1-400c-4b1d-afcc-b8df4bc80179,2024-09-09 22:05:00
7993,169,add_to_cart,product,16,f26ca1b7-1dbe-4568-b461-0918eefdc965,2024-03-26 14:23:00
7994,646,page_view,search,98,ce7e3adc-ff55-4be9-8d3b-3107bd3f8e29,2024-12-29 04:56:00
7995,839,remove_from_cart,cart,65,e8a0d5d3-cabd-4e42-848c-ed057b8fb1e7,2024-09-12 20:43:00
7996,887,add_to_cart,checkout,24,89f4d395-2681-4f91-a2fb-925e653230cb,2024-03-16 14:30:00
7997,660,page_view,profile,12,702bb2fc-b7d1-46d1-8ea4-e45c5f6d5f38,2024-06-15 11:39:00
7998,37,page_view,profile,42,614737f5-fe32-465a-a4cd-4439e5e9863c,2024-04-12 15:27:00
7999,664,page_view,product,5,ccb7a6e7-be84-4ddc-8ff4-eff25d044b9f,2024-12-23 17:06:00
8000,878,purchase,checkout,63,a0fcc45a-c056-4f5a-bb6e-7090e8c3dcc1,2024-12-06 04:45:00
8001,717,page_view,profile,65,da34c64b-6e7a-452c-b8d0-c2f08422d3a8,2024-01-03 19:24:00
8002,277,search,product,88,4497c919-119c-4aaf-a3f0-37ef015520b2,2024-09-03 03:24:00
8003,476,add_to_cart,profile,78,08f19c7e-28bc-4c00-b48e-b71a8c3acd10,2024-08-02 18:07:00
8004,229,purchase,home,73,2961e0a2-739f-4130-8e95-34170ed8951b,2024-06-12 20:13:00
8005,627,add_to_cart,cart,78,01f4244f-c6b8-4e8e-b486-f5da4a9bc341,2024-04-04 06:00:00
8006,993,purchase,checkout,77,d43b0c68-7f45-49b1-b8af-2d5a6627d8bd,2024-05-28 13:28:00
8007,219,add_to_cart,home,50,65c6fd7d-3eb3-4eb0-b1b1-a611241f4e24,2024-09-03 02:40:00
8008,592,search,search,40,a1aa6c32-124c-4e43-b2b7-9c57e73ace92,2024-07-20 13:07:00
8009,837,add_to_cart,product,95,195067f0-1b4f-4d74-a83e-7bbdc571f116,2024-10-21 04:50:00
8010,429,add_to_cart,search,77,61793d50-44a7-4d02-8d60-29ef306c6902,2024-03-03 22:43:00
8011,532,add_to_cart,profile,62,53983dcb-7107-4e4b-a993-f5e3268d372a,2024-10-03 23:39:00
8012,731,remove_from_cart,product,49,7b194cda-80aa-434d-8c2d-dac433720d42,2024-05-23 19:08:00
8013,661,remove_from_cart,profile,33,26bb3c80-8f7f-499a-b650-bf798726599d,2024-07-07 23:11:00
8014,720,remove_from_cart,product,33,8f33cc4b-cf33-4278-81a2-8a5c25a46110,2024-02-07 12:04:00
8015,397,purchase,product,65,83f1b18a-3ec0-4f22-b40f-6187ed58dbd3,2024-09-06 05:50:00
8016,241,search,cart,11,3f6426d0-7b36-4b18-8ae9-0d7e84315586,2024-09-04 22:17:00
8017,327,page_view,search,35,64d4e31c-1240-4656-ae0c-94a54fe0b323,2024-09-27 02:15:00
8018,151,purchase,checkout,83,8410e432-8b29-40b2-ae34-2cbff94154dd,2024-04-13 06:16:00
8019,294,page_view,checkout,70,33cc910b-d8d9-4414-aa67-19d0611573f5,2024-04-16 14:35:00
8020,858,search,product,51,2d0af807-ae72-41b1-9f02-249b4f022b80,2024-07-03 09:56:00
8021,617,remove_from_cart,product,63,92884b10-345d-4684-b586-239d5239ccc9,2024-10-25 15:07:00
8022,700,add_to_cart,product,4,9dda79c5-e7d8-4447-9a4e-c6007e25630f,2024-12-17 06:04:00
8023,230,add_to_cart,home,1,785da69d-4829-4608-b826-0d27251160ad,2024-05-05 06:28:00
8024,254,add_to_cart,checkout,12,6bb2279e-dd48-4ac2-a144-c07fca0e2add,2024-10-27 02:51:00
8025,223,remove_from_cart,profile,30,759273f4-7949-403a-9ae6-9d2131123b82,2024-03-01 13:59:00
8026,616,page_view,profile,62,47ca3d6a-ffcf-42db-ae0e-cd7c0d241c5f,2024-04-21 06:37:00
8027,905,search,search,31,b60629da-8829-414d-93ed-cf158ad20e9a,2024-03-26 11:20:00
8028,55,page_view,home,71,d7920494-477c-4a15-96e0-8fe3473d0508,2024-12-06 11:09:00
8029,559,purchase,checkout,50,9bf7f664-50bd-40a1-8200-b36fb1b1f564,2024-12-10 07:32:00
8030,140,remove_from_cart,product,100,5ddcefef-575b-44eb-ad04-1a1636630f2d,2024-01-18 15:49:00
8031,478,purchase,home,13,42bf8fca-5146-48ef-86a1-8b0f8efb5731,2024-04-26 05:56:00
8032,426,search,cart,30,967300aa-757f-440e-961c-0769d1d18c41,2024-02-24 02:40:00
8033,282,search,home,54,766ddb19-6557-4d89-b961-832077a8056d,2024-01-23 08:24:00
8034,478,search,product,23,8881872c-de73-4a16-b6ae-18816e0884a0,2024-04-09 13:30:00
8035,21,remove_from_cart,product,54,6c842bec-d8ab-451f-8262-c3c6e97e8486,2024-12-31 20:06:00
8036,982,page_view,cart,15,3b863e34-5b66-4536-bec9-096c3fecc2af,2024-11-25 20:23:00
8037,96,add_to_cart,cart,79,b90cf6a3-1788-45a9-adfc-f1146c1fcb46,2024-02-01 14:45:00
8038,149,search,product,46,aba45eb4-ffe4-441f-a297-19546a713b8f,2024-06-19 21:05:00
8039,319,purchase,profile,73,9b5c5035-eab9-4beb-b8e9-1a882e4ea611,2024-01-23 23:52:00
8040,417,page_view,cart,86,43478133-25aa-4e45-b522-16be747892af,2024-05-01 06:46:00
8041,640,search,checkout,15,8c2354a4-e2c6-4708-a679-d9637f2588f6,2024-04-08 07:06:00
8042,467,add_to_cart,cart,26,b6cdcb33-9f0c-49b1-b198-ac4aebf3f125,2024-04-14 19:31:00
8043,656,page_view,search,8,cbf43a09-0a60-4d34-80f1-29150afafbd6,2024-03-18 22:57:00
8044,143,add_to_cart,product,25,3d901e8f-7d2f-4027-8686-352389c63f6b,2024-05-22 17:16:00
8045,660,purchase,home,8,93d804bc-a56a-4a8d-b80d-a3c76ce7039a,2024-08-04 01:54:00
8046,216,page_view,home,69,a7f3fa7b-8b25-4119-9e19-0f1d83cb6a4a,2024-07-17 07:32:00
8047,428,remove_from_cart,search,82,2348db6d-99fd-4c1e-bf8e-1fe4ae1a60a5,2024-11-10 18:49:00
8048,174,purchase,search,19,bca36bc8-0985-449f-b3e9-864a87a91bd7,2024-05-15 04:41:00
8049,539,search,profile,92,29389578-3e90-4a8b-9cc8-60dc4aca6c58,2024-10-08 03:32:00
8050,380,purchase,home,78,17af0d9d-f13c-4455-afe4-3d5ead037cdc,2024-02-23 21:34:00
8051,899,search,cart,34,002cc2fc-aff8-41de-a3a2-a3c5ea00470f,2024-04-01 00:25:00
8052,583,add_to_cart,profile,94,0c991e6f-c6f6-4efc-b6a0-c934be3d7edc,2024-07-04 12:23:00
8053,132,search,home,75,a59689a6-3375-48bc-a38a-5598af2ceb44,2024-04-13 00:23:00
8054,715,purchase,checkout,88,c3e0f29b-b3b9-42c3-9258-7e2f5bcd3477,2024-06-19 03:16:00
8055,735,purchase,product,98,080e1be7-ba8a-4283-808d-582425c9f3c0,2024-08-05 21:31:00
8056,560,search,home,36,2b0c6133-99d1-463b-a17b-37d0ac5695da,2024-05-11 05:09:00
8057,16,search,checkout,99,24e66453-7752-4a96-b192-6f4d10ebf503,2024-07-22 17:35:00
8058,258,search,home,75,826c7a0d-14fd-45ce-a905-50b0877d1e45,2024-12-25 00:12:00
8059,220,page_view,checkout,90,1368103a-9e2a-4b0e-9495-a1e2210725e8,2024-02-25 16:46:00
8060,44,add_to_cart,profile,47,02196152-676a-4329-b473-0d401acf7c13,2024-02-24 13:16:00
8061,913,remove_from_cart,cart,51,05060729-3af9-4a03-8c95-1ed8e76ddeed,2024-06-16 07:14:00
8062,629,search,home,51,594db524-7cc1-4175-a9b3-c01bed529f65,2024-01-14 06:53:00
8063,476,add_to_cart,profile,14,7de26909-382e-40c0-a92e-f35884ec3e65,2024-01-08 05:23:00
8064,673,page_view,home,89,315154bf-1aef-4903-8dbe-3aa5b057c290,2024-08-17 06:57:00
8065,326,add_to_cart,checkout,64,412ab4b8-013d-4fdc-adc3-219808df980a,2024-09-01 22:05:00
8066,189,remove_from_cart,search,17,6407ebcf-ddbd-400f-8cef-61dbe5aeb49b,2024-01-17 22:54:00
8067,528,remove_from_cart,cart,44,f99fe8d2-e742-4d5b-bf16-942a1efd2f63,2024-06-05 11:39:00
8068,371,page_view,cart,11,41dfb91e-9fac-48fe-ac7e-48ec7743b5b3,2024-10-14 02:02:00
8069,673,purchase,cart,36,55eefef3-3883-4dfe-9970-86527094201b,2024-05-07 17:41:00
8070,477,page_view,search,65,4b8ea35e-47de-4c7b-9ca6-5382bde4a792,2024-12-02 06:31:00
8071,562,add_to_cart,product,12,a7131580-1021-47cc-8af3-53272e259788,2024-10-22 17:57:00
8072,20,page_view,search,29,d47229d9-2e8f-4668-b1a7-56ca4398557f,2024-08-13 07:32:00
8073,682,page_view,product,32,917116ad-94f3-427b-ae8c-f63c4bc0140c,2024-10-12 21:14:00
8074,487,page_view,product,24,0e5b91d7-670a-4a79-85e9-482eec873cc7,2024-09-07 18:02:00
8075,947,add_to_cart,profile,88,46dd4b86-5f92-47f6-a863-d1de83aace12,2024-04-28 05:10:00
8076,348,add_to_cart,profile,6,f8723ad8-3502-4393-84fc-e738cf5cc3b8,2024-06-01 19:04:00
8077,36,page_view,search,78,44de62a6-1a1e-4df2-80c6-9f95fc31b720,2024-02-27 09:42:00
8078,872,remove_from_cart,search,89,9bc2ce08-8082-4363-9904-5d2be244bd75,2024-03-21 06:01:00
8079,688,search,checkout,97,01b95477-bee6-4da9-90a8-7c79213891f0,2024-01-11 12:19:00
8080,928,add_to_cart,checkout,62,d4228b27-0678-49e1-b02f-7da9bb845bba,2024-03-15 11:36:00
8081,285,purchase,product,10,45486a16-3fdf-4b75-aa50-c85535ae0d05,2024-05-28 03:11:00
8082,772,purchase,home,22,d07d6ffa-5bf1-4b6b-9ab5-e4ecc7260137,2024-11-16 04:36:00
8083,696,remove_from_cart,profile,85,42825eec-866f-4cd8-812b-01fcc4d9a260,2024-08-25 20:53:00
8084,138,search,checkout,43,fdc23bd5-bdd3-464f-b9f5-b3e91ba22ff5,2024-06-20 19:01:00
8085,175,purchase,profile,98,b09f3f12-d653-4e65-adb0-ce50db3d79d6,2024-07-22 14:53:00
8086,911,page_view,profile,84,54905b99-8927-40ff-87df-0ab7127edf6e,2024-07-28 16:20:00
8087,533,page_view,search,37,0c3b0bfe-0d03-4e43-bbb8-a8a1de7422ac,2024-12-19 16:38:00
8088,113,purchase,product,66,6ba7229d-0983-4ebc-81fc-5c7b12264d2e,2024-07-22 08:54:00
8089,377,remove_from_cart,home,66,3242046b-c20b-422d-8290-5a0a77289a66,2024-09-21 02:18:00
8090,694,add_to_cart,profile,9,b8336af0-e22a-4a40-aac4-c76fc2bbda46,2024-04-10 07:10:00
8091,789,search,product,80,2ed7da99-b215-4c40-a598-7e6de3d3180f,2024-02-14 22:46:00
8092,993,page_view,profile,61,69ec1ea9-98ea-4092-86b3-a371d003b962,2024-02-06 01:28:00
8093,199,page_view,cart,44,3f09afe7-5ae3-4414-8c4b-20bac55a5298,2024-12-03 11:19:00
8094,898,page_view,profile,32,113e5a05-6126-45d6-9835-bd1cca38c45b,2024-10-25 17:05:00
8095,504,page_view,cart,55,2c771367-34f1-4258-a08f-fa8d4630244e,2024-05-18 05:05:00
8096,736,add_to_cart,search,59,ae5723fe-0f35-4b06-b695-51826df49aa4,2024-06-03 04:55:00
8097,258,remove_from_cart,search,69,b6be7663-cf31-4e90-8755-6a05cc8fa4c9,2024-12-13 16:09:00
8098,132,purchase,profile,87,e3a2f077-7397-4724-9bb6-21f3fbb8b682,2024-01-29 23:42:00
8099,505,add_to_cart,cart,26,268bb09b-0440-42da-a442-d746ad9b049f,2024-04-25 05:31:00
8100,695,add_to_cart,product,17,04d96362-673c-4568-b521-6e40d5fd0308,2024-01-18 07:39:00
8101,53,search,profile,60,3cbdb4ea-5b68-4b62-bb56-14ecd33d78f3,2024-07-14 21:28:00
8102,166,remove_from_cart,cart,87,b72e5f04-fb1f-4aa3-8ae1-fc93cbadc245,2024-06-07 18:06:00
8103,845,purchase,search,22,e55a1e6e-f578-437b-becf-95bd4922e2ec,2024-03-10 17:03:00
8104,218,remove_from_cart,profile,14,57681915-1090-4db6-91de-8e4e68db41a8,2024-05-23 11:56:00
8105,563,purchase,product,37,faf71384-b06e-4ae2-af5c-c5b03d317b9e,2024-08-22 10:47:00
8106,471,remove_from_cart,home,79,def0ca2d-56c3-4c8b-8a9a-f7bee9129190,2024-08-10 03:26:00
8107,513,purchase,product,91,2e97680e-e92a-49cb-81e7-d1f47600be0d,2024-08-12 20:29:00
8108,382,purchase,cart,31,f7b61b28-4fec-4956-9a84-f4a4bc8414b4,2024-05-22 12:35:00
8109,131,page_view,checkout,96,e9cac588-fc6d-42a2-a209-e692355d9a6f,2024-03-21 11:05:00
8110,12,remove_from_cart,product,33,600a2d56-b6b3-41c3-8858-bf9171784113,2024-11-25 13:34:00
8111,266,remove_from_cart,checkout,98,ec4cabfb-7814-46bb-9354-d904bedac0f1,2024-10-12 12:01:00
8112,822,page_view,cart,18,065b1c4f-9bb3-49c6-9651-97ab7bbf91dc,2024-08-19 08:39:00
8113,578,search,checkout,12,a4658b30-71e8-4d2d-8223-f35e60593272,2024-05-02 20:14:00
8114,770,purchase,home,66,f2f5bba9-32d3-42f7-8584-cf671f4be73d,2024-10-14 22:51:00
8115,32,remove_from_cart,profile,5,64631f1f-c45a-455b-90f5-555e3be611dd,2024-05-19 11:58:00
8116,49,purchase,profile,62,2fafd319-84dd-49e8-a9d1-09e0f862c845,2024-04-27 13:12:00
8117,175,remove_from_cart,profile,24,75909588-e01b-479a-893d-90d6a26d0892,2024-01-08 06:27:00
8118,394,purchase,home,34,5638afc1-13e3-409f-b508-30497d1d6e7f,2024-09-23 04:02:00
8119,71,purchase,profile,43,3559ad5f-26f3-47ae-a8df-c82821f524ee,2024-09-02 13:11:00
8120,817,search,profile,41,963ebf24-4b8b-4d44-af88-9288258fa03e,2024-09-07 23:31:00
8121,457,add_to_cart,search,91,2137fe48-2f77-42a2-93a6-a4698c51d6ab,2024-02-06 21:14:00
8122,804,remove_from_cart,home,53,0cbd1f0f-eb35-47e8-8b94-6880dc22b425,2024-05-26 05:31:00
8123,125,purchase,cart,83,ac58e6a3-0493-48b3-8977-2a2fcd43beaf,2024-09-02 02:39:00
8124,200,add_to_cart,search,86,4d2129d4-e403-4977-8c21-e560bfcb9af6,2024-12-23 23:47:00
8125,795,remove_from_cart,cart,26,225a2672-b778-455d-bd60-e7051f870789,2024-10-06 04:28:00
8126,554,remove_from_cart,profile,79,47843dcd-e761-492f-8da4-f4ce2d02f29f,2024-07-12 16:14:00
8127,73,purchase,cart,70,35a1faa4-b63b-4b53-a207-36b5e7b829f8,2024-03-23 15:24:00
8128,708,search,home,100,f463e616-0c90-46f2-b6fa-e4e96767b6d1,2024-01-30 02:18:00
8129,637,search,product,1,80c6ccbe-9932-4002-8a6d-73ee7c043c91,2024-03-16 05:21:00
8130,643,page_view,checkout,68,f0f6a49b-81d5-4258-9ab1-1097c688c8d9,2024-12-18 22:38:00
8131,337,purchase,cart,14,3e118055-bb72-428e-81bf-f7907d60e84a,2024-09-29 11:04:00
8132,427,purchase,profile,26,4085f2ce-86b0-456d-9524-14f2b81f4cba,2024-05-09 21:09:00
8133,370,remove_from_cart,cart,25,f19ee88c-34a6-424a-8d63-a4232d786ff3,2024-10-25 21:56:00
8134,290,page_view,checkout,97,891e959f-39fc-4bbc-92c7-317fb1423478,2024-01-04 10:11:00
8135,930,search,checkout,27,e7e2cc9b-3c88-474a-abd1-2858d5dcfbcb,2024-01-09 02:59:00
8136,826,remove_from_cart,profile,50,a03e116e-fd83-4577-813c-15515ef5043a,2024-10-09 05:04:00
8137,147,remove_from_cart,profile,84,4d5dca6a-71e4-4ec9-87ba-9f5a133f0cda,2024-04-15 21:47:00
8138,153,page_view,search,32,1ca197da-9200-4eb2-9f67-0c3a1cf9dcec,2024-02-04 22:42:00
8139,478,add_to_cart,search,92,12f7f17b-f9b6-432f-9a25-97e82e26e415,2024-10-08 00:08:00
8140,677,add_to_cart,product,64,4e9d956d-8f5b-4f95-baf1-bb7dd3d06d97,2024-09-17 12:36:00
8141,129,add_to_cart,search,21,5eda0bc3-d535-4f00-9e27-e88ff9971b26,2024-04-26 21:02:00
8142,964,page_view,product,88,ac72ed68-b60e-43e5-a0ce-8d09a1ce22d2,2024-02-18 19:05:00
8143,9,add_to_cart,checkout,84,ed43dbd4-2106-46c7-9fcb-054cc5c4f296,2024-07-05 09:08:00
8144,68,remove_from_cart,checkout,64,cb853606-5524-45e5-b205-77d72be4ab6f,2024-08-07 03:24:00
8145,672,remove_from_cart,checkout,19,371877f2-241f-408d-b2cf-d5e3b3639388,2024-11-12 10:15:00
8146,637,add_to_cart,search,83,e0f0a9ee-3a10-41d9-9c9a-e5900baa9c02,2024-05-11 05:24:00
8147,920,remove_from_cart,home,5,ddc88bc5-0147-4aaf-8145-1f23f8a5506e,2024-09-14 16:49:00
8148,492,search,home,58,75315dc3-986e-47a0-85eb-c4f93ac89c66,2024-06-02 05:58:00
8149,4,purchase,cart,23,ba24c474-e7f9-4aba-b16b-3778be14fa11,2024-06-16 12:46:00
8150,779,add_to_cart,checkout,26,67cbacec-dc73-4611-9bc3-5e0bfdd150f1,2024-12-28 16:42:00
8151,12,add_to_cart,home,3,b7dd987f-3baf-4ed5-a9ec-959b169f2c6c,2024-08-03 05:52:00
8152,94,add_to_cart,profile,89,9e301ae4-1c85-4faf-9132-0139c0f7e2aa,2024-11-16 01:36:00
8153,623,purchase,checkout,21,8b183b0f-0595-43f5-8b61-db8876da572b,2024-03-25 18:00:00
8154,426,add_to_cart,profile,39,9855b596-d631-45db-9bef-eaccd461a0cd,2024-09-03 22:00:00
8155,122,add_to_cart,checkout,30,77f90876-01be-47dc-864f-e365e7b0ac7c,2024-06-28 05:31:00
8156,683,purchase,checkout,36,a1fb9a10-cc49-4010-bb17-ce212ca007d2,2024-04-04 13:17:00
8157,795,search,product,73,ee612b5e-d41d-4bf9-af48-91e5ecddc214,2024-01-30 20:28:00
8158,68,add_to_cart,product,78,efd06c9c-b3de-4365-9cac-edf7e56f8d62,2024-12-11 15:21:00
8159,974,add_to_cart,profile,96,37d86a0d-6834-4763-8b97-311f5118bb31,2024-04-27 10:31:00
8160,216,purchase,home,7,e347d27c-5f3b-4c42-90ff-54789a6e9685,2024-07-10 00:34:00
8161,826,remove_from_cart,profile,34,bb97f7ad-3041-4b0f-a271-43d79cd420f8,2024-01-25 12:33:00
8162,316,remove_from_cart,product,45,7442a8dc-0dbe-4e2c-b24b-24122600ff56,2024-02-15 01:35:00
8163,427,search,product,86,362080ab-da3d-4d51-b227-003cde752afb,2024-10-02 11:35:00
8164,808,remove_from_cart,home,21,69db040f-67d6-4c72-96ad-d20bd2f7dc84,2024-11-24 19:39:00
8165,23,purchase,cart,6,8567e0ad-013f-4f58-b4b8-d390dde0746d,2024-01-23 02:21:00
8166,845,search,cart,72,818b3762-58a0-4f9c-93c4-af9d21decefc,2024-11-05 05:40:00
8167,566,search,checkout,56,009e8a2f-65dd-41f5-9ac8-3b586fd5d538,2024-12-20 01:38:00
8168,352,purchase,product,46,162476d9-82d5-4c53-b21f-3903068ea41c,2024-10-18 16:13:00
8169,671,remove_from_cart,profile,74,27852bf9-7ec7-417f-a618-0f8718e72979,2024-11-12 21:23:00
8170,409,purchase,checkout,28,496156fc-70b8-4d4d-9073-4dd85fca4177,2024-09-03 05:18:00
8171,238,search,home,93,0c0153a8-73ff-4b99-b7ff-c77599286f0e,2024-06-13 21:42:00
8172,513,page_view,profile,25,e2495f2b-7c5c-489d-9054-dff2a62d7343,2024-08-16 13:27:00
8173,377,page_view,checkout,66,06f695b2-ea70-4273-8184-485d2e2bcb44,2024-04-29 21:19:00
8174,931,add_to_cart,cart,72,25b1a18c-43ed-470c-b293-be04ff6bc25a,2024-04-11 16:47:00
8175,215,remove_from_cart,profile,92,bf61da22-dc5f-4aed-8360-d067f4abd1c5,2024-09-26 06:00:00
8176,229,purchase,home,22,55f061c2-ede2-46da-9bee-99f6d01d5e3c,2024-06-20 22:35:00
8177,775,remove_from_cart,profile,46,79287436-b014-4df7-adf3-65d3ecf48829,2024-05-30 23:15:00
8178,75,add_to_cart,checkout,99,5607af51-3a2c-4b17-b7bd-de08f5ca2c32,2024-05-22 05:59:00
8179,985,page_view,product,86,dd14765c-c75e-447b-8f41-c474d74e2fa1,2024-11-27 17:08:00
8180,525,page_view,profile,93,eb2c30e5-c0d8-4af3-a786-dff75aae734e,2024-01-20 16:43:00
8181,565,remove_from_cart,product,69,87c5bedb-3c46-46c5-9e9d-50e430533ef9,2024-05-04 05:45:00
8182,702,page_view,profile,25,32a8eae2-7796-4404-b11d-ea5006b28f4e,2024-03-13 02:59:00
8183,251,page_view,search,9,194f8de6-28c4-45b9-bdbb-c2b3a18e8efa,2024-01-12 20:48:00
8184,479,remove_from_cart,product,89,b31afa03-3cec-4c4f-8240-9e6123968a75,2024-09-03 17:39:00
8185,770,purchase,product,68,5d076d82-579b-47ad-9a18-4ddea4bbf84e,2024-10-03 09:30:00
8186,518,page_view,profile,44,22939f11-4fb9-4264-9332-075cc72dd89c,2024-09-26 18:56:00
8187,409,search,cart,78,7420ce09-fb12-4090-862e-8d30b83d31ee,2024-05-08 04:56:00
8188,96,purchase,profile,81,6c3fa178-f37a-495d-97fc-6c0c065733d4,2024-03-22 13:45:00
8189,642,page_view,search,21,c7818715-28f3-4b12-b0ae-07841bb2a5eb,2024-02-20 06:40:00
8190,328,search,home,22,c27b639a-dcf7-4050-81d2-3c1b7cf4ca53,2024-10-16 23:47:00
8191,167,add_to_cart,home,2,2615f493-6d75-45a3-8d8b-9f32e09cc48f,2024-08-23 16:18:00
8192,418,purchase,profile,78,0bc51c5f-6f84-43a8-9575-d04bdbc8aab1,2024-11-20 10:24:00
8193,725,page_view,checkout,92,d853ca48-f6b2-40bd-89a8-15d1623fad2d,2024-02-15 17:10:00
8194,222,add_to_cart,checkout,27,1f933f3e-321d-4f9d-80c2-b3bae15d525b,2024-10-07 17:59:00
8195,134,purchase,profile,73,f31cd8c3-4667-429a-adca-fdeba9679f63,2024-08-29 23:51:00
8196,850,remove_from_cart,home,32,b0a8065f-5a8c-4314-b62d-67d7f74becc8,2024-10-16 20:42:00
8197,450,add_to_cart,home,81,f6f8a951-1bb2-47b9-87ae-76344a4fb725,2024-09-12 15:00:00
8198,386,purchase,cart,55,c2091e97-5eb4-4898-b472-21a12dca8562,2024-02-25 09:36:00
8199,694,page_view,cart,87,b0e1a5d2-7f20-458f-a7ba-3c17023b9429,2024-09-18 10:34:00
8200,299,remove_from_cart,profile,18,9d7d0258-8eeb-430b-9295-a9dc97e7f0cf,2024-02-28 02:10:00
8201,634,remove_from_cart,cart,27,1ebfe4ea-ebbe-4be4-8ff3-3a32be18cb32,2024-06-26 08:01:00
8202,61,purchase,product,91,2d6dd8e2-28a7-4d57-b43e-9424bd328bd8,2024-02-14 20:44:00
8203,510,remove_from_cart,search,68,f76ee3c2-3e9e-4f23-8e73-0cf8521b02ba,2024-02-16 19:01:00
8204,829,search,checkout,4,33d84c9e-77a6-4e67-b977-f715a1303b2f,2024-09-08 12:49:00
8205,759,page_view,profile,38,f3aff2f8-fa5d-494a-8cd0-0491d0e693cd,2024-11-29 11:26:00
8206,365,page_view,home,50,9c3de2c4-81a3-4667-a096-9ea53f6ffb23,2024-05-05 17:58:00
8207,760,remove_from_cart,profile,61,0c5223ff-ac80-4285-8ab5-7eb086a94d87,2024-05-07 02:39:00
8208,644,purchase,search,98,9530965c-1983-4d0c-92f1-462b07260c2e,2024-05-31 14:44:00
8209,17,search,home,35,540defdc-193b-4b87-9007-eeffc6bea3ae,2024-12-16 11:02:00
8210,519,add_to_cart,profile,28,255c9812-6488-491a-864a-4554347bdd52,2024-08-16 22:34:00
8211,246,search,cart,99,7250c7a3-a2e1-4ec9-86ce-1fb48fe2420c,2024-03-26 12:51:00
8212,209,remove_from_cart,profile,26,c979aa78-c451-4d64-9407-2355c896dbdd,2024-03-23 11:27:00
8213,859,remove_from_cart,search,100,3e82d887-d452-494f-afa7-b68308c9464b,2024-10-16 18:13:00
8214,807,page_view,checkout,27,34d1b2d0-43a7-4dad-add0-b4fbcf63dd9e,2024-01-17 18:00:00
8215,77,search,profile,10,bc42c07e-a854-4f0d-bb40-e600a1a72916,2024-04-24 09:52:00
8216,446,search,profile,2,bc3af442-ec66-4c41-8677-9d4ab4bc4eb2,2024-01-27 21:14:00
8217,424,search,home,47,f6c14425-eb4c-4b4a-bdfd-66a4bd0d71f3,2024-06-23 08:52:00
8218,151,purchase,home,21,1b39aa37-2444-4c22-a5a5-9d5de74f8a63,2024-08-10 15:25:00
8219,642,page_view,cart,12,5ec5fcd5-4837-40b9-b2f4-9b12f63a1547,2024-10-14 21:04:00
8220,600,add_to_cart,product,12,7db8c240-36f2-442a-806b-4d51230a5012,2024-12-06 01:17:00
8221,237,remove_from_cart,checkout,36,d5a94c87-e50d-4c8a-b3a1-772ff461b285,2024-07-18 10:39:00
8222,91,add_to_cart,home,54,910896ee-0b3a-4e94-94f9-a99945677e97,2024-04-09 16:54:00
8223,95,add_to_cart,search,85,f911c931-3cd9-4e2c-8846-5c69ed1b7954,2024-10-04 13:04:00
8224,798,remove_from_cart,search,69,8f1c40ae-2f54-4860-980c-344b099c97fd,2024-01-01 18:09:00
8225,312,search,search,67,4d5f60a2-7dc6-4cac-8dce-66b39959b71c,2024-06-21 08:22:00
8226,505,remove_from_cart,search,76,4aeaaa7f-fecf-4835-8604-55c0c6b33d38,2024-10-12 19:17:00
8227,472,add_to_cart,search,65,d9d019bc-a7f4-4732-b406-f1c9b0615498,2024-01-31 21:49:00
8228,188,remove_from_cart,cart,34,4ef87708-a993-45ee-abe5-86f3d141ae02,2024-05-18 00:34:00
8229,428,search,search,12,1d06e8b5-1642-4258-92c4-0158bcda2297,2024-11-04 15:50:00
8230,830,purchase,profile,45,3c38b9f2-196b-4b35-a819-27f44467808f,2024-07-06 21:57:00
8231,325,purchase,checkout,98,d1649941-3c4e-43e2-b0f0-9742aff6c077,2024-08-31 19:16:00
8232,142,page_view,cart,73,96b157c8-4be9-4462-b39f-e7fdc27f82e3,2024-01-13 18:00:00
8233,842,search,cart,74,72c79457-76bc-41d0-9e6a-22c263896c74,2024-05-28 20:18:00
8234,258,remove_from_cart,home,47,1509355d-ded0-40fd-bc2a-32d0aeb4e57e,2024-08-09 11:23:00
8235,697,remove_from_cart,home,79,04578043-3f40-4e05-8044-35cc42a7c3a7,2024-09-09 03:53:00
8236,504,page_view,search,98,48b06e7e-3ff6-4833-bcba-f6346829d0b6,2024-03-11 07:47:00
8237,127,add_to_cart,profile,3,3fa2cdb3-2893-4ca8-82d7-c0b17a2964f5,2024-01-21 15:34:00
8238,888,page_view,profile,47,202ccf8b-15c0-4ee8-b4f1-9fe35e784cf4,2024-12-24 04:31:00
8239,456,search,checkout,100,46c0c6e7-b5ed-485c-b4cc-b7fab9eaf07f,2024-01-25 05:08:00
8240,389,search,profile,46,7f0e5e9f-5f98-4208-b24c-b60f15c99e2c,2024-05-22 01:57:00
8241,133,purchase,checkout,17,d51ad59e-345f-4a41-a27b-4252c3adb984,2024-04-26 08:32:00
8242,713,search,profile,8,db0bb94d-8def-46ef-b46a-a6c3ef759525,2024-12-25 04:24:00
8243,681,add_to_cart,home,72,e94a9de9-bf30-4001-acc2-ccfb1d00ab7e,2024-02-07 19:49:00
8244,572,search,product,39,724dd14d-79eb-4908-b554-f06fc6c3a209,2024-01-15 20:30:00
8245,505,search,checkout,42,3a6d60e8-39f8-4cb4-9da6-627db8df6b13,2024-12-10 06:35:00
8246,806,purchase,profile,31,f666b103-aca2-47ea-b4a9-b8a86414d48c,2024-08-02 09:20:00
8247,548,search,cart,35,19e8b1aa-8f36-4416-96d4-fbfa7ac1b4d3,2024-11-14 23:47:00
8248,438,purchase,home,52,8a8cfe87-db97-4d1a-bc88-ea8877576dab,2024-01-10 16:39:00
8249,22,purchase,cart,61,853efac7-a2e7-4a0c-8d4c-634cb2e81078,2024-03-17 09:42:00
8250,929,add_to_cart,product,89,4aa2c78c-7789-4b52-8971-810be584b712,2024-12-28 02:48:00
8251,225,page_view,profile,41,4f06671e-9266-4cfe-817e-e5f760db9e22,2024-06-19 00:53:00
8252,707,search,home,21,1543b276-417a-4de6-aa28-886588cb4b78,2024-04-06 00:28:00
8253,963,remove_from_cart,home,34,812f0d82-0254-4606-b7b4-36bddf367130,2024-12-19 19:07:00
8254,847,purchase,search,38,b736bd28-bb69-4ef3-a044-b9ad68b02bfc,2024-03-16 13:03:00
8255,258,page_view,search,85,79902c38-f9fa-40b7-b5e4-b329cda46d7f,2024-11-11 23:39:00
8256,962,purchase,cart,31,d3f19f9d-880f-4a8a-a84a-f28fa632c5f1,2024-05-01 13:22:00
8257,581,search,search,94,6f18fbec-cdbf-4f83-b9de-4953c0376161,2024-07-25 09:44:00
8258,249,add_to_cart,product,99,2bbd2a60-c5d1-4a96-8388-0adb167e06cd,2024-06-01 18:03:00
8259,927,page_view,checkout,75,ea0631bb-dedb-4eda-b397-d880beb27a00,2024-04-17 12:14:00
8260,345,remove_from_cart,checkout,6,81536897-56b9-4c10-8f88-5b2fe7b5ba9c,2024-05-31 01:33:00
8261,56,purchase,product,76,97f0a2e2-4daa-4c97-8db2-2297ba25647b,2024-03-11 21:32:00
8262,172,add_to_cart,search,24,796efa25-e1c1-4ceb-9f55-ed1c50210521,2024-07-25 13:49:00
8263,867,remove_from_cart,checkout,21,9e53c67a-e186-44bf-8796-e66aac63c157,2024-02-10 05:39:00
8264,805,search,profile,73,573b4afc-6620-4b41-8e55-f626c841cb06,2024-06-06 08:20:00
8265,56,purchase,profile,72,2896128b-6b8c-4fc7-9e83-9e50ac544fc3,2024-05-14 21:52:00
8266,820,search,home,18,f66a3efc-c685-44d4-9a89-ac9c5b68fb27,2024-11-13 12:23:00
8267,622,page_view,checkout,54,10c3ce9d-5d6a-466b-8dd5-0a92d1fe7211,2024-02-11 04:06:00
8268,307,add_to_cart,home,1,29b96fa4-dfd3-466f-ab7d-e6f2309bfefe,2024-03-22 16:47:00
8269,880,add_to_cart,profile,6,682a628d-817b-412c-8af0-33a7a1447f27,2024-07-15 20:24:00
8270,650,search,checkout,89,e6139150-4e42-4774-a056-cee647893f42,2024-03-25 22:56:00
8271,241,search,home,17,1c3b481f-9239-49a9-ae23-a5aa40e26fc6,2024-08-16 14:22:00
8272,550,remove_from_cart,product,4,3b9add3f-a753-4643-b745-c9664d9d3f7d,2024-11-16 16:33:00
8273,177,remove_from_cart,home,36,ff9f95cb-5ce9-4100-aad4-972358e557e2,2024-02-23 07:27:00
8274,847,search,search,65,3ddb2e4f-dda6-421b-ac5c-017da52b26d4,2024-08-18 18:01:00
8275,675,remove_from_cart,cart,92,8542a877-1ea5-4b14-aafb-d404f12f4cb0,2024-06-05 13:18:00
8276,836,add_to_cart,checkout,96,e4e803bc-fc8f-449b-8831-2eebd3cd4a20,2024-05-05 16:44:00
8277,706,page_view,checkout,63,475e63d5-4c15-4120-a029-55aa6abfc2ed,2024-05-24 15:40:00
8278,869,remove_from_cart,product,64,cf01c731-ef6a-416e-b484-4f3a0a686d2f,2024-07-14 17:23:00
8279,731,remove_from_cart,home,39,70c810eb-f43b-4438-921b-c49e088c163d,2024-07-13 22:06:00
8280,158,remove_from_cart,cart,51,4cd71e9b-07be-4ed4-b0ba-f586b3668195,2024-06-30 16:00:00
8281,519,purchase,search,20,11906948-6115-4017-bd82-c054dc0ca96c,2024-02-26 12:40:00
8282,730,page_view,product,43,f3223dd7-1f01-4e6a-a8bc-b10004454ec2,2024-03-22 21:24:00
8283,851,remove_from_cart,product,46,7a78f19a-89ac-4501-a86f-abb363172bd7,2024-11-09 03:21:00
8284,937,remove_from_cart,product,26,6ae82069-c112-438b-bf46-8b3c5e03276a,2024-10-24 15:16:00
8285,873,search,profile,90,6bf01720-9740-46e1-aceb-061743d65905,2024-01-15 17:45:00
8286,725,purchase,checkout,1,683461db-9f39-48a0-8cb9-bcb062574fe8,2024-12-20 01:25:00
8287,628,page_view,profile,65,f94c69c7-e2a9-48b7-991c-51812613aa49,2024-05-19 07:18:00
8288,838,remove_from_cart,home,63,736540fa-777f-4870-ab16-b4146206dfe2,2024-10-20 21:48:00
8289,182,search,checkout,69,afaa5b68-a4a6-49f8-ab70-93350cd24753,2024-09-05 14:45:00
8290,137,search,home,71,6dca4ab6-fe4b-4dd1-a98d-397439f0d043,2024-09-25 09:16:00
8291,199,purchase,checkout,49,b02be24e-8618-43e8-b809-2836e6fb9c32,2024-03-17 14:29:00
8292,149,search,checkout,38,a12143be-b2d2-4912-847e-0801ea977077,2024-01-11 20:49:00
8293,593,add_to_cart,product,21,b58c1b3c-71a6-44ac-9428-279c44f0827c,2024-04-30 09:39:00
8294,769,add_to_cart,checkout,65,22e4411d-9539-46a5-827a-dac2638605d4,2024-02-24 06:09:00
8295,162,remove_from_cart,home,14,87df7eca-1a9e-4a44-a37e-a02fa644fef7,2024-10-13 21:42:00
8296,522,add_to_cart,product,38,b64d81e5-c549-40a9-8715-674adf23dae8,2024-06-23 04:40:00
8297,399,remove_from_cart,checkout,21,57e89185-f76b-4ab5-ae21-b200d533e49a,2024-09-27 09:02:00
8298,543,search,checkout,55,8c516096-b101-47eb-8734-65619067bd81,2024-12-09 09:31:00
8299,306,search,cart,55,67a7809c-b12b-4287-8fbf-e8b874722a1a,2024-06-24 19:50:00
8300,364,search,profile,27,2ad412a4-13e9-48f2-b52c-be999100c6e9,2024-02-01 01:27:00
8301,813,search,search,94,63982ab6-8e41-4b1d-9e3e-1cb82c8d56b1,2024-06-21 17:47:00
8302,574,purchase,home,28,4c05586b-2649-4b88-90f7-dc19c1b1c4ea,2024-09-24 03:06:00
8303,1000,page_view,search,38,29b8dc67-95cd-4a72-9949-df26604546aa,2024-05-22 19:44:00
8304,645,add_to_cart,product,30,73c7b60c-e609-4fd5-814a-f6dd726ebd9c,2024-08-07 10:58:00
8305,327,page_view,search,15,b53be70e-2c16-4a56-a8f5-d429f9f706c6,2024-07-08 07:16:00
8306,121,add_to_cart,home,93,63b687f2-33a1-4d26-b947-fd229e5bd734,2024-02-23 12:28:00
8307,175,remove_from_cart,home,60,afe2942e-3d5c-40b7-a4b3-e203af02722e,2024-04-25 20:36:00
8308,202,page_view,profile,67,63115180-9e8b-4080-8f57-167575e55a62,2024-04-06 13:20:00
8309,927,page_view,profile,45,679c15f9-1272-4a57-b62b-a0338ea609ee,2024-08-04 04:13:00
8310,886,search,checkout,7,d1e3fe29-50d2-45b5-839e-0ed6ce33064e,2024-12-18 15:42:00
8311,801,page_view,product,27,4782750b-a9f2-405d-847a-0e2e1aae53ec,2024-08-10 18:10:00
8312,969,add_to_cart,profile,99,00a1ad4d-841b-46a4-9f09-8d433b79b4b5,2024-05-16 22:56:00
8313,588,remove_from_cart,checkout,89,ea349dbd-aab8-482c-a346-12a7b206798e,2024-03-18 17:56:00
8314,770,purchase,cart,97,598d3f4a-8f7f-4508-8e19-b96aba8739eb,2024-01-02 03:41:00
8315,531,search,cart,6,d3f7e997-bdb2-4597-ac3f-1a9328200805,2024-07-08 07:23:00
8316,276,remove_from_cart,product,47,3b610a46-4036-4721-89fd-b7d5d029418c,2024-07-05 06:25:00
8317,181,add_to_cart,search,4,d7ffe4af-5db5-4643-adfc-548e626d587a,2024-10-27 06:29:00
8318,374,page_view,cart,13,8750e7ce-0e48-4f6a-abaf-1b7761ba689c,2024-01-06 10:46:00
8319,543,purchase,product,47,3229ebd0-450c-4b6c-a7b8-051ac2769c07,2024-05-16 05:37:00
8320,43,purchase,cart,31,44b4acf1-4cb7-44f6-9f0b-9556ff5f96c1,2024-04-24 23:46:00
8321,911,search,profile,81,10fcd625-680d-48cb-9c70-cf9efe4ea0ff,2024-10-31 04:50:00
8322,404,remove_from_cart,profile,49,f19927bd-08d3-411a-acdb-4fc8ec4a9e54,2024-03-29 06:07:00
8323,597,add_to_cart,search,79,ec74626c-8b10-41ef-989e-f2dacf002ac2,2024-03-19 23:00:00
8324,69,remove_from_cart,profile,93,0c623660-eacd-4db6-a2e4-8b321bfc1193,2024-01-28 20:44:00
8325,271,page_view,product,89,248fa11e-f47f-4dd9-87e4-13cc2af62899,2024-02-16 10:01:00
8326,417,search,cart,96,4e999ded-1eb3-4479-bfd8-a3bca3f5114d,2024-10-21 17:57:00
8327,162,page_view,cart,75,dad6d42f-1ba4-4b20-a4db-c2a85ef4f1c2,2024-07-09 03:52:00
8328,192,search,cart,92,2fde2343-ecb4-4ee9-864f-3ff11252be85,2024-11-23 05:58:00
8329,160,purchase,checkout,100,604d1241-2a10-429a-8a10-38a4760f2d63,2024-10-21 21:41:00
8330,114,search,search,52,a5321c2c-ba5d-48cb-a0cd-f57b959a9ce9,2024-03-27 13:16:00
8331,11,remove_from_cart,profile,87,c66fd8bd-1527-420d-b0f8-1e78482e98b7,2024-11-07 04:32:00
8332,174,purchase,cart,41,a6059e91-f4df-43cf-af21-e46d4e200ebd,2024-01-23 21:59:00
8333,579,add_to_cart,cart,67,564d4038-f0f4-4bcc-b756-af5de233b2fc,2024-09-25 04:30:00
8334,117,search,cart,52,7901604c-7cc3-445a-8999-0ac432aee938,2024-11-17 15:03:00
8335,910,purchase,profile,19,00627fb4-2d18-4e32-a27c-61fde725f900,2024-08-16 04:52:00
8336,619,purchase,cart,84,1071fc2f-fa82-4ba7-896c-b74fb22daa18,2024-05-28 01:54:00
8337,77,add_to_cart,profile,9,4087f1bf-3a57-442e-85b5-caf55a23d908,2024-08-10 02:00:00
8338,880,purchase,home,87,48060ade-1ff4-49f5-8adb-531d02f6ec0b,2024-08-09 10:21:00
8339,549,search,profile,68,dfdfb4e4-d902-4fc5-84f6-6a1a8e61c650,2024-09-18 23:45:00
8340,286,page_view,profile,97,f2eebce1-6f6c-4efd-9c60-0181c849f882,2024-07-15 18:53:00
8341,671,remove_from_cart,product,93,102fcc90-7806-4c3a-87a0-868b38cb3e3a,2024-03-27 02:34:00
8342,910,page_view,product,33,7af44b39-0c3c-4849-a16b-2e67ad5986fa,2024-02-02 00:20:00
8343,933,search,checkout,4,36a00705-de93-40fb-9ba0-9ee5c8ff3a75,2024-09-28 16:04:00
8344,176,add_to_cart,profile,100,39b12c05-cfa4-4486-834b-07874a9c1558,2024-07-29 05:49:00
8345,687,remove_from_cart,cart,17,a04e8a0a-c6a8-4bb3-a258-6167fc3d1880,2024-08-18 23:48:00
8346,445,page_view,home,51,c6b4b9c6-d091-496d-a45c-d33001d56b22,2024-11-28 10:55:00
8347,31,search,checkout,18,2cfa051a-7828-418c-b139-59bbf4791968,2024-09-23 01:56:00
8348,811,page_view,search,68,dac71b7b-ca25-4f53-a2f0-66b6a9597620,2024-12-24 06:37:00
8349,854,search,product,38,bb4d0995-4db7-43b5-b60d-aaed9bce70f0,2024-12-28 21:18:00
8350,707,purchase,profile,24,b34672b0-eeb3-451e-8ce4-def1959936b5,2024-11-03 22:36:00
8351,634,add_to_cart,product,26,448abf00-c053-4ab2-85fa-6bd4b59c4d7e,2024-06-18 06:24:00
8352,909,remove_from_cart,product,67,d5d9670d-5894-4162-94a5-06d17de8eaed,2024-07-30 02:52:00
8353,40,add_to_cart,product,24,d678a740-b8ef-44b3-98ba-3776e237102d,2024-06-15 13:48:00
8354,303,search,profile,27,c3b36ae7-bff3-49c9-ac16-b6b03cbf9db9,2024-07-23 16:17:00
8355,222,purchase,home,89,e2eb7dee-40ec-4a85-8fca-5cba294d0843,2024-08-07 09:02:00
8356,402,page_view,product,74,fe96571f-5648-4fa4-8445-4e8d23cb4959,2024-05-09 11:07:00
8357,1,remove_from_cart,cart,13,561eea16-6cbd-4695-a841-cb14e2b99352,2024-08-27 23:30:00
8358,817,remove_from_cart,checkout,43,e93148d4-fba5-4c6c-b2df-fa0567db1694,2024-03-13 23:22:00
8359,114,remove_from_cart,checkout,48,a612d307-0a83-47cf-8830-941da44d0f85,2024-11-17 13:04:00
8360,538,add_to_cart,product,22,bb88a11f-47db-4a82-ba40-2c9f88484fc2,2024-12-10 17:06:00
8361,9,purchase,product,25,72cce274-9efe-4e8b-8bbd-7f5f13944db1,2024-08-07 15:12:00
8362,741,add_to_cart,product,77,450c7eb7-5175-4c38-9ba9-4037d1b14471,2024-02-08 04:11:00
8363,768,add_to_cart,cart,49,2ce5d8ad-18e8-44d9-bc65-760c031a40fb,2024-03-21 15:07:00
8364,772,search,home,14,e99dc175-cd56-410b-b199-7a796329aa27,2024-01-01 01:55:00
8365,995,purchase,home,89,63bd1ec7-34df-4995-8833-dec36493dc7b,2024-09-10 18:05:00
8366,471,page_view,checkout,79,7d6f6763-cc03-46fc-b32a-0e1dc5e7b723,2024-07-09 23:58:00
8367,655,add_to_cart,profile,55,9b6b7b61-7533-420f-858e-af9a48b5cf96,2024-10-13 14:48:00
8368,23,add_to_cart,profile,68,f4111913-b45d-4c6f-80c4-c82823f4a9e7,2024-09-29 18:31:00
8369,476,purchase,search,62,904497bd-d19e-4e18-9843-be161fa7de14,2024-11-22 12:30:00
8370,372,page_view,profile,43,78162179-6fd8-4f7d-8947-62389bed028a,2024-08-06 15:20:00
8371,715,add_to_cart,profile,78,9e4b5111-a55f-4e49-8bd6-d7e7f2203345,2024-07-08 04:31:00
8372,297,remove_from_cart,home,25,0a89f47c-4fc6-4774-958a-257c27c3c3c7,2024-07-16 06:45:00
8373,350,add_to_cart,product,38,7c56ea2c-7d36-4259-b11b-12af267d4c18,2024-04-13 17:16:00
8374,328,purchase,home,13,b69a8c39-72fa-429b-a0db-4f41740b85e9,2024-07-15 06:30:00
8375,666,page_view,profile,32,9c5d93e5-ca01-4828-8f51-be3f2403cfc2,2024-10-21 11:16:00
8376,921,search,product,23,a7680242-c411-4400-8d15-75681dd830ae,2024-11-20 09:36:00
8377,997,add_to_cart,product,55,d789b9a0-32c4-4192-8831-2773db378d33,2024-08-16 18:00:00
8378,976,search,product,13,0e1b0349-79f6-4978-8df9-7e52d34f03c2,2024-02-06 05:28:00
8379,153,search,product,74,c70dd3c5-05ab-4902-875c-9bbda3666f1b,2024-05-08 03:56:00
8380,307,purchase,product,58,d0a76e29-e165-4d95-9938-64b63a90fb7d,2024-07-27 01:10:00
8381,566,page_view,profile,39,1e1086ea-a5ef-4df0-8a34-7c6f31a3d503,2024-04-11 23:01:00
8382,994,purchase,profile,52,1e787727-c479-4401-a2e1-323dad71f640,2024-04-30 16:57:00
8383,68,purchase,checkout,70,6b3a2518-38d4-42d3-8222-ddfa2259eab8,2024-02-02 15:57:00
8384,22,add_to_cart,profile,12,6d95efe4-23c7-45b0-ab87-206dc24b1589,2024-05-11 11:48:00
8385,836,page_view,search,82,31e191d3-85d2-433a-8025-0e29939a9579,2024-10-25 02:27:00
8386,555,purchase,checkout,88,453c68cc-95db-4c13-bcf9-ad1e4762e981,2024-11-09 12:31:00
8387,90,add_to_cart,product,90,47238a03-72a6-4b45-b4ec-095f86d2ccc3,2024-06-30 12:10:00
8388,815,search,product,89,4f164472-dd26-4e5d-a5df-797fc8564c17,2024-09-26 18:50:00
8389,137,add_to_cart,profile,63,45a03df8-ef22-4462-92e6-c9beef0f7783,2024-02-02 20:57:00
8390,41,purchase,home,29,a50464d5-6d0b-466f-bcb4-f33853b5dc08,2024-11-04 20:54:00
8391,707,remove_from_cart,search,21,55361dda-fa50-40fa-afe9-4073df09b587,2024-06-10 17:13:00
8392,810,search,home,67,df7e31b3-4bf3-42b0-9412-1a17da488ab4,2024-01-16 15:14:00
8393,904,add_to_cart,home,77,9b4d9c66-eedb-4321-9dfd-b57737219c97,2024-11-04 17:57:00
8394,31,purchase,home,33,21377ff0-090e-4554-b40e-333d861fcbf9,2024-09-28 17:57:00
8395,674,remove_from_cart,profile,88,7ee2625f-c303-4674-b45b-e84df3b70862,2024-07-30 13:01:00
8396,437,page_view,product,35,c0e447de-5cc5-418c-a738-2675ca58fcb6,2024-12-27 00:21:00
8397,416,search,checkout,49,f0f03201-a370-49a3-aa29-fccecb694d6c,2024-01-14 19:16:00
8398,482,remove_from_cart,product,27,51213732-f5f6-46a8-9f64-d228f11bba89,2024-12-06 00:24:00
8399,931,remove_from_cart,cart,88,728d443c-9f0a-4812-9d18-0fef304dfc42,2024-12-06 13:14:00
8400,937,search,checkout,2,4df52a59-0856-4e9e-a61d-e4a8ea7c808f,2024-12-16 19:57:00
8401,487,search,cart,20,91b2f02e-9c5e-4bce-9408-f388100d5cdc,2024-11-27 11:57:00
8402,365,add_to_cart,home,40,155856b9-e63c-4c12-9333-e034b6cb1b4b,2024-03-25 23:58:00
8403,468,search,cart,16,f7986966-685c-4d94-a1ee-021f7cca46bb,2024-03-20 10:38:00
8404,4,page_view,profile,62,4bc8b52c-4118-4c39-86a3-43583ca285c1,2024-02-29 01:38:00
8405,649,purchase,product,66,217225a6-3dd2-4f7a-aa6c-d612a41352c1,2024-05-11 02:31:00
8406,236,purchase,product,65,8bc62261-eea5-4f7d-9cd0-d5fde2c823b7,2024-01-28 10:13:00
8407,697,add_to_cart,cart,25,132380f4-d438-44c0-8be4-04f1d2d3cba8,2024-09-17 01:03:00
8408,298,purchase,profile,2,1ec6cc18-485d-4b6f-b8ef-cb08c9a72074,2024-09-01 11:40:00
8409,511,page_view,search,51,18c49730-1c7b-4688-ba5d-b31095ee9a62,2024-12-28 17:26:00
8410,113,purchase,checkout,91,f4ad507f-146a-46f6-bc4b-8dce0c8d3fa5,2024-08-17 01:17:00
8411,239,search,profile,13,6efb52d0-7a7e-48ba-8b8c-4bf2e6cadf2f,2024-04-18 04:51:00
8412,299,purchase,checkout,52,7f41afcd-86b6-4c40-b7ee-1e08a7783798,2024-06-15 16:05:00
8413,813,purchase,search,74,6add312b-1462-4537-b334-c18d03ace0ac,2024-05-26 16:37:00
8414,636,remove_from_cart,cart,45,e3b4a110-1da1-497e-8b88-27600193d03c,2024-11-18 09:57:00
8415,533,purchase,profile,79,c03c7e28-036b-4e16-be53-a8a7e22ad003,2024-03-18 23:21:00
8416,229,page_view,cart,10,5d34e364-7f49-41f0-8798-4dd6f950402a,2024-12-16 02:08:00
8417,811,remove_from_cart,checkout,72,a40b55cb-fd82-43db-bd2e-9bc8237d4eed,2024-10-12 14:51:00
8418,273,search,cart,68,39fc6fcc-7611-49b5-89d5-7085150dbdd7,2024-07-18 14:08:00
8419,641,add_to_cart,checkout,68,ca4dcba5-bdec-49f8-b049-6f9874b369f6,2024-02-06 03:18:00
8420,68,page_view,home,45,666eac9d-4831-47c8-bed8-6c7194843764,2024-03-02 16:54:00
8421,281,page_view,checkout,27,ff38d12f-e825-44cc-8181-d9ac8d4ec5b4,2024-06-15 22:02:00
8422,648,search,checkout,72,9b564f71-5ed6-4ce7-8e37-159cb187fd78,2024-08-03 23:35:00
8423,449,search,profile,56,69ebdfe4-239d-4cc9-8c1a-3a22d7a3ea0c,2024-09-18 19:22:00
8424,228,remove_from_cart,cart,44,e2943acd-9248-4e05-87a9-3fed2f8caf05,2024-09-06 00:41:00
8425,322,search,product,26,65517ff9-3768-4107-acab-b322bce09b6c,2024-11-05 06:00:00
8426,603,add_to_cart,checkout,59,f7ec8ebc-70d2-4ef2-bc26-2e04e3232a3e,2024-08-01 00:28:00
8427,554,add_to_cart,checkout,71,a73f61c6-478d-4d57-859f-12bf012b62fb,2024-03-31 19:51:00
8428,314,page_view,product,52,cf52d887-ac1a-4029-9b11-fbd1ddbee0af,2024-12-16 22:51:00
8429,863,search,profile,86,c41f96cf-067a-4e1f-8441-3f411e20d994,2024-11-23 06:19:00
8430,416,search,home,53,cc680f4c-dd27-4eac-b829-b527327f1fc3,2024-03-12 14:14:00
8431,693,page_view,search,26,5f9b7a8d-7d5f-46d2-8408-a970f5ff449c,2024-12-15 02:58:00
8432,164,page_view,search,52,caea2c8a-ddcd-4a0b-99e8-bd0e40b5cf3c,2024-09-06 02:58:00
8433,270,remove_from_cart,product,57,2534c829-3388-4bb2-89ad-2274be2b8f77,2024-04-26 04:42:00
8434,428,page_view,search,36,954c1dcd-f615-47ff-b459-6d267aa8cb51,2024-02-10 02:44:00
8435,147,add_to_cart,checkout,26,8b7e62bb-be59-4d75-9c93-04735d488e72,2024-05-09 16:44:00
8436,216,remove_from_cart,cart,20,5be595d7-b802-4618-b5ba-2e5b1b83b05e,2024-09-04 01:55:00
8437,766,purchase,product,96,c9f7183f-18e3-46e7-a316-c0e944d18c1f,2024-05-14 21:46:00
8438,252,add_to_cart,checkout,90,f5363d58-7ac3-4fd8-923d-b451bd1175f1,2024-06-25 07:59:00
8439,222,add_to_cart,search,2,a637be1f-cc77-4526-b4d7-c31f164ea7c2,2024-12-10 23:57:00
8440,830,add_to_cart,search,100,6599b1cc-9d20-4137-a19c-34a6299f696a,2024-07-24 11:43:00
8441,94,remove_from_cart,checkout,24,cc34546c-48c5-4017-9e73-af0551fe1c6c,2024-03-02 07:38:00
8442,236,purchase,product,15,a5e25187-e19c-4da7-8e82-2290562eb9e4,2024-07-31 18:22:00
8443,536,remove_from_cart,cart,84,f6a61ee6-0eb7-44e4-853d-b02def8906e8,2024-07-21 07:36:00
8444,783,page_view,profile,29,40fe75ce-c444-4942-8777-386fcb7688d8,2024-11-23 06:46:00
8445,295,search,product,53,4b07c917-aab4-4092-90d9-590ad86d42a7,2024-05-11 10:51:00
8446,860,add_to_cart,cart,2,4f5968f5-4fec-4689-90cf-327857e2f1fd,2024-01-14 10:30:00
8447,862,add_to_cart,profile,46,e4ac2a87-d835-48f2-a94e-37c9aab578a2,2024-09-07 06:46:00
8448,677,purchase,search,42,7c876fee-e0c9-48de-99f8-13439c110d82,2024-03-06 14:01:00
8449,476,search,cart,9,247dfb9a-7d7a-4294-9914-76625ee4f128,2024-06-13 05:43:00
8450,477,page_view,profile,74,86db2cb2-4683-438e-8517-e0e77477ff3b,2024-09-17 05:40:00
8451,806,add_to_cart,search,2,dd0b6814-fdc0-4f5a-b624-d16677b0b6e3,2024-08-20 15:12:00
8452,376,search,cart,93,36938ba6-f3ab-4ab6-aa6c-7d5bf3a87b36,2024-07-31 20:30:00
8453,491,remove_from_cart,checkout,52,d8533427-7465-4501-9289-58682432a273,2024-01-19 03:33:00
8454,576,purchase,profile,64,cf7c3a5a-82b0-4fd0-a71d-30e473052c9a,2024-10-11 05:43:00
8455,649,purchase,cart,10,33dd85b2-8c45-4191-9f4f-d76968547f8f,2024-07-10 00:57:00
8456,668,remove_from_cart,search,77,1a5476cc-0966-47c7-8afc-236be04dc09a,2024-05-06 11:03:00
8457,593,add_to_cart,search,60,840b7757-ba3d-4a83-8355-c958e3d5ad81,2024-02-23 03:58:00
8458,808,remove_from_cart,checkout,60,519f8103-3675-41a3-b2b9-28b3f2c8172a,2024-07-29 20:27:00
8459,529,remove_from_cart,cart,34,fe04574b-6e33-466e-b667-628d36a868e8,2024-12-09 20:11:00
8460,506,purchase,product,91,8bbf389b-0ffc-4f41-ab92-c6c56805a7ab,2024-04-05 02:16:00
8461,277,remove_from_cart,profile,27,b5f68669-3470-4aab-9a48-3bcd34e6bdc3,2024-10-03 15:55:00
8462,313,purchase,cart,86,59aa5818-7556-4ae0-a1c4-7451192b6fba,2024-11-20 02:24:00
8463,867,add_to_cart,cart,40,4a652ac8-4777-4e6f-bebe-a1c2fc624186,2024-08-24 20:06:00
8464,989,add_to_cart,search,98,0a273477-a127-4c9e-a38d-d23c0bffce27,2024-11-14 06:08:00
8465,550,search,search,76,ba90ae95-52d8-49d9-8786-c73c2fe3911e,2024-10-05 20:06:00
8466,319,search,cart,89,8284920d-4504-4461-b435-f1527104ba9e,2024-03-31 19:09:00
8467,283,purchase,home,76,d793e3c5-5094-43c4-b786-0e1467f0d8b8,2024-07-21 00:46:00
8468,294,page_view,checkout,54,76259dc1-0990-44f8-be14-57b8cb9d43bf,2024-09-23 23:18:00
8469,110,remove_from_cart,home,58,f42f0669-6777-4658-b905-ef24b0822f68,2024-01-21 00:01:00
8470,428,search,checkout,89,6a053fd6-2b01-4d88-b4bf-5ee2c82b233c,2024-03-21 13:32:00
8471,351,remove_from_cart,home,66,58c8f0b1-27bd-4627-a721-e32a15bd386a,2024-06-06 09:04:00
8472,817,page_view,home,94,abc139f7-5ef9-4e56-9bc1-faaaf2fd31d9,2024-08-08 15:10:00
8473,854,add_to_cart,product,12,69db8df4-a7e0-4430-bbd2-b9c18b58055e,2024-08-06 13:21:00
8474,297,search,checkout,66,05771e4d-5e48-499f-822f-e30546dba5b2,2024-07-26 21:17:00
8475,641,purchase,cart,70,b7fbc82f-159c-43f9-81f4-289b493e7bc5,2024-02-13 20:49:00
8476,802,remove_from_cart,search,50,d00830f1-9908-449a-a173-59f2b1ce4efa,2024-07-22 17:18:00
8477,630,add_to_cart,checkout,3,b7151d48-96fb-487c-8ca8-c2c37135d602,2024-07-08 12:10:00
8478,162,remove_from_cart,cart,60,cbd27aa5-4305-4244-b72a-b651a60977b1,2024-01-19 14:48:00
8479,919,remove_from_cart,search,89,dacb6ea9-3dfd-436a-84b1-7e62e4e55016,2024-12-24 16:14:00
8480,331,add_to_cart,cart,60,1be96f47-a2c9-4ed9-a9ca-0c9e61bfed07,2024-09-29 18:00:00
8481,414,purchase,profile,22,fdb3aea9-bb64-45ef-bdb6-ac19b14e0e0e,2024-06-19 18:59:00
8482,672,remove_from_cart,search,19,48344e04-086f-4353-9ca4-475ee12de6e6,2024-11-29 02:59:00
8483,818,remove_from_cart,product,6,ab23e478-804b-4698-a08d-91082c1b4f0d,2024-09-15 23:27:00
8484,396,search,product,39,0b9ea01e-c4f0-4526-aa61-5087767aa1f7,2024-02-17 15:17:00
8485,828,add_to_cart,checkout,74,d2b122fe-e33a-4234-8be2-d511c78c34af,2024-09-08 18:44:00
8486,173,remove_from_cart,home,79,41ff6b7d-f606-48f9-a9de-8691f115acb0,2024-10-09 21:26:00
8487,723,add_to_cart,checkout,72,71f00645-47ac-40ae-b215-87c2428b7665,2024-08-02 05:37:00
8488,95,remove_from_cart,search,100,8695f2c5-21bd-4a8c-b039-53be281cc1ae,2024-02-05 09:31:00
8489,958,remove_from_cart,cart,59,4ea0855c-6d23-4224-a23c-8f062cd3c904,2024-05-06 15:16:00
8490,291,add_to_cart,checkout,46,85220497-f930-4467-b503-6f259c1b8bc8,2024-02-06 06:06:00
8491,804,page_view,home,2,551a4bef-d349-4fd3-928c-2163eb352ecc,2024-02-27 01:00:00
8492,485,page_view,checkout,29,971014ba-72bf-495b-8b66-de303b97ef71,2024-02-10 07:04:00
8493,119,add_to_cart,cart,98,e3fa2b47-affc-48d7-a4e7-28bcba66b460,2024-08-01 14:29:00
8494,483,page_view,home,92,cb29ea9b-0a84-4405-8213-e75fa31cc5b7,2024-04-27 07:42:00
8495,136,page_view,cart,20,ddfb812e-af25-4e95-9d5e-d6f4c41208c0,2024-10-14 14:00:00
8496,236,search,checkout,84,12e52af9-7933-483a-b237-bcec29540e3a,2024-07-11 07:14:00
8497,156,purchase,checkout,19,d5de57fb-52cf-49dd-8b70-dc3790abeed3,2024-01-10 11:09:00
8498,376,purchase,product,17,e99302ae-4667-4d3a-9a2f-95c73b533013,2024-10-22 12:21:00
8499,83,remove_from_cart,product,84,74a27e1d-120e-4523-97b7-b30be7695dac,2024-11-11 15:09:00
8500,525,page_view,checkout,84,cb095ac0-57f9-4a8c-b38b-dc9574054a89,2024-02-16 11:36:00
8501,767,page_view,checkout,72,8057418b-cc6d-43a6-a12e-a9542d656a53,2024-08-04 13:07:00
8502,704,add_to_cart,search,45,85049fb6-e327-4fea-bafe-52647a03d226,2024-12-07 11:50:00
8503,699,page_view,product,73,b746cc65-c8af-471a-8e8b-08938666c868,2024-05-28 01:26:00
8504,156,search,search,88,543e3448-d2aa-442a-8871-f68e16640786,2024-09-26 04:49:00
8505,272,page_view,cart,20,6a442129-2cff-4c9a-a211-c94d009fa72d,2024-07-09 22:56:00
8506,992,page_view,cart,78,8822012b-4fcb-434e-99fd-286cf4f3beb6,2024-09-06 08:26:00
8507,213,remove_from_cart,search,59,8d8e622e-13eb-4326-91ce-77c7ad9f2259,2024-06-09 07:21:00
8508,249,purchase,cart,73,9801dd8c-baa3-4403-985c-e917b2d5c8ef,2024-06-18 04:23:00
8509,191,remove_from_cart,checkout,2,d327a634-12f2-4e51-9af1-e0edc9bd1903,2024-09-18 16:18:00
8510,501,page_view,checkout,84,88304216-af40-4426-b501-b302669a8bbf,2024-02-14 03:29:00
8511,948,purchase,product,27,f6de6571-680b-4164-932e-1621a66a671d,2024-08-09 23:24:00
8512,104,search,profile,84,a70e79b4-0178-41c6-ac36-911672ddf38a,2024-02-03 11:04:00
8513,345,search,cart,62,2dfa413b-215a-46ce-985e-49d48c7a4601,2024-03-15 17:16:00
8514,909,page_view,product,73,a993b737-4320-4e98-86de-b5b983fe2eab,2024-06-12 16:23:00
8515,341,add_to_cart,home,3,3d35fdae-f7db-405a-b042-8610cc0a8d1e,2024-02-06 18:35:00
8516,215,purchase,product,57,a54f301a-e758-4eeb-b851-334cd81651d6,2024-07-20 00:56:00
8517,34,remove_from_cart,search,77,3ba4f614-668a-4d75-ae1c-dea34e621d61,2024-06-01 11:22:00
8518,782,page_view,checkout,4,31b4bd8a-f15f-4db9-a25e-df1b9ea9bcdb,2024-10-20 02:05:00
8519,475,search,cart,79,def78915-fedd-4d0f-9fcd-ccbe8f666b7a,2024-04-17 16:11:00
8520,198,add_to_cart,profile,71,38cc80cd-be4a-4b83-8da6-5d3d6da8d681,2024-08-19 03:22:00
8521,622,remove_from_cart,cart,33,e963a25a-7bf1-4316-a0a8-1e2c13d0e4c5,2024-09-04 03:31:00
8522,352,search,cart,85,0c9fd2ac-4db1-4341-bdf3-30a460fee249,2024-08-13 01:04:00
8523,593,purchase,search,71,36f90dbe-7bc7-4e40-9047-7e50fdeb4550,2024-02-23 02:02:00
8524,593,page_view,profile,77,914631fe-5d59-43f5-8201-2e948e5db567,2024-01-07 21:19:00
8525,206,add_to_cart,checkout,8,aa6887aa-921e-4419-b490-fb47cfd69e4b,2024-07-14 02:52:00
8526,627,purchase,search,58,f78faf3a-d13c-48da-bf5c-2f9e192e475a,2024-04-04 17:44:00
8527,178,page_view,checkout,37,39242ede-434f-4b4c-b3f4-d8f3843fb182,2024-09-05 15:39:00
8528,868,add_to_cart,profile,29,a82d1127-2056-4530-b560-ccdb6429e667,2024-07-20 14:51:00
8529,441,page_view,home,87,d5001334-fb46-4b0a-a242-0fbb237996f9,2024-09-12 18:44:00
8530,429,page_view,checkout,91,a28d9a0f-8b5b-405b-a5a9-0fb96b7a4b90,2024-08-14 13:24:00
8531,487,page_view,cart,61,e4ee3f5d-8a0d-4b6a-b562-6e010bc57f4a,2024-02-24 16:29:00
8532,123,search,product,6,2f82c916-b2e6-4ded-919d-197b07e04601,2024-03-03 14:34:00
8533,863,search,product,63,e30e0d44-4a31-4597-8c87-2ae132a15730,2024-06-21 17:31:00
8534,335,remove_from_cart,cart,76,4a521fc6-6ff1-4ad6-8581-4660864f3fec,2024-07-11 02:56:00
8535,693,search,home,21,9cb960ad-f32d-4419-a3d5-830de7e6d7d7,2024-03-27 15:59:00
8536,614,add_to_cart,cart,91,8184417c-de9d-47f5-b54e-62a0d3969b9e,2024-08-05 15:58:00
8537,310,search,profile,68,83c9a921-3f88-4f68-8841-13b7e8ba1b33,2024-06-16 03:34:00
8538,523,remove_from_cart,home,25,47e7e28a-d52c-45db-b43d-5176cde5340f,2024-07-15 07:26:00
8539,912,add_to_cart,home,28,f0ea8e7c-0a5e-44f5-aae1-594ab2d4b3b2,2024-09-08 19:25:00
8540,626,add_to_cart,home,13,c47a9078-12f9-400e-8d95-8e464ef506d0,2024-09-08 15:50:00
8541,204,remove_from_cart,cart,45,1a049ee8-b324-4825-ad4f-7aa7d2e604ff,2024-08-03 07:24:00
8542,584,add_to_cart,cart,62,69045486-66c2-46aa-a4f3-137df721f678,2024-12-27 18:43:00
8543,950,remove_from_cart,cart,7,6872435a-a233-4be2-8373-5a1bdc3e7592,2024-12-25 06:13:00
8544,250,purchase,checkout,6,3b9ea627-718e-4041-a137-0dcb74f5f337,2024-03-27 12:06:00
8545,717,add_to_cart,checkout,51,f58dd728-3b73-4ff4-a2fe-fd09673eb475,2024-02-04 01:55:00
8546,230,remove_from_cart,product,25,4739982b-7a0d-4bbd-b53d-f3f58a49d651,2024-11-16 06:05:00
8547,616,page_view,checkout,90,1d7244ce-03c9-41ef-945b-b98a5cc5b0d0,2024-03-29 18:29:00
8548,1,page_view,home,32,f7e5b44b-9cbb-46f8-9186-8b0f9b53405d,2024-12-06 07:55:00
8549,911,search,search,39,d001930f-d2b1-45c8-9e2d-dbf4af27fb6d,2024-10-07 00:15:00
8550,487,add_to_cart,checkout,9,802e56fc-19d4-4352-be31-57a6e3b8f6bd,2024-01-03 02:34:00
8551,51,page_view,search,90,e40c6fd7-c1a3-4f0a-8127-bdfe7dda6ec0,2024-08-05 04:09:00
8552,419,page_view,profile,96,4f1810bb-7667-4cb3-a1cd-9e78023b7f79,2024-10-10 02:44:00
8553,595,remove_from_cart,profile,91,37ef15a5-801d-4150-97de-66fe151a7705,2024-10-28 23:35:00
8554,376,page_view,search,56,2059fab9-d802-49b1-84bb-94ea2f491ec8,2024-08-18 12:25:00
8555,905,purchase,cart,74,48792f60-6d35-4f41-b67c-3ad49c166514,2024-11-21 10:07:00
8556,221,remove_from_cart,profile,78,0deb3814-ee53-4d33-83df-87d2b9d217c5,2024-10-13 10:50:00
8557,639,search,product,59,49332133-dd28-45e9-8a68-67c406585f6d,2024-11-20 07:08:00
8558,213,purchase,checkout,54,b4d48d17-cf15-4725-8d56-4c6639a4ac43,2024-12-13 22:35:00
8559,837,add_to_cart,product,89,f8225f84-0477-40e3-86de-40dc32825c49,2024-07-26 17:35:00
8560,772,purchase,product,16,d9410da4-37f7-4a26-a854-3cdb99e16d78,2024-12-30 18:46:00
8561,925,remove_from_cart,checkout,16,fa77201c-dae6-48ca-ab1d-fe89845d9b81,2024-02-02 00:24:00
8562,743,remove_from_cart,home,83,f525044d-2c13-44f4-ba07-0b0705fe5cdb,2024-12-27 17:56:00
8563,184,remove_from_cart,profile,59,374e7dea-c416-4d38-be21-b31a7a90c6fa,2024-03-27 21:25:00
8564,626,purchase,checkout,61,7d0b159d-f177-4084-94f3-3a5caa5de77a,2024-05-26 10:26:00
8565,329,search,search,73,9780b14f-e35b-4b9a-847b-2efea139584d,2024-07-30 00:15:00
8566,803,add_to_cart,cart,56,f6fd0ce1-27f9-4de0-a14e-ea48af4101ef,2024-04-13 08:35:00
8567,223,purchase,search,94,689d4a03-139e-49ca-91f6-a9d988c9ccb8,2024-07-10 05:14:00
8568,198,purchase,search,91,dafd4d28-d043-4198-a06c-81823da2a5f2,2024-11-06 14:59:00
8569,753,page_view,checkout,37,15079c72-01c0-4580-9e98-b7e93b015732,2024-07-08 00:56:00
8570,236,add_to_cart,cart,63,02eeafa2-d9b8-48dc-8a42-dbca1575dd96,2024-12-21 02:31:00
8571,976,purchase,product,53,b2f5b01e-ddce-44f3-ae89-26dd43033397,2024-07-12 19:06:00
8572,402,remove_from_cart,checkout,24,306b1119-3110-49ba-8d2d-a1763c074250,2024-04-02 01:21:00
8573,644,purchase,home,46,defbc00d-4967-407d-a5f0-5995910e6b9a,2024-11-06 18:32:00
8574,682,page_view,profile,29,5f83d735-a6b1-4801-b319-1300d3da4caa,2024-09-09 11:49:00
8575,151,add_to_cart,profile,8,b0a289a0-38ed-4ec7-8a66-75bf6f12050d,2024-12-30 07:40:00
8576,674,search,product,97,04497303-2abe-4a4d-8053-940704474f36,2024-02-09 03:01:00
8577,150,purchase,profile,33,4128a9fe-f8d5-4ab2-bad4-61cf6765ea6b,2024-04-11 03:30:00
8578,617,remove_from_cart,profile,69,26ac652f-a4f4-49a4-aa74-a65ebeb86ba9,2024-03-14 22:48:00
8579,357,add_to_cart,product,21,81e3e4e8-8da7-45ad-9e16-d43f88e2853b,2024-11-05 18:04:00
8580,992,page_view,profile,100,7e971336-cdbb-4a5a-a394-78dfb4c8e1b0,2024-09-30 21:17:00
8581,814,page_view,home,18,de25fb85-0240-4a60-9af2-e131ee693cc3,2024-07-03 04:02:00
8582,506,remove_from_cart,product,96,d707c9c8-e4ef-4c68-b096-9458b08d7ecf,2024-05-26 13:17:00
8583,841,search,profile,16,7df74159-f39a-4a7b-bef5-6072f5b01580,2024-09-15 12:46:00
8584,540,remove_from_cart,product,46,0599414c-c3f4-444a-a181-1fa88f5b6c12,2024-07-22 06:28:00
8585,725,search,search,60,3e549855-062d-4c0a-9af1-e41998c9b990,2024-04-30 17:35:00
8586,22,remove_from_cart,product,71,a77f9ca0-a473-44c3-95e1-0858f6658664,2024-06-24 00:39:00
8587,741,purchase,cart,51,9fb1d19f-7d82-43b9-8547-5e5efc54ac36,2024-10-03 12:20:00
8588,117,search,search,3,8b70a81b-141d-4079-89fd-092a48b141cf,2024-03-05 21:44:00
8589,297,purchase,product,29,22a1650d-8229-4bce-9316-52396b896778,2024-03-25 07:33:00
8590,546,purchase,checkout,55,dfc92d1d-dc40-4e11-9af2-7d53a228681b,2024-10-21 07:37:00
8591,898,search,search,8,4f65de61-78e3-4f11-802a-e5d8978243c2,2024-07-20 16:08:00
8592,68,add_to_cart,product,47,ff13e3a3-39bd-44b2-8505-34d6a10a1a29,2024-06-17 02:55:00
8593,854,purchase,home,73,8f9277aa-35b5-49d1-bda6-17dd4de1d4d4,2024-03-03 11:36:00
8594,687,add_to_cart,home,50,d77e57c1-4450-48c4-89f6-470aa99d1366,2024-05-28 19:40:00
8595,199,purchase,search,8,260d930b-5bbf-4f9c-b3db-c3bbadaca887,2024-09-28 11:01:00
8596,481,search,home,84,084be2ff-9e7c-490c-b90c-eb97f6928d3f,2024-01-16 16:40:00
8597,600,remove_from_cart,profile,9,fc0a60b3-eff7-4422-8d5d-523da6225ca7,2024-06-16 15:11:00
8598,949,add_to_cart,home,80,5230d470-1e0a-4e54-947d-de5a0e8a3ece,2024-08-03 19:12:00
8599,973,search,home,86,99a1cdfe-4811-49ed-b99e-9fd0450d9b33,2024-01-06 05:07:00
8600,25,add_to_cart,cart,12,44ee686f-c126-42fe-b0e8-aaf4dca158ff,2024-09-24 10:33:00
8601,166,add_to_cart,checkout,78,0466ffe1-b6da-4d1d-a7ab-0517c944e449,2024-02-21 17:51:00
8602,375,search,cart,56,77cdb4be-83fc-4aac-8346-6289b64143c3,2024-08-23 16:17:00
8603,185,purchase,product,11,cfbe20cd-39c1-420a-adff-91b774f36c82,2024-11-19 14:40:00
8604,618,search,product,44,11aac0a2-21c8-4247-aeac-03c043b2c3ae,2024-01-23 14:21:00
8605,955,add_to_cart,product,2,607ae560-c65d-456e-a853-40eef6da5642,2024-12-07 22:34:00
8606,81,remove_from_cart,search,29,f413c710-a0ef-48b6-be39-767da7f1809b,2024-11-20 15:13:00
8607,275,page_view,home,85,13bcf6fe-abeb-436f-92f3-2c47d6e7ff6d,2024-04-11 23:14:00
8608,874,remove_from_cart,checkout,37,74dd4abf-3bad-4bbe-bfd3-4eb8a131fe1b,2024-11-27 13:21:00
8609,214,purchase,cart,21,12530f73-f3ed-425f-9f53-96f260eb00d4,2024-12-28 01:45:00
8610,352,add_to_cart,search,5,e5077a16-7272-4140-87ed-0f5bc80aad5a,2024-07-10 01:17:00
8611,681,remove_from_cart,search,2,b122925d-fd13-4d40-9938-60bf17d054ed,2024-05-24 14:01:00
8612,589,add_to_cart,search,70,898a5920-8157-4147-8753-42979a37442c,2024-10-24 06:03:00
8613,326,search,search,57,2d9df119-6bfc-4ab2-bb44-3370556e3ff8,2024-07-03 10:37:00
8614,366,page_view,product,10,10a8c421-8e5d-435a-8d65-f26568be1d76,2024-03-28 16:25:00
8615,843,search,search,20,bbdac84a-0eb4-476a-93c6-4e6030fab187,2024-01-21 05:23:00
8616,299,add_to_cart,home,3,01462fac-cfed-4704-b849-c97a40bd3f14,2024-04-24 02:21:00
8617,23,purchase,search,5,2f6679b7-fd1d-4439-b315-304c8bb88206,2024-02-14 10:25:00
8618,86,purchase,profile,98,19bf944d-33eb-4c8b-bb7f-2b7f99e5ec27,2024-05-09 21:44:00
8619,122,add_to_cart,home,85,187ed964-fa96-4a80-8ff1-5a1c0aeb714a,2024-10-05 08:32:00
8620,685,page_view,product,17,8ae0ceef-de3f-4400-8340-2b46bc2fa67f,2024-09-16 04:07:00
8621,897,remove_from_cart,product,63,cbf60451-5ae0-4576-98df-f8d015ad4c25,2024-09-05 17:05:00
8622,36,search,cart,55,0e17cd51-344c-4ca3-a0f1-c9e0a906e64e,2024-10-03 08:42:00
8623,149,remove_from_cart,home,50,1f1b05e0-b703-4a87-a48b-f68c87289f6b,2024-10-04 06:57:00
8624,758,page_view,home,71,cc63c826-dbaf-46eb-a6c4-279bd5fba984,2024-05-31 12:22:00
8625,392,remove_from_cart,profile,92,7bd1821d-bcbf-44c0-8f7b-10d4b950db76,2024-04-03 06:11:00
8626,318,remove_from_cart,cart,42,73b83be7-79c7-4560-af70-c588607640f4,2024-05-10 02:45:00
8627,827,search,home,27,c63ecdeb-0a45-4b40-b95c-57011e98330d,2024-06-22 09:23:00
8628,738,remove_from_cart,product,24,52932a31-9544-41b1-b82f-e436ab1fdd15,2024-08-14 04:25:00
8629,116,search,product,19,10554587-6456-4f57-b26d-b2c8a6719d7b,2024-09-26 09:46:00
8630,566,search,product,46,5caf3b32-acc6-470a-9af7-f79674b108cb,2024-10-16 18:41:00
8631,516,remove_from_cart,home,8,13dafe72-0e7d-40ab-92ad-c680870fe6bf,2024-02-16 14:30:00
8632,68,page_view,cart,56,a1b6b2ad-46c2-4a81-81fa-a8a7a33ebebe,2024-08-17 04:54:00
8633,406,remove_from_cart,profile,61,252f7920-01e2-4b6f-b4a6-4ee32717b562,2024-11-05 06:31:00
8634,182,page_view,search,95,dd167b5c-95d8-49e3-9446-f194c7188af8,2024-09-01 23:31:00
8635,668,add_to_cart,cart,79,8e852616-f798-4ce6-8cb2-05b6e4e0ae95,2024-07-03 21:00:00
8636,520,remove_from_cart,profile,90,fcf2d7d0-b228-4184-9383-e1d14f4aca1e,2024-11-01 07:55:00
8637,389,remove_from_cart,checkout,49,277b3dd8-3ec7-4a80-ba7e-07b050ea78ba,2024-11-08 12:02:00
8638,118,purchase,cart,1,0bd70795-693d-4807-8040-370dbb7231e3,2024-10-16 12:52:00
8639,386,purchase,product,20,e6a0a279-0318-4797-bf02-7956adaa3f42,2024-05-07 08:26:00
8640,130,search,profile,88,469c0dc5-2eb4-48b5-b011-b95dbb15148c,2024-08-18 19:07:00
8641,340,page_view,profile,93,3b4e444b-608d-47a0-b28f-d9e94577f868,2024-05-14 06:01:00
8642,618,page_view,checkout,96,95d93c28-f671-475d-8d9a-505bda52568b,2024-08-17 20:35:00
8643,958,search,profile,96,37d7660b-7706-4cab-960b-ccf66090a167,2024-07-31 22:00:00
8644,7,search,product,78,24fb628c-21cb-4fb1-aa04-87e97075a0ca,2024-02-11 20:27:00
8645,126,purchase,search,99,b75fb7aa-cca2-4adc-ba90-332544e301e9,2024-08-06 03:02:00
8646,428,remove_from_cart,search,46,2e3d3417-d7d5-4f7f-b4c3-aba10b813127,2024-06-04 08:05:00
8647,439,search,product,26,db5b1077-0969-4ae8-b641-9c189613f9c2,2024-12-02 16:04:00
8648,888,add_to_cart,search,88,f3bf5fb8-23a0-406f-9486-debbba0bb564,2024-12-14 01:16:00
8649,144,page_view,cart,92,94c61d6c-51d5-48c7-b0ec-fa3b2e4812ce,2024-01-29 16:01:00
8650,104,purchase,cart,66,f82f6ae8-7528-416c-8561-6afff97b89c7,2024-04-16 16:52:00
8651,993,add_to_cart,checkout,12,e35f80cc-51b0-4c13-b5e7-c307a416a12a,2024-03-20 22:33:00
8652,124,add_to_cart,product,59,cec6af5f-3b7d-4377-a9e3-25b05defcd0f,2024-11-25 09:40:00
8653,690,search,home,64,b860d594-780d-4ea8-88f8-fb9a8ee689d8,2024-04-21 23:43:00
8654,3,remove_from_cart,checkout,91,05f446e3-1a39-45da-822e-a1c5ece3e2f4,2024-04-22 15:19:00
8655,470,remove_from_cart,product,34,27b09d11-ea7b-43f1-9402-714f52e0c047,2024-12-09 06:20:00
8656,511,purchase,home,48,18d44cae-d9e8-4c24-8ab3-0a7c6029910f,2024-05-13 01:49:00
8657,923,page_view,cart,3,b78e3428-7a20-4293-9da2-9588b21d7a4f,2024-04-14 11:15:00
8658,997,search,cart,89,81ec6690-aa34-4387-9626-6b3a83220e98,2024-04-07 06:33:00
8659,788,remove_from_cart,home,97,6d944e14-95eb-41ed-a4b0-f0eea79d9267,2024-10-25 09:37:00
8660,329,purchase,product,97,2d1d4b00-38ef-4933-b4bb-e45d1b836ae1,2024-09-07 17:03:00
8661,471,remove_from_cart,cart,9,697bd0ef-7129-4c17-b499-c8c81ab48e62,2024-06-25 20:58:00
8662,636,search,checkout,86,686eaf2a-302c-4d6d-ac05-1aa6286c3e61,2024-06-18 21:28:00
8663,237,page_view,checkout,76,7366e5e9-72ca-4209-808f-f640617b2d77,2024-10-15 17:46:00
8664,975,remove_from_cart,home,38,9a7be936-f5b7-43ba-8af7-73f412ef33c0,2024-08-12 13:09:00
8665,104,add_to_cart,product,72,ae858b4a-c7c3-4246-a64f-c8f0da8f9887,2024-07-17 12:21:00
8666,982,page_view,checkout,13,8cc49aea-091f-4d2d-b385-7d777c2684c7,2024-07-29 13:03:00
8667,91,search,profile,25,7f06014f-bc14-44f8-9d2b-73ec0415c319,2024-02-01 22:24:00
8668,242,purchase,home,25,31cf399d-85ff-4fd8-9ebb-996664dd2e0b,2024-01-26 08:33:00
8669,130,page_view,home,18,481e2a8e-2e6b-41f3-adfb-8469b9863a03,2024-04-22 12:52:00
8670,544,search,search,12,3a8386be-50a2-443f-b9f5-8051d65d86f8,2024-09-29 18:10:00
8671,645,purchase,profile,63,7f0dc553-0b6a-4360-a59c-9b35eae68685,2024-06-30 14:37:00
8672,14,purchase,home,25,eb2a0ecd-ae78-448f-8225-ba90d1e0bc45,2024-03-15 00:36:00
8673,621,page_view,cart,21,6dd20a64-e51c-42cd-be55-34c1f27ed065,2024-02-10 10:36:00
8674,982,remove_from_cart,checkout,34,8cacc5e4-c6fd-42e2-b17b-9e57d2bb22e1,2024-07-13 01:53:00
8675,701,search,product,31,6af28230-41c1-404f-9a81-1b8d69254e46,2024-09-27 10:22:00
8676,904,add_to_cart,product,70,3de3da54-f5d8-4dbb-a33f-42a2052aafc9,2024-12-17 05:11:00
8677,516,purchase,cart,34,252520bc-6db3-4bba-bd02-7ff35b5d27c2,2024-12-29 21:50:00
8678,114,remove_from_cart,home,71,5d216ed2-6961-44f1-8bbe-c53e3e07f7c3,2024-04-13 18:47:00
8679,956,remove_from_cart,checkout,56,8d126a9d-79fc-45e2-a08c-78c236cf8c46,2024-10-21 10:50:00
8680,701,page_view,search,37,21587aba-4dce-470b-a970-0ac3fe13bf69,2024-02-25 17:19:00
8681,662,add_to_cart,checkout,91,bedc4b14-a679-4838-b6ea-153cb07bac8c,2024-01-24 12:48:00
8682,310,add_to_cart,search,5,76e08c57-5a92-4761-b6b1-f00028c5015f,2024-11-01 06:52:00
8683,134,purchase,cart,27,5eafa5f6-b04f-4e91-ad9f-6079686c6281,2024-07-03 00:34:00
8684,209,remove_from_cart,home,2,9347e099-c3b4-4d56-8852-d95e612b9454,2024-04-26 00:34:00
8685,255,page_view,home,99,c08228a9-3816-4eaa-b89c-c9a31edea6df,2024-05-28 23:03:00
8686,618,search,search,96,0e2de471-a19d-4cea-98e5-a53438dd07cd,2024-06-24 13:08:00
8687,342,search,search,33,475c7c5e-0d8e-4080-b04d-61d589c28eb7,2024-05-15 09:44:00
8688,345,remove_from_cart,product,12,5a48492f-3241-4fa6-820c-1354a1fbfc92,2024-11-13 01:23:00
8689,357,search,profile,80,8378fbcf-a9d8-4bb5-be19-b6b3770371f9,2024-10-01 02:32:00
8690,518,remove_from_cart,product,92,bb10eb6d-bfc8-4db0-b3ed-bab0e4768157,2024-06-07 08:52:00
8691,742,remove_from_cart,search,97,2cddb7e7-713a-4356-be10-9bf8962d8dbb,2024-07-09 19:01:00
8692,846,page_view,checkout,17,ec1d424c-ced5-4685-9d92-a2cd46e3641b,2024-08-31 20:17:00
8693,934,search,cart,73,b5ca4a80-5450-4dd1-9e1b-c704eb5de3bc,2024-02-07 13:37:00
8694,448,page_view,profile,65,eaf4de88-6364-49a6-a1ea-644a1366a78a,2024-06-06 03:04:00
8695,105,remove_from_cart,cart,84,76c1fa6e-dddc-4ffd-8145-04e1815cda33,2024-01-28 21:30:00
8696,319,page_view,cart,23,bf38c96d-4ee3-4413-8658-809f71bafca9,2024-03-17 11:28:00
8697,895,add_to_cart,cart,76,9be14615-82a4-48bf-9b80-fbc797137567,2024-02-08 23:15:00
8698,801,page_view,home,3,b0f0682d-fd20-463a-af0a-ef4ca3fbbd9d,2024-04-17 21:45:00
8699,478,remove_from_cart,product,90,93906a22-ce3b-47f3-82a1-ba5e13d8db68,2024-10-21 19:18:00
8700,786,remove_from_cart,cart,68,fc34b987-3882-41be-ab84-985327f6ee83,2024-03-16 14:20:00
8701,236,add_to_cart,checkout,99,ef0814fb-095f-4c00-ad5d-11494ab6889e,2024-03-21 07:47:00
8702,652,purchase,profile,9,78747323-135f-4651-85d1-8f9f6548c70e,2024-04-03 14:46:00
8703,328,page_view,search,95,fc95852e-d260-4e49-bd1c-8803acee8bad,2024-10-25 19:43:00
8704,974,add_to_cart,checkout,79,d68eba5e-fe60-4429-877e-b14f85fe4389,2024-07-02 16:44:00
8705,294,page_view,checkout,100,02fa4a0b-0859-464f-bcc1-2e054eff3bda,2024-04-16 10:36:00
8706,423,purchase,search,48,ff73dd1e-112c-4aad-b256-4b742b318510,2024-07-25 02:22:00
8707,82,page_view,search,2,7a6ba1c7-7f9b-4026-8e84-fdff4da22e9d,2024-02-04 01:09:00
8708,144,search,cart,72,793d1893-1159-45fa-a6dc-4c9413791965,2024-08-13 19:15:00
8709,25,purchase,cart,69,1491b401-4afe-47fe-be81-4a2a88846c2d,2024-04-19 15:42:00
8710,798,purchase,checkout,71,cffb3a33-c982-4c32-9715-0bbfaaab95a5,2024-02-28 01:15:00
8711,192,remove_from_cart,checkout,12,e5afbd0c-118f-40c2-b8ba-4e7c6548c379,2024-08-19 07:57:00
8712,327,purchase,cart,69,3f73b564-178e-4529-af0c-4576a05cd68a,2024-08-03 01:33:00
8713,863,search,product,19,e4af3676-e507-42ec-a11c-a388324dbe25,2024-04-19 10:56:00
8714,117,purchase,checkout,7,d7d32b90-0c1b-4715-ac3d-882d67503d24,2024-10-29 05:22:00
8715,662,purchase,checkout,30,8e777d9d-2ac3-48d4-98ea-924fb5893ba4,2024-06-05 15:20:00
8716,901,search,search,12,696d5bd8-5c94-47e7-8e5b-e5657ee3cc9d,2024-07-22 03:46:00
8717,991,search,checkout,21,54770f49-968c-4ae4-b5fd-0cc717443f05,2024-04-11 20:31:00
8718,910,page_view,search,29,f7cca56f-037d-42a5-9896-8580e6fcca5b,2024-04-15 10:11:00
8719,539,page_view,search,69,8d4ea9cc-3b4d-4fbe-8f88-39da084be17c,2024-08-28 13:37:00
8720,851,page_view,checkout,34,e4ac43d8-ef9b-4730-9dc7-cbe69d7c3e8c,2024-11-03 14:57:00
8721,805,page_view,checkout,48,2fe7c84b-00f2-4c03-933c-37f79fe76c09,2024-03-30 14:38:00
8722,838,purchase,home,20,1c9f9e65-5921-4ec5-b3c5-ad813e04ab2f,2024-05-08 20:48:00
8723,675,add_to_cart,product,92,841292d5-2b93-422d-a36b-1066e77282d1,2024-01-05 06:45:00
8724,617,add_to_cart,home,8,963bc2cb-6c0f-4d86-bdad-165286137dae,2024-02-21 21:24:00
8725,90,remove_from_cart,search,97,ac66c3de-9dba-42d9-b333-24936a1118e2,2024-02-13 03:30:00
8726,410,search,cart,41,ef9eb9aa-4a48-4c9e-91e9-f5ca0824a533,2024-12-06 05:31:00
8727,410,add_to_cart,home,79,8e634d4c-67bb-4761-9bdd-4f2040e6556a,2024-08-03 11:02:00
8728,37,remove_from_cart,home,14,0e462d49-e87d-4b87-8e10-90087da0ac2d,2024-02-13 13:18:00
8729,360,search,home,58,590cd397-8214-46d2-bbc5-bcbb777262b8,2024-11-19 23:39:00
8730,463,search,product,17,850ffd61-cc8e-4719-9375-4ec130aae11d,2024-10-27 08:45:00
8731,126,remove_from_cart,home,55,53521b41-53f2-45be-94be-cb0c49060f12,2024-02-13 04:45:00
8732,703,add_to_cart,profile,11,cddc08ad-66d2-4c70-a9e9-4ffdca5ce173,2024-05-18 22:09:00
8733,265,page_view,profile,31,28d7edaa-e460-4dee-bc4c-3114790b3712,2024-01-12 07:33:00
8734,595,purchase,checkout,29,428edba0-fc58-41a1-8572-d8cf28723c0e,2024-02-25 05:24:00
8735,357,page_view,home,58,45760320-0f54-4c07-9e8c-d621d4ee22fe,2024-12-21 10:18:00
8736,43,purchase,profile,30,b43b5a0f-da20-4891-8431-ae422f1a7fba,2024-02-25 04:50:00
8737,157,remove_from_cart,cart,81,dc83f28d-61ee-48d8-a15f-481e2f07dc91,2024-06-19 03:07:00
8738,926,search,checkout,22,802e0613-0afd-4858-adfa-7cb1cf16723d,2024-07-31 06:06:00
8739,451,add_to_cart,profile,57,aefd508e-cc88-44df-b0fa-43f5fab03d27,2024-03-11 00:24:00
8740,880,remove_from_cart,profile,45,7082e226-4d3b-4986-b07f-bc4f9ef04a0f,2024-03-02 23:39:00
8741,888,remove_from_cart,search,64,06eb206c-e77d-4677-980f-d871a9a4dc78,2024-04-17 16:26:00
8742,200,purchase,product,91,778f3548-a3c8-4704-88c0-c1b0056e384f,2024-01-28 05:27:00
8743,97,add_to_cart,search,52,c1ea6d8c-a90e-4f09-a175-83b52d1aab45,2024-08-31 20:44:00
8744,150,remove_from_cart,product,85,fe513135-4ba7-4bc3-a9c5-26adb23344e9,2024-10-06 06:07:00
8745,750,search,checkout,98,e22b70bb-5ab4-43cb-b8f1-34e1f7b5fd0d,2024-12-21 01:54:00
8746,731,remove_from_cart,cart,8,35678e82-a2ff-4719-9a4d-1ed9079bece4,2024-12-29 06:50:00
8747,836,purchase,profile,38,ffe76375-1733-4ff0-a819-b090a9ab5f01,2024-01-28 07:49:00
8748,260,purchase,checkout,29,531aebb3-4abf-498c-8854-f06a6ff7488a,2024-04-09 23:19:00
8749,466,remove_from_cart,profile,77,9381014b-b40d-4fef-a695-868251fe808c,2024-12-03 09:45:00
8750,612,add_to_cart,product,29,033e4e23-ec37-4d39-b9c1-cb143b25b130,2024-02-04 13:38:00
8751,420,remove_from_cart,home,100,a3d98e1f-6ce8-424b-a445-0017463b1611,2024-04-27 17:53:00
8752,179,page_view,cart,20,e1f55ea4-dde2-4cd9-869c-9aa48e59f585,2024-09-11 01:00:00
8753,932,page_view,search,51,0c42c14c-5e14-47f7-98f7-8bb9f63991fb,2024-08-25 12:44:00
8754,317,add_to_cart,checkout,80,71cc8561-4563-4982-be7e-4ee26d02a7cc,2024-12-27 23:17:00
8755,746,search,search,24,e468d1e6-5367-4083-87ad-d864e400f095,2024-06-09 18:57:00
8756,900,remove_from_cart,home,73,79ff4344-d770-42b0-a77d-21397b8cdef2,2024-02-24 21:04:00
8757,16,purchase,search,84,e847f682-171e-4578-9290-fee63e69eb5f,2024-10-19 23:07:00
8758,117,page_view,profile,43,60dc1334-1942-49c6-b250-26637ef5ddc6,2024-10-20 07:03:00
8759,844,purchase,search,30,b3cfb544-786b-4235-9df9-77454e23ad4e,2024-12-22 00:06:00
8760,416,add_to_cart,search,66,f7abc2af-455f-4c71-b33c-cb0d2f109075,2024-09-22 10:47:00
8761,467,purchase,cart,39,d4eb6565-424c-4c51-a1dd-48b3f52ef16f,2024-10-01 23:13:00
8762,20,purchase,cart,89,645293eb-9bd3-4102-b808-5e143c3c1b4a,2024-07-02 16:50:00
8763,714,remove_from_cart,profile,65,ffc009a7-d71e-4f04-b76e-dab777c9d2ae,2024-06-23 18:11:00
8764,747,add_to_cart,home,31,976058dd-f42d-4992-b7ef-f898ec63d9a9,2024-10-09 14:01:00
8765,266,add_to_cart,cart,16,7cb89fc7-dbff-4c10-9e2b-3d3dc50b083b,2024-06-16 17:31:00
8766,37,search,checkout,67,044ff2d0-a340-48d7-b5f7-a69ba9d21de7,2024-08-14 04:43:00
8767,159,add_to_cart,cart,65,63e37bc3-5add-4530-b1a2-2a3815bd042d,2024-10-17 03:18:00
8768,701,page_view,search,21,0209e38e-ae27-4786-9277-997c3dd39647,2024-11-17 13:54:00
8769,944,remove_from_cart,home,10,d0112417-0255-4fdb-a671-40307c840f04,2024-12-27 19:08:00
8770,837,page_view,cart,47,57ab2386-4504-4b90-9eb7-686f910cc75b,2024-04-20 02:21:00
8771,734,purchase,profile,98,3e81e23b-95b3-4556-9a08-e132d568bf70,2024-01-16 06:49:00
8772,239,search,profile,3,10b06a34-2b7b-4e60-b5cf-95e1f569ffd2,2024-01-28 08:25:00
8773,740,remove_from_cart,cart,56,d4c9ff49-4098-445b-bbc2-73447e6c9225,2024-09-01 17:55:00
8774,640,purchase,cart,38,932d12d7-db40-4d15-8fdd-38c889fac916,2024-07-21 09:00:00
8775,222,page_view,product,60,866c8e06-6c8a-458a-9328-28ab18d39428,2024-12-29 05:28:00
8776,423,purchase,product,75,96661c24-b1ce-404e-a6b3-48c61fc8a8c8,2024-08-18 10:39:00
8777,597,search,cart,32,5e8f1b94-c9e6-4adc-a5ba-bddfed7b197a,2024-04-02 21:41:00
8778,64,purchase,search,74,d80510f6-626b-4942-b7e8-f51d1a419846,2024-05-27 14:38:00
8779,42,search,profile,38,3bc69248-d3db-4527-98e6-a99e074306f7,2024-01-06 10:34:00
8780,666,purchase,checkout,27,8c5c9865-c8d4-41fb-85e4-c9b0054b1e7b,2024-08-21 09:42:00
8781,649,remove_from_cart,search,15,c39006b6-a3d9-4987-a93c-f5b439473b24,2024-03-30 01:42:00
8782,882,add_to_cart,home,1,1800b3af-4035-4e47-a178-c968afbc619a,2024-10-25 03:17:00
8783,618,page_view,checkout,92,08321d7f-64ad-491d-a54c-37f70910b2df,2024-11-26 17:49:00
8784,512,remove_from_cart,profile,96,504eb1ac-0012-4193-bc39-63f1906d8592,2024-08-14 08:46:00
8785,736,search,product,20,7543b107-7100-46d1-b321-63b873c781dd,2024-03-08 01:00:00
8786,900,search,cart,34,4d9840ef-3ec5-4829-b53e-ac8c1a56348a,2024-02-19 12:35:00
8787,712,purchase,cart,48,2bbab58c-aff6-4ed4-8c02-b6e9f0d45ab5,2024-08-25 08:41:00
8788,391,purchase,checkout,21,7b8bcfdc-d91b-44b3-b5b2-d8bf98cdb83c,2024-10-18 02:48:00
8789,330,remove_from_cart,cart,66,cc77df1b-f31c-42a1-b35b-ec10c7cdd858,2024-09-01 04:46:00
8790,544,search,product,38,8194c1a8-55da-40a5-b5b3-f2907d619714,2024-12-07 13:30:00
8791,232,purchase,cart,96,f55fe23d-b4a1-4930-af9c-7dd008400107,2024-07-27 14:38:00
8792,774,search,cart,64,a2529fe1-971b-4f84-809c-25bb59769c4e,2024-12-22 10:01:00
8793,514,search,product,35,fef65ffb-01d8-49bd-b6ff-a57e9a4201c0,2024-07-12 05:07:00
8794,445,remove_from_cart,profile,61,9e43647c-987f-4c4b-8b48-b3555c6a299d,2024-01-17 01:40:00
8795,550,add_to_cart,home,9,2420a7e7-f4ef-47c2-93f2-24ba0c098f4f,2024-10-07 23:14:00
8796,187,purchase,product,24,2e732abc-396e-4692-bfde-65863f512bba,2024-05-03 02:45:00
8797,484,remove_from_cart,cart,98,4f40f00e-861c-4b84-a7b0-696c5dc82d07,2024-11-25 22:59:00
8798,116,add_to_cart,cart,71,165c10e2-b248-446b-8d7f-49d7ffd87813,2024-03-28 15:25:00
8799,952,purchase,profile,56,11676ff1-6314-4d58-a293-ff67c6edaec8,2024-10-21 20:37:00
8800,980,remove_from_cart,home,99,e279199a-d6e6-445f-bd8c-dc4187c279e5,2024-09-01 00:30:00
8801,862,page_view,search,55,801c28c4-82d6-4b23-9849-56c2bd308859,2024-04-20 18:53:00
8802,462,purchase,cart,2,a9f6ed95-8e0b-407f-86b3-04465e830f3c,2024-09-07 16:08:00
8803,691,search,search,31,0b7dc3c7-2efd-463d-8792-43d2ea759a13,2024-07-19 12:29:00
8804,884,page_view,product,82,46dc1b6e-c962-4ff6-ad3f-21b9e99491be,2024-06-08 01:39:00
8805,854,remove_from_cart,home,19,b858f020-b279-4fcc-8cac-3798458d5555,2024-07-31 08:43:00
8806,79,search,checkout,24,6eddc999-e46e-4e01-b56d-c56d9f5654e1,2024-04-22 17:38:00
8807,391,search,checkout,86,2073ffb9-97f8-4696-92a0-936300c507ea,2024-09-25 13:04:00
8808,354,search,product,4,2107666b-73f6-48aa-acfb-11d2c491128f,2024-07-30 23:19:00
8809,173,add_to_cart,product,16,0054e4cf-f959-4100-abb4-01d98f7c4847,2024-10-12 01:35:00
8810,113,page_view,checkout,55,65b00716-7cdd-4b24-a53d-f597bb09a261,2024-10-02 00:39:00
8811,445,remove_from_cart,profile,67,3727619e-fd11-4168-a602-e96411298b99,2024-07-26 00:59:00
8812,761,add_to_cart,search,87,9435ab31-ff7c-46ae-a7f4-bd0859427fb7,2024-04-21 04:09:00
8813,199,remove_from_cart,search,100,06e9331e-a145-4c06-a01e-6da6c7ab9d35,2024-08-19 22:10:00
8814,956,purchase,search,2,d1294bf1-ca56-40fa-85c9-b08185ea1de8,2024-09-18 22:15:00
8815,259,purchase,home,68,da681e1c-5785-4d53-a3e5-5dad614226c6,2024-01-05 09:50:00
8816,188,search,search,49,859e3a38-c097-4d38-a023-42ea1a42c6d2,2024-01-24 05:02:00
8817,858,add_to_cart,cart,97,8bc33d20-5088-427f-9659-78973eaeb657,2024-11-03 07:18:00
8818,188,add_to_cart,profile,93,3319ea57-9d60-41df-a103-e5b1c2beb178,2024-04-18 01:20:00
8819,766,purchase,search,94,8e6a0bbb-735f-46b0-be48-5bf91d3061e2,2024-03-13 03:40:00
8820,730,page_view,home,24,7710f42e-f8e8-42f0-91ad-294ab6951a2d,2024-04-15 02:02:00
8821,816,add_to_cart,profile,70,c4c3342e-566a-402a-b711-c50623207dda,2024-01-04 16:41:00
8822,956,purchase,search,9,39eddde6-5f9c-4f23-862d-d918fe131531,2024-11-07 06:27:00
8823,291,search,home,30,a1412ac5-6c37-4609-beda-5246e114ed39,2024-04-08 23:24:00
8824,873,remove_from_cart,home,89,28d881b4-9dfd-4733-86d9-e4a26a6de3af,2024-03-07 05:03:00
8825,519,add_to_cart,cart,63,65dba924-013b-4a0f-913f-187d0beaf819,2024-11-09 02:02:00
8826,49,add_to_cart,checkout,23,fbd08ef2-f528-499f-825e-7f5b03a88f50,2024-04-30 02:08:00
8827,408,purchase,profile,42,d73803f3-ae23-44ac-af4d-fd5f6115222e,2024-11-23 07:25:00
8828,142,remove_from_cart,search,88,a50f747f-fd5a-4c47-9936-90f65a2c2877,2024-08-13 16:58:00
8829,274,search,cart,51,e47fdb0f-2c42-4cc9-acaf-32d070e25400,2024-03-04 05:35:00
8830,454,remove_from_cart,search,78,51bea189-d4ce-4def-85e3-69eb98c7aac1,2024-02-15 15:55:00
8831,404,page_view,checkout,56,fb132e10-9e58-4985-a4dd-372d6e86e748,2024-04-07 10:50:00
8832,364,remove_from_cart,product,4,4d7341ac-c7b3-48ae-b9c8-bcb55f3497da,2024-02-21 03:30:00
8833,840,add_to_cart,search,77,1a1d1d4b-8a44-47df-ab7d-664072c64942,2024-11-07 04:05:00
8834,286,purchase,home,12,143cd32a-5c79-4364-b954-91e42ff9a0e7,2024-10-25 03:36:00
8835,809,search,product,74,a3c3f6e1-caad-41b9-bd92-36324a9ed270,2024-02-29 06:18:00
8836,172,add_to_cart,home,42,9da2dc88-b84b-42dd-9307-8665fdac700a,2024-04-18 01:27:00
8837,104,page_view,search,35,9266cddb-30dd-489d-a7a1-a3754bfd2abc,2024-11-17 23:12:00
8838,794,add_to_cart,product,96,3a7b896f-2f3e-49e3-a621-495b38674e34,2024-12-04 03:51:00
8839,862,add_to_cart,home,11,07f5a7a0-0b7d-4e57-91ea-d3f178f7da4d,2024-06-03 16:29:00
8840,785,add_to_cart,cart,38,51356839-37b6-45f3-94be-f24d699721e4,2024-05-24 12:09:00
8841,384,search,checkout,86,fa408e88-1c3a-4bfc-84f8-213e17e9868e,2024-05-23 00:07:00
8842,709,remove_from_cart,home,63,9f7c5263-ea8e-4cc0-afff-4268c76afe6c,2024-11-20 03:18:00
8843,713,add_to_cart,cart,51,7fa8aa1c-150c-404e-9dda-69dfede48890,2024-03-17 16:10:00
8844,355,page_view,cart,36,7bca1aa1-f6a1-4054-a214-7cfe3269f558,2024-01-10 17:15:00
8845,351,purchase,product,6,2214ad8b-238e-455c-8d38-84d3ed89776b,2024-03-02 09:40:00
8846,656,remove_from_cart,home,52,46ce94ae-b2e7-4a2b-8027-8a87dcdd1414,2024-05-14 19:34:00
8847,684,purchase,checkout,59,6d563f1a-eb73-4430-bb7e-1dc9219680a7,2024-05-16 13:32:00
8848,283,purchase,profile,77,7925d566-b21b-4f89-9878-59d77cdd6b94,2024-11-11 01:25:00
8849,880,add_to_cart,cart,92,a4052b38-ca53-4a98-ae08-bce299ce1e67,2024-02-06 09:23:00
8850,616,add_to_cart,profile,4,daff6c0a-46a1-4eb4-821f-0c33039c9a3e,2024-11-15 02:32:00
8851,960,remove_from_cart,profile,69,760df06d-5266-411a-8954-618decde2ce8,2024-09-20 05:16:00
8852,154,page_view,home,95,342089f7-77e4-4887-9ef1-e31967e6397b,2024-01-12 15:02:00
8853,137,search,search,31,b2c5a4b5-8a2d-4fd4-9cf4-6b36ed755e7f,2024-08-01 03:46:00
8854,596,remove_from_cart,checkout,26,fae4a65a-d134-41db-a375-efaecd63c556,2024-04-25 22:24:00
8855,273,remove_from_cart,profile,34,0f7c67da-96f7-462b-b847-bcdf7970ac2f,2024-11-13 10:57:00
8856,19,search,product,38,a46f10d7-05b2-4c48-8da2-74bab0924377,2024-04-14 03:19:00
8857,795,search,home,71,c5a3ec53-bbe3-4420-bc21-494cd6657634,2024-08-10 08:21:00
8858,642,page_view,profile,51,01296d1d-d179-4782-9ab8-e5fb94e3aa5d,2024-04-05 11:04:00
8859,30,remove_from_cart,home,21,bf6783ac-d8ce-4c1e-b605-97541d1c180f,2024-03-16 14:30:00
8860,317,page_view,cart,37,e0efebdb-e12a-46a5-a2f3-94a665b93f10,2024-01-01 05:10:00
8861,120,page_view,profile,8,ee0acd5a-9016-46c6-9052-ffd60b4af5fe,2024-09-18 03:07:00
8862,124,search,product,89,b0bfc9e8-9729-4a1d-a094-1d8476a08fe2,2024-02-28 11:09:00
8863,33,page_view,home,76,6d1fde81-dfc0-4a79-a639-317455cf62a3,2024-02-28 23:36:00
8864,444,remove_from_cart,checkout,91,2b5fda33-fe47-4b13-b865-8ca7688ec7b9,2024-09-18 10:16:00
8865,837,purchase,profile,68,f6dae869-7de9-45cb-ad19-5df14e4c3673,2024-04-11 09:17:00
8866,883,purchase,search,95,3550116b-c902-433c-baf9-0f087def62bb,2024-11-03 15:07:00
8867,186,purchase,checkout,83,5a18e35b-2401-49c0-a19a-566587bce19e,2024-07-22 14:11:00
8868,489,page_view,profile,5,09319f70-9897-4e67-84a9-12aa09241dfe,2024-11-16 13:28:00
8869,528,search,cart,26,b03faea8-4bfd-4e2d-9ed3-ff1af6a67832,2024-08-15 13:34:00
8870,193,purchase,home,50,3dc05c48-7083-48b6-9f23-f81fdb68fa6a,2024-09-26 16:19:00
8871,955,purchase,product,24,ba9290e0-1480-459b-ab19-25d2ff01e149,2024-01-23 15:41:00
8872,419,search,product,93,eb4007b1-6339-4500-8630-7c96268b7e06,2024-08-29 14:16:00
8873,327,remove_from_cart,profile,19,3ed1b6ba-b32a-4fbf-b5ba-d61098e1a006,2024-01-14 18:36:00
8874,883,purchase,product,29,19fdfad6-0da5-40be-a1d5-36dc0f936e77,2024-12-06 13:47:00
8875,930,remove_from_cart,search,58,7de021ff-7479-4b00-b4ff-e24eba5e2f33,2024-10-04 08:25:00
8876,479,search,checkout,93,3f5f34ee-02dd-4c66-9345-555dc07c8fff,2024-10-30 03:15:00
8877,268,page_view,search,81,58e4cdb5-1527-41fa-96f9-e7e21e375730,2024-03-21 04:19:00
8878,100,page_view,search,3,8d8ee059-98f1-4a4a-9e66-ba662d409a63,2024-03-11 02:04:00
8879,239,purchase,profile,98,885884b6-cb68-4cef-aa68-fb3329b0b6e8,2024-12-12 01:03:00
8880,346,purchase,search,67,512475ce-226a-4da4-95a1-1a6e8d12ae68,2024-04-30 22:51:00
8881,691,search,cart,5,e394dd1b-2a38-44af-a7e5-8eae3b97621e,2024-03-19 14:19:00
8882,677,page_view,search,88,481fcbd4-223a-4df3-a024-7c4e6dcf9399,2024-06-02 00:34:00
8883,500,add_to_cart,home,40,436bd71a-11d9-4353-be99-68bdbbc79016,2024-09-08 12:45:00
8884,651,remove_from_cart,search,3,440e494d-ad32-4b54-a619-426eedcb3071,2024-10-12 17:47:00
8885,872,search,product,45,d75866b5-1a13-491b-9b82-fe530e2381df,2024-01-29 13:25:00
8886,47,search,checkout,37,9492d3bd-4e9d-426f-90f1-9d78480293f5,2024-07-25 15:34:00
8887,894,add_to_cart,checkout,65,70a1f033-5bb0-4180-bb60-236c5b5e2195,2024-02-01 06:44:00
8888,882,purchase,profile,76,3ca89adc-041c-4df7-8580-dc91b0cf2463,2024-05-22 03:52:00
8889,910,purchase,cart,43,80a4bf1a-5d52-46e2-a1ce-aecac52a7807,2024-07-05 06:36:00
8890,209,remove_from_cart,cart,65,52b8305c-4db0-4de1-b907-099494127192,2024-10-22 02:18:00
8891,236,add_to_cart,checkout,36,4c86f4c8-2812-485f-851a-0b1c29c558c8,2024-02-04 11:41:00
8892,457,add_to_cart,search,14,139bf42f-3fc1-4f68-a7ab-91b46d764165,2024-03-30 04:26:00
8893,270,purchase,search,57,ba4d9f65-5472-456a-a7d3-48e38d202188,2024-06-06 16:57:00
8894,449,purchase,product,19,f0573d3d-dafd-48f1-b3e8-9ce3f63a087d,2024-11-08 08:49:00
8895,974,add_to_cart,profile,36,0af1bcd5-7f9c-4c87-b85f-ba8504ae36dd,2024-09-07 09:51:00
8896,806,search,product,92,5afea73f-5ed0-4a23-b15a-1dbaece6c5d3,2024-10-01 17:09:00
8897,473,search,checkout,25,6fd1c10a-b6b5-44b2-819d-4ae458d8efa4,2024-02-04 00:07:00
8898,163,add_to_cart,cart,28,e180525e-66f2-4078-9616-9e451e982e66,2024-07-06 09:11:00
8899,263,search,cart,45,23763646-b8f1-4db2-8ef1-fffac8c80b18,2024-11-15 04:25:00
8900,726,search,cart,54,7824eaf2-47a2-4b0e-a382-1cb152983428,2024-10-30 08:26:00
8901,560,add_to_cart,product,75,ab29058b-5d59-4b5d-aaaa-a4659043c045,2024-09-12 23:07:00
8902,203,page_view,home,54,4157244a-68fc-4f55-b885-2884d95c3d6f,2024-11-06 03:15:00
8903,348,search,search,11,b9a872d3-9409-4a10-814e-e3960b7c409a,2024-08-08 13:22:00
8904,639,search,home,65,a771de8f-357c-4bea-b6ee-2e061f316825,2024-05-30 14:58:00
8905,39,purchase,home,7,4dc57d90-0b85-43db-9ea3-6998e949cbc8,2024-09-21 11:20:00
8906,368,remove_from_cart,home,89,5164488f-ec31-4743-bde5-396fae4ef208,2024-12-09 14:17:00
8907,193,remove_from_cart,search,55,ad9ef371-708c-48eb-b154-bef8a07ef1a8,2024-08-23 19:04:00
8908,572,add_to_cart,search,51,9fcdec0b-6a5c-451c-8905-d252a6686703,2024-05-07 20:52:00
8909,757,remove_from_cart,home,52,016f1a3f-c32b-4552-83b2-c12b8c8e850d,2024-03-17 14:44:00
8910,389,add_to_cart,product,50,e6eb3b77-f845-4e1c-80cd-68c829460ba4,2024-09-11 23:37:00
8911,629,page_view,home,82,2f0d28b1-e440-4dc4-8ee4-edcbfb6fb1e6,2024-07-22 13:05:00
8912,517,search,search,31,c72068f0-acda-4827-b4d1-a15dbf15edb1,2024-12-16 02:05:00
8913,451,remove_from_cart,home,4,6173860c-829a-4be3-9ed0-ff0fc30fc7f9,2024-12-02 20:19:00
8914,898,add_to_cart,product,100,a421488e-3d00-4273-b832-fbd682664666,2024-10-20 04:26:00
8915,28,search,checkout,23,070dca5a-bc09-434e-8f00-3a82550872ca,2024-03-19 13:42:00
8916,507,search,search,62,350a9167-f519-4fd1-80a2-fd16d44c71ee,2024-01-05 18:01:00
8917,125,page_view,search,11,e6da20b1-815f-4e58-b8c9-a3752d343635,2024-07-17 20:15:00
8918,826,purchase,home,3,e17b18ba-d4ec-4b5c-a912-d6fcf003f249,2024-07-06 05:48:00
8919,308,search,product,72,41f54ffc-1f02-4cec-84c3-ee0f6705db9f,2024-04-11 11:59:00
8920,49,search,home,27,ea9d07c1-373b-4283-abe2-097d9e2e8d00,2024-09-13 05:05:00
8921,910,remove_from_cart,search,95,8cde8c97-0803-4ad0-8c6b-632f1408c26e,2024-08-04 05:42:00
8922,344,page_view,home,16,5879bbff-bbb2-475b-b238-6ffc27a61664,2024-04-27 05:06:00
8923,910,remove_from_cart,cart,61,943c906e-2d65-4a3b-a78a-05d40aac1c35,2024-11-17 06:08:00
8924,808,purchase,search,6,0ce0e894-242d-4c50-b8c9-9135e22be839,2024-12-21 20:30:00
8925,56,purchase,home,36,c2144092-dbf2-4240-a4d6-c750b92d3d54,2024-06-17 23:40:00
8926,946,search,product,23,a5bea84a-d86b-468b-8be6-c24af1621397,2024-04-16 06:30:00
8927,43,add_to_cart,search,4,d2bd2b62-b241-48ec-af8e-23e8ecbc0669,2024-11-03 11:03:00
8928,724,search,home,88,007d89ad-d24b-4c93-80c0-775489b710f9,2024-09-06 03:54:00
8929,697,page_view,home,46,7caeb4a1-31d5-4da0-b8df-91ce1ae9dd33,2024-11-07 10:20:00
8930,629,page_view,search,71,e8c04ee4-f942-4950-a191-87b3df9cc18f,2024-06-16 18:30:00
8931,60,add_to_cart,checkout,21,cfdc294e-b7cc-43d4-bd42-abd30753090d,2024-03-03 20:41:00
8932,739,remove_from_cart,home,67,10d7f68e-dd74-4844-8396-40ecd4761259,2024-03-12 19:22:00
8933,676,search,cart,54,64d7662a-52c7-4453-b495-ece6111413d1,2024-01-07 12:48:00
8934,878,remove_from_cart,home,75,5c386c6e-218b-4d55-8fa6-8bb69e5e9078,2024-05-03 07:58:00
8935,790,purchase,profile,43,a310a6dd-17eb-44dc-a52f-4cdcf0de8fdb,2024-06-20 05:04:00
8936,370,remove_from_cart,home,84,662c735d-fe10-481d-8773-af8ed780886d,2024-03-28 14:28:00
8937,115,add_to_cart,checkout,79,76466910-30a0-4206-879a-902096f6eccf,2024-11-24 21:30:00
8938,68,search,search,35,300bd865-d6d5-435c-a9ef-96b641bb776b,2024-11-06 10:04:00
8939,217,remove_from_cart,home,29,276ef2f1-63d0-425e-9d21-b7ae6c2ea457,2024-01-17 13:13:00
8940,222,purchase,search,65,a18ba4f7-3b16-4353-af35-a9e3d46d2cf6,2024-04-12 20:39:00
8941,202,search,profile,49,9fdd996f-53c7-4a1d-a433-6d551208599b,2024-12-07 07:49:00
8942,9,remove_from_cart,cart,89,e940a8e5-d0a4-4ece-bd5d-5f0414ddc5a5,2024-07-11 02:23:00
8943,382,purchase,product,64,bcd423f9-9832-42ed-bde6-bc65457092ac,2024-01-30 05:29:00
8944,512,page_view,product,42,6a7baedb-b891-4720-b788-4eb4276d0246,2024-05-07 16:58:00
8945,97,remove_from_cart,product,69,27b19587-d268-46ef-9356-53df06ec2da9,2024-10-18 14:27:00
8946,108,search,cart,61,666f2946-247f-478a-b9f4-ecab51981021,2024-05-29 12:05:00
8947,748,add_to_cart,checkout,43,291fec7e-03ed-433c-90ec-acbaab1bd681,2024-01-04 10:01:00
8948,807,add_to_cart,checkout,8,2844c2c8-2f1a-4ad5-96ea-d70921fe88a2,2024-11-07 06:24:00
8949,874,page_view,product,25,6afe06fc-13ae-40c8-9b4f-9a6ed856526b,2024-01-22 02:56:00
8950,974,purchase,checkout,47,fe05fd14-0acd-4bb3-94f2-a56030a1a175,2024-01-17 03:56:00
8951,817,add_to_cart,search,82,36d064bc-0a9b-4870-b714-1ab75c4743e2,2024-01-25 20:29:00
8952,702,purchase,product,12,ad8220b9-9dd7-44c5-a6a9-e6eebda94fc9,2024-03-20 02:09:00
8953,872,add_to_cart,checkout,56,619a4e0f-4a1b-4769-938c-1cb5943dd1ea,2024-05-20 04:21:00
8954,81,add_to_cart,cart,19,ff0f7033-99ea-4b7e-bf87-f6c2c817108b,2024-08-06 14:45:00
8955,252,search,home,88,b439c827-e80e-48a0-af55-9d9fcb870a00,2024-05-09 03:13:00
8956,994,page_view,product,18,dca2f425-d6d4-4fe5-aa6b-a867a747d486,2024-12-21 08:25:00
8957,98,purchase,cart,93,2fb546f6-98d7-4326-96a9-8a4eb18a945b,2024-07-25 23:39:00
8958,899,purchase,checkout,12,a037d2f2-c55a-45e3-abd9-22430e9c9a54,2024-08-02 00:13:00
8959,711,remove_from_cart,checkout,75,f667abb8-1e42-424a-b75f-8bb52b9130da,2024-07-31 12:05:00
8960,929,remove_from_cart,cart,51,2aa2cada-17e8-486f-b8cc-7b3fcd2e5875,2024-03-07 05:33:00
8961,547,remove_from_cart,profile,16,f7e86db3-fe2a-4a42-ae9b-2d7369dc0f53,2024-06-06 03:56:00
8962,172,search,profile,20,fed7e44a-824d-4bac-b5c1-e60e6062a7b3,2024-08-24 11:24:00
8963,381,purchase,home,11,f9563ef7-075b-4adb-bc42-9fa229fd2f4c,2024-11-13 19:50:00
8964,361,search,checkout,86,e267f285-5858-44dc-92a2-778b5f05f453,2024-10-30 01:05:00
8965,209,add_to_cart,profile,45,3ed7b243-49a3-4f7d-a397-15454a4f7f53,2024-11-22 01:25:00
8966,481,search,profile,51,220b4f17-076e-4d4b-a839-c95f162a2e21,2024-05-21 21:42:00
8967,797,add_to_cart,product,100,e43ddb01-ebbf-4bc9-aa61-a1caafdaff36,2024-06-28 19:04:00
8968,207,remove_from_cart,checkout,57,3690d936-9ea7-4b8c-8f47-fab48e8c67a2,2024-10-09 15:57:00
8969,908,purchase,home,39,7493059e-8e65-4af3-b51d-91bda766d720,2024-03-06 14:38:00
8970,873,purchase,product,7,c5afb816-5b0e-4ec7-b168-ffe842e79972,2024-09-01 02:20:00
8971,487,remove_from_cart,product,54,aa46e8f1-7cf9-4e32-869c-a44dfa4ad1ab,2024-11-02 21:24:00
8972,618,add_to_cart,cart,39,3a8c6ba0-2a1d-4971-ade5-7cfb1cf3938f,2024-06-27 21:12:00
8973,397,page_view,home,41,f5ae1538-23c2-4a74-acd7-d285fa1bd031,2024-02-11 06:34:00
8974,85,page_view,home,43,4f65120e-b342-42df-a901-b3859d41fde6,2024-06-25 03:24:00
8975,884,add_to_cart,cart,10,fce8d3e9-414b-49af-8127-af94bd7ed112,2024-11-18 10:22:00
8976,339,page_view,product,26,f7e2e97a-9c37-44f9-8f8b-1b628a072b6e,2024-05-27 05:51:00
8977,187,search,profile,54,0c318933-81a6-4f49-b49a-54b3df20f8ac,2024-05-20 05:34:00
8978,613,add_to_cart,home,54,2d112377-9caa-414d-b9d6-e3c751bc419a,2024-06-19 02:54:00
8979,842,purchase,home,44,17adaaef-346b-41b8-8585-f21d6264fc5a,2024-01-03 14:52:00
8980,267,page_view,profile,47,b0049903-599d-430e-8325-d5c47e4c7166,2024-01-03 14:11:00
8981,231,search,profile,84,caa70aeb-167e-47d3-a322-c8f3a807fad6,2024-10-29 10:58:00
8982,299,add_to_cart,search,57,c4b2bb16-5b02-4a1d-bd4b-ccc4a2cd7d79,2024-06-16 23:32:00
8983,144,search,profile,32,54950a1d-b9a0-4c5a-885e-715d62413a65,2024-01-10 21:51:00
8984,846,remove_from_cart,profile,20,755007dc-cf32-4ad6-b870-4fa8b1d963e0,2024-11-25 01:31:00
8985,933,page_view,home,32,a083dc98-0569-48a9-8b61-a03c59e67469,2024-03-03 08:09:00
8986,128,page_view,checkout,45,d3d271e1-5d3f-4aff-a4ba-acdc43d00784,2024-04-23 19:02:00
8987,237,search,home,42,91239c13-f763-412f-998f-97e34eb93ff4,2024-11-03 10:39:00
8988,416,page_view,profile,31,a87eae2b-37c1-4231-9578-921179702f35,2024-10-02 09:18:00
8989,360,purchase,profile,5,40416301-60e2-4665-9280-cdd7cf57d053,2024-12-28 10:20:00
8990,542,search,profile,81,32c4cef5-c377-48d9-8b10-a1d2a831d057,2024-05-04 23:22:00
8991,77,purchase,checkout,44,320ae09e-32e8-49db-a1b1-e852863f35b2,2024-01-10 01:18:00
8992,979,remove_from_cart,checkout,11,dcb3f309-084b-49fb-8705-7f4067aa6966,2024-07-13 12:17:00
8993,569,purchase,product,88,c84c7237-0bed-4c0c-b01e-394b9e3b949b,2024-05-17 23:13:00
8994,139,remove_from_cart,search,24,8aeb6ece-7f60-41a8-bd8e-215b1efe02d0,2024-05-06 17:33:00
8995,889,search,product,46,5cd8a0a3-e1cc-4a7a-aeee-de5fa6554b14,2024-01-08 23:01:00
8996,715,page_view,home,39,1b2356d6-e77c-4486-8f53-75b8ec8688f6,2024-07-28 06:26:00
8997,706,purchase,home,88,b8edac30-bb10-4b14-b4ed-0254abd65592,2024-05-19 10:54:00
8998,668,purchase,search,81,b8b03a43-6c4e-4255-8bf7-faa9a533a41e,2024-10-23 12:14:00
8999,164,page_view,checkout,59,5791cf3c-9c5e-4790-8eac-9fc3010a6705,2024-09-02 03:23:00
9000,21,remove_from_cart,home,54,c7a3bc31-5ded-4d5e-896d-a544003f40a7,2024-12-30 04:25:00
9001,621,add_to_cart,product,21,15dad035-9318-4384-a026-df5b2211555c,2024-12-31 10:57:00
9002,334,add_to_cart,search,66,d98146c6-3463-46bd-9cd7-b289289ea1ea,2024-04-24 02:43:00
9003,821,remove_from_cart,home,6,f49aa6b9-c415-423f-b7da-805cc7197252,2024-08-28 20:30:00
9004,722,purchase,product,13,37969432-a6e6-43d7-85a6-bfa024e2ee1d,2024-03-24 00:16:00
9005,188,purchase,product,68,f801d61b-84cd-41ff-8480-1d35c1ced970,2024-06-27 14:15:00
9006,459,remove_from_cart,checkout,66,16b42396-d336-4894-a666-127d6aff2558,2024-12-22 08:26:00
9007,623,purchase,product,46,664c7da1-6440-44f2-a8b1-84640074edad,2024-02-12 22:11:00
9008,65,search,profile,8,dadc794c-358d-4bd4-a583-71c036e22c91,2024-03-15 09:00:00
9009,322,page_view,checkout,21,c3eaebd1-a4c3-47eb-a386-603eb5063989,2024-12-14 09:56:00
9010,247,add_to_cart,checkout,97,a6db6ec1-90aa-46f2-b75b-4a3bc1528f7b,2024-02-21 19:23:00
9011,621,add_to_cart,product,71,e408428a-37b0-415e-b56c-5414437d091b,2024-03-03 18:01:00
9012,937,remove_from_cart,checkout,53,04d3c1bc-7d2a-42cc-a5fb-b9067bff3295,2024-12-20 01:57:00
9013,939,add_to_cart,profile,94,bed7fc37-cc9d-4277-a91c-6c32646219c7,2024-09-16 22:42:00
9014,482,search,home,19,138f17fd-1e6e-49eb-874e-e82ed1477a16,2024-04-27 03:16:00
9015,587,search,cart,13,1a08b203-11a4-40a5-8c39-c6a412430146,2024-12-26 14:30:00
9016,366,purchase,cart,61,19a58a88-7d98-48b7-8ca3-8d0c18c062df,2024-01-15 04:15:00
9017,86,purchase,product,70,99ec6afa-20bc-4278-8a03-6eb4bdb8b24a,2024-04-23 21:11:00
9018,638,search,profile,30,39297e09-4866-4173-b04e-b6b9c3f944bb,2024-02-24 22:11:00
9019,869,add_to_cart,cart,100,3a7421e3-dd0e-4a96-81af-7dd054ab76a9,2024-10-09 21:57:00
9020,366,add_to_cart,home,70,5d1b9e24-7770-4c0c-bba8-ff2664255564,2024-12-05 02:04:00
9021,608,purchase,search,61,ba8558c8-5c48-4768-a18a-23b04c5bd6ae,2024-06-22 00:31:00
9022,785,remove_from_cart,search,100,7447bf8b-ccbf-484f-8aaf-da001c96f7de,2024-01-10 16:23:00
9023,620,search,checkout,31,23b84b7c-ec1a-433d-b9c1-9fc90f3ec75f,2024-07-06 17:33:00
9024,858,add_to_cart,profile,36,532336c4-3815-4adc-85b9-d1a0809aaffd,2024-11-23 09:41:00
9025,111,purchase,checkout,96,274b683a-7f46-43d0-93a8-776fc47af0e5,2024-03-08 18:41:00
9026,907,search,profile,9,c1e283fe-f7f8-4591-926e-ff7343cccb6b,2024-04-26 23:47:00
9027,901,search,cart,5,7931f6ee-25da-4b60-9212-d81d3f7cebae,2024-06-20 07:22:00
9028,951,purchase,product,17,bb71a1b9-1063-45c1-b516-432e4f4d297d,2024-06-14 14:51:00
9029,295,add_to_cart,product,51,ecb3f2db-1b87-4ee5-a7a2-43ad9758af22,2024-08-15 11:51:00
9030,800,search,profile,3,21d7bb11-264a-47d5-9255-123af11762e1,2024-06-30 10:56:00
9031,173,page_view,profile,88,81c52c85-3afe-41eb-aa8c-e76aa747cea5,2024-05-10 23:45:00
9032,815,page_view,search,59,47a1bd19-2446-4157-9a33-2559beac79b0,2024-10-24 15:20:00
9033,957,purchase,checkout,2,fbfcd5c2-d20c-498e-9f50-dab9d55d04b0,2024-02-26 02:41:00
9034,10,search,cart,20,5e7f3d28-f80a-4920-8481-a5bbd86e4cb1,2024-10-05 02:36:00
9035,753,remove_from_cart,checkout,82,3cd9312a-a525-4a2a-86a6-60dd036d00b4,2024-06-10 19:19:00
9036,6,add_to_cart,profile,9,5ce60638-9646-4b96-ba14-60713c81df16,2024-07-13 02:17:00
9037,641,add_to_cart,profile,61,eda5c202-9b14-49f1-95a3-0f51efaa488c,2024-01-12 18:06:00
9038,973,add_to_cart,cart,50,fbe5ad80-fae9-4b98-9461-65e330ee2aaa,2024-10-30 20:23:00
9039,151,remove_from_cart,search,55,5de90587-1f87-4e3b-bfc7-69fe47dce865,2024-04-19 21:05:00
9040,506,purchase,home,51,82aa4e9e-d5de-42a1-bc8d-191dff789160,2024-09-09 09:58:00
9041,92,remove_from_cart,search,30,056a7ef0-f4b4-46d4-8863-7444aaf8c6da,2024-02-20 10:29:00
9042,860,search,home,92,61209150-e356-4361-b0b8-e870da3a01c8,2024-07-02 23:08:00
9043,427,page_view,checkout,40,ce588fe4-71ec-4ba3-81d6-4f73aeaa00cb,2024-05-09 19:02:00
9044,48,add_to_cart,search,79,256e6dd4-49bd-4806-a373-6e5306ce67c2,2024-02-27 01:28:00
9045,640,remove_from_cart,cart,49,bf2416cd-4a52-45f9-b39d-f67d9f8c32f9,2024-08-16 19:56:00
9046,897,remove_from_cart,profile,79,10788e10-c5fe-49de-ae86-feb35ba62134,2024-08-11 02:19:00
9047,834,purchase,profile,60,331a39e7-321f-4577-ba05-562173cc7b01,2024-10-03 02:42:00
9048,306,purchase,profile,74,c79da542-7e57-4bad-b804-872cac1cefdf,2024-11-30 00:09:00
9049,255,add_to_cart,home,45,55c2e05c-a0c0-496e-9638-4e953e218442,2024-03-26 02:30:00
9050,577,remove_from_cart,profile,70,17c3b3ad-fc78-42e7-a3e0-88a8fed676b5,2024-04-16 23:09:00
9051,143,page_view,checkout,82,7f73efe1-253e-4706-ad8e-1ca3ee75db6c,2024-09-04 14:46:00
9052,294,search,profile,17,413b6e99-183f-495a-a9cb-6b7015f2a16e,2024-02-06 21:08:00
9053,384,purchase,profile,5,17a01e6f-c813-47ac-9959-0240d97038f8,2024-03-21 12:55:00
9054,363,search,home,85,bb15f782-eae5-4564-8575-ec2627743352,2024-12-17 03:29:00
9055,318,search,checkout,27,8da8a0a3-24ed-46d9-8f77-42dc87fc2608,2024-09-22 14:33:00
9056,347,add_to_cart,search,70,cab3b56e-eddf-4712-ae7c-5feb03666f90,2024-11-17 01:25:00
9057,476,search,product,33,3db11b28-b12d-4672-9bac-0f42966c096a,2024-10-03 03:38:00
9058,430,purchase,search,40,2229b325-edac-41e7-bd89-675c0d4d5613,2024-03-19 19:58:00
9059,150,add_to_cart,search,99,54246c60-fbfc-490c-b386-d904fb76768a,2024-02-09 05:10:00
9060,193,remove_from_cart,checkout,28,6f0260a8-c346-4427-ab19-d2aff0971858,2024-01-30 19:30:00
9061,367,remove_from_cart,search,63,a137e943-c346-4636-8560-bf2b07fed967,2024-10-30 00:25:00
9062,823,add_to_cart,search,96,4a1f0c7b-724b-4a2b-bc8e-30083da878bd,2024-01-22 23:25:00
9063,767,page_view,checkout,30,0376ce61-ec1b-41ff-9fc7-5c8540528eaf,2024-04-14 18:05:00
9064,120,search,search,86,bc4c54ad-2c33-438b-b02c-4eecedc0a4b8,2024-04-10 07:59:00
9065,182,remove_from_cart,profile,83,3297909e-80e0-4bf1-9333-11fe848378a3,2024-09-23 22:41:00
9066,149,add_to_cart,checkout,97,31cdcccb-85a9-4f2e-8cd8-3cab389ede45,2024-10-09 16:50:00
9067,212,page_view,product,66,41c2f58e-5219-4ec8-a8bf-1f9dfc5f3343,2024-09-15 05:42:00
9068,745,search,search,32,a28cb3d4-cb11-4c99-8f59-22ac29a96018,2024-12-16 04:00:00
9069,276,remove_from_cart,home,67,8f3bd8e7-6dcc-40d3-81cc-e1177cc5efd4,2024-04-15 09:19:00
9070,499,remove_from_cart,cart,69,ea74f257-fa39-4906-ab5b-01df80569544,2024-08-11 17:39:00
9071,668,purchase,search,29,9ccfc892-4f88-4439-a8ce-962c151b75d3,2024-11-05 05:36:00
9072,802,add_to_cart,checkout,90,17c3f6ea-c73e-421c-b74d-6d942e00307c,2024-09-08 03:45:00
9073,198,remove_from_cart,search,71,99136c04-6184-4c8a-8063-4447fb23cac6,2024-02-22 23:19:00
9074,799,search,profile,100,ee06bb6b-ade8-4e89-a026-c9e4b60c3beb,2024-05-31 08:11:00
9075,921,add_to_cart,cart,88,fee1dcf7-efe9-4439-8fc3-0945a057fda9,2024-03-26 04:59:00
9076,826,add_to_cart,search,76,1718731d-57e6-48fd-b818-6535ec60eb68,2024-04-13 13:55:00
9077,496,page_view,home,25,d6b46bda-8d71-40a7-acef-1a83f7187150,2024-07-31 18:01:00
9078,259,add_to_cart,checkout,8,cebfe99b-77bb-4537-86c1-fd98e8c264db,2024-06-17 01:23:00
9079,481,add_to_cart,cart,11,3aff2eb6-23fe-4ddc-8fe2-25e086323ff5,2024-07-27 16:17:00
9080,265,purchase,profile,32,84c697ec-215c-425a-b8df-45280841d0a3,2024-02-08 08:56:00
9081,432,search,product,99,582891d6-95f3-4ff2-8c69-f89dc5e6528c,2024-06-27 15:49:00
9082,700,page_view,checkout,42,ab4e6b21-aaba-47dd-ad40-4610d710f791,2024-08-02 07:11:00
9083,32,page_view,product,59,9c8daa51-ab00-42a9-8742-dbc8c273dfb1,2024-05-30 11:09:00
9084,800,page_view,profile,80,f623aaa2-a1ce-4dc1-b7e2-66e7c8fc595d,2024-11-20 03:49:00
9085,285,purchase,search,100,aaa6c369-7af4-449d-933b-6df4aef7de6a,2024-01-26 17:05:00
9086,354,search,profile,78,bc10e18c-c8fe-44a2-a531-578198b2230b,2024-04-20 18:08:00
9087,696,page_view,search,22,866a5105-8717-43bd-8f50-46093ea3becf,2024-03-24 23:46:00
9088,471,page_view,checkout,22,3984e3f9-e9e5-4659-85d5-88a4e7500910,2024-06-04 08:09:00
9089,139,add_to_cart,product,85,022ce612-6292-4b53-84fd-398843218b3c,2024-05-04 11:53:00
9090,850,search,product,58,82907af8-1865-4ddd-8c93-3c3b757c89dd,2024-10-20 02:58:00
9091,395,page_view,home,45,2c31c1ac-49c9-4b89-b989-c51a37e37e68,2024-04-18 06:03:00
9092,759,page_view,cart,44,1b0ceecc-0fa0-4d1f-a121-6ca712f98663,2024-12-02 12:14:00
9093,690,page_view,product,25,8b695637-06e2-4ff0-aeda-2e6ff7978f3b,2024-09-27 22:48:00
9094,327,page_view,search,75,1bc1ff86-95d6-4aa4-9ef9-5ef7eedff6a8,2024-03-09 18:54:00
9095,5,page_view,home,90,c2c91c96-c3a0-4684-bbcc-d34d9e3f5bce,2024-06-19 18:57:00
9096,865,purchase,profile,85,8072c46e-223c-4c31-b4f3-77ad003cb697,2024-08-21 17:35:00
9097,51,purchase,product,41,f5da15db-7cc5-4f00-9109-b8abc38f65f8,2024-03-30 18:05:00
9098,520,purchase,profile,57,d4963f9b-0d50-4dad-b212-b6873b81ec55,2024-04-17 08:10:00
9099,841,add_to_cart,home,28,dc3bdce1-88ee-490c-bdef-aeffe4710485,2024-09-02 15:49:00
9100,38,add_to_cart,product,74,59fe6287-ebdc-4de7-a220-af9bc44f323e,2024-07-02 02:30:00
9101,877,page_view,profile,61,4386e351-3ecc-4dc9-a684-5fb23297c466,2024-12-07 13:28:00
9102,951,purchase,cart,74,5fc0efce-b421-4c6b-92e2-59dfb4228379,2024-07-07 15:29:00
9103,2,remove_from_cart,search,86,9129c3df-a4cc-4928-97d6-c03ec6f2a8ae,2024-05-03 05:06:00
9104,373,purchase,product,18,fe7501b3-3c2e-4a06-afe9-130a313bdc3e,2024-12-31 07:28:00
9105,250,search,home,23,00462835-90af-4b26-8cc7-f891b42c4738,2024-07-26 13:09:00
9106,398,search,home,62,71963695-6ddd-4a51-8bb4-8733717be722,2024-03-27 12:49:00
9107,195,page_view,home,82,b8d17654-a4b1-4bf5-a2e2-adaa972ed2a2,2024-08-04 16:07:00
9108,673,remove_from_cart,profile,40,5cfd501f-698b-4eba-8041-fb81bf766bf6,2024-05-08 21:18:00
9109,674,remove_from_cart,profile,35,1b156def-d0e1-4cd2-8afb-0edcdcd59ad5,2024-12-05 11:42:00
9110,147,add_to_cart,checkout,81,ec8250d6-c289-40dd-bb45-4cfbba709edb,2024-08-07 09:58:00
9111,401,search,product,14,0e2f5a5e-e6be-4f75-9712-43885c20dc9f,2024-10-13 18:31:00
9112,122,add_to_cart,cart,14,93153bd0-6ccf-4d75-9f89-2128a75041a2,2024-07-20 11:51:00
9113,436,remove_from_cart,product,39,d3f3dd7d-ea27-4f06-9868-7436fa3bcc08,2024-05-08 08:55:00
9114,46,search,product,27,ec552b83-90ea-4588-a1ba-9004496792ea,2024-01-06 03:49:00
9115,234,add_to_cart,profile,86,18a1e329-88a2-4ad7-9969-3abbeb517412,2024-12-31 15:00:00
9116,514,search,profile,82,49e7a0df-5989-43b2-813f-f436d76e46f1,2024-04-20 01:53:00
9117,973,page_view,checkout,11,1b05c94c-ddf6-4471-bb54-d58e6cf9457d,2024-05-27 04:18:00
9118,314,purchase,checkout,13,9202ad0e-6583-4851-9db8-249fb7ff3bb3,2024-08-22 14:01:00
9119,737,remove_from_cart,cart,69,3a0bd039-b144-4a7c-b3e2-13ce4e73606e,2024-08-02 11:39:00
9120,651,add_to_cart,cart,81,80d2ac55-b1f2-42ce-8567-c24510c1fb5c,2024-05-09 12:03:00
9121,147,purchase,home,76,09e3d3a7-3f67-4255-af5d-a09ad15d9060,2024-04-15 00:17:00
9122,540,add_to_cart,home,25,b3fba6fc-4327-4a78-af46-7f19819c75f4,2024-04-14 08:30:00
9123,5,search,cart,62,1286dffc-9da2-4757-919f-0330cc8e9597,2024-05-22 17:48:00
9124,249,remove_from_cart,search,15,ad84222f-a459-4768-95d9-286adf284ac3,2024-09-17 17:30:00
9125,262,purchase,cart,100,347469dd-4e33-4826-af51-79bc6681f227,2024-08-25 08:52:00
9126,590,add_to_cart,checkout,90,ad4a5096-825b-4241-b27f-9f74a534fd70,2024-08-18 03:41:00
9127,997,add_to_cart,product,80,e7395a8b-0a78-462d-8dfb-a039ead2ce81,2024-01-25 16:36:00
9128,848,search,profile,34,a64d3dbd-005e-48be-914c-32ba635c7789,2024-03-01 11:30:00
9129,78,search,product,40,9c53c688-a9c2-4983-9c46-bc808f3f2e19,2024-03-27 09:05:00
9130,71,page_view,cart,71,978fa8a4-6b53-40f6-8e59-84f33b7f0a6b,2024-09-28 17:34:00
9131,182,search,search,61,e028e5c8-4524-430a-b3da-60bbc3ad9ee1,2024-03-13 08:35:00
9132,19,purchase,profile,45,c65c0a1c-17d0-4c7a-b0c0-92405dbcb19a,2024-07-19 21:26:00
9133,500,purchase,search,38,b6fb1692-d17f-4a5b-8320-87157375fb2d,2024-12-16 00:36:00
9134,225,search,home,10,363fe48c-8d62-45f6-a352-dc95105de2bf,2024-12-13 23:11:00
9135,444,purchase,home,96,2f2b3f89-d1d5-4d8a-88db-d977be3e7719,2024-02-26 23:32:00
9136,217,remove_from_cart,cart,8,119f2b7f-8d9d-496f-89af-48f524ce79a4,2024-11-10 06:10:00
9137,985,remove_from_cart,home,37,e8e883aa-5dc8-4847-944d-32714e3df104,2024-07-05 20:45:00
9138,30,add_to_cart,home,77,1c8a9c04-4000-4b08-8272-4475080175cc,2024-01-16 21:23:00
9139,289,add_to_cart,cart,31,5167ec76-dc9d-4000-ae3e-8b651128fd66,2024-02-28 00:29:00
9140,62,page_view,cart,94,950cae60-1e88-42dd-98c0-3b1d4d5fac95,2024-02-26 04:41:00
9141,460,search,home,96,0b8475c7-5371-40e3-8434-2c86b0438f7d,2024-10-20 15:10:00
9142,526,page_view,home,78,053f538c-e5c2-477a-b4c5-75c9c125b243,2024-01-28 12:59:00
9143,185,page_view,product,21,330bdd51-3077-4a78-bca8-6a0ce6f13af8,2024-09-01 06:03:00
9144,447,add_to_cart,cart,100,7d3abfc9-bb67-4415-b5f5-08a51e9d601d,2024-05-21 07:27:00
9145,784,add_to_cart,search,75,035f52ce-35a0-4d38-b99c-e5605bfa8e54,2024-01-22 06:47:00
9146,599,remove_from_cart,search,15,cc61d58d-a8e0-49ca-8b92-6411491836fa,2024-02-19 21:05:00
9147,162,search,checkout,55,7700a25f-7dbd-4374-a519-18726b3ee04f,2024-05-09 00:52:00
9148,477,add_to_cart,home,84,0dc6e82f-6e56-4f2e-a566-fd1602a68198,2024-06-22 03:21:00
9149,548,remove_from_cart,product,28,c439f8a7-44ac-457f-9421-b1447faf18a2,2024-02-02 21:20:00
9150,294,page_view,search,33,de529ec2-c18b-4fb5-ae5c-f6e7ab0cc94f,2024-05-27 13:58:00
9151,563,search,home,26,99b15606-a53f-4bfa-b920-e8dd500756ba,2024-01-19 03:00:00
9152,47,search,product,7,cb831742-1e8d-4608-b3b7-5d2421638a99,2024-09-27 13:34:00
9153,614,search,home,31,006f1260-ca7c-4728-bf1f-88d8ed416aff,2024-07-28 06:40:00
9154,966,purchase,home,28,775a6849-1a44-4882-a819-7f14944d60d0,2024-12-16 13:50:00
9155,943,page_view,checkout,20,9a514610-7758-4e04-a219-32b544f10842,2024-03-13 07:21:00
9156,591,add_to_cart,checkout,51,b969f79b-fbfb-42f4-8694-2b89e3240702,2024-03-20 18:13:00
9157,585,search,profile,81,efcc22df-3ffb-4167-8430-653d4fcf8bc9,2024-10-08 15:17:00
9158,897,page_view,profile,69,0d14bcb7-5db8-4044-8d7e-05b7a472c0d1,2024-01-11 04:51:00
9159,727,page_view,search,43,7e229c48-edd5-4e0d-b06f-8865b942b02b,2024-11-29 05:23:00
9160,303,remove_from_cart,checkout,68,05a11010-c8ba-49d9-b46c-b1b79a187120,2024-05-30 14:38:00
9161,615,page_view,profile,62,e7b895ee-dc13-49e7-ba59-92fde0be3b95,2024-03-24 14:57:00
9162,729,search,profile,4,77d02919-b9d7-4cc5-b88a-0b436bd848ed,2024-04-01 21:50:00
9163,466,add_to_cart,cart,10,b7cfa24e-b37b-4dfe-9e08-9d9c4b598d65,2024-10-25 16:54:00
9164,990,purchase,cart,49,45daba70-aac9-49ef-a712-7d86bd891e20,2024-03-14 04:57:00
9165,348,purchase,checkout,32,ba186078-a57d-4e63-a534-9e38ecea044d,2024-06-05 04:05:00
9166,278,add_to_cart,checkout,62,4d6a8bb6-26bd-4cfe-bb9f-7628fc700481,2024-09-11 09:45:00
9167,539,purchase,home,98,b01d6925-b2a4-4a9b-9a3f-f429102fc60f,2024-02-07 21:01:00
9168,321,purchase,checkout,31,6013b094-99ce-4fe2-bde0-86e122d45f8c,2024-01-10 23:51:00
9169,515,remove_from_cart,search,22,e4cc881f-ffbe-49bb-b79d-bf094495c4dc,2024-05-17 07:02:00
9170,323,remove_from_cart,profile,65,6ab36d74-3cf9-4ab0-bfbe-11584a587104,2024-02-11 16:25:00
9171,198,search,product,48,0ad7b28d-f959-44c0-aaa6-ad349e71d8ea,2024-05-24 06:25:00
9172,883,remove_from_cart,search,62,140ea4f2-34e6-4341-8e4a-0cc562043f3b,2024-07-07 03:00:00
9173,489,remove_from_cart,checkout,18,8d0cf662-d723-416e-9390-29dfab36b0e7,2024-07-21 19:10:00
9174,134,purchase,search,40,735afb9b-a94e-4876-a7a2-ae98de3e7c48,2024-03-20 00:38:00
9175,869,add_to_cart,product,83,2362e45c-3a77-4d2c-8f14-bc17e00624a4,2024-02-15 07:27:00
9176,57,remove_from_cart,checkout,86,056070e8-47f3-463f-b2f8-367bbda8ecf3,2024-11-09 14:39:00
9177,701,add_to_cart,checkout,7,19cac6f8-3307-469d-b205-fbc742548ae0,2024-03-08 07:31:00
9178,648,add_to_cart,search,42,bd18e9d4-fd14-4b57-9b3d-23ba7547afc0,2024-04-10 08:53:00
9179,926,add_to_cart,profile,21,0e9a6376-fcd4-4537-afec-499744351c10,2024-03-14 23:01:00
9180,266,purchase,checkout,29,f85eaa6a-b29e-47fc-95ac-eb780a95015c,2024-11-08 08:17:00
9181,382,purchase,product,72,4efe24bd-cf81-425a-b3f7-a98a523c5911,2024-03-22 12:58:00
9182,117,search,checkout,61,fda6a52c-7e5c-4314-9f23-b4dc817b8a8b,2024-10-26 12:31:00
9183,639,add_to_cart,checkout,17,7c988a8d-de98-40b3-b8ec-952e05772df3,2024-06-25 18:36:00
9184,874,search,cart,78,dd78f533-ff2d-4735-8d62-5e0ea2baac1c,2024-10-09 12:00:00
9185,83,purchase,checkout,45,73179741-0354-4889-a9b1-4a8e391e04cc,2024-12-01 22:52:00
9186,373,purchase,product,21,f7fe42b8-4786-4586-899b-4a3f6792f5ab,2024-03-04 22:28:00
9187,73,remove_from_cart,checkout,64,30287884-61c5-4b05-88a3-02a00692452c,2024-05-14 20:55:00
9188,124,search,search,3,6eeca934-6861-48ab-9ff4-801d2e6e9b7c,2024-06-09 00:21:00
9189,544,add_to_cart,search,77,3a3729e1-2a1a-4c9a-99cd-f83b43dc5438,2024-03-02 08:25:00
9190,163,page_view,profile,66,49b24d33-1323-477f-859a-b473742c645b,2024-11-12 09:57:00
9191,922,page_view,checkout,73,3203b18d-7654-4e98-982f-f49d1d949e9e,2024-06-27 15:23:00
9192,537,page_view,profile,14,e5c229d4-b6c0-4133-a28a-1ad71dfee644,2024-10-08 12:14:00
9193,440,search,profile,3,e5791994-562f-4ee6-829f-a57ce1e0c3ba,2024-08-22 12:26:00
9194,658,search,search,26,6b3ea003-2b2e-46a7-b87b-e6739f9e7171,2024-12-07 13:07:00
9195,792,purchase,profile,26,5e5c412d-45c4-4b20-b635-fee85558d378,2024-03-16 23:40:00
9196,482,page_view,cart,46,dd18e7b6-f532-4a30-85bf-5823d2351af8,2024-10-04 22:13:00
9197,583,page_view,search,85,f99fd729-53cc-4dcc-b773-e45623fb4eb4,2024-08-24 07:09:00
9198,826,remove_from_cart,home,35,b3eac300-a7a5-4b0a-b8da-779ac91d4863,2024-06-13 09:26:00
9199,914,page_view,checkout,86,261205b8-3375-4ca7-b328-9d2cfef53946,2024-01-25 14:50:00
9200,442,remove_from_cart,profile,79,77173472-05d2-4629-8bab-b1fb6c7721f5,2024-01-13 07:44:00
9201,943,purchase,search,10,028cd6a7-f634-45c1-a9f7-fa47637de4ca,2024-09-21 19:19:00
9202,311,search,search,64,47927a21-dd08-41dc-97d5-59b51f2be2c4,2024-01-20 14:01:00
9203,317,remove_from_cart,profile,36,0fab7a4f-85e3-4074-9761-fed21abac40b,2024-10-13 05:07:00
9204,241,remove_from_cart,profile,37,e5e40d2d-83cf-4c7e-a885-bd6fd2281868,2024-12-17 18:30:00
9205,800,remove_from_cart,search,91,245e6ade-7001-4181-a3fc-6c221634808f,2024-10-24 06:23:00
9206,203,search,cart,73,f3b5e610-de65-405e-82ae-5643a96a3f77,2024-08-02 02:11:00
9207,789,remove_from_cart,cart,44,be85eeda-6a4e-469b-8696-f116d5b47eb4,2024-12-04 19:54:00
9208,184,add_to_cart,home,90,b07755c7-804c-4f9b-859f-81389f82cc3d,2024-06-03 12:12:00
9209,658,add_to_cart,search,61,b590604c-4da7-4f81-a5bb-bf58d9c1357b,2024-10-06 22:55:00
9210,914,page_view,home,55,c641ff21-6786-46f9-8839-f517cc54d33e,2024-03-07 10:40:00
9211,886,search,search,83,5a5f9d44-4e86-479a-9ad7-e29e242ab4d8,2024-04-28 20:48:00
9212,832,search,home,28,ea340f7e-fd47-49fd-a99b-eb8fe4a5d969,2024-06-27 01:32:00
9213,880,add_to_cart,product,83,1ae6b16a-e9b8-488d-b86b-0b4c80f7b3cc,2024-04-12 04:14:00
9214,691,remove_from_cart,search,11,a991070b-7a0c-46f1-8206-5a5ed03414ea,2024-07-29 20:24:00
9215,676,page_view,home,60,bb03ca8c-5604-4e87-b195-413f1f243a93,2024-05-26 12:18:00
9216,771,remove_from_cart,product,79,30fec69c-87a6-42d4-8383-22637bc16efa,2024-11-14 04:00:00
9217,864,purchase,home,9,9c174a94-25cb-490d-966f-f9963d351d51,2024-01-29 08:48:00
9218,679,search,checkout,42,4d3702cb-db08-48bc-940d-81b5a1cceb4d,2024-09-10 17:11:00
9219,635,remove_from_cart,checkout,69,2d347e53-9d7b-4ca4-adcb-edb791f6d1a6,2024-09-06 15:21:00
9220,335,page_view,checkout,14,e2ad30a1-aa11-402f-8616-806fcf679174,2024-09-20 02:43:00
9221,16,add_to_cart,cart,44,6b5d5511-9b67-4f02-94a3-2bd1084f9048,2024-11-27 22:02:00
9222,556,remove_from_cart,product,21,1ad8ae01-b0f2-4e9e-9415-99522f7fde24,2024-04-11 09:17:00
9223,593,purchase,product,63,ed3285b8-9846-4182-bb45-8a6e28a371f7,2024-06-28 20:58:00
9224,377,remove_from_cart,checkout,58,73307f8e-cd2c-4612-8d0b-e71e9c40ecc2,2024-12-10 22:03:00
9225,496,page_view,search,11,310af753-1d2c-4a0f-b385-25e92aa87fc8,2024-12-30 20:26:00
9226,78,purchase,home,69,4e60cd00-f623-4d08-993d-de96cc35a96e,2024-05-21 13:01:00
9227,623,remove_from_cart,cart,51,bf4eb05b-184e-4e5b-be49-5d314ab9a29f,2024-09-05 11:35:00
9228,21,search,profile,40,0064dc24-965d-4deb-b112-4bfb5841286e,2024-10-06 06:43:00
9229,24,page_view,product,26,fa38b790-7f82-4e78-904c-d8dea7beb957,2024-11-02 10:56:00
9230,587,page_view,checkout,87,3890c23d-5a48-4e0f-8d14-5c93e1120cc9,2024-06-21 09:55:00
9231,715,page_view,home,72,229db573-2d43-4c7a-b3f0-21f821ec1711,2024-04-07 04:18:00
9232,118,page_view,profile,17,034bc080-6f9a-48cf-af07-97f26056ee9e,2024-05-19 13:18:00
9233,11,purchase,product,38,2ac7a771-b475-4e56-8ea8-8c1dea33ec95,2024-11-09 16:52:00
9234,853,search,home,84,b8c8afdf-54b5-40f4-b4d3-da0d1f5f0e85,2024-05-08 02:38:00
9235,42,add_to_cart,cart,12,e8d607f8-faff-4869-8f23-658b39d7e945,2024-02-21 18:00:00
9236,145,remove_from_cart,cart,11,e74483db-36eb-460d-81de-9b7a20d36f5e,2024-04-06 12:45:00
9237,83,purchase,checkout,18,9d06ebfc-13c8-4328-9a33-5c59c8c37820,2024-08-08 16:41:00
9238,939,purchase,checkout,24,707efd55-60b5-4356-b322-ff0b084df1c4,2024-01-01 21:31:00
9239,924,search,product,81,055340cb-e311-4df1-afe6-030e9034de15,2024-03-06 09:58:00
9240,554,add_to_cart,cart,53,3a8bf072-e661-4f26-abab-aba67b4510c2,2024-02-28 03:24:00
9241,742,page_view,checkout,29,6909aed3-aca9-4da7-9e7d-5a7180be502d,2024-04-29 20:32:00
9242,479,page_view,search,16,66a581dc-ed1d-4787-8d21-c853c7850a6c,2024-09-21 07:32:00
9243,478,search,product,25,7703702a-d1a1-43e9-86a9-70f16d99e9d8,2024-03-28 13:32:00
9244,487,purchase,product,58,34e12d25-c7e4-47bb-8f35-5ea9464799b1,2024-08-26 07:03:00
9245,408,page_view,profile,25,b8320002-27e6-4c7a-a9ed-f4f391e52202,2024-07-21 22:07:00
9246,495,search,product,67,5379b046-9dff-4d74-a29c-e7107f533bd3,2024-08-03 00:54:00
9247,910,remove_from_cart,checkout,60,a772b140-18a8-4425-89b1-49e673f7ed1d,2024-05-01 04:31:00
9248,988,remove_from_cart,product,68,087fda82-60e6-40f3-9c74-a3e243c649d0,2024-11-19 23:33:00
9249,159,page_view,search,45,49ffbfbb-c9d8-44ad-b303-2f670cd49aa5,2024-01-28 19:58:00
9250,477,remove_from_cart,search,79,000bd8f4-8bee-430a-a852-8ad1df7eaba9,2024-12-22 00:21:00
9251,520,page_view,search,72,71cd7058-9359-4108-89df-742de64527ea,2024-11-17 15:03:00
9252,652,purchase,search,9,ffa10a99-e006-454b-bc38-3fc9f5f26711,2024-11-03 02:48:00
9253,644,remove_from_cart,profile,68,7226a6d9-af56-4633-8a5c-b9b307a643d8,2024-10-10 06:53:00
9254,995,remove_from_cart,cart,24,130ba46a-c623-4019-8572-435fe9808e2b,2024-05-13 10:17:00
9255,418,purchase,profile,63,e843d43d-03b3-4668-b782-221101b4c803,2024-06-21 04:05:00
9256,16,search,product,14,c3792bde-5a49-4cd2-9b18-8c7db6d35e52,2024-10-28 03:57:00
9257,993,remove_from_cart,product,87,3cd29859-c7cf-48d5-b847-b9b8f332555d,2024-10-06 20:01:00
9258,180,page_view,search,79,0db4ee6a-2313-4f5f-a0f3-3d487bda4cf6,2024-07-30 15:50:00
9259,117,search,home,99,9e931139-671b-4489-9b12-4497da79adb2,2024-10-29 03:26:00
9260,51,search,home,18,d67000a7-edda-4444-93ea-f379bb3c90f4,2024-07-17 17:36:00
9261,449,remove_from_cart,product,75,4e3e3633-bf44-4697-b213-aecf68f3fdeb,2024-12-11 10:13:00
9262,135,add_to_cart,checkout,4,aecae822-c82b-48bb-8b31-0b1704ec8fc0,2024-10-08 13:52:00
9263,353,search,product,60,48c7533d-e6c7-477c-8729-e32193ac8143,2024-02-11 23:13:00
9264,732,add_to_cart,checkout,62,a965ba3d-cf74-4c7f-a3b0-0fc1d5a05453,2024-08-08 18:23:00
9265,935,page_view,search,39,92884e4a-b838-4f88-92f1-3a88dd2029a6,2024-11-12 03:36:00
9266,840,search,search,54,bf843a88-e236-4dde-8d11-971a84d6cbdf,2024-12-21 09:40:00
9267,535,page_view,search,16,72dd88de-9576-470f-b492-28987821c337,2024-11-20 10:38:00
9268,903,purchase,checkout,66,afe6c633-b7ca-4ceb-8fa7-1838f4fcbfb8,2024-02-11 23:16:00
9269,406,remove_from_cart,search,79,9b1face6-ba57-4fe6-acad-de803e29133c,2024-08-22 06:29:00
9270,368,page_view,checkout,3,826843d7-e9b1-4074-8b39-3c74f2cb9018,2024-01-03 15:45:00
9271,535,add_to_cart,search,15,a0d4b133-e37e-4239-8a35-9e090d90ff8b,2024-10-28 23:31:00
9272,341,search,search,17,3e60353a-d621-4117-b86b-d6bd7d397921,2024-11-20 06:46:00
9273,14,remove_from_cart,checkout,44,80dc7d44-66f0-40d0-bf53-992685d8efd1,2024-09-29 16:27:00
9274,223,search,product,12,b0192a41-65c5-41a7-9319-b5282e9fba12,2024-04-02 09:34:00
9275,457,page_view,profile,80,bdad7c06-6e7b-4ccc-9fb3-1bc4dc33d9a1,2024-08-29 23:11:00
9276,963,page_view,checkout,68,b8b4735b-cc78-4d39-b6eb-58d05d5ab854,2024-09-30 23:59:00
9277,65,remove_from_cart,checkout,77,abf5d6af-611e-482b-ae8e-23879014c440,2024-09-16 09:49:00
9278,194,page_view,profile,23,2c3a75e6-254a-4315-8ed5-3e3f7fa81377,2024-07-22 09:30:00
9279,840,add_to_cart,search,87,7b353bd6-ae34-4bd4-8b61-60ec2d90bc11,2024-08-11 16:32:00
9280,6,search,home,17,78ccb4ab-a82c-4491-8a3d-17a3afae44da,2024-07-28 23:43:00
9281,92,search,profile,1,d488d257-bc2a-4e28-96cf-b5bf432c88ea,2024-08-23 18:02:00
9282,881,page_view,checkout,57,b7f1e0c5-a893-489e-ba63-423efaed53cf,2024-06-01 16:22:00
9283,109,page_view,home,58,9a48f48c-f56a-4669-93f4-dfad613960f4,2024-12-13 10:06:00
9284,445,purchase,checkout,85,6729d4df-c4be-4879-85db-c52a46589548,2024-10-07 07:18:00
9285,788,add_to_cart,checkout,79,fdb4008f-75c0-4483-82ff-08b331b76a5a,2024-01-02 07:23:00
9286,587,page_view,home,7,31313a0d-9f04-49bc-8df9-6f7701594e69,2024-02-16 08:05:00
9287,330,add_to_cart,home,29,583f475f-a5ce-4b0b-9725-c9fc02eda542,2024-09-18 16:09:00
9288,584,add_to_cart,checkout,43,28e87349-a8d9-4ae7-b46f-aa3f74b64311,2024-08-14 03:59:00
9289,412,add_to_cart,home,28,7a1d13ca-e2b5-4c69-9786-28cafb92ac79,2024-01-06 08:48:00
9290,770,remove_from_cart,home,37,86af2132-0f3a-4a4f-ad0d-22df3ba1e33f,2024-09-20 17:40:00
9291,451,remove_from_cart,checkout,77,8ad22d46-951a-4b03-9318-4020ab8b9572,2024-08-09 03:49:00
9292,8,remove_from_cart,search,80,cd95a58a-7700-46c8-8fa4-3d726c1bf58a,2024-02-03 05:15:00
9293,920,purchase,checkout,61,117d51e0-46b9-4625-8dbf-074bc2278dfc,2024-08-31 04:31:00
9294,736,page_view,cart,59,047d1217-0a37-4f6a-af5d-c4c0582dbba3,2024-09-22 23:27:00
9295,355,remove_from_cart,profile,20,28d68a05-ebb1-4b38-872d-4daace727de3,2024-01-03 10:17:00
9296,931,search,product,59,54ddb3d2-6ba7-4627-a78f-7ee025029328,2024-06-07 12:58:00
9297,621,page_view,checkout,97,a4449896-c210-4c47-98ac-e74a84443b11,2024-06-03 15:49:00
9298,424,remove_from_cart,home,48,726b22fc-a266-45a9-82aa-a1a2a9ae22b0,2024-11-11 00:49:00
9299,654,remove_from_cart,cart,2,b624d523-19fc-4203-a2bf-6e1d0524a941,2024-12-25 17:51:00
9300,256,add_to_cart,profile,95,d7f70c41-575f-49be-a706-af6ffa67a92e,2024-07-18 18:09:00
9301,77,remove_from_cart,profile,18,54c3f95c-33c2-41a1-9930-5c2621987141,2024-07-28 01:54:00
9302,667,purchase,cart,40,464e68d4-3a88-43ef-8bfa-8a04c699c914,2024-12-09 03:27:00
9303,143,add_to_cart,home,25,e9873210-2a29-4154-bc47-1fd7d4150f28,2024-05-13 12:34:00
9304,656,remove_from_cart,product,67,68166589-c666-492a-83c8-312995eb2517,2024-12-08 18:21:00
9305,258,purchase,checkout,93,cdcc6f6c-f4ee-4c7b-89b5-f58d7b4d690a,2024-02-09 20:24:00
9306,999,page_view,cart,68,73892d09-d131-48a3-be5d-3e2e4013011b,2024-01-16 11:29:00
9307,867,add_to_cart,cart,70,84eb3b28-5d83-4f23-84dc-24dc72dffa78,2024-09-13 08:16:00
9308,353,remove_from_cart,search,16,c8b45c1e-106b-4729-a85f-a7dc9cbc91d1,2024-03-05 09:25:00
9309,97,remove_from_cart,checkout,6,4c6f7642-274a-495e-9cca-502af5dd7eb6,2024-10-26 17:08:00
9310,488,add_to_cart,search,1,71b77919-cce1-432e-9e85-5cc742047dac,2024-09-26 18:10:00
9311,603,page_view,product,16,bddb7d74-4202-416a-83c3-dc087720d612,2024-10-08 17:06:00
9312,193,remove_from_cart,cart,99,84d2924f-89ed-40f6-a0ac-682a8d5cd5f9,2024-10-04 20:53:00
9313,98,page_view,profile,87,91906853-c794-4f73-9902-8f0c91935dce,2024-04-24 18:03:00
9314,884,search,search,68,871ad572-8c06-4715-8273-faaf7248904f,2024-01-02 22:14:00
9315,175,remove_from_cart,cart,22,8b8b2ed4-b0aa-4584-9b6a-bab410be2bad,2024-09-15 13:48:00
9316,763,remove_from_cart,profile,88,c70837ed-f347-4ef0-8e36-73b052a8cce6,2024-05-15 08:55:00
9317,887,search,cart,62,de5bdd8c-1011-4276-ba9e-cb6d4023fc37,2024-07-26 21:57:00
9318,686,purchase,profile,12,400e1de1-4a60-415b-b62b-e994da593364,2024-05-31 05:21:00
9319,544,remove_from_cart,checkout,79,e92857c3-d2aa-4da4-8bb1-2584fccdbb2e,2024-05-03 09:29:00
9320,55,search,checkout,45,a89dfc2e-51c1-417f-86b6-bb8e0e70ebd6,2024-02-17 04:16:00
9321,76,purchase,search,40,0b3744ad-7a0e-4418-9778-a9ab4680dd3e,2024-03-31 09:21:00
9322,42,search,product,6,9b782c36-0439-4bd9-b6cd-3794785a48cc,2024-05-02 01:05:00
9323,866,search,cart,22,4b478832-52da-4bce-b020-3ec29f508e10,2024-03-11 17:59:00
9324,350,page_view,profile,89,3caa3b11-dd42-4371-bb17-f41f6a6437a9,2024-03-16 09:29:00
9325,104,remove_from_cart,product,64,a7616027-9936-4f58-87b8-1edd9aaf10c4,2024-07-12 07:45:00
9326,396,purchase,search,62,5e841930-b575-4dd9-8f52-41e05d0a253b,2024-01-13 18:35:00
9327,599,page_view,cart,46,fa716867-6330-4ad4-baed-612120ef200f,2024-01-22 17:12:00
9328,832,search,cart,61,d7dfc344-1957-43eb-b8bb-2ff40a501932,2024-04-02 01:29:00
9329,431,search,cart,26,fea35065-3559-406d-93fe-36fa37f5b707,2024-07-23 17:50:00
9330,630,add_to_cart,product,22,70a07fc6-ded0-4821-a1ee-c145a226a9c3,2024-09-27 18:43:00
9331,520,purchase,search,25,a3f3e3dd-06b4-45e1-b7f5-0dfa60c582b6,2024-04-02 12:37:00
9332,492,page_view,product,52,d8d83c07-8539-46fb-99d5-7f4fa1ec0071,2024-08-26 11:41:00
9333,514,search,home,28,9daccf6f-6399-4555-b2db-dff69898c96f,2024-07-05 05:52:00
9334,563,remove_from_cart,search,4,7aadf1f8-cfa2-4d3a-90d0-52d17e921d33,2024-09-04 13:22:00
9335,612,remove_from_cart,cart,73,90f64ef4-d144-4b98-8962-859ea3adf81e,2024-01-30 01:37:00
9336,363,add_to_cart,search,91,67d7358b-9baf-448e-8ab5-c399bbd9170b,2024-09-17 09:41:00
9337,617,purchase,home,38,021e588c-5ce4-43e9-943f-5281ae33a1db,2024-08-30 01:45:00
9338,227,remove_from_cart,home,43,8d3224a6-e4e0-422f-9376-6b7e1bfb0278,2024-03-09 21:37:00
9339,809,remove_from_cart,home,75,1827c523-7af5-4191-957d-b4662ab5ab88,2024-02-26 09:59:00
9340,342,search,search,23,33aa58f8-39d5-441d-9183-46acb89a8e5d,2024-11-15 14:01:00
9341,659,search,product,83,52953575-aa39-4359-840b-d17a25fcb09b,2024-12-26 01:55:00
9342,417,search,home,67,3d27967b-5817-42cd-ad6d-c4127cb4bf4d,2024-07-26 06:25:00
9343,959,purchase,product,92,20842922-dad3-4e7b-b44c-6a9d40870125,2024-11-26 03:14:00
9344,724,page_view,product,6,31beb4bd-9997-4afb-bb3d-e46795cffab6,2024-08-21 02:47:00
9345,417,search,cart,21,0d0d2c3f-1772-4619-a261-b64753bb64ee,2024-02-06 11:25:00
9346,703,page_view,cart,49,f0b2148f-a20b-4fa0-93e1-8c27eb69c572,2024-10-23 17:30:00
9347,236,remove_from_cart,profile,18,4f90b029-f11d-4318-9e19-66c1b248148c,2024-07-28 18:03:00
9348,580,page_view,home,39,953e13eb-f88a-4082-9d08-e786d657b840,2024-09-15 19:40:00
9349,500,remove_from_cart,cart,65,709a7ad1-b859-481c-bda4-a897942f85bd,2024-05-22 02:06:00
9350,601,search,cart,98,8d6f312d-f171-4585-a432-b4f805be3574,2024-09-07 10:50:00
9351,448,add_to_cart,profile,31,677ffdda-3b3f-4a1a-9a6c-b75d5df9a5d2,2024-09-20 14:37:00
9352,233,add_to_cart,product,29,01b8fcea-b0c1-4d31-baa5-a9c342f64433,2024-06-26 12:39:00
9353,596,page_view,profile,97,c0464b4a-e176-4ed6-8b81-f23850630a17,2024-01-27 14:06:00
9354,38,purchase,product,81,202f4a24-f5e8-42c9-868a-44d0e2f54143,2024-07-28 08:23:00
9355,388,add_to_cart,search,22,0c3adb3b-9b72-46ed-9b0f-6a075ff062ce,2024-02-19 04:08:00
9356,84,page_view,checkout,80,fb69a76e-8fd7-470d-aa88-7030f74933e1,2024-05-31 06:29:00
9357,628,purchase,product,57,55f4df5d-4780-425e-93d9-c8f0ed96841f,2024-01-27 08:26:00
9358,277,search,checkout,67,4b5d8277-2826-478e-b4ac-7bfc94c8e178,2024-03-12 14:41:00
9359,525,purchase,product,42,ec732fc0-14bf-4cb3-a377-115fc4300cf3,2024-10-04 21:26:00
9360,978,remove_from_cart,profile,71,fb993c8a-74ef-4f29-b275-d845286c98fa,2024-04-02 06:44:00
9361,386,add_to_cart,home,54,d8692215-721e-47e6-b5db-960c3c9cdc9b,2024-03-07 14:29:00
9362,465,search,search,24,ff688a20-419e-490f-802a-962056d53c68,2024-10-07 06:35:00
9363,555,page_view,product,77,251e1a6f-2a30-4253-a984-888a9cca4a12,2024-10-01 10:24:00
9364,143,add_to_cart,home,94,850476fa-97a1-42de-8000-cace34793853,2024-02-11 12:23:00
9365,900,purchase,search,48,d9972d71-def1-4252-a72a-bc8dfe6754c9,2024-01-29 04:08:00
9366,844,purchase,checkout,73,23cf4fb7-7a59-40d7-8db0-4525fb650b44,2024-07-25 20:41:00
9367,602,search,home,58,50423fea-745e-494a-8df1-f8fe990ea7f0,2024-10-17 02:49:00
9368,395,remove_from_cart,checkout,78,d83c8050-bba5-4ad2-be18-a43af69e49eb,2024-05-29 17:31:00
9369,875,page_view,home,23,2ee07ba1-92f2-4da7-b549-466e90c37e53,2024-06-14 12:51:00
9370,460,add_to_cart,profile,70,a60b3a3b-e303-4b80-9853-9d72a7696d70,2024-07-11 04:29:00
9371,497,remove_from_cart,product,45,5c995568-cf2a-4458-a7e0-54a67570d80b,2024-08-20 13:21:00
9372,631,add_to_cart,search,87,8c37774f-432e-416c-a373-80e56c432eff,2024-11-20 13:09:00
9373,82,search,product,44,4c2f0662-5922-47a6-b057-3bcb763557bf,2024-11-04 04:47:00
9374,271,search,home,49,18e1f8ae-75a6-4b79-8b4d-7357d55aca0e,2024-12-17 03:24:00
9375,93,add_to_cart,checkout,54,eb60b39a-2ac1-485d-989c-99d040c0d345,2024-09-23 02:33:00
9376,133,add_to_cart,search,23,d4ab208d-a1a3-442d-af57-3a078cf5f969,2024-05-11 11:29:00
9377,416,remove_from_cart,search,22,5774ba37-99c7-4352-a784-acc308dece61,2024-11-24 20:40:00
9378,936,add_to_cart,search,23,b66b4626-4914-4dbe-a0af-db61110d53dd,2024-01-22 12:28:00
9379,638,add_to_cart,search,48,10a969ce-7a7e-460d-9341-24477bb5361c,2024-09-12 06:23:00
9380,769,search,profile,97,49685d5b-c287-4b63-b8d7-6ae86718ec22,2024-06-01 01:20:00
9381,228,search,search,85,b0c7efaf-9b89-4b11-8d48-fd987548f645,2024-12-20 13:49:00
9382,339,remove_from_cart,cart,16,0afd11d7-2ec0-4c4a-8200-449c58af0c7d,2024-01-08 12:06:00
9383,75,purchase,product,72,5e88bd29-5a2e-4297-b6e8-e91a9e99294a,2024-10-20 09:52:00
9384,700,remove_from_cart,search,97,b38c8650-43f3-4010-a529-8a6c6d9922e3,2024-06-06 03:15:00
9385,666,page_view,product,37,9cd586c9-3433-4ff9-bb85-7adac78e571f,2024-11-04 06:29:00
9386,710,add_to_cart,checkout,13,0d92d51b-34c5-40b0-864a-d5a7571b75a8,2024-04-05 20:35:00
9387,736,search,product,21,b4a11963-93f1-4cf8-9d36-7684cd1dadfb,2024-09-04 10:13:00
9388,169,purchase,profile,21,ffce0dfc-5435-4fcc-ba4e-76422288da7c,2024-07-20 02:57:00
9389,981,add_to_cart,home,42,ebf9059e-97be-4c77-bf4b-e9021b51a0bc,2024-08-10 18:03:00
9390,751,purchase,checkout,39,f1525412-9656-416e-add7-986aa11644d9,2024-08-25 12:59:00
9391,948,purchase,product,81,6a8bf42b-ad6d-4bae-a538-c977b91e0e0a,2024-03-21 09:22:00
9392,306,search,cart,51,18269efc-3c36-4841-b3e6-032baca14d61,2024-08-05 06:01:00
9393,554,remove_from_cart,search,29,a3d7dbc0-1254-46bc-a127-3541928ca0f4,2024-01-20 21:44:00
9394,94,add_to_cart,product,11,b04084d3-6246-45f6-9df8-fad3af766572,2024-05-17 04:42:00
9395,194,add_to_cart,cart,44,bfdef852-02f9-4712-9dda-fef2226a4682,2024-12-09 07:44:00
9396,497,remove_from_cart,home,20,651581bf-c2e4-48fb-8ab8-5b5d6b090a5d,2024-02-21 19:00:00
9397,241,add_to_cart,cart,33,878a91c9-dd22-4d52-ac90-734adf494720,2024-02-19 07:14:00
9398,152,add_to_cart,cart,97,79a2bf9e-6bf8-4a54-96b5-ba1af0fd5d0a,2024-12-22 10:30:00
9399,495,search,product,28,710ec157-e444-4e56-86cf-1efbe7eadf97,2024-09-05 18:15:00
9400,490,page_view,search,51,41697062-a5e1-4d35-82e6-0e9eb95a5b23,2024-04-11 16:47:00
9401,145,search,search,70,34cbcef1-5bfb-4de2-8523-1a9e225ef032,2024-06-28 04:57:00
9402,936,remove_from_cart,profile,74,a312579c-29a5-4359-a0f0-ab75c1e749f4,2024-07-22 14:59:00
9403,749,add_to_cart,home,11,49bebbe8-9d0b-43e6-95b1-cfc0155b40cc,2024-02-18 06:11:00
9404,2,search,home,42,4ab462f9-5838-4ccd-ae33-157feef1c00d,2024-05-09 04:25:00
9405,593,remove_from_cart,home,2,a777dad0-e9c5-4e7e-b38d-e0a71c6807cd,2024-02-07 19:44:00
9406,441,search,cart,55,d75d6778-7d58-485a-a8b5-e5d61f9b1473,2024-10-03 15:14:00
9407,453,remove_from_cart,checkout,12,911c57d4-8654-487f-9da8-c9dc769ee2b7,2024-08-02 17:48:00
9408,125,remove_from_cart,profile,25,ea36b612-c42c-46bf-8059-c7af76198de3,2024-11-20 14:41:00
9409,357,remove_from_cart,checkout,36,194ca7f0-c692-4141-a336-c3f609a8b192,2024-01-03 03:45:00
9410,313,page_view,cart,83,c7c3e0f0-2acc-4cf5-a4fb-5b3d01f0c165,2024-12-14 04:57:00
9411,347,remove_from_cart,product,20,f070895d-6432-403c-9837-56b5527acf1d,2024-07-20 07:23:00
9412,869,page_view,search,23,1ff1ac0e-dc84-4294-a95c-7f46b65aed86,2024-08-08 06:25:00
9413,606,page_view,product,49,6e7c58ac-18b1-4d6e-80cb-49d964b40562,2024-10-07 01:50:00
9414,467,purchase,checkout,31,cfd77329-6b45-47b2-a9cd-fec0cbbacc1b,2024-01-14 22:14:00
9415,182,purchase,home,68,94d06b16-19b1-48c2-a348-da32777e93a8,2024-12-26 08:13:00
9416,557,add_to_cart,product,59,5457f496-fc1f-4d86-8dac-61eea0cdeff9,2024-06-26 22:00:00
9417,701,purchase,profile,6,b5a4a568-58a4-4ed2-9b06-91f0901bc472,2024-10-08 13:01:00
9418,297,remove_from_cart,product,80,d984f021-fb80-4f27-af2a-acfa92ba82b0,2024-08-24 12:00:00
9419,989,add_to_cart,cart,55,31c9e846-050d-4076-a74e-d69d6cee5ca4,2024-02-21 21:04:00
9420,512,add_to_cart,search,52,069a021c-5612-42d7-8b5f-881029d23700,2024-04-14 22:46:00
9421,359,remove_from_cart,profile,54,9159d7ba-086a-48d5-9143-bf6cd27f6c4b,2024-04-13 03:22:00
9422,325,search,product,4,b1129a86-14d2-499d-baa9-586464c773d9,2024-06-02 02:49:00
9423,534,purchase,home,100,9ea633d0-4099-4516-8d89-3dc314d3f9ea,2024-01-15 15:58:00
9424,672,purchase,checkout,23,78f5c9aa-48ec-4aed-823f-b01e6a1bc5e5,2024-09-17 01:39:00
9425,661,remove_from_cart,home,36,dbeb4705-d101-4f4f-9f72-9f9e241628ac,2024-10-11 07:28:00
9426,72,page_view,profile,19,1f65f18d-08d5-42ca-9cb3-2272acabf3cb,2024-10-30 01:45:00
9427,876,purchase,product,16,e032a2e5-400a-4eb8-b8c0-44ca435a54f2,2024-05-16 20:29:00
9428,889,search,home,40,3ff45481-7044-4ec7-b55f-854a680ea2ce,2024-04-27 18:16:00
9429,147,remove_from_cart,profile,62,dcf7e895-9e88-44d0-8075-740c720e4343,2024-09-11 20:22:00
9430,858,page_view,product,67,cf47e7d6-a4ed-4bf8-8f30-668030157fe5,2024-11-23 22:11:00
9431,849,remove_from_cart,cart,39,1587d115-46a1-4a81-88c8-d64250812ef9,2024-03-23 19:14:00
9432,257,remove_from_cart,cart,53,eb4174af-73f2-43cc-b101-dd3734a6ada2,2024-03-24 13:43:00
9433,784,purchase,cart,61,1db21d7d-c12f-4f45-81bd-351ce80ceb8a,2024-06-11 09:00:00
9434,94,purchase,product,6,db6792f4-47c3-496e-aa0e-7e0a930ba2ec,2024-11-06 09:18:00
9435,5,add_to_cart,home,20,d2ec4792-5b32-4e74-a4ad-aff5139d8efe,2024-01-12 10:22:00
9436,617,remove_from_cart,product,15,80bcb19b-df4e-4e32-b11e-7f183c5ecc16,2024-06-08 03:00:00
9437,425,purchase,profile,94,ee213b25-af9e-4f55-a04a-9bc17b8e6e71,2024-10-24 08:14:00
9438,197,add_to_cart,home,29,6055929e-3586-416a-b8b3-5b4bdb0d9a93,2024-03-03 20:00:00
9439,800,page_view,profile,51,74e0643b-fe33-4522-8d04-18aba3cc5547,2024-11-25 10:09:00
9440,847,add_to_cart,product,9,16187791-dc3b-4e4f-be11-2ffa692fc48c,2024-02-19 07:10:00
9441,253,page_view,cart,95,3bfa3794-792c-4389-806d-a8ced9d53855,2024-03-26 09:19:00
9442,737,page_view,cart,74,8ef61826-bcca-40e7-bcae-2fa0c9e4354f,2024-02-22 14:07:00
9443,508,search,product,81,9a4e4f78-da19-4c51-9401-98f495ff2a10,2024-04-13 07:41:00
9444,610,add_to_cart,search,76,8accbc63-7b0c-4fb8-ad1e-e2224c373d1f,2024-03-08 23:50:00
9445,380,add_to_cart,cart,97,1f41d7da-6ddb-4e9f-80c9-84d8565f2313,2024-10-08 03:25:00
9446,969,page_view,search,99,0f4dd487-bc02-446c-9316-f49432f233a2,2024-03-26 00:50:00
9447,198,purchase,cart,72,0190f66f-e75a-4fa0-8d70-79c59ea54a0c,2024-05-20 03:47:00
9448,58,purchase,cart,17,af05ee72-1408-493c-8270-18a445133fb9,2024-09-24 19:05:00
9449,752,page_view,profile,56,03803a63-9e72-4d3f-ba12-d2cd9eb8ab6e,2024-03-16 12:07:00
9450,834,page_view,checkout,12,7a1f9f9e-6b76-4525-953b-a51de0716216,2024-12-09 07:08:00
9451,891,add_to_cart,profile,25,02deced2-cb10-4356-8f0c-de072c6c60c6,2024-04-13 22:05:00
9452,437,search,search,67,3f211257-2a26-4257-b2c9-bcf9a34af75e,2024-07-06 03:43:00
9453,124,purchase,product,19,a8e79f2f-66e1-4d08-8031-8ba62f51b79e,2024-08-26 03:23:00
9454,311,search,product,62,01dae00e-e974-4cc5-b897-dea7286d6af1,2024-07-27 20:20:00
9455,117,purchase,home,28,038bb5dd-ebf2-4fdf-8994-30b87691e883,2024-07-01 00:03:00
9456,527,purchase,search,61,52d53493-0bdd-4b74-a6e6-0dc37d0a8f94,2024-06-05 09:27:00
9457,140,remove_from_cart,checkout,42,88540a69-a9bb-4560-b521-4ea4c2bbc675,2024-04-07 04:44:00
9458,33,add_to_cart,search,36,26f6c466-0db8-4887-a8a4-36d3129f8ac5,2024-04-20 21:21:00
9459,275,page_view,search,57,4637ed61-1f4f-40f3-9cde-1e68712a06e0,2024-05-19 07:18:00
9460,311,page_view,checkout,70,1ffcc6ab-d216-43c4-b4fe-f902abae5123,2024-09-16 23:54:00
9461,665,page_view,home,63,e3230019-958a-4bb0-ab78-85f4b1765417,2024-02-05 23:38:00
9462,922,add_to_cart,home,3,8aba06d5-69db-494e-a981-44919018e197,2024-08-19 03:16:00
9463,857,search,home,98,96026926-42e6-4b9f-8053-0bf91e247f0e,2024-10-05 04:46:00
9464,212,search,checkout,85,c95086d8-6d00-430a-acad-8f986e454302,2024-01-21 23:55:00
9465,270,add_to_cart,profile,8,93a9c8c4-e885-4052-9418-b3f45f3f5ab3,2024-02-05 23:36:00
9466,55,page_view,checkout,100,9026f47d-9002-4a19-8e30-1babeeb0d1ed,2024-11-07 10:47:00
9467,939,remove_from_cart,checkout,31,0e958af1-a769-4412-80a2-c35281035576,2024-11-01 09:57:00
9468,61,purchase,home,56,167111d9-05e5-4145-8e62-37e7e1febdce,2024-06-03 16:07:00
9469,864,search,search,75,95976a04-0676-41b4-bf29-00b4d9e19b86,2024-09-13 23:29:00
9470,281,add_to_cart,home,41,f91fb7f3-dbe3-47d8-971f-c18ff08b7159,2024-08-29 14:42:00
9471,654,add_to_cart,product,71,f88e183b-3342-42de-87e3-b1ccf69bbea2,2024-07-02 04:48:00
9472,85,add_to_cart,product,77,583b0a1b-889a-439a-afba-dc106e410167,2024-02-05 01:54:00
9473,414,purchase,search,77,d3432add-3384-4cef-b673-b8a426b4a404,2024-06-03 15:21:00
9474,637,add_to_cart,profile,98,bce96e6a-e951-4c24-b15b-48c55de677c7,2024-08-19 15:41:00
9475,483,remove_from_cart,checkout,25,ebac19d1-fdb5-4ae0-9e91-962d6ffa6f7a,2024-01-30 11:37:00
9476,397,add_to_cart,home,89,c8d54c8e-4b30-48f5-8eac-49d906efb324,2024-01-06 08:30:00
9477,953,purchase,home,55,f5b67a54-dc91-4fae-8444-a286ed433fa4,2024-12-11 15:57:00
9478,172,purchase,profile,30,f4e3a77b-ae40-4041-bdb6-60400ce1f19e,2024-05-03 04:49:00
9479,958,remove_from_cart,search,21,1defa13d-d873-456f-9901-b95503569ab7,2024-09-05 04:07:00
9480,36,remove_from_cart,search,51,9f028f1d-33b8-4b03-a4b8-b64e73cce3bf,2024-10-03 06:03:00
9481,513,add_to_cart,checkout,91,7590ccf8-1732-4b64-aae0-83a42cbdd8e7,2024-01-19 03:57:00
9482,984,remove_from_cart,cart,47,a253696f-1c10-40ba-8ca2-a165c8d17b25,2024-01-18 02:23:00
9483,715,remove_from_cart,product,66,d99ec359-87b6-454d-a659-3c658e3400d7,2024-06-09 06:07:00
9484,913,search,product,39,0a3d8ef6-ec9e-431e-ae7c-827ae7f66223,2024-09-18 12:42:00
9485,889,remove_from_cart,profile,63,0ff54c18-9a81-4e33-ba11-f34683318893,2024-12-07 12:46:00
9486,633,purchase,profile,32,c63c8eec-f951-4cc2-80d7-a9cd517d5151,2024-05-20 22:07:00
9487,454,add_to_cart,home,78,1f352991-078b-4d7c-ab9e-2b022b9bd669,2024-02-07 10:49:00
9488,547,purchase,profile,78,8ac085df-9462-4d7d-b610-3837097c3e32,2024-04-02 00:00:00
9489,951,search,checkout,65,05a0d46a-8533-4f78-89cf-0a137643800e,2024-08-18 05:25:00
9490,258,page_view,search,96,cfc840e6-508a-4d5a-a118-f4a1237bead6,2024-05-13 03:37:00
9491,472,remove_from_cart,product,56,2e564032-02a6-41a0-8a63-9da2866e6771,2024-12-02 05:28:00
9492,804,page_view,product,10,e4b80ac4-b4c8-45a4-b3fb-017d58c20d74,2024-05-01 15:06:00
9493,306,remove_from_cart,search,92,708acf73-9479-486f-b608-e20bcf7f678e,2024-02-15 19:12:00
9494,146,add_to_cart,checkout,75,5ff9d735-6dd7-45e4-9606-5c31df03db02,2024-09-14 10:37:00
9495,292,page_view,checkout,52,82e2e4b8-dab6-4533-afcf-196ea031e1b7,2024-11-29 02:10:00
9496,785,page_view,profile,43,235d26ab-bbe9-4970-b9f3-59e6d8fb60fb,2024-12-07 13:59:00
9497,602,page_view,home,81,a4af6f3b-72f9-4f08-96cf-18900fa0ffaa,2024-10-12 10:06:00
9498,698,page_view,search,57,ca26fc3d-3910-427e-bb28-c4256966f821,2024-08-04 20:26:00
9499,936,remove_from_cart,search,52,678ba82f-497b-4ccd-8770-33aed4e977f6,2024-09-02 03:55:00
9500,775,page_view,search,54,397a984c-5447-4413-9715-f4dd809d7087,2024-02-08 09:02:00
9501,730,page_view,cart,41,e3764cc4-15d2-4453-acab-77baf0611fd2,2024-07-14 16:50:00
9502,93,remove_from_cart,checkout,82,31992af7-4665-484b-8e06-157947764498,2024-06-01 07:41:00
9503,404,purchase,profile,85,9b01d8cf-598c-4191-a3fb-29fd90c4c04a,2024-02-27 10:08:00
9504,530,add_to_cart,profile,20,aa462cfe-2a21-4b98-86a5-d88f116ae2e8,2024-08-06 09:45:00
9505,161,purchase,search,20,2c246c4d-51b5-4f65-abf3-780e3c60c416,2024-04-03 12:57:00
9506,428,remove_from_cart,home,5,0194aa39-e26d-43ea-86e4-43b69394cb56,2024-10-31 02:16:00
9507,948,page_view,checkout,52,1ff667e7-0209-42d9-ad4c-7b81f15c9567,2024-03-30 11:27:00
9508,729,add_to_cart,product,1,a73f8dcd-0b09-43e5-a360-f98ad6364b7c,2024-02-16 18:01:00
9509,70,search,home,77,d7d39d88-4453-40af-b2d2-5aa60492b84a,2024-11-29 08:21:00
9510,907,search,checkout,63,d356f76f-56ae-4d23-a36b-0773fda0cafb,2024-07-17 11:37:00
9511,157,search,checkout,52,e4f4b28a-5668-44b8-a861-40d87fb3480c,2024-09-11 03:17:00
9512,767,search,profile,51,92b8620c-a5bf-48c3-ba95-3dfa5fb61cf9,2024-04-06 19:28:00
9513,446,search,cart,43,b9307f7b-3a15-43b3-b5e7-55ec6471cae5,2024-09-05 09:50:00
9514,582,remove_from_cart,home,17,f87f260b-6aea-4296-a5c4-1c35e4026447,2024-12-24 11:07:00
9515,685,purchase,product,2,9083baf3-9d72-45e9-a048-8a356d723eae,2024-09-04 21:05:00
9516,506,search,profile,93,ab7a8081-76fa-4964-985b-e9f61de0c04b,2024-07-02 07:22:00
9517,651,purchase,product,27,bd3b96aa-6691-4337-93b3-ce5d3cf5423d,2024-01-06 19:32:00
9518,724,page_view,home,24,b3e797f8-f9cb-40de-b840-313f608dd49c,2024-07-16 23:48:00
9519,370,page_view,home,71,31099f23-7eb5-4a42-8623-ee5641031f04,2024-01-20 19:54:00
9520,650,search,home,42,77e0a4c3-72f4-4706-a97b-3f6348107d0e,2024-12-09 10:35:00
9521,695,search,cart,80,74375ab6-3f83-46af-bf39-c4f3875e434e,2024-12-13 13:14:00
9522,828,remove_from_cart,cart,25,15f3e324-1340-4f15-b00c-745957576d0a,2024-09-26 14:40:00
9523,185,page_view,cart,59,aedd75a7-e26e-44db-a880-0b574115706a,2024-08-18 00:01:00
9524,919,search,product,67,9ec2e2b9-9e61-456a-8278-cec2cbb9f14a,2024-07-28 06:37:00
9525,13,page_view,home,27,9b3d01e4-880d-4a0a-9ccd-320bfed1f355,2024-07-28 21:50:00
9526,440,remove_from_cart,checkout,35,e0566205-b73e-4732-975f-245e46eb8af7,2024-08-08 16:10:00
9527,79,add_to_cart,product,63,9bc4b38b-080a-4b11-b015-57256cb89449,2024-11-29 18:44:00
9528,476,purchase,cart,99,3b9268c3-e545-45e8-bb24-49d4f07ba13f,2024-12-26 06:02:00
9529,118,purchase,checkout,6,2ea78dac-aa23-4120-ad65-06dbf96c1fca,2024-01-30 21:38:00
9530,782,add_to_cart,cart,47,95ab592e-38eb-4fb5-98e3-693e0ef47f47,2024-08-29 08:52:00
9531,445,remove_from_cart,product,92,a1b7a4c3-7433-487d-9397-97ea9dc5bc90,2024-05-04 05:02:00
9532,552,page_view,product,87,8a77e3a9-7310-4ced-aaf7-c052a0ce75d3,2024-06-27 13:07:00
9533,232,add_to_cart,product,31,793701bf-3aa2-4a2f-a63b-61e6360e5de0,2024-07-15 11:50:00
9534,494,purchase,home,6,5f8ab835-eab3-4002-b9ea-108446eb3308,2024-05-20 00:58:00
9535,680,remove_from_cart,search,62,684456c8-dd94-42d4-b10e-c212eae41d56,2024-02-23 10:41:00
9536,125,add_to_cart,search,90,1a983ce8-64ce-4dfc-9ff2-d9eead48c620,2024-03-10 06:19:00
9537,80,search,checkout,70,f0b2a206-b5a4-41fb-b38d-c47e48c927fe,2024-08-10 23:57:00
9538,457,remove_from_cart,product,33,1baef18c-3471-487d-bf16-2610bcfd812d,2024-06-15 18:51:00
9539,62,remove_from_cart,checkout,81,ff441440-edc2-4a47-abba-d25e4bdefaea,2024-05-29 02:27:00
9540,787,remove_from_cart,home,47,7c0b9feb-a489-40cc-b9ce-53a576a49849,2024-08-12 02:41:00
9541,306,add_to_cart,checkout,34,396d0fb3-e442-4897-a622-0d8b396dec2a,2024-09-20 06:11:00
9542,160,remove_from_cart,cart,44,26ecaeeb-2c46-4742-acc1-a5237d91b5fc,2024-04-26 16:41:00
9543,2,page_view,checkout,80,cf0d66ea-e1a3-48a7-b19a-8bf2a8fcfb63,2024-06-04 13:24:00
9544,416,purchase,profile,2,ed6b194a-bc03-499b-931c-98302c0f12ce,2024-06-02 00:21:00
9545,812,purchase,home,97,ed67b589-8c3e-43d0-b413-4dadb131ce97,2024-10-11 16:27:00
9546,416,search,search,20,c3fa26d9-3cd2-4f95-b463-08d8a7d9add9,2024-11-19 13:22:00
9547,956,search,search,44,ffa12f2f-ca88-43fb-bfa6-9ee2d23f417d,2024-02-16 15:47:00
9548,170,remove_from_cart,product,88,2666b07f-865d-4e43-be34-f422e5f13866,2024-01-17 05:12:00
9549,395,purchase,home,76,cb3f4809-5ef6-408d-adda-92b4be7d39d1,2024-02-21 21:11:00
9550,148,search,profile,56,0aa8cd64-6de8-4c8a-ad36-7c0660e7c826,2024-07-28 19:53:00
9551,543,search,product,55,86d06580-c910-4554-879a-7da135ffb444,2024-05-12 06:47:00
9552,955,page_view,profile,22,273bdbf2-ab36-4e30-a386-3fde937aab33,2024-04-17 15:59:00
9553,132,page_view,checkout,86,98d307ac-d5ff-4e9f-ad01-e80ea777a6b9,2024-02-14 05:28:00
9554,246,add_to_cart,checkout,34,1f3aafc0-1234-4aaf-9045-27725d4d4d22,2024-08-25 05:09:00
9555,239,remove_from_cart,product,29,28c10f06-fe81-4fd7-a47b-3f476fcd26b8,2024-11-05 05:41:00
9556,696,search,product,68,0f292678-f6b4-4535-84b2-74d9ea4ff37b,2024-12-05 17:13:00
9557,295,search,cart,91,eb29e486-6758-4bac-972d-dc47067b00ed,2024-04-07 17:30:00
9558,414,page_view,product,18,38379d05-bcf6-45c1-8da9-c79c4deb4e0e,2024-11-14 18:06:00
9559,896,remove_from_cart,search,77,18a253cb-911a-429d-a0e6-27f04ad5e81b,2024-01-25 04:49:00
9560,708,remove_from_cart,product,95,29ac2c3b-ef46-48f4-847d-1605bb936117,2024-12-12 06:47:00
9561,636,remove_from_cart,product,65,c50036c4-5354-4a7c-9e82-8577ddcfe43e,2024-10-26 12:24:00
9562,588,search,search,41,a8fa2b4c-ef6c-4941-acaf-0fec4268141c,2024-07-08 16:44:00
9563,109,add_to_cart,product,35,3efe82b4-6266-4fcc-a2b2-c2e1a97f0a8b,2024-04-26 07:49:00
9564,710,purchase,cart,64,5d61991c-87bd-4733-bb8d-af2b28e3103f,2024-02-08 12:44:00
9565,491,add_to_cart,home,82,674ea471-3846-474b-aef9-83ab8315f8ca,2024-05-01 05:31:00
9566,235,add_to_cart,home,60,e54fe1c1-6815-4fb0-a6f3-67ed2c6fe4c8,2024-09-29 22:18:00
9567,760,page_view,profile,70,deb5d10c-1956-4f0f-abbe-5fb697435b6c,2024-04-02 12:01:00
9568,306,search,cart,97,26bf3d5c-f4cd-4ab4-8b07-e47913cb30fa,2024-10-18 22:06:00
9569,703,add_to_cart,home,32,faa45a23-06ca-4a49-b61a-9c42820aefe8,2024-01-24 06:33:00
9570,918,search,search,77,7bd5ec00-4076-4444-994a-385ca8c27975,2024-07-28 10:22:00
9571,615,search,checkout,53,835c9640-7545-4ad4-b041-6aeb08606e2c,2024-08-15 19:07:00
9572,42,purchase,product,4,43503add-bde7-44e2-accd-c886ada7894c,2024-05-05 13:18:00
9573,410,page_view,home,100,3c45149e-b19a-4279-b579-c47008f30f4d,2024-10-21 22:34:00
9574,475,purchase,checkout,31,589869df-48c9-48f6-a130-3bfc0c82fe09,2024-12-17 11:26:00
9575,794,remove_from_cart,cart,72,a2656467-5ba9-47b8-a6e7-5f86c61c108f,2024-05-15 20:35:00
9576,460,search,search,75,451f326e-fb27-45bc-83ff-cf30274f0aae,2024-11-08 11:32:00
9577,685,search,checkout,8,dc000da4-c845-4bdc-aa3a-0d92d77da07c,2024-04-30 18:45:00
9578,888,purchase,search,6,776e7ba2-c4f9-482d-bd68-f001999b82f5,2024-08-11 22:49:00
9579,276,remove_from_cart,profile,93,8ff2d4a2-2eab-4ec7-9f20-7a9517752fde,2024-05-13 12:25:00
9580,911,page_view,search,56,271a92f6-5d65-420b-aec8-db50141bd079,2024-05-10 16:55:00
9581,259,purchase,cart,97,9981cbf8-f85d-4b68-84a2-ff9d3c2b95f7,2024-06-10 03:23:00
9582,419,purchase,profile,99,99484344-ab25-4681-b095-64da1359dec1,2024-01-30 22:45:00
9583,60,search,checkout,90,f3ab2be2-b652-47f9-83cd-89d387ced4ce,2024-12-27 15:20:00
9584,646,add_to_cart,checkout,83,25d6cbb4-af21-4e0c-b375-7125279a4ec1,2024-05-06 17:37:00
9585,200,remove_from_cart,profile,8,7ad92b9e-9efc-4305-927d-ad1f541ae453,2024-12-23 22:54:00
9586,329,purchase,search,49,cc05139e-0ae5-4f7f-93b2-43ac9be448dd,2024-12-02 08:34:00
9587,127,page_view,checkout,27,1b56cdb1-40dd-4b49-a791-bdbf0c24d77e,2024-09-11 21:34:00
9588,419,add_to_cart,profile,71,f4d84852-e6c7-4aa9-b44c-33fa25e5d244,2024-07-14 18:04:00
9589,20,page_view,cart,59,3e62956c-0130-4830-90e3-8f5f79eaf7a5,2024-11-06 13:18:00
9590,559,add_to_cart,cart,96,ce13f07a-0e35-4729-a903-ba41ff8c7d8f,2024-06-07 02:07:00
9591,769,remove_from_cart,product,31,576b33f5-d8f4-483e-8784-631345761c05,2024-08-29 13:26:00
9592,435,search,profile,91,65f43d8f-6790-45ae-8ea1-4aa9a9db7d01,2024-10-26 02:27:00
9593,810,purchase,product,18,9bf60450-3aa9-4df2-9c4a-804db9840013,2024-05-22 06:39:00
9594,494,purchase,product,88,ebab126b-81da-4bd9-ac95-6972c382c647,2024-05-01 19:30:00
9595,571,add_to_cart,home,84,4d05d0b6-b00b-426d-91bb-1dd822ee4c1b,2024-02-07 03:20:00
9596,972,page_view,product,32,8c4c29e3-549a-4735-a045-3dc61bf74bf2,2024-09-23 02:32:00
9597,318,remove_from_cart,profile,49,d64d4cb0-1334-4011-b655-621a9bf7a201,2024-08-18 11:15:00
9598,209,remove_from_cart,home,38,30228dae-13f0-4c19-81b0-0b416a952e23,2024-05-21 01:50:00
9599,98,page_view,product,87,3eb69831-1e31-4ce9-aeb2-b21d3bd60b1c,2024-10-14 10:02:00
9600,501,search,profile,52,4e99b029-7ae2-45b0-84ce-08c8f1be9e09,2024-10-29 02:17:00
9601,457,purchase,home,83,948f9df7-9b24-4915-89e9-6b1c5a20508a,2024-05-26 21:36:00
9602,187,search,profile,38,bc2f81ff-ff63-4aeb-8803-a32056abfc22,2024-07-11 02:31:00
9603,550,search,home,40,de861d24-e2c5-401a-bb15-65968ced27f7,2024-02-24 07:58:00
9604,829,add_to_cart,checkout,92,b1bf5b15-cd77-4d83-b254-8b1a8290b9b3,2024-10-09 01:07:00
9605,268,add_to_cart,profile,47,c81f89cc-0653-40ba-86ae-a3ee399f9bac,2024-06-18 10:03:00
9606,603,remove_from_cart,cart,39,c7ee814a-2c1b-4045-a45c-7092772cada9,2024-06-22 09:36:00
9607,602,remove_from_cart,product,84,aa4e4827-fdfb-4b8b-8a83-2c50ceb35b05,2024-06-13 18:34:00
9608,397,remove_from_cart,profile,75,92b065e4-93b8-4e9c-93cc-620c0f86b743,2024-12-24 21:08:00
9609,285,remove_from_cart,search,72,e3213f59-703a-4470-8a6a-803f55cc8f19,2024-04-13 21:38:00
9610,135,add_to_cart,search,28,64fb0555-a51d-41aa-ad71-aff0ea15ec43,2024-08-28 08:57:00
9611,410,purchase,cart,71,b102b9a9-c99d-487f-8f2d-8fb82eaa1ce7,2024-12-18 14:20:00
9612,830,page_view,product,92,08ce2476-a075-41f1-8335-8cbb195bebfb,2024-04-04 11:36:00
9613,318,page_view,cart,6,394905d9-9e0c-4b0f-ba15-a553439468af,2024-06-26 15:22:00
9614,630,search,cart,91,a38c5042-478c-4d82-b529-6fcd7e09dcf3,2024-06-09 19:25:00
9615,905,remove_from_cart,home,25,3aa0b9e2-5aaf-42d5-a876-9e38428e4873,2024-03-04 05:52:00
9616,543,page_view,home,92,24fa6a68-84f6-443d-b52e-15399834469a,2024-06-28 23:07:00
9617,99,remove_from_cart,product,68,71dfe9b2-b704-46f0-b45d-8ddbc3ab00e5,2024-07-05 06:25:00
9618,43,add_to_cart,search,38,bd9ec32b-b916-4275-a0aa-96561be3f25e,2024-07-31 15:23:00
9619,669,purchase,cart,82,0e2b8bd7-e418-47a7-aaec-3c32a82dca7a,2024-03-03 18:52:00
9620,181,remove_from_cart,checkout,46,c274046d-514f-421e-ba2b-183341a02cbc,2024-11-09 08:04:00
9621,334,page_view,search,10,25679436-3251-480e-afb9-44cbdf4204a8,2024-03-15 04:45:00
9622,755,add_to_cart,product,91,92333c44-30e8-44a2-a6c9-63a4e4bab4e8,2024-10-19 01:38:00
9623,351,purchase,cart,8,7aa7bbc4-32bd-40de-a72c-8fd3d35e77bb,2024-03-27 05:28:00
9624,769,page_view,search,100,a5f36342-4b94-4f26-b71e-f4ca7f5a6d70,2024-09-08 10:50:00
9625,426,page_view,search,27,84893435-12f6-4fbe-ad46-b4822643e85e,2024-04-09 14:28:00
9626,254,add_to_cart,search,53,312edf8c-b4b4-407d-b31c-5ae5892559a9,2024-06-05 14:33:00
9627,648,purchase,product,99,3027f086-4b16-473c-8b14-d81bbe8921ff,2024-10-16 23:41:00
9628,455,page_view,product,65,3b686722-2cd6-46e8-b60a-fa90b0c689fc,2024-05-12 00:20:00
9629,776,remove_from_cart,cart,34,3ee51f17-c6f5-40bb-a664-db8514cf8d53,2024-03-19 07:08:00
9630,746,purchase,product,78,27deef9c-b4b2-4742-b991-c20a21b78a83,2024-08-29 00:11:00
9631,484,search,checkout,35,b5390580-c70a-4326-9e2a-3ec8b3788fea,2024-10-23 03:14:00
9632,676,add_to_cart,home,100,9d5b9b51-5d79-483d-a417-e90b8578ab91,2024-07-21 02:47:00
9633,933,remove_from_cart,cart,26,094c4723-b5d7-44c9-8b3d-e57f1c0f198e,2024-10-02 20:28:00
9634,268,purchase,home,41,80dad114-c314-42c9-b643-7df5ad626a92,2024-06-18 16:39:00
9635,912,search,product,46,cfa8374f-50ef-45a8-8804-266b10df51a6,2024-05-20 01:11:00
9636,443,remove_from_cart,profile,19,94d2bce6-a863-4921-906e-13c0b6c1aa14,2024-08-23 21:05:00
9637,855,search,checkout,34,85d2ae08-0648-4225-8846-38178d97d209,2024-02-26 09:57:00
9638,376,add_to_cart,checkout,25,f207a3bb-0fc3-471c-b197-020cdbd5756f,2024-04-25 13:33:00
9639,386,page_view,product,5,f74d45c8-4d72-4155-87f1-9aad534a475d,2024-12-18 08:00:00
9640,760,add_to_cart,cart,9,2075aed5-bd8b-4216-8da3-a959d6f0992e,2024-05-01 08:22:00
9641,477,search,checkout,36,e46afe01-dc1f-4b74-9380-b4e4eb3fe156,2024-10-05 16:32:00
9642,479,page_view,search,78,306d58f1-3bb5-4cb4-b439-ad7f6f17c7f0,2024-02-22 19:51:00
9643,267,page_view,home,4,e1161e0d-fe07-4879-9dff-a976b7dc2305,2024-02-16 08:20:00
9644,15,purchase,home,52,c084951a-e94f-4b40-a7e8-5abfc2f5e2ff,2024-12-30 20:04:00
9645,340,page_view,checkout,24,9970ebce-4070-4f79-8776-dd9642299a53,2024-12-28 18:06:00
9646,913,search,checkout,8,6453408d-8904-4176-bf4c-325af9a307f5,2024-11-24 13:58:00
9647,112,remove_from_cart,cart,78,1294555f-2fcb-441f-9549-247bf4d40629,2024-05-29 22:32:00
9648,139,add_to_cart,home,20,45e0d867-acd8-4925-a340-4a513d9b8b95,2024-08-29 14:23:00
9649,259,remove_from_cart,profile,14,57cffd60-1982-4a33-aa05-d17a45209a84,2024-01-17 18:36:00
9650,246,remove_from_cart,search,47,495b99a5-91cd-4332-86cc-71e31be7d97e,2024-03-19 04:28:00
9651,287,page_view,checkout,33,2cbd20e4-94fd-4af7-a8eb-c0938f4828c2,2024-09-04 02:36:00
9652,750,search,product,11,f5c2cb97-8ba4-4b20-9897-930ff4aecbd0,2024-03-10 22:32:00
9653,70,search,profile,43,d16708d0-8b87-4f19-9f8b-29aa276f1f14,2024-09-12 02:24:00
9654,946,add_to_cart,home,6,9bc08210-b3d1-4f8d-a97d-3157b705f3b0,2024-04-23 00:06:00
9655,42,add_to_cart,product,84,822f707b-f26e-449b-b48b-8e4e2ad3c169,2024-10-15 20:49:00
9656,606,purchase,home,29,e8f6793e-ca70-4fc0-bb45-d0fc7f0432fc,2024-06-17 03:58:00
9657,383,remove_from_cart,checkout,79,121a1966-b7ae-4028-82f2-c2e7dd3d94fc,2024-06-22 07:44:00
9658,815,purchase,cart,95,9aa581dc-146f-4ac7-aef7-094144c19263,2024-03-18 02:46:00
9659,214,purchase,search,9,da946db0-6fcc-4bc0-8076-071e4d264a28,2024-02-26 23:51:00
9660,324,purchase,search,78,3cd3b224-917c-442d-97d1-41d73aab35a3,2024-08-18 02:23:00
9661,958,page_view,search,100,e694423e-d2bc-4177-a608-c79131411e26,2024-05-12 01:28:00
9662,417,purchase,search,60,35a4a593-f56d-43f7-adfc-7ee08d95a1e7,2024-11-06 22:51:00
9663,111,purchase,search,29,9989b8ba-3c5e-4e62-8cc4-50d6259e7c0b,2024-08-12 09:25:00
9664,687,remove_from_cart,product,65,d7b35130-3631-4db9-a491-29cb49d8c5e6,2024-12-06 00:13:00
9665,960,purchase,profile,60,874885b1-69fe-4209-aeca-389478e69206,2024-11-25 04:12:00
9666,63,page_view,checkout,79,c7fbe181-ba46-445d-90e7-c803337d61ee,2024-02-25 10:56:00
9667,258,purchase,profile,2,196984d4-f6ce-49c3-88de-7782d2f4d038,2024-07-29 20:00:00
9668,99,remove_from_cart,cart,87,aae0a7e0-06a1-4ad9-8154-96d208a5977c,2024-09-19 05:28:00
9669,966,add_to_cart,product,2,8a5605bc-588c-4074-b3b7-4b53677124a0,2024-01-09 13:43:00
9670,636,purchase,profile,65,6c4cb61b-57f1-477d-abc2-5b6a25691c67,2024-09-05 16:18:00
9671,545,search,profile,89,e81a6d8f-4894-4464-ad17-2677537c268b,2024-11-02 01:48:00
9672,59,search,profile,52,265c8f80-0175-42b1-b03e-7e9c094ee4cf,2024-05-08 13:30:00
9673,366,add_to_cart,search,5,0e250d50-49f4-44d9-865f-e0574ffe07dc,2024-08-22 10:18:00
9674,185,page_view,home,91,6c76ec50-e809-474e-b7cd-35dd26b10a7e,2024-06-08 05:50:00
9675,596,purchase,search,75,8ae86087-31b5-4498-a43d-1e08097c0e4c,2024-09-27 17:21:00
9676,473,search,profile,28,e02ce49a-3532-4005-b00c-5bbf8bc4f3a6,2024-10-03 21:51:00
9677,229,remove_from_cart,home,30,611e8290-9893-4dc9-aa7d-69b5bd909903,2024-10-12 03:55:00
9678,957,add_to_cart,search,15,e0e6f961-d6bd-4aa5-86ea-9182787684dc,2024-05-26 00:23:00
9679,841,remove_from_cart,cart,56,2c1415f2-c343-4310-874d-df6b204bca36,2024-10-06 03:10:00
9680,737,remove_from_cart,search,82,1f208b5e-906e-43b2-bff9-0676482fce3d,2024-05-14 01:07:00
9681,779,search,search,85,031288a5-3aa2-4a8a-8c80-faa733ebe622,2024-12-12 22:52:00
9682,517,page_view,cart,28,d6027013-7434-4112-a879-6c6a76de97a9,2024-09-19 21:46:00
9683,517,add_to_cart,search,63,0b997f22-b837-4ebe-9b6f-a3c22d935d9f,2024-03-10 06:26:00
9684,84,page_view,search,43,5bcb32fe-89b8-417b-baba-094b56145cdc,2024-08-20 21:31:00
9685,809,purchase,search,42,fa4c6147-931d-4a34-857d-f956be5dcb8d,2024-02-18 05:42:00
9686,303,page_view,checkout,87,075f1689-5b3c-4c0a-81fe-5d3761ce146c,2024-11-11 21:55:00
9687,565,remove_from_cart,product,28,27222945-e4de-408b-8ab0-2b73ca34bbed,2024-12-02 18:35:00
9688,183,page_view,profile,99,7b2051bf-ef28-4bd7-9b35-8934d482f0d5,2024-01-20 09:45:00
9689,854,page_view,search,22,758ebe37-df36-48b3-90e9-a8da7b0fafb0,2024-03-28 08:46:00
9690,371,page_view,profile,88,c4e6ef8d-add9-4964-866d-34f0eda01b6e,2024-07-19 08:17:00
9691,188,add_to_cart,profile,40,a10557e9-2fce-48fd-8ee2-772c14623e15,2024-03-03 13:35:00
9692,464,page_view,product,65,f39c50a5-3c38-4245-9cf6-a840ec037ce3,2024-02-21 02:25:00
9693,835,purchase,cart,81,0b872004-52f6-4fb3-a8cf-5bc37e201c14,2024-12-11 23:02:00
9694,883,add_to_cart,product,2,8d0ae4df-0573-491a-b050-fd53b9f5a898,2024-10-31 22:46:00
9695,635,add_to_cart,cart,51,ed978753-6383-4652-9dc7-cec625c45740,2024-01-27 14:53:00
9696,427,add_to_cart,checkout,27,896243b2-50c0-441f-b95d-a929b96e0328,2024-03-20 14:16:00
9697,581,add_to_cart,profile,45,8be1082d-14fb-4b02-9ddc-7e490ef54604,2024-07-11 03:10:00
9698,552,remove_from_cart,product,75,6bc32e22-78a7-4bd3-ba45-b54286018f04,2024-05-05 06:07:00
9699,104,add_to_cart,product,7,66ef1fa6-df7c-44a8-82b5-e3532ef6584f,2024-01-21 17:08:00
9700,43,remove_from_cart,search,14,dd3900a1-f5b0-4b65-b5ea-c50f3ea93751,2024-01-15 21:42:00
9701,455,purchase,search,30,c0bc5121-0236-4397-afad-ef575451d645,2024-10-04 02:43:00
9702,255,purchase,home,83,8bc7085c-ee5c-44d6-bc16-e5399bf72056,2024-03-06 19:06:00
9703,803,search,checkout,15,4ff739a5-45ea-4140-addb-81e4daf0ee39,2024-08-05 03:33:00
9704,332,purchase,checkout,20,0473ca01-5beb-473a-ae7d-f3d17397f492,2024-06-04 15:50:00
9705,156,purchase,profile,43,31be4a6c-a094-4dd9-8098-68e4a2e8b313,2024-12-07 17:44:00
9706,84,search,home,67,0679bb0d-f8d8-40c2-876a-ea7192c16967,2024-12-20 02:21:00
9707,795,remove_from_cart,search,44,ae7e3e39-74b9-4c8e-9941-5e9918ca7981,2024-01-25 20:01:00
9708,1000,add_to_cart,home,7,ddbe5f26-ee9d-4472-97cb-bd046d6a42e5,2024-10-11 05:28:00
9709,763,purchase,product,15,fb586c28-5217-46ae-b35e-1da7736e19d6,2024-07-17 09:56:00
9710,17,search,checkout,42,4b26f794-ea86-46e6-b060-233828f9dd07,2024-07-07 12:13:00
9711,305,page_view,home,3,98e9a45a-417a-4eec-b45b-5edd2cd48f51,2024-04-11 09:01:00
9712,926,search,cart,66,02edd1ff-4158-4bb6-8c3a-5342b667d14f,2024-09-15 09:19:00
9713,750,search,search,84,5257449c-ffce-479f-8237-9d2559d8559d,2024-05-14 20:28:00
9714,232,page_view,search,61,8277a250-e8a9-4e4e-8ac5-2245defcf756,2024-09-21 16:52:00
9715,472,search,cart,27,038e77f2-be0c-4ac7-9d3e-4f3e9b265391,2024-04-11 18:22:00
9716,443,search,product,30,7cedbcd4-0b46-4eec-bdce-5f92c6931ce3,2024-08-17 02:04:00
9717,684,purchase,cart,89,960c1436-d0f5-4ea6-b9dc-6911e45d319f,2024-09-01 12:14:00
9718,663,search,cart,27,dc9f10cf-f6b2-4f47-a376-20c8e7be645f,2024-12-06 04:46:00
9719,89,page_view,cart,94,d8a33ace-27be-4219-a9f3-0a3a8a060b78,2024-11-23 23:05:00
9720,220,page_view,product,62,1b311c9b-aa12-427e-831a-5a94518d3229,2024-06-04 23:27:00
9721,902,purchase,cart,78,1a072997-f051-4bd0-89cc-e26bf24d207f,2024-10-19 17:36:00
9722,335,search,profile,41,98e40c1f-99be-4f8c-bee9-305680aa752d,2024-08-02 04:32:00
9723,468,remove_from_cart,home,34,bc0e84cb-a3b1-4383-9513-2fa5412b57d5,2024-04-29 08:09:00
9724,528,purchase,profile,54,4fcd6cda-dfda-43c1-8b66-69e3fb4e6173,2024-02-02 19:09:00
9725,719,page_view,home,23,1d9962f8-6545-4385-ab22-188418577c39,2024-11-13 23:37:00
9726,778,remove_from_cart,checkout,18,284e2434-5a3e-40d5-b213-ecbf49d9634f,2024-03-16 19:12:00
9727,335,remove_from_cart,product,26,f481226f-1838-40c4-b8ed-b3711c013c6e,2024-12-27 13:43:00
9728,15,remove_from_cart,product,51,8e36eaa0-eb37-4d49-afb9-f4a2b6fb595f,2024-11-16 19:58:00
9729,723,search,cart,64,35150fb2-9b1d-4cd7-8d57-637664f9feba,2024-01-23 09:15:00
9730,5,add_to_cart,profile,97,efb768bb-38c0-461c-8c0c-d48c526465c8,2024-04-17 17:22:00
9731,952,remove_from_cart,cart,9,a44ed9fe-5abc-4f54-abb1-1b89c873a4ed,2024-06-05 16:04:00
9732,564,page_view,cart,59,3da58966-ba68-403a-acb1-4b231e11a6a4,2024-10-18 04:43:00
9733,963,add_to_cart,home,55,ad994b88-1317-4c06-b23b-8c6166940097,2024-01-01 20:49:00
9734,34,search,home,92,1501ff09-d82d-43a0-af16-9d28a830a702,2024-12-27 01:03:00
9735,942,add_to_cart,checkout,64,69349a5f-7875-4423-92ee-850ef17df789,2024-05-06 22:01:00
9736,564,purchase,home,11,b022f549-e0a0-420e-a422-89a80661afd1,2024-05-19 02:57:00
9737,188,remove_from_cart,profile,31,c3bfc7b5-b9ee-4021-882d-02dd88a8bcf1,2024-10-01 06:37:00
9738,689,purchase,cart,55,1d9c9aa7-997c-4c7c-9aa5-19e601229d39,2024-10-22 11:38:00
9739,444,add_to_cart,product,64,b000e5e1-0a5f-4c80-9921-ab68d1bdce8b,2024-06-14 11:33:00
9740,920,add_to_cart,product,5,f42bacf0-7a7d-4732-b531-7b54c76c8377,2024-05-21 06:19:00
9741,245,purchase,cart,71,79bcc467-a738-4a1f-8aba-3766a3016eac,2024-04-24 00:42:00
9742,156,remove_from_cart,product,78,c62ebf26-022b-4ad1-9493-69fdf03ca7a6,2024-01-21 18:42:00
9743,223,page_view,cart,98,c176ecaa-e04f-43ff-8435-c3f787d54f19,2024-11-27 04:54:00
9744,716,purchase,product,34,dca0d3f2-c5c0-4706-8b9e-6b9efdb41986,2024-08-16 19:51:00
9745,100,search,search,4,1cd08e71-1119-4e02-8518-cd2c5628d349,2024-03-30 04:18:00
9746,745,search,cart,74,b0955e8f-45dd-4b15-adba-6a0b564f8c7a,2024-04-26 15:01:00
9747,470,purchase,cart,35,a842c766-b682-49c3-b156-34cf7254e14e,2024-03-11 21:57:00
9748,956,page_view,search,36,ca18ab95-5683-44f1-a4f3-61def0b89c7a,2024-05-18 09:17:00
9749,33,add_to_cart,checkout,11,133875c1-8a51-4389-8648-7175eb26a3db,2024-01-29 22:48:00
9750,228,purchase,search,84,392a82ff-df67-4475-a0e0-77215f5f0785,2024-06-22 20:58:00
9751,466,page_view,profile,99,b76b61e5-02d5-4b13-8bbd-fc5ea77201c0,2024-03-25 17:09:00
9752,69,purchase,product,98,fc08ed0f-1b10-46c3-afb5-45dfb01ff7d2,2024-07-04 06:53:00
9753,270,remove_from_cart,search,11,1e512ca7-b299-4c54-a9c0-38785b0c77ba,2024-02-04 12:26:00
9754,770,remove_from_cart,checkout,80,cbdd138e-5bb6-4022-8438-7a00dd1f3aaf,2024-03-29 15:03:00
9755,545,page_view,home,49,53c00fb1-fa9a-41f3-8c94-8a2de40d5701,2024-06-04 07:36:00
9756,324,search,cart,14,43e90b80-3ee2-49a2-88b7-4cdec134938e,2024-03-08 22:14:00
9757,421,purchase,profile,22,158e52f6-85e1-4ffd-851d-1da0764500d7,2024-04-27 15:17:00
9758,58,remove_from_cart,home,95,97b09021-0c3c-487b-916b-291967044ded,2024-07-24 18:41:00
9759,314,remove_from_cart,checkout,44,facfcf7d-c2b8-4b48-9a7c-2d4bfdd21c21,2024-11-21 14:04:00
9760,885,remove_from_cart,profile,69,579867b4-27fc-449a-9c19-e89a882747d5,2024-11-29 14:49:00
9761,478,page_view,profile,88,1a1edd9f-6b29-49bb-8f84-967f7e045ae4,2024-01-20 12:37:00
9762,209,remove_from_cart,home,59,45b535e7-a152-4f06-9d4b-b7cf2a8d2fe3,2024-05-11 23:06:00
9763,184,purchase,search,32,7c46c73a-c8fb-44f7-a607-bd06759565b6,2024-02-04 16:40:00
9764,1000,add_to_cart,product,31,1ce60b33-5e36-428f-9ea4-82f97c45bc2e,2024-12-13 19:36:00
9765,348,page_view,product,92,73b2164b-9e0a-4843-a4f0-421fc2e02d15,2024-09-29 22:13:00
9766,792,remove_from_cart,product,11,eca243be-6960-4b1a-a505-0b158cf7f11b,2024-10-12 10:21:00
9767,511,purchase,cart,10,98ea1dc8-6a2f-4d62-a5e1-817a3188c9bb,2024-06-18 09:28:00
9768,211,search,profile,85,ba602ba2-4f17-43c7-90f4-b23043395df7,2024-03-05 08:48:00
9769,920,search,cart,27,226703c3-7823-4a49-9565-79ff6f6febfc,2024-07-02 16:42:00
9770,36,purchase,product,30,f115e4c4-7734-4c9d-8822-04147cda0a1d,2024-02-10 20:31:00
9771,355,page_view,cart,6,584956c1-fc4f-46fb-992b-159183476377,2024-12-09 03:55:00
9772,689,add_to_cart,search,7,900865cb-cbb1-449f-bd40-15dd79f883ff,2024-11-12 09:30:00
9773,600,add_to_cart,profile,82,b565f602-0f04-4ec5-aeca-365707f99879,2024-05-11 04:49:00
9774,5,remove_from_cart,home,83,5a135205-a1e7-4ba3-ac57-b6df9fb1f7fd,2024-09-08 14:33:00
9775,882,remove_from_cart,product,50,ffe13d6b-1735-434b-ab03-127284b7d775,2024-04-13 14:15:00
9776,63,add_to_cart,product,43,f33f8a70-bea5-4537-8bb8-a37e0b4aad88,2024-06-23 06:12:00
9777,505,add_to_cart,product,11,7fcb347d-4eee-4bd2-b866-902eadc5bff1,2024-06-11 15:57:00
9778,45,add_to_cart,search,65,bb03d638-4da4-401b-82bc-026ed3f7546e,2024-05-11 02:20:00
9779,792,page_view,search,13,a4677e55-7d99-4bff-8cd6-68ae255371b4,2024-03-10 13:06:00
9780,123,add_to_cart,product,63,1daed9ac-ae28-48dd-929e-84a0b33f1be8,2024-04-29 18:39:00
9781,147,page_view,home,56,3ce7b0e5-d543-407b-80dc-c408130b6cd1,2024-01-10 03:16:00
9782,779,page_view,cart,29,9e8ae4f5-68d7-4788-bbbe-b3da29fc2ba2,2024-01-28 08:16:00
9783,359,purchase,checkout,86,1a7ceb1e-0119-44af-9f21-1f2e18d6b6e1,2024-03-09 06:46:00
9784,714,add_to_cart,product,21,2436a1dc-a584-4b9b-a3fc-459b111ca604,2024-07-17 22:47:00
9785,31,search,home,57,d06cfe21-913d-4cb5-958b-8eac0e296581,2024-05-02 03:50:00
9786,59,search,home,76,cf6a8b58-a61a-4084-bb18-85285f7b6503,2024-05-25 11:03:00
9787,134,remove_from_cart,cart,72,408cd275-6358-4e67-b16b-494d984c78f4,2024-03-25 18:54:00
9788,668,purchase,profile,38,7b2ae4a5-cd8f-4904-a9f5-f1be294beab0,2024-08-11 20:05:00
9789,384,remove_from_cart,profile,90,89c56b26-2880-47de-b583-075712bc3631,2024-04-28 14:19:00
9790,915,page_view,home,30,2d7cbd90-fd9b-4ad0-b494-fde00f932a79,2024-01-05 03:46:00
9791,663,page_view,profile,28,48047305-a2fc-49e4-b531-81a78f5cb78f,2024-06-11 23:37:00
9792,619,add_to_cart,product,60,701b13f9-341c-4035-85c0-d692e0aa2bfb,2024-11-20 02:23:00
9793,622,remove_from_cart,checkout,91,132e5f5d-0a64-4166-ab66-79adf6ca9191,2024-07-19 19:26:00
9794,815,add_to_cart,profile,43,67e139c7-e3cd-49fd-a18e-fd4ffd74a8ff,2024-05-25 21:57:00
9795,688,page_view,product,52,4f0c4ea7-53e3-44bc-b84d-2d74f4f466d3,2024-04-05 09:02:00
9796,549,search,checkout,91,6bfad497-242a-438f-99ba-f68ad64671e9,2024-03-22 07:01:00
9797,192,purchase,home,91,8625a4bf-a7fa-4f49-90ac-6f7f9cd0202e,2024-05-20 07:06:00
9798,34,page_view,search,18,5b3363d5-ffea-4707-8c61-78ec4e052778,2024-03-18 08:22:00
9799,27,add_to_cart,profile,44,974067d4-f62d-4002-a513-d1aa3b497006,2024-11-06 02:11:00
9800,594,search,checkout,92,be390d00-b7d7-4a16-bd04-b0e4b3c096e8,2024-04-20 16:17:00
9801,301,remove_from_cart,home,35,e8c9f036-9dc9-44a8-b264-09541350ee01,2024-11-03 07:06:00
9802,555,search,cart,55,d122f52f-de4f-465a-8059-4b40d1948e8b,2024-02-14 12:46:00
9803,788,search,profile,62,36552ef7-ad24-48d7-b6b3-7978b00e8db2,2024-02-20 21:50:00
9804,641,add_to_cart,cart,34,6e338f3e-d642-4ce0-b692-340ea459ddc5,2024-05-26 07:14:00
9805,573,add_to_cart,search,43,d4060210-bd29-46d0-89ac-01d3a4381598,2024-05-24 11:35:00
9806,177,purchase,product,60,edf56aa7-d853-4e22-b9a7-4c949ead862d,2024-02-08 10:34:00
9807,574,add_to_cart,profile,78,9df168dd-e681-4579-8694-38a4ce07a98c,2024-12-17 13:07:00
9808,778,page_view,search,45,55de814c-e3cc-4336-94aa-df61ab1e6663,2024-01-13 05:07:00
9809,477,purchase,home,90,1ea8b5ab-9f11-4bcd-ab4d-c02858650a46,2024-04-25 01:22:00
9810,977,remove_from_cart,cart,100,32e1b1fe-15a9-4429-9865-8317227cff13,2024-06-28 20:36:00
9811,293,page_view,checkout,37,3298197a-7df1-4f34-b003-cecf11dcffcf,2024-07-10 03:08:00
9812,334,search,home,81,d4ee0be1-c273-4a9c-a5a5-85922a8290b7,2024-06-02 09:21:00
9813,266,add_to_cart,product,7,6a59b2b9-b556-40df-af60-56aae02a1b14,2024-05-06 09:57:00
9814,21,remove_from_cart,home,16,fd153f99-0376-4cfb-94f6-dc1ff0d384ad,2024-02-03 20:13:00
9815,779,remove_from_cart,search,79,c81dec96-cafd-4fb8-b696-a208ec805522,2024-09-06 12:10:00
9816,909,add_to_cart,cart,45,b055083b-9d08-4c04-a9d5-206331dca572,2024-12-31 12:35:00
9817,767,purchase,search,94,d709442f-7733-43da-8a01-44407873aa49,2024-12-21 03:42:00
9818,867,page_view,cart,37,cedb7540-5592-4681-a63b-c1e0bf90083c,2024-01-13 09:28:00
9819,514,search,cart,81,e37d4fc4-9367-4b3f-92f8-b6163ec71256,2024-04-08 18:11:00
9820,513,add_to_cart,search,17,6f5e067e-eead-41a7-a349-9e0841260579,2024-09-14 10:53:00
9821,887,add_to_cart,search,61,4bc700cd-4f32-4537-b026-20b0239700ef,2024-01-04 06:31:00
9822,323,page_view,profile,59,860b55ef-99a2-4930-b40d-73ed6975bbe3,2024-09-03 20:10:00
9823,501,search,search,2,a27887e4-2347-4080-b51c-ef746e40ab17,2024-10-14 16:42:00
9824,100,page_view,search,14,c68ebf24-b3b4-45b3-9071-1a0ddc9520ed,2024-02-29 14:54:00
9825,415,add_to_cart,profile,50,48ce05ca-05db-4f98-9ebb-3c0efd5d8a4c,2024-11-24 07:46:00
9826,488,search,search,24,bcf6e375-eb63-4706-a944-1a5997682d31,2024-11-23 00:02:00
9827,97,page_view,search,12,5b650331-a4a8-4a2f-bae9-61c340f02970,2024-10-23 09:01:00
9828,595,add_to_cart,profile,93,c9d78d25-da12-409c-b6cc-2c2d46c81fe0,2024-07-30 16:20:00
9829,113,add_to_cart,cart,78,1042bdb7-76a3-4a04-b84a-a23363e79a94,2024-10-01 05:31:00
9830,206,remove_from_cart,search,17,b5ce0ae2-61f7-49c0-a9bc-bd84806fa069,2024-11-18 18:43:00
9831,317,remove_from_cart,checkout,85,e830d13f-1862-4ec7-9bad-b942a18fbaa3,2024-05-15 21:13:00
9832,745,search,search,35,ab643239-b77e-400d-bd26-9f2b6dbfa04a,2024-05-24 19:45:00
9833,735,search,profile,61,1b7ccf7f-63e8-43a7-a0e8-535be2499d5e,2024-09-25 01:52:00
9834,293,search,home,2,79f443b5-5f93-4d8e-b04d-163654283a68,2024-11-04 01:59:00
9835,356,purchase,cart,39,2f2c45f9-09f1-4d76-8a95-3837c0832cf4,2024-07-12 07:26:00
9836,264,page_view,search,80,04d32236-7ca8-4bad-a7b1-a3a8e5875b77,2024-07-28 13:40:00
9837,913,remove_from_cart,cart,47,bd8b07fe-579d-4750-ada1-22ae451a790b,2024-11-25 08:46:00
9838,230,purchase,profile,100,70c18a50-f11a-4593-a606-5765ec6a8456,2024-09-05 03:03:00
9839,914,purchase,checkout,2,ccd2d30c-3a6d-422e-a328-e1eea8bd39d6,2024-03-04 15:28:00
9840,61,page_view,search,13,b8d9afb1-9287-4f6f-914f-b939b6d55fe1,2024-04-03 07:17:00
9841,703,remove_from_cart,profile,54,118e94ee-59a8-4118-9eeb-e3b074ff6156,2024-07-14 10:35:00
9842,592,page_view,product,26,6ad4a191-1791-44b8-8407-88905aeeebd1,2024-11-26 17:30:00
9843,85,search,checkout,24,5e9876fb-0552-48d0-8d55-f6c0d0b833a6,2024-08-20 12:50:00
9844,624,purchase,checkout,61,cfa7a23b-805b-483b-bd56-01e3f360273a,2024-09-23 08:55:00
9845,113,add_to_cart,product,15,a82d0916-2448-47d7-a154-6d44380cd6f9,2024-06-22 12:06:00
9846,70,search,profile,29,c5a6b17b-c3a6-4ead-9697-009b00ede879,2024-04-22 08:34:00
9847,314,purchase,product,99,d7ad5a82-d0d4-452e-b61a-5d7e2f40f45f,2024-08-18 01:58:00
9848,690,page_view,cart,89,1218a6d0-9d07-45ad-808a-ff1cb46a6e46,2024-05-14 22:26:00
9849,278,page_view,search,69,1ba6a5b1-e271-4f51-a8ac-031e2c03381a,2024-12-04 22:00:00
9850,542,page_view,cart,50,d30f7570-b036-4115-830e-6e9fdd275d5e,2024-06-08 07:52:00
9851,608,add_to_cart,home,14,600afcdc-655a-4fbb-97ca-6f259bba4ad9,2024-10-27 05:06:00
9852,212,add_to_cart,home,79,1b9f794a-bc55-4a04-a4fa-80adc6115195,2024-02-26 19:44:00
9853,54,purchase,checkout,57,02c3f1e8-292d-4408-aac0-b22bdc03befb,2024-05-11 12:32:00
9854,732,page_view,product,78,22926924-7730-4613-9bca-b371adc0d90d,2024-01-01 15:40:00
9855,932,remove_from_cart,checkout,16,0aec299b-38d1-4d63-bb19-3a4053e90638,2024-02-16 07:32:00
9856,676,search,home,86,b7c40201-8eb5-439e-af62-605ca0d664e8,2024-12-06 09:47:00
9857,938,page_view,checkout,19,22d4bcbc-243e-4a86-9428-17e41240a122,2024-08-01 15:58:00
9858,310,search,home,57,efffec13-2281-4eb2-b252-ede7ed478bcb,2024-05-22 22:53:00
9859,372,remove_from_cart,cart,53,5d2a7f00-a557-491e-81d1-e86907f5662b,2024-09-20 02:50:00
9860,347,search,cart,57,132ff58c-ec54-4df0-a641-6aee02f681ce,2024-07-22 19:26:00
9861,912,add_to_cart,cart,66,162fca36-9fb3-45d6-90b2-a7ebdbb423a6,2024-07-11 13:43:00
9862,388,add_to_cart,profile,5,af36f952-587c-4887-aed5-e51c18c3309d,2024-05-08 23:37:00
9863,443,purchase,profile,13,8c45d803-9d3b-45c7-b6b8-f0012f35e514,2024-09-29 20:58:00
9864,829,page_view,product,20,e038176c-24ac-42ee-8347-dbebbe31023f,2024-01-15 11:13:00
9865,745,page_view,checkout,40,a93db1cc-311f-4c83-b280-8bf9a41e6abd,2024-10-16 01:32:00
9866,351,search,profile,95,95a05c9f-b701-4d66-a8a9-19c0487fb774,2024-08-22 18:16:00
9867,920,page_view,cart,66,e0bfdd35-dc22-4637-865d-c644672fb8a9,2024-01-21 00:33:00
9868,221,page_view,product,93,c5890709-a448-4025-94e0-d5c94d8ff08a,2024-11-22 08:59:00
9869,566,search,checkout,54,a9dba415-bf45-494f-bc07-78379d2c0d64,2024-05-31 12:05:00
9870,87,add_to_cart,product,74,0ddcd542-1d74-4a1d-8b2b-8c724937fa45,2024-09-21 17:13:00
9871,209,add_to_cart,checkout,16,ea1ab3e7-bdc1-452d-a541-3ed400e7f163,2024-07-27 14:47:00
9872,603,page_view,home,61,fa5fe69f-acb5-48c2-b64e-368385564b81,2024-11-17 23:04:00
9873,945,page_view,profile,62,eb02cc4d-c276-4129-b21c-d64cc4fdbc53,2024-08-14 22:21:00
9874,847,search,home,21,71aaa647-3761-4288-89b2-bdcf9db2adaf,2024-02-23 17:56:00
9875,539,add_to_cart,cart,23,d041aa52-3d79-465b-aea2-c8367a94ba21,2024-12-05 18:02:00
9876,848,add_to_cart,search,2,4dac6464-a7b2-461c-8e80-f4bb14347345,2024-07-27 18:51:00
9877,859,remove_from_cart,home,26,699c8c67-f605-476a-be94-174bff04005e,2024-02-16 19:44:00
9878,115,page_view,checkout,52,e8157db4-99fe-48d0-8bb0-a56f15fe0279,2024-11-03 07:06:00
9879,892,page_view,home,29,5fda35e8-6b96-4b6c-aa29-09a593b1327b,2024-02-25 20:00:00
9880,20,add_to_cart,checkout,61,d92d9595-100b-49e5-9e77-a0177b799df0,2024-11-01 18:12:00
9881,323,purchase,home,15,f0b55dea-5bb0-4a6d-a5a6-45144e6125af,2024-12-08 21:28:00
9882,445,add_to_cart,home,87,c3b42978-3aad-42c8-a200-49c324c91b06,2024-10-25 15:26:00
9883,74,add_to_cart,search,51,77aa53df-a8ed-4814-8e98-c8d4ea58acbb,2024-12-05 18:56:00
9884,63,purchase,home,15,4ebd8f3f-efd5-43cb-9035-c88349911ef2,2024-09-12 09:10:00
9885,620,page_view,profile,50,ebd9f473-0e38-4065-b91d-6c1ef3af85a4,2024-03-07 18:34:00
9886,95,remove_from_cart,cart,12,14458712-9a44-431d-b2e0-6e02bc1d8121,2024-01-22 10:37:00
9887,388,add_to_cart,cart,35,00af0a7b-4bef-4115-8378-141708eab96a,2024-12-05 09:57:00
9888,593,page_view,search,82,06242ffc-4804-4ebc-a2e3-aa7eaa2be1ad,2024-09-04 17:02:00
9889,73,remove_from_cart,search,66,28a57dab-c25e-44c9-84b0-8d16f1f265a9,2024-05-14 17:01:00
9890,895,page_view,cart,7,2a4660d1-47de-4533-b9be-97276be203af,2024-09-16 00:37:00
9891,606,page_view,product,86,291624bc-0e0a-4ac3-b8ee-74cea420cbfe,2024-06-17 00:14:00
9892,477,remove_from_cart,cart,43,8502cdb2-c897-40f7-944d-93c3788b89a9,2024-01-29 11:35:00
9893,46,search,home,14,2e355138-d3f8-48d1-bf91-20cec845d8f7,2024-06-19 11:42:00
9894,321,remove_from_cart,profile,12,42bf6b91-4b57-44a9-bde6-6556a1a8f7cb,2024-05-08 19:03:00
9895,651,add_to_cart,cart,63,c11a53e9-bd4c-40ca-9a55-f8c2dd230a75,2024-10-16 09:30:00
9896,468,purchase,cart,52,3844c673-f18c-4d6f-b040-b5330aa47c81,2024-04-23 15:30:00
9897,900,add_to_cart,product,64,85748de9-2faa-4220-b53f-e329753d1788,2024-05-24 10:49:00
9898,793,page_view,profile,60,74b0bb79-9d85-4cb3-805b-e689868baacd,2024-08-19 12:15:00
9899,989,page_view,cart,78,7c02133d-90b0-4cb3-bc9a-c7c59ec6ae94,2024-05-01 02:57:00
9900,345,add_to_cart,home,11,92244cca-091b-40bf-8740-1ba6591ca32e,2024-05-09 03:08:00
9901,663,add_to_cart,product,15,38a14266-8263-41e1-a57b-8018913fb105,2024-08-29 21:13:00
9902,547,add_to_cart,checkout,81,4c91d14b-4298-4727-86d4-02c1b59fd4cd,2024-05-30 04:40:00
9903,895,search,cart,42,d3398e6b-7070-4735-b4b0-3cd0b555e5ef,2024-02-10 10:14:00
9904,671,page_view,checkout,25,1f8899fe-55df-4257-b98e-66d9a31e1987,2024-04-09 23:30:00
9905,509,add_to_cart,home,71,a2f75247-9852-484c-a71a-1ee4e7403214,2024-01-05 18:12:00
9906,689,add_to_cart,profile,20,10197f1f-6a2b-4781-b763-42c38c458ca1,2024-10-01 02:56:00
9907,644,add_to_cart,search,88,57b51439-30ea-431f-b7a8-71e8fc517719,2024-06-04 00:53:00
9908,223,search,product,98,e30cc167-35b0-44bd-800c-ca64ead12eb3,2024-08-05 09:10:00
9909,364,page_view,home,58,8f3e54c0-177e-4662-9de2-6bd9338d613d,2024-11-17 19:00:00
9910,951,search,profile,59,fb0bae77-d539-48ea-8e27-376d8c100ad1,2024-06-16 15:29:00
9911,841,purchase,profile,60,4633026f-4ef7-4a94-b3da-25c3863d45c1,2024-06-02 09:24:00
9912,174,page_view,checkout,1,25bf9a91-d356-4ec8-88d3-5ba763237abe,2024-11-27 18:02:00
9913,940,page_view,home,8,b5d3abd0-5abe-47d5-9f56-49e409100b3a,2024-11-12 18:22:00
9914,557,remove_from_cart,home,74,a133fc3c-9e0d-482c-b290-82de3bd81730,2024-02-14 22:06:00
9915,334,add_to_cart,product,91,1fdc7286-6659-471d-a29e-52c6a5cc7da3,2024-03-13 15:24:00
9916,664,page_view,product,40,786a11d2-e4ba-4ccd-a015-a2f581da62a5,2024-10-07 08:28:00
9917,766,search,profile,65,a9f2fd97-9709-4840-8f6b-258ec949932a,2024-01-25 00:16:00
9918,471,add_to_cart,profile,92,9ce06c75-121a-4cb7-9b79-b684af059041,2024-05-11 11:30:00
9919,73,add_to_cart,profile,51,ad6a79dc-ee68-4899-811e-c8b22e173eaf,2024-09-09 14:10:00
9920,541,page_view,checkout,94,7f6a75ff-d3f4-496a-8ff0-437434c6fe36,2024-03-28 01:03:00
9921,846,search,home,9,1d0b7122-f49d-4b9f-a6b4-90814ce2701a,2024-06-26 08:27:00
9922,388,search,home,63,b9afbdac-d683-47e8-8d78-2ef2af0f38b0,2024-11-03 14:56:00
9923,557,remove_from_cart,product,81,74bd7691-82bc-4d68-a086-db33ef33dca7,2024-07-03 10:13:00
9924,834,search,profile,51,f1d90e4c-765c-43d9-b649-4c2c941eb892,2024-02-14 02:25:00
9925,797,search,cart,57,d4917d5e-ab74-4d9b-ac5e-1d0916a6afc2,2024-12-26 16:02:00
9926,318,page_view,cart,61,fb7d1e84-6dd4-4c5f-a1fb-b248f7935cdc,2024-04-02 09:49:00
9927,795,remove_from_cart,search,76,dd19c89c-c71b-4613-b056-d8e8125a7f03,2024-09-12 09:47:00
9928,850,page_view,search,51,a7e9ce2d-cd26-4a8c-bee2-9f5579c205f2,2024-11-18 08:21:00
9929,204,purchase,cart,63,e19eac0a-771c-49eb-a39b-51c22c887f80,2024-04-12 19:52:00
9930,943,remove_from_cart,product,49,cf55563a-42b3-4421-bc59-cbcf1f729e3b,2024-07-13 02:02:00
9931,990,search,search,47,cbd7955c-72a9-4647-812d-509161cd1f09,2024-10-01 07:43:00
9932,245,page_view,cart,87,c5cead7b-b513-4599-b954-579f83f53ae2,2024-05-01 18:35:00
9933,91,search,product,58,379c53b8-d8a2-4520-bdd0-01b9f6d35d3d,2024-03-04 15:22:00
9934,638,search,profile,20,28625c27-3293-4ad8-bbbb-213c02e22176,2024-12-13 15:58:00
9935,68,page_view,cart,58,5f682657-ea28-42d4-a00e-a8a0be2df905,2024-10-28 06:18:00
9936,313,add_to_cart,profile,27,2f3a1829-6341-4124-ae48-db399e00a025,2024-07-19 23:26:00
9937,821,remove_from_cart,profile,95,0425a7d9-d856-4a6c-9962-61ea187cfe4a,2024-12-04 18:19:00
9938,166,add_to_cart,product,31,293f7511-fd8a-4f87-986c-5904b2ce7b14,2024-07-15 02:41:00
9939,691,purchase,profile,66,1f39254b-f490-4231-a701-5f97f8ebfa8a,2024-11-12 12:54:00
9940,772,page_view,cart,11,af5261ce-49a8-493e-98ec-9ca01d758b9d,2024-10-30 08:18:00
9941,445,purchase,cart,40,f530fd64-25f5-4c70-a025-a8ca242b61e3,2024-06-18 06:40:00
9942,468,page_view,profile,63,ee48a307-3f29-48c7-9478-b7bdbac2489e,2024-07-07 05:08:00
9943,114,search,cart,6,cc8f4082-ad76-4df5-8963-f5854e988657,2024-10-21 07:48:00
9944,190,page_view,checkout,43,479f3346-abd1-4453-b7c3-5aed47d8b01e,2024-07-15 14:01:00
9945,657,add_to_cart,checkout,32,f2036192-521e-4ed0-a83b-bdccf9fd1462,2024-09-11 12:55:00
9946,81,remove_from_cart,search,78,ccf7a10f-80c5-485d-b4d1-1378bbebc3e2,2024-09-24 20:05:00
9947,167,search,home,62,6ed1a4ea-f75d-4615-b4cc-259aadf381c8,2024-11-05 18:37:00
9948,561,search,home,87,20833433-116b-45d5-90c5-b2206c464a95,2024-09-15 16:15:00
9949,681,search,home,54,57a7dc5e-2e72-4f25-8f67-b87d18f4311e,2024-12-18 15:45:00
9950,889,purchase,checkout,23,98267896-4490-464e-a6e0-d1d9ffef3b47,2024-09-10 01:58:00
9951,423,add_to_cart,home,75,8403f748-25bd-40aa-9288-3eb51499a77a,2024-10-13 14:43:00
9952,672,page_view,checkout,99,0d17ef29-c6d2-4826-8a65-bc4baa9e50cb,2024-02-03 01:08:00
9953,47,page_view,cart,92,44139dff-9e33-40f5-9c2b-15d4149e11e7,2024-06-12 20:58:00
9954,854,page_view,cart,12,f29fe8eb-abfe-4dce-8ee8-234e54b7f6f8,2024-12-29 08:54:00
9955,620,search,product,17,1b00d6e9-8196-437b-ab06-52de1e1124ec,2024-12-19 17:36:00
9956,693,add_to_cart,home,35,47a3c4ab-82f8-490d-9024-eaee60842319,2024-02-13 11:22:00
9957,520,remove_from_cart,profile,15,2caefa96-6573-451d-a08b-17b6eac49e28,2024-06-30 06:06:00
9958,692,purchase,cart,62,1214e1b7-944e-4567-a16b-5cce48084b6f,2024-01-06 21:22:00
9959,882,search,profile,3,8bb2d1b6-5e64-498e-86d8-bf31c5bf7038,2024-09-19 22:22:00
9960,887,purchase,cart,10,aa7d2014-cc63-4a2d-acdf-f0a6f90b53eb,2024-08-13 11:59:00
9961,24,remove_from_cart,checkout,47,2dd864b8-a280-4c3d-a72d-9ea6d7fbedd1,2024-10-02 08:29:00
9962,329,page_view,cart,17,28f549cb-e861-4c8f-bd8c-f8a0d57ca643,2024-03-07 00:08:00
9963,103,add_to_cart,profile,74,ed7d7c00-e9d3-4efd-bbf2-1c92b43b16d5,2024-10-20 21:03:00
9964,819,purchase,profile,41,612362e9-69ae-4d62-b117-3fc2a51f08a0,2024-08-03 03:26:00
9965,176,purchase,cart,90,deb240b4-daf7-4310-ae32-e41920f413e7,2024-08-22 15:04:00
9966,159,add_to_cart,search,6,4767fc99-6525-4165-997d-70ca1f261d26,2024-08-28 20:01:00
9967,60,add_to_cart,search,45,528b1827-a3ed-42e9-944e-7dda7df7d33e,2024-06-21 20:32:00
9968,137,add_to_cart,product,30,3ef339c5-9525-480e-ac5c-6f3e24d137f5,2024-09-17 10:59:00
9969,128,purchase,home,15,fdffee0d-f677-46fd-8e80-6ab1563d2625,2024-10-22 00:15:00
9970,902,add_to_cart,product,90,6a55e19b-ebf3-4c7f-81c6-4e985fdf45d7,2024-08-31 02:56:00
9971,758,purchase,checkout,55,bd869b3a-f9bc-445e-a987-dfc482cf6d16,2024-07-13 08:53:00
9972,89,purchase,product,39,2d5ea6ee-a320-4367-a511-e6a5ec3bf1e4,2024-03-12 06:02:00
9973,643,search,checkout,67,1f221415-70df-4249-b043-76315baaca33,2024-03-03 03:59:00
9974,593,remove_from_cart,cart,34,9c854b92-d472-4c0c-8949-2f62901202ae,2024-12-29 08:32:00
9975,554,page_view,search,88,290079f2-c712-45c4-99fd-cd74911de549,2024-09-03 07:47:00
9976,397,page_view,product,81,9e50855f-3d67-4b4b-a082-5a6cbde62061,2024-08-03 03:11:00
9977,740,purchase,product,74,d405eb7c-329b-47d4-b191-de4e96daa26b,2024-09-27 06:12:00
9978,383,page_view,cart,92,68f98587-b710-4d9b-be6d-17c615d902ad,2024-11-04 07:24:00
9979,485,purchase,checkout,55,c1d6f9b3-daf5-4e47-a509-b62b5005893d,2024-04-18 23:56:00
9980,623,search,cart,61,54c436e9-ffa6-479d-86be-580e2d37ae5e,2024-03-08 13:09:00
9981,419,page_view,cart,55,91709282-4385-402e-98c5-3bc18aaea6c5,2024-02-05 08:07:00
9982,570,search,product,29,61e834e4-8750-4f8a-88a5-db49f263ffcb,2024-06-03 02:40:00
9983,762,page_view,home,75,2c706320-fef7-4d12-ad26-51e8e01e9c84,2024-11-20 13:45:00
9984,901,add_to_cart,search,89,d680d654-c95c-4625-a19e-a8be214db1e1,2024-12-30 18:10:00
9985,544,remove_from_cart,product,43,09c47f23-8203-4244-bf51-d98ecdea088e,2024-01-26 16:50:00
9986,496,purchase,product,78,2cbabee0-2c42-4dbc-8bed-c60049057850,2024-08-17 20:06:00
9987,628,page_view,home,31,3da1bcc0-c623-4d3e-9475-703fde12a980,2024-04-23 16:36:00
9988,167,search,home,64,55c0ac89-e8c8-4ca2-b157-1998d65635fe,2024-11-06 16:17:00
9989,998,page_view,search,60,c71acb37-c2e5-4528-886f-f761dab5f7de,2024-02-10 00:45:00
9990,967,add_to_cart,profile,38,bf1cb563-4adb-4744-970e-9e3701727f8a,2024-12-19 10:55:00
9991,73,search,search,15,d73357c9-933d-4c20-8829-bb73668fafb8,2024-09-01 07:59:00
9992,611,add_to_cart,home,54,ee06b942-1b5e-4312-8c15-50d8a26a8152,2024-10-22 14:56:00
9993,718,remove_from_cart,profile,54,daeac049-6d48-49fb-93ca-419d2be31730,2024-12-30 05:29:00
9994,755,search,search,70,debcb5b4-1ef2-4715-b5db-3dec0eca6272,2024-08-17 14:42:00
9995,628,page_view,search,98,5c0baad1-7c7d-4914-a293-335b605c87d3,2024-02-15 22:32:00
9996,745,add_to_cart,cart,87,da1fe97a-5f83-412f-8c08-9870be44c7f3,2024-10-22 20:02:00
9997,396,purchase,checkout,91,eea67575-b31c-4fdb-8330-a4a122f6b5ea,2024-06-20 06:15:00
9998,807,purchase,product,93,df39e76d-b879-4aa4-9100-54e3883fef0d,2024-05-04 00:05:00
9999,585,search,checkout,47,64cd2cfa-4e9e-4b95-aa8c-ad251150fc34,2024-08-12 05:19:00
10000,875,purchase,profile,60,5698e4b3-6c1f-4186-8177-d6ea65a01127,2024-05-23 21:49:00
