item_id,order_id,product_id,quantity,unit_price
1,1,93,4,1150.2
2,2,31,5,2848.43
3,3,84,4,4952.27
4,4,77,1,2355.99
5,4,66,5,3546.83
6,4,83,4,2170.63
7,4,24,1,261.57
8,5,17,1,1322.05
9,5,92,1,3913.69
10,5,61,1,2310.92
11,6,31,3,2825.11
12,6,4,5,4197.85
13,6,42,1,942.5
14,6,59,1,2668.98
15,7,98,1,4416.65
16,8,80,3,4002.81
17,9,47,3,4676.96
18,9,54,5,2389.42
19,9,79,4,1753.38
20,10,15,5,971.02
21,10,55,4,437.32
22,10,57,4,3685.09
23,10,15,5,2527.36
24,11,55,2,2944.04
25,11,52,1,715.64
26,12,98,4,4622.15
27,12,57,5,1132.86
28,12,4,3,1849.11
29,12,27,4,537.31
30,13,96,3,4124.66
31,13,6,2,3660.72
32,13,28,3,3352.72
33,13,9,3,1520.74
34,14,49,2,2496.48
35,14,27,2,54.2
36,14,88,1,404.51
37,14,59,4,3906.72
38,15,23,1,1904.24
39,15,38,5,1172.48
40,15,77,4,4952.23
41,16,27,4,1346.56
42,16,4,3,1972.08
43,16,49,5,4885.94
44,16,50,5,2577.04
45,17,3,2,1918.15
46,17,72,2,64.8
47,17,36,5,1138.45
48,17,88,5,4606.64
49,18,52,2,3465.97
50,18,11,3,2904.43
51,19,96,2,3908.35
52,19,91,5,612.39
53,20,62,1,1947.34
54,20,77,2,1436.79
55,21,34,1,1916.75
56,22,75,1,455.68
57,22,58,2,685.0
58,23,36,4,664.18
59,23,25,1,483.15
60,24,58,5,3874.75
61,25,84,1,4247.51
62,25,62,3,3401.87
63,25,68,5,3659.04
64,25,94,5,3298.04
65,26,37,5,3090.79
66,26,80,5,331.56
67,26,21,2,576.96
68,26,16,1,1431.84
69,27,43,4,1811.93
70,27,95,1,2786.82
71,27,69,1,4974.76
72,27,2,4,431.0
73,28,81,3,2061.59
74,28,32,1,4966.11
75,29,13,2,3002.07
76,29,47,3,2270.73
77,30,96,4,561.61
78,30,77,3,3063.57
79,31,63,5,2560.23
80,31,12,5,4203.94
81,32,68,5,3258.94
82,32,75,1,1990.22
83,33,90,1,613.45
84,33,27,1,2522.98
85,34,64,3,983.2
86,34,88,2,618.85
87,34,29,2,2136.88
88,34,16,2,430.56
89,35,35,5,231.32
90,35,6,3,3461.77
91,35,8,2,2407.3
92,36,77,3,3761.19
93,36,48,5,3893.8
94,37,44,4,4523.84
95,37,31,5,4589.49
96,38,20,4,4260.53
97,39,78,2,770.22
98,39,42,3,573.91
99,40,9,5,3517.79
100,40,24,3,2810.37
101,40,9,3,4168.75
102,41,23,1,4103.56
103,41,24,2,2058.79
104,41,5,1,3496.26
105,41,51,2,2878.67
106,42,46,3,533.46
107,42,27,5,1295.86
108,42,30,1,1604.06
109,43,100,1,3035.38
110,43,2,4,3009.19
111,44,100,5,278.4
112,44,76,4,3494.03
113,44,40,3,4415.55
114,45,18,3,4577.6
115,45,5,5,4927.09
116,45,79,5,4337.91
117,45,90,1,2331.47
118,46,43,1,2121.76
119,46,66,1,379.39
120,47,28,5,2378.82
121,47,55,4,192.48
122,48,16,4,3301.47
123,48,91,3,4874.37
124,49,40,2,3269.76
125,49,83,2,3688.13
126,50,13,5,2649.79
127,50,93,2,4063.25
128,50,8,4,3384.86
129,51,24,2,2197.7
130,51,40,1,516.02
131,52,84,3,1486.44
132,53,38,5,4369.45
133,53,35,2,3363.54
134,54,21,3,1261.02
135,55,1,5,1572.87
136,55,53,3,3522.68
137,55,12,1,3358.12
138,56,85,1,4900.38
139,56,54,3,89.92
140,56,74,3,560.1
141,56,64,3,1002.41
142,57,25,4,242.71
143,58,82,2,1535.41
144,58,42,1,3437.67
145,58,80,1,2567.43
146,59,50,1,3353.62
147,59,100,1,184.45
148,60,41,4,1631.65
149,60,35,2,3759.28
150,61,5,2,1247.22
151,61,49,4,2192.27
152,62,77,2,3888.07
153,62,73,3,1206.95
154,62,69,4,511.69
155,62,33,1,4182.08
156,63,78,1,4187.08
157,63,30,3,677.74
158,64,38,1,1923.81
159,64,87,2,2586.32
160,65,35,4,997.01
161,65,39,5,2717.05
162,66,31,3,1083.0
163,66,48,1,4698.4
164,67,56,5,1309.29
165,67,5,5,2201.56
166,67,47,3,919.85
167,67,32,5,924.15
168,68,71,3,1750.45
169,68,58,3,1060.8
170,69,74,3,857.29
171,70,78,3,4401.73
172,70,62,1,1281.26
173,70,55,5,4374.44
174,71,37,3,1087.17
175,71,77,1,4205.56
176,71,61,4,1674.28
177,71,34,4,666.77
178,72,1,1,3822.01
179,72,76,3,1406.15
180,73,28,3,4930.48
181,73,95,5,3243.03
182,73,86,4,2605.91
183,73,56,4,2277.37
184,74,59,1,2072.49
185,74,14,4,3516.39
186,74,83,1,4367.3
187,75,75,1,470.77
188,75,34,5,2229.56
189,75,11,1,180.27
190,75,98,2,4002.18
191,76,92,4,558.01
192,76,51,4,4154.88
193,76,54,4,3653.08
194,77,84,3,429.04
195,78,3,1,1952.58
196,78,85,3,1340.76
197,78,93,2,1061.83
198,78,89,2,4849.8
199,79,79,4,2898.64
200,79,42,1,4420.57
201,79,36,3,3809.37
202,80,83,3,3918.62
203,81,91,5,3965.39
204,81,30,4,1748.62
205,81,6,2,4132.88
206,81,96,3,4511.14
207,82,10,4,4165.62
208,82,69,5,880.7
209,82,43,4,665.64
210,82,5,2,1685.67
211,83,69,3,4362.9
212,83,63,4,3735.61
213,84,39,5,4963.95
214,84,10,4,3814.93
215,84,32,5,3251.78
216,84,74,2,3805.77
217,85,72,1,3372.31
218,85,26,3,2585.14
219,85,29,1,3614.45
220,85,11,1,3860.41
221,86,57,5,2911.62
222,86,77,3,466.09
223,87,1,3,3231.37
224,87,65,3,779.78
225,88,59,3,2644.7
226,88,98,4,291.42
227,88,28,4,1671.36
228,88,19,1,4729.5
229,89,28,3,1555.02
230,89,37,2,3162.9
231,89,34,4,2567.92
232,89,77,4,3748.68
233,90,30,1,2709.22
234,90,87,2,1021.07
235,91,57,4,489.45
236,91,92,1,2270.04
237,91,29,1,4435.25
238,92,36,3,2331.87
239,92,55,2,3392.25
240,92,18,4,1262.76
241,93,57,5,1600.15
242,93,6,5,3090.55
243,93,71,5,2467.51
244,93,64,3,3928.61
245,94,79,3,3436.48
246,94,84,2,4707.7
247,94,65,3,734.77
248,95,25,4,3762.03
249,95,33,1,4813.4
250,95,31,4,1977.0
251,96,72,4,1442.89
252,96,34,2,161.51
253,96,62,4,2362.87
254,96,11,3,3004.03
255,97,26,3,486.92
256,97,41,4,3844.33
257,97,84,2,344.01
258,98,5,1,2876.33
259,99,95,1,3991.73
260,99,48,4,1817.49
261,99,65,2,1248.73
262,100,93,3,1749.86
263,100,68,3,3290.74
264,100,55,3,1267.71
265,101,26,2,4710.36
266,101,56,1,3174.92
267,102,5,3,2358.75
268,103,9,1,3691.28
269,104,75,3,4131.14
270,104,10,1,3020.03
271,104,98,5,2534.23
272,105,41,1,479.48
273,105,14,3,2536.79
274,105,96,4,3948.4
275,105,36,4,2160.61
276,106,94,3,2378.4
277,106,55,1,2578.1
278,106,98,4,2580.05
279,107,36,4,3678.73
280,108,52,4,2760.42
281,108,19,5,128.32
282,108,48,2,1875.86
283,108,44,5,2951.53
284,109,68,5,385.61
285,110,90,2,3473.69
286,110,1,2,2892.55
287,111,64,4,4545.93
288,111,3,3,1427.29
289,112,88,2,3134.55
290,112,55,2,4577.4
291,112,9,3,321.24
292,112,9,2,4384.57
293,113,49,1,1576.22
294,113,40,4,4344.69
295,113,28,5,2974.36
296,113,12,3,2296.23
297,114,22,3,2303.28
298,114,39,2,63.18
299,114,42,5,1349.16
300,115,3,2,4585.8
301,116,65,4,3243.44
302,116,46,1,2709.49
303,117,53,3,4632.07
304,117,64,4,1547.11
305,117,27,1,4848.4
306,117,47,1,2552.14
307,118,2,2,1808.94
308,118,48,2,1374.3
309,119,99,3,2695.83
310,119,11,3,1089.69
311,119,80,5,3890.31
312,119,47,2,3484.14
313,120,71,5,1672.95
314,120,80,5,336.53
315,120,74,5,1552.76
316,120,87,1,4587.53
317,121,43,3,4047.87
318,121,15,4,2330.54
319,121,98,5,930.18
320,121,69,2,4715.2
321,122,76,2,1589.69
322,123,71,1,3675.08
323,124,69,1,4104.66
324,124,50,2,1332.62
325,125,40,2,558.84
326,125,78,3,2892.45
327,126,98,1,4210.06
328,126,95,1,908.27
329,127,20,4,4527.78
330,127,38,1,4951.22
331,127,38,4,486.2
332,128,11,3,4419.14
333,128,46,3,1019.1
334,129,9,3,1156.11
335,130,8,3,1519.32
336,130,58,4,2687.48
337,131,7,5,4999.09
338,132,47,5,2767.7
339,132,85,3,1632.85
340,132,53,4,1225.04
341,132,40,3,4940.37
342,133,16,5,3722.81
343,133,24,5,2975.51
344,133,19,4,4696.86
345,134,44,2,322.63
346,134,40,1,4677.93
347,134,94,1,163.39
348,135,89,4,4911.9
349,136,89,5,511.75
350,136,8,5,3200.42
351,136,21,3,713.29
352,136,95,1,2052.26
353,137,54,5,4629.02
354,137,20,1,3182.46
355,138,46,4,893.97
356,138,49,5,2863.98
357,138,49,2,200.86
358,138,25,3,2508.02
359,139,96,1,105.06
360,140,18,3,2486.77
361,140,98,2,2778.78
362,141,7,2,831.61
363,141,4,1,4802.81
364,141,85,4,4568.7
365,141,35,5,1731.02
366,142,95,2,1307.74
367,142,25,5,2342.25
368,142,16,2,3069.8
369,142,12,3,1706.65
370,143,43,5,4428.69
371,144,91,2,4571.96
372,145,3,4,267.39
373,145,71,1,908.84
374,145,24,3,113.33
375,145,46,3,4437.72
376,146,58,4,3478.32
377,146,78,3,256.21
378,146,75,1,1323.02
379,147,82,5,4861.66
380,148,56,4,4816.54
381,148,34,2,224.62
382,148,50,3,3153.67
383,149,56,2,1141.76
384,149,72,4,2677.67
385,149,66,4,3653.63
386,150,45,4,3501.42
387,150,79,5,4156.46
388,150,10,2,1977.3
389,150,7,4,3253.41
390,151,76,1,4429.37
391,151,13,2,2802.26
392,152,36,4,4162.0
393,153,86,4,4517.63
394,153,11,5,3096.22
395,153,28,5,132.55
396,154,16,3,4291.35
397,154,67,5,3998.31
398,154,98,3,3662.77
399,155,92,5,1484.75
400,155,10,5,3570.92
401,156,34,4,4053.95
402,157,47,2,1572.75
403,158,72,2,2963.19
404,158,12,4,2397.45
405,159,73,3,3657.13
406,160,85,4,2492.45
407,160,72,3,4329.43
408,161,81,5,3753.66
409,161,53,3,1930.99
410,161,85,2,2985.36
411,161,22,3,3882.78
412,162,21,5,4535.85
413,162,92,5,4510.3
414,163,68,2,813.6
415,164,27,1,2212.11
416,164,66,5,1747.1
417,164,69,3,3423.47
418,165,63,4,3213.74
419,165,65,1,3073.52
420,165,52,3,1653.54
421,165,71,2,2424.17
422,166,94,3,2893.93
423,166,74,4,1706.88
424,166,11,2,1819.2
425,167,11,4,1645.77
426,167,45,3,3018.52
427,168,65,5,2468.3
428,168,69,4,4828.57
429,169,88,1,3543.48
430,170,68,4,3435.33
431,170,21,4,2246.63
432,170,98,1,4203.2
433,171,79,5,2490.45
434,172,43,2,1377.69
435,172,53,3,3946.3
436,172,10,3,3904.32
437,173,40,1,3076.32
438,173,57,5,3014.32
439,173,31,1,4571.9
440,173,7,5,4779.3
441,174,95,5,4099.97
442,174,8,1,2010.21
443,174,25,1,475.01
444,175,74,4,3278.43
445,175,20,2,4613.73
446,175,19,2,2645.41
447,176,40,5,878.6
448,176,49,4,2788.82
449,177,56,1,4776.84
450,177,82,5,4855.6
451,177,36,1,3978.49
452,178,39,5,74.79
453,178,43,2,2221.24
454,179,48,5,2025.7
455,179,96,4,566.42
456,180,42,3,1399.2
457,180,3,3,1262.99
458,180,20,4,252.47
459,181,63,3,4660.41
460,181,52,2,2504.07
461,181,7,3,3759.46
462,181,51,3,3139.05
463,182,14,5,3469.83
464,183,53,4,3707.49
465,183,88,2,4024.95
466,183,47,1,895.03
467,184,46,3,3627.14
468,185,72,2,4311.43
469,185,87,4,2297.24
470,186,71,2,492.24
471,186,21,4,952.85
472,186,34,2,4714.85
473,187,51,4,3224.67
474,187,35,3,3754.52
475,187,1,4,2827.83
476,188,62,3,456.82
477,189,78,5,370.14
478,190,48,3,389.18
479,190,74,3,1529.73
480,190,40,5,3914.73
481,190,44,2,3377.31
482,191,36,5,2730.41
483,191,67,2,2610.88
484,191,83,3,3331.67
485,191,61,3,2227.88
486,192,45,4,3911.65
487,192,75,1,2432.97
488,192,47,3,1549.81
489,192,79,3,3260.78
490,193,82,3,1152.14
491,193,99,4,2708.37
492,194,14,3,4306.13
493,194,73,2,4756.21
494,194,93,1,4158.84
495,194,35,5,4300.05
496,195,63,4,4735.71
497,196,39,1,1761.58
498,196,47,5,2345.87
499,197,7,1,593.46
500,198,83,3,2338.6
501,198,30,3,3092.08
502,198,34,2,3332.9
503,199,89,5,2444.6
504,199,23,3,4715.79
505,199,60,5,1716.99
506,200,14,2,1745.91
507,200,83,4,1579.65
508,200,51,5,1677.56
509,201,60,2,3116.89
510,201,41,2,1227.05
511,201,19,5,1865.26
512,202,45,5,137.38
513,202,100,5,3939.49
514,202,45,4,3746.84
515,203,63,3,4643.43
516,203,13,4,2042.14
517,203,20,5,3878.39
518,204,81,1,3894.64
519,204,53,2,1229.76
520,204,95,3,2248.0
521,205,3,4,553.72
522,205,52,5,4985.6
523,205,57,1,1309.7
524,206,86,5,2471.24
525,206,89,2,4872.26
526,206,16,5,1779.03
527,206,41,5,1733.23
528,207,67,2,2521.6
529,208,48,4,233.54
530,208,60,1,995.27
531,208,50,1,145.51
532,209,45,5,3405.13
533,209,85,1,3801.99
534,209,57,1,4703.58
535,209,59,5,3963.36
536,210,74,1,2469.96
537,210,56,5,931.58
538,210,68,3,1603.39
539,211,51,2,593.72
540,212,75,2,3339.68
541,212,99,5,2149.89
542,212,52,2,1797.06
543,213,55,4,4999.29
544,213,48,3,3530.99
545,214,6,4,336.07
546,214,17,2,2693.19
547,214,28,3,3906.5
548,214,28,2,4014.18
549,215,97,2,3079.85
550,216,35,2,283.29
551,217,40,2,2487.87
552,217,40,5,1172.22
553,217,52,2,1602.56
554,217,92,5,2099.53
555,218,89,3,2624.79
556,219,26,1,3337.76
557,220,87,2,4032.73
558,220,100,4,4225.23
559,220,72,2,1979.67
560,220,4,5,911.83
561,221,24,4,1224.56
562,221,94,4,4058.4
563,221,34,1,750.38
564,222,55,5,563.25
565,222,17,2,4786.72
566,222,22,1,1356.08
567,222,85,2,1645.24
568,223,49,1,4620.2
569,223,75,4,3959.1
570,224,43,5,4332.48
571,224,51,3,2284.95
572,225,81,3,1918.83
573,225,48,2,945.27
574,225,88,3,1436.81
575,226,15,5,532.9
576,227,11,2,1941.13
577,227,58,2,2580.49
578,227,3,3,764.7
579,228,71,5,546.32
580,228,76,2,2250.57
581,229,66,3,3912.6
582,229,69,3,4316.68
583,229,11,3,1940.91
584,229,18,2,188.11
585,230,34,5,1256.96
586,231,42,3,4875.15
587,231,13,1,963.69
588,232,70,2,4561.52
589,232,2,2,58.02
590,233,100,4,4604.66
591,233,60,4,278.74
592,233,74,1,4957.35
593,233,85,4,2205.68
594,234,100,4,1917.22
595,234,95,5,1897.22
596,235,54,4,3460.76
597,235,9,4,968.43
598,235,13,4,779.04
599,235,37,5,2641.59
600,236,72,1,3301.01
601,236,14,5,1980.16
602,236,74,2,271.34
603,236,86,2,1966.26
604,237,84,3,3989.43
605,237,33,5,2175.53
606,237,39,1,2964.67
607,238,52,1,1648.36
608,239,78,1,1965.17
609,239,33,5,214.29
610,240,83,1,1185.87
611,240,17,3,4081.04
612,240,15,5,2280.61
613,240,7,1,2783.94
614,241,72,5,544.21
615,241,51,5,753.9
616,241,51,4,4774.7
617,242,36,2,633.44
618,242,43,2,381.57
619,242,32,4,3656.7
620,242,100,3,4765.37
621,243,1,2,912.45
622,243,55,5,3688.1
623,243,97,1,2774.49
624,243,66,4,1865.85
625,244,66,1,750.74
626,244,78,2,1034.98
627,244,48,5,1192.41
628,245,25,5,3211.95
629,245,1,4,1842.33
630,245,31,3,4263.85
631,246,40,3,4595.47
632,246,49,5,1127.48
633,246,89,3,654.48
634,246,21,1,1556.08
635,247,20,5,1260.49
636,248,74,3,1869.83
637,249,73,5,109.08
638,249,29,3,4049.73
639,249,78,4,544.83
640,249,64,1,4292.25
641,250,25,1,1759.73
642,251,8,5,1552.15
643,251,17,3,4554.88
644,251,90,4,73.82
645,251,12,4,1304.18
646,252,98,5,2973.45
647,252,27,2,2268.68
648,253,15,5,2295.05
649,253,52,4,2350.7
650,253,86,4,4295.66
651,254,50,3,1160.98
652,255,84,5,4005.24
653,255,59,2,4221.65
654,255,82,4,3813.51
655,256,30,2,926.38
656,257,96,4,1699.99
657,257,97,4,4485.88
658,257,34,3,625.74
659,257,1,3,2737.08
660,258,76,3,3519.5
661,259,93,2,4226.3
662,259,70,1,4954.59
663,259,50,1,4289.41
664,259,38,2,2444.06
665,260,77,5,4460.45
666,260,47,5,3604.69
667,260,39,4,2097.1
668,260,16,1,582.14
669,261,74,4,1991.41
670,261,58,3,1485.15
671,261,96,3,2120.72
672,261,60,2,2583.09
673,262,20,2,1967.64
674,262,74,2,1515.41
675,262,44,3,4719.2
676,262,88,1,3803.15
677,263,78,5,1326.21
678,264,68,3,3721.13
679,264,2,4,1925.83
680,264,76,5,950.88
681,264,84,4,385.01
682,265,53,5,2407.97
683,265,80,4,4421.6
684,266,57,5,1904.2
685,266,6,2,2869.04
686,266,53,2,1912.43
687,266,64,4,2966.83
688,267,9,1,323.11
689,267,57,2,4942.36
690,267,16,2,2791.8
691,267,54,2,977.79
692,268,53,5,4835.84
693,269,37,2,861.62
694,269,25,2,306.83
695,270,28,5,2967.46
696,270,30,3,1435.62
697,271,52,1,4180.87
698,272,73,3,3553.2
699,272,88,1,2024.19
700,272,45,2,994.11
701,272,57,5,4405.78
702,273,100,2,3013.99
703,273,12,2,2553.95
704,273,32,4,3591.24
705,274,5,4,4314.36
706,275,33,5,4434.62
707,275,72,3,1471.98
708,275,62,3,1264.77
709,276,75,5,3927.35
710,277,22,3,1782.81
711,277,40,2,2670.57
712,277,1,3,1275.53
713,278,53,3,4854.58
714,278,47,3,4013.54
715,278,62,5,4305.22
716,278,55,5,2673.67
717,279,70,4,185.69
718,279,24,1,1181.99
719,279,76,2,885.48
720,279,32,1,4589.41
721,280,12,5,4845.75
722,281,72,4,4824.07
723,281,27,5,3889.64
724,281,85,2,2722.73
725,282,73,5,3894.84
726,282,21,5,2510.46
727,282,90,1,1295.41
728,282,21,3,2858.55
729,283,23,5,4096.3
730,283,61,5,1991.89
731,283,39,1,2164.2
732,283,31,2,3813.2
733,284,61,1,145.96
734,285,90,1,935.05
735,286,40,3,3439.63
736,286,20,1,778.34
737,286,21,1,457.23
738,286,63,3,1522.91
739,287,9,4,1413.36
740,287,64,5,730.57
741,287,90,1,324.99
742,288,52,4,701.46
743,288,60,3,3268.66
744,288,3,1,1809.78
745,289,88,5,2264.22
746,289,36,2,4134.92
747,289,30,4,324.24
748,289,69,3,1497.16
749,290,26,1,2885.68
750,290,48,5,4764.12
751,291,31,5,1120.03
752,291,69,1,2159.91
753,292,34,3,2254.9
754,293,30,2,2036.61
755,293,10,3,3720.56
756,294,65,1,3123.76
757,294,59,1,523.49
758,294,6,1,2849.21
759,295,78,4,3363.08
760,295,4,5,689.18
761,295,10,5,696.94
762,295,16,5,815.95
763,296,17,2,1172.88
764,296,20,5,2277.32
765,296,1,3,2897.98
766,297,97,4,2948.18
767,297,65,2,2987.28
768,298,44,5,4825.1
769,299,42,1,432.76
770,299,28,5,3247.33
771,299,11,3,3027.63
772,300,60,3,4160.93
773,301,39,1,4974.85
774,301,40,2,1530.18
775,301,60,2,2934.98
776,301,21,4,694.92
777,302,67,5,1226.79
778,303,23,3,3283.02
779,304,94,4,1216.39
780,304,83,4,3555.99
781,304,60,4,900.66
782,304,97,3,1520.48
783,305,26,3,4306.64
784,305,80,4,2618.52
785,305,22,5,4873.71
786,306,47,4,596.07
787,306,52,3,1152.86
788,306,67,1,4182.84
789,306,79,5,282.03
790,307,35,5,3254.01
791,307,83,3,670.54
792,308,75,4,4806.99
793,308,81,1,3618.93
794,308,73,3,96.94
795,308,9,4,3510.06
796,309,30,4,2105.24
797,309,37,2,2057.31
798,309,89,2,673.16
799,309,34,5,811.26
800,310,29,4,3920.36
801,311,7,5,3814.35
802,311,92,3,4618.62
803,312,13,3,784.13
804,313,14,1,3773.1
805,313,24,2,2010.21
806,314,34,4,4802.01
807,315,54,5,4849.81
808,315,2,1,3188.97
809,315,67,3,673.07
810,316,28,3,3073.56
811,316,95,3,2269.46
812,317,21,2,2897.28
813,317,82,2,4178.62
814,317,98,3,3101.46
815,318,89,4,3948.21
816,318,11,3,1283.52
817,318,77,1,3958.74
818,318,22,4,3857.28
819,319,95,3,2351.62
820,319,100,2,2043.29
821,320,6,2,759.09
822,321,74,1,3530.7
823,322,56,3,4220.01
824,323,9,3,1540.47
825,323,58,5,2470.01
826,323,95,3,1624.59
827,323,85,1,3586.27
828,324,23,2,668.46
829,324,80,4,3013.52
830,324,93,1,3686.8
831,325,47,3,4733.14
832,325,29,5,1022.44
833,325,30,5,2031.22
834,325,3,3,1631.35
835,326,95,5,4332.38
836,326,89,3,913.86
837,327,72,2,1705.15
838,327,26,2,4144.82
839,327,66,1,4465.09
840,327,32,1,4674.56
841,328,36,3,1280.33
842,328,87,2,299.84
843,329,55,3,552.28
844,329,23,2,1500.95
845,330,33,1,3186.03
846,330,69,3,994.84
847,330,59,2,322.08
848,330,30,3,271.87
849,331,52,1,671.29
850,332,42,1,4103.33
851,332,63,1,1859.91
852,333,42,5,4303.04
853,333,7,5,4782.31
854,333,35,1,1403.25
855,334,83,3,4734.2
856,334,51,3,402.47
857,335,48,3,4286.46
858,335,17,3,1201.22
859,336,63,5,423.07
860,337,32,3,4521.92
861,338,92,2,3659.67
862,338,40,5,4806.94
863,338,98,1,3101.53
864,339,15,3,3475.43
865,339,97,3,1821.81
866,339,16,4,2189.6
867,339,30,2,4796.02
868,340,36,4,1267.86
869,340,56,1,3737.65
870,341,10,5,3302.81
871,341,92,4,1225.36
872,342,2,1,2318.1
873,342,10,3,255.6
874,343,8,3,3055.21
875,343,85,4,2529.83
876,344,86,4,2998.45
877,344,59,1,1565.06
878,344,88,2,3479.02
879,345,4,5,258.06
880,345,98,5,237.81
881,345,6,1,4586.48
882,345,98,4,3677.03
883,346,94,2,3019.48
884,347,66,5,2529.14
885,347,13,5,2989.79
886,347,5,3,4006.28
887,347,51,1,1960.07
888,348,72,5,613.71
889,348,66,4,3553.22
890,349,12,5,4095.64
891,349,46,4,4658.27
892,349,6,3,3157.17
893,350,43,4,3805.79
894,350,69,2,1931.96
895,350,23,5,219.66
896,350,62,2,3586.95
897,351,1,5,605.69
898,351,86,3,2264.77
899,352,59,2,1790.94
900,352,37,1,2357.24
901,353,94,1,4799.17
902,353,29,1,3854.8
903,354,67,5,2940.74
904,354,73,3,561.04
905,354,33,3,4885.87
906,354,78,5,1061.88
907,355,11,3,1968.26
908,355,34,5,224.83
909,355,56,4,2657.93
910,355,93,4,2274.73
911,356,72,3,3826.16
912,357,11,4,1556.39
913,358,6,3,3360.73
914,358,47,4,1075.78
915,358,39,2,4634.34
916,358,12,5,291.63
917,359,27,5,4663.39
918,359,3,1,716.78
919,359,68,3,2171.19
920,359,98,2,1239.12
921,360,91,4,2436.45
922,360,31,1,3401.18
923,360,13,4,2500.89
924,360,72,4,585.91
925,361,54,1,1887.32
926,361,71,4,3382.82
927,362,14,2,1349.97
928,363,18,3,4778.76
929,364,44,3,167.69
930,364,8,3,1514.15
931,364,5,5,4967.96
932,365,86,5,2951.44
933,366,73,4,2037.23
934,366,59,2,2626.12
935,367,18,3,1918.66
936,367,51,2,115.29
937,367,99,3,1281.22
938,367,29,1,186.11
939,368,38,2,1598.71
940,369,80,2,4930.28
941,369,63,3,576.47
942,369,73,5,4810.78
943,370,41,3,2095.9
944,370,50,2,2584.32
945,370,64,2,1828.17
946,370,67,5,4002.31
947,371,19,3,818.25
948,371,100,3,3177.59
949,372,1,2,680.6
950,373,17,2,4488.37
951,374,5,3,1942.1
952,374,60,4,4272.92
953,374,14,2,1829.16
954,375,67,5,3696.07
955,375,34,1,4618.99
956,375,81,2,3872.4
957,376,44,1,2093.45
958,377,6,5,4015.14
959,377,24,2,2916.62
960,377,63,5,2788.96
961,377,99,3,2455.28
962,378,75,5,1939.01
963,379,54,1,1665.61
964,379,61,4,3076.92
965,380,39,3,818.7
966,380,19,2,4006.26
967,380,34,5,788.42
968,381,25,1,1259.37
969,381,60,2,2337.02
970,381,39,3,255.68
971,381,10,1,4571.33
972,382,90,2,1932.28
973,383,81,5,4070.26
974,383,34,1,3041.2
975,383,32,5,2073.38
976,383,50,1,171.31
977,384,12,5,2860.91
978,384,96,1,4162.56
979,384,75,5,669.71
980,384,41,4,4784.24
981,385,39,4,2075.57
982,385,71,2,1482.86
983,386,29,3,438.54
984,387,26,1,2602.56
985,388,72,1,1594.65
986,389,11,2,825.03
987,389,82,1,2252.42
988,389,76,1,1583.1
989,390,5,5,1837.73
990,390,1,5,3736.96
991,390,7,4,2293.51
992,390,38,5,2320.92
993,391,9,1,1029.77
994,391,34,3,3826.49
995,392,35,3,2395.32
996,392,98,2,2315.74
997,392,85,4,3018.24
998,392,7,4,3641.94
999,393,29,2,4296.36
1000,394,34,3,3110.27
1001,394,75,5,4609.48
1002,394,68,4,68.36
1003,394,30,2,3061.87
1004,395,51,5,1480.21
1005,395,24,4,4819.19
1006,396,1,4,133.76
1007,397,55,4,1785.43
1008,397,9,5,275.09
1009,398,51,2,483.57
1010,398,5,1,182.47
1011,398,69,5,2059.93
1012,398,43,3,2064.67
1013,399,22,3,1168.0
1014,400,50,3,155.53
1015,401,57,3,4755.39
1016,401,52,4,3017.26
1017,401,72,4,3885.74
1018,402,66,3,2607.98
1019,402,60,1,4496.01
1020,402,32,4,4050.21
1021,403,7,4,3999.77
1022,404,97,1,2250.35
1023,405,84,4,1600.33
1024,405,40,5,1026.49
1025,406,5,4,2662.64
1026,406,15,1,2239.63
1027,407,7,1,1426.26
1028,407,4,2,4613.47
1029,407,35,3,1503.94
1030,407,46,3,4253.58
1031,408,58,3,1175.88
1032,408,30,5,1550.04
1033,408,73,4,4925.39
1034,408,44,3,4703.61
1035,409,73,1,2426.22
1036,409,88,1,4101.79
1037,410,47,2,4539.01
1038,410,97,1,1590.03
1039,411,50,4,4900.74
1040,411,28,4,3602.28
1041,412,83,4,1215.02
1042,412,59,2,4809.57
1043,412,39,4,3487.63
1044,412,20,3,2557.51
1045,413,26,5,4122.28
1046,413,68,4,4296.22
1047,414,80,2,4335.5
1048,414,85,4,2789.37
1049,415,34,1,4955.61
1050,416,36,5,1043.75
1051,416,16,4,4591.18
1052,417,57,1,2180.58
1053,417,47,3,2818.11
1054,417,13,4,4369.93
1055,417,41,4,3057.25
1056,418,92,1,1973.48
1057,419,4,4,3502.56
1058,419,76,5,3081.16
1059,419,48,3,1996.07
1060,420,27,5,2698.82
1061,420,77,4,127.1
1062,420,38,3,1835.07
1063,420,1,2,3016.53
1064,421,33,2,2403.41
1065,421,13,5,4928.54
1066,422,96,5,4826.15
1067,422,47,3,674.41
1068,422,84,1,1679.87
1069,422,80,2,1977.68
1070,423,1,1,3350.71
1071,424,86,1,461.66
1072,425,55,1,2105.63
1073,425,75,4,1003.01
1074,425,34,3,4841.32
1075,426,18,1,4284.31
1076,427,7,5,2584.37
1077,428,68,3,3346.75
1078,428,49,5,3141.24
1079,429,62,2,1023.38
1080,429,28,1,353.74
1081,429,86,3,2669.67
1082,429,64,4,4746.0
1083,430,81,4,4287.59
1084,430,47,3,3636.96
1085,431,78,2,675.9
1086,432,99,5,2757.4
1087,433,3,4,1105.95
1088,433,11,5,3649.81
1089,434,37,1,2429.43
1090,434,9,2,4150.93
1091,434,20,2,2096.63
1092,434,98,1,3466.88
1093,435,78,2,2146.62
1094,435,25,3,4569.65
1095,435,79,5,377.28
1096,435,60,4,1405.88
1097,436,19,2,3918.68
1098,436,86,1,3579.43
1099,437,85,2,4888.68
1100,437,18,5,788.47
1101,438,59,1,915.28
1102,438,78,2,2332.42
1103,438,34,5,4236.29
1104,438,73,3,4236.02
1105,439,24,3,965.8
1106,439,79,4,3819.97
1107,440,39,5,1428.18
1108,440,32,4,3845.38
1109,440,94,5,2203.28
1110,441,15,1,1580.1
1111,442,29,1,2159.12
1112,442,4,5,3552.29
1113,443,42,5,2523.43
1114,444,43,3,3527.28
1115,445,99,4,3508.07
1116,446,100,4,2676.7
1117,446,79,1,900.07
1118,447,74,1,3456.07
1119,447,3,3,4774.92
1120,447,31,4,883.08
1121,448,23,4,2006.59
1122,448,3,2,771.48
1123,448,42,5,1519.94
1124,448,69,1,917.29
1125,449,45,5,2967.71
1126,449,63,4,3859.33
1127,449,93,4,4852.35
1128,450,78,3,4884.89
1129,450,75,3,3830.02
1130,451,73,2,1311.54
1131,452,35,1,413.78
1132,452,62,2,4938.81
1133,452,59,1,1131.17
1134,452,68,4,784.67
1135,453,51,4,4321.08
1136,453,14,1,843.55
1137,453,72,3,3664.9
1138,454,27,2,201.61
1139,454,2,5,262.66
1140,455,32,1,3728.42
1141,455,66,2,2911.28
1142,455,22,3,4971.42
1143,455,72,2,2580.82
1144,456,22,1,244.61
1145,456,61,5,2647.58
1146,457,22,4,1186.16
1147,458,46,3,2746.6
1148,458,20,2,63.21
1149,458,18,1,367.06
1150,458,58,1,2774.55
1151,459,70,4,1304.25
1152,459,87,1,2212.42
1153,460,63,5,3506.03
1154,460,98,2,3164.69
1155,461,9,2,3142.29
1156,461,94,3,1799.74
1157,461,12,1,140.69
1158,462,11,1,2590.67
1159,462,80,3,3458.75
1160,462,99,3,3564.53
1161,463,55,2,1079.56
1162,463,7,1,1088.53
1163,464,58,2,688.56
1164,465,5,2,3741.82
1165,465,68,2,63.96
1166,465,25,3,3429.87
1167,466,26,4,1687.93
1168,466,27,5,617.9
1169,466,56,5,750.65
1170,467,78,1,4362.44
1171,468,29,1,2139.03
1172,468,55,5,1958.26
1173,468,72,4,3648.07
1174,468,40,1,1281.21
1175,469,33,3,1428.32
1176,470,9,1,1978.2
1177,470,56,4,1356.32
1178,470,60,1,201.61
1179,471,38,3,2783.98
1180,471,13,3,3657.9
1181,471,13,4,2065.72
1182,472,75,4,4159.17
1183,472,22,5,67.79
1184,473,38,1,639.13
1185,473,1,3,4099.68
1186,474,79,5,4892.21
1187,474,54,1,3667.5
1188,474,99,2,654.74
1189,474,21,3,1893.77
1190,475,90,2,709.14
1191,475,71,1,1655.67
1192,476,59,4,3198.01
1193,476,31,3,4610.11
1194,477,90,3,2509.87
1195,478,23,3,3743.45
1196,478,87,2,2999.28
1197,478,6,1,480.35
1198,478,43,2,4094.5
1199,479,65,4,4182.38
1200,479,60,4,3535.42
1201,479,71,5,926.98
1202,480,29,1,4916.71
1203,481,69,5,142.47
1204,481,31,1,1310.9
1205,481,46,5,4459.93
1206,482,91,5,2380.89
1207,483,9,3,4142.75
1208,483,17,2,3065.3
1209,483,29,3,4788.53
1210,483,43,3,3320.72
1211,484,77,2,273.72
1212,484,95,3,2839.48
1213,484,57,3,2252.34
1214,485,14,2,3937.01
1215,486,3,3,3805.05
1216,486,60,4,4859.25
1217,487,33,3,3846.92
1218,487,88,1,484.43
1219,487,50,1,2769.99
1220,487,46,5,2873.68
1221,488,97,1,4397.06
1222,489,24,1,3894.11
1223,489,26,4,3561.13
1224,490,8,1,4581.3
1225,490,26,3,2319.61
1226,490,88,1,693.03
1227,490,65,5,4446.2
1228,491,1,4,1439.78
1229,491,14,1,3751.12
1230,492,74,5,676.9
1231,492,14,3,3494.86
1232,492,7,2,1095.66
1233,492,87,4,3753.43
1234,493,19,5,1859.2
1235,493,83,5,4310.86
1236,493,66,4,2587.02
1237,494,70,3,3890.91
1238,495,51,2,303.19
1239,495,73,1,3243.0
1240,495,61,2,2507.39
1241,495,37,5,2932.84
1242,496,36,3,2339.65
1243,496,83,3,4354.26
1244,496,40,3,596.08
1245,497,58,4,2928.58
1246,498,96,4,720.42
1247,498,82,3,1459.81
1248,499,39,4,4160.21
1249,499,73,1,3462.38
1250,500,94,3,1284.95
1251,501,79,5,1680.48
1252,501,81,5,3716.82
1253,502,78,5,4832.33
1254,502,47,5,4282.61
1255,502,58,5,3793.82
1256,502,87,4,1682.84
1257,503,49,4,2654.93
1258,504,40,1,2469.59
1259,504,89,2,331.11
1260,505,84,1,4041.53
1261,505,60,4,4788.64
1262,505,13,2,1615.7
1263,505,4,1,2485.05
1264,506,50,5,825.77
1265,506,25,2,3591.71
1266,507,37,1,1219.67
1267,507,25,4,2929.13
1268,507,78,3,692.98
1269,508,88,1,3653.82
1270,508,29,1,3836.65
1271,508,18,4,1609.55
1272,509,59,2,1602.13
1273,509,86,3,4053.87
1274,510,80,4,821.58
1275,510,77,1,982.45
1276,510,17,2,1375.8
1277,511,10,3,2148.21
1278,511,79,3,4436.84
1279,511,75,2,3566.29
1280,511,41,3,1756.15
1281,512,6,2,231.9
1282,512,53,1,2377.8
1283,512,10,2,2119.58
1284,512,40,3,4688.24
1285,513,73,3,4006.64
1286,513,51,1,3841.56
1287,513,14,5,2840.41
1288,514,82,2,2414.16
1289,515,54,3,196.84
1290,516,14,2,885.86
1291,516,20,5,3263.08
1292,516,84,1,1855.15
1293,516,38,3,2125.27
1294,517,32,1,4687.21
1295,517,48,3,1653.02
1296,517,44,5,1698.19
1297,518,53,2,3543.18
1298,518,55,1,2523.63
1299,519,99,5,3048.29
1300,519,87,3,4618.51
1301,519,28,2,3248.52
1302,519,63,4,4296.24
1303,520,74,5,355.5
1304,520,87,4,225.06
1305,521,89,2,2031.52
1306,521,49,2,4742.8
1307,522,73,1,959.52
1308,522,88,2,790.85
1309,522,73,4,1903.9
1310,522,44,1,2032.03
1311,523,99,5,233.77
1312,523,83,4,167.6
1313,523,93,1,4783.12
1314,523,87,1,904.59
1315,524,27,5,4249.3
1316,525,40,5,214.16
1317,525,56,5,2404.34
1318,525,21,1,1942.84
1319,526,71,2,3445.04
1320,527,76,1,3716.13
1321,527,21,5,4603.33
1322,528,15,1,4258.0
1323,528,29,1,2427.9
1324,529,23,4,258.51
1325,529,8,5,673.32
1326,530,66,2,3279.22
1327,530,57,3,950.06
1328,531,41,3,3121.19
1329,532,63,5,2700.47
1330,532,57,2,4458.79
1331,532,19,1,2031.14
1332,533,21,5,4161.44
1333,533,96,1,4801.93
1334,534,54,5,2789.36
1335,534,38,3,2108.99
1336,535,47,5,2918.97
1337,535,18,3,2480.79
1338,535,2,5,2113.93
1339,535,89,1,3251.33
1340,536,57,2,3489.13
1341,536,33,3,925.58
1342,536,60,2,2292.59
1343,537,89,3,2372.9
1344,537,71,5,1341.31
1345,537,57,1,4061.79
1346,537,90,5,1399.29
1347,538,62,4,2317.83
1348,538,7,4,477.73
1349,538,79,5,2525.61
1350,539,20,5,1566.26
1351,539,52,5,353.42
1352,539,77,2,2587.62
1353,539,19,4,3450.74
1354,540,91,4,1322.93
1355,541,4,1,1740.92
1356,541,64,1,3245.1
1357,541,55,1,1706.71
1358,541,94,4,2736.61
1359,542,26,1,3465.37
1360,543,49,3,4997.31
1361,543,74,3,3198.09
1362,543,19,4,2934.03
1363,543,25,1,4406.58
1364,544,18,5,3439.33
1365,544,31,3,3377.64
1366,544,35,1,4200.35
1367,545,11,5,3039.45
1368,546,72,1,2635.38
1369,546,1,1,2382.84
1370,546,89,5,3908.25
1371,547,63,1,1866.74
1372,547,6,4,2363.33
1373,547,14,1,2382.91
1374,547,37,1,1460.66
1375,548,55,5,2915.96
1376,548,94,4,3005.66
1377,549,90,2,3258.18
1378,549,38,4,462.03
1379,549,7,3,4873.51
1380,549,12,1,4635.55
1381,550,7,4,302.43
1382,551,64,5,3697.7
1383,552,93,2,108.51
1384,553,20,3,3342.36
1385,554,21,2,3531.48
1386,554,80,2,212.22
1387,554,2,2,3119.52
1388,554,61,3,4527.11
1389,555,35,4,3388.47
1390,555,84,3,3218.02
1391,555,77,4,1640.39
1392,555,96,4,3753.42
1393,556,98,2,1765.42
1394,556,50,5,3829.58
1395,556,34,2,327.97
1396,557,52,3,609.38
1397,558,57,3,244.78
1398,558,88,3,509.93
1399,559,31,4,4690.29
1400,559,79,2,4348.57
1401,560,97,4,3720.72
1402,560,99,5,2264.08
1403,560,69,1,3730.53
1404,560,49,1,4195.54
1405,561,44,4,3845.77
1406,561,59,3,3013.62
1407,561,6,3,2628.78
1408,562,67,5,440.26
1409,562,35,5,3080.76
1410,562,66,1,1096.62
1411,562,44,5,2033.8
1412,563,95,1,3385.51
1413,563,57,3,1364.39
1414,563,4,5,3105.15
1415,564,27,2,1329.26
1416,564,98,2,1620.82
1417,564,57,5,590.94
1418,564,15,1,3472.8
1419,565,90,5,1891.13
1420,566,69,3,2081.27
1421,567,66,5,2791.82
1422,567,94,3,3002.45
1423,567,22,1,1251.68
1424,567,74,4,633.03
1425,568,7,4,3629.9
1426,568,26,3,3481.24
1427,569,98,1,4429.51
1428,570,85,4,1360.25
1429,570,45,5,4840.64
1430,571,85,2,92.83
1431,571,43,3,2755.91
1432,571,21,5,2609.36
1433,571,62,5,4329.09
1434,572,9,3,2378.88
1435,572,88,3,3063.81
1436,573,58,3,1963.65
1437,573,38,2,2940.18
1438,573,59,1,2434.81
1439,574,88,4,4934.0
1440,574,24,1,1348.14
1441,574,11,4,956.65
1442,575,69,1,4052.93
1443,575,45,2,3126.4
1444,575,24,4,2257.77
1445,576,80,5,2616.43
1446,576,80,4,2968.92
1447,576,70,5,2332.07
1448,576,61,3,1501.31
1449,577,66,3,4423.21
1450,577,98,3,4834.06
1451,577,31,3,71.14
1452,578,93,5,4956.07
1453,578,28,4,4973.87
1454,579,89,3,4814.68
1455,580,24,4,1697.71
1456,580,9,5,1083.53
1457,580,49,2,2603.87
1458,580,4,1,808.3
1459,581,68,3,3948.75
1460,581,62,5,1249.89
1461,581,93,3,2065.26
1462,582,47,4,2794.2
1463,583,18,2,3521.09
1464,583,31,1,4832.14
1465,583,60,1,3303.29
1466,583,43,5,1299.0
1467,584,41,2,555.58
1468,585,17,2,2275.08
1469,586,31,2,311.64
1470,586,57,2,4051.71
1471,586,84,4,383.66
1472,587,82,2,1457.13
1473,587,59,3,2120.93
1474,587,9,1,693.79
1475,587,10,2,2740.85
1476,588,63,5,4244.81
1477,589,70,1,4535.54
1478,589,54,1,1628.8
1479,589,39,3,3131.79
1480,589,66,3,2592.32
1481,590,30,3,2193.39
1482,590,91,3,445.53
1483,590,4,2,3160.97
1484,590,71,5,921.3
1485,591,10,2,4578.61
1486,591,67,5,1937.07
1487,592,41,5,1398.92
1488,593,23,5,2532.43
1489,593,21,5,4951.23
1490,593,58,1,1675.28
1491,594,32,1,3365.75
1492,595,79,5,2799.66
1493,595,59,1,3973.71
1494,596,27,2,4593.92
1495,596,27,4,4725.99
1496,597,38,2,3948.86
1497,597,96,4,2748.44
1498,597,18,4,4726.47
1499,597,90,3,971.46
1500,598,68,4,3706.97
1501,598,4,2,790.24
1502,599,58,5,1171.16
1503,599,35,4,4851.25
1504,599,96,1,2063.16
1505,599,86,5,1176.4
1506,600,35,3,4075.67
1507,600,97,3,2427.68
1508,601,55,2,1004.75
1509,601,84,2,4300.95
1510,601,58,4,3239.37
1511,602,8,3,1686.43
1512,603,68,3,3543.31
1513,603,61,2,351.43
1514,603,17,4,1142.1
1515,604,22,5,1754.74
1516,604,58,1,1595.25
1517,605,33,1,3828.35
1518,605,20,3,1743.81
1519,606,53,5,3037.97
1520,606,90,2,4906.46
1521,606,58,4,3263.73
1522,607,14,1,2107.07
1523,607,72,5,4276.35
1524,607,9,3,3954.14
1525,608,82,3,2028.67
1526,608,83,4,1202.59
1527,608,51,3,1931.56
1528,608,2,3,4821.35
1529,609,66,3,3743.33
1530,609,56,4,3743.25
1531,609,27,2,3572.79
1532,610,89,2,1452.95
1533,611,46,5,2352.96
1534,611,89,4,193.59
1535,611,85,4,4461.28
1536,612,87,5,1345.76
1537,612,41,5,4209.51
1538,613,21,4,1409.21
1539,613,63,4,168.95
1540,613,72,5,1649.0
1541,614,11,2,4723.07
1542,615,29,2,2900.81
1543,616,89,1,1244.55
1544,617,12,4,761.71
1545,617,29,2,1811.48
1546,617,71,5,314.04
1547,617,71,1,239.05
1548,618,15,3,4102.12
1549,619,59,3,4196.64
1550,619,26,3,2048.32
1551,620,17,4,2480.46
1552,621,10,3,4633.71
1553,621,47,5,2185.89
1554,621,80,3,2340.27
1555,621,75,3,1799.59
1556,622,44,5,1749.14
1557,622,73,3,4882.5
1558,622,4,3,1654.84
1559,622,84,2,3457.23
1560,623,18,5,3564.86
1561,623,11,4,617.93
1562,623,66,3,4382.89
1563,623,37,1,2817.8
1564,624,21,3,698.36
1565,624,85,3,759.89
1566,624,8,4,4476.39
1567,625,100,1,2002.07
1568,625,41,1,4374.65
1569,626,12,3,4169.54
1570,626,48,4,1512.21
1571,627,41,2,347.21
1572,627,27,1,3957.99
1573,627,86,2,2394.24
1574,628,98,5,4414.45
1575,628,60,2,177.32
1576,628,94,5,750.41
1577,628,8,2,4121.54
1578,629,88,2,902.9
1579,629,12,2,3702.24
1580,629,37,3,97.55
1581,630,75,2,4993.41
1582,630,56,2,1483.33
1583,631,74,3,496.76
1584,632,71,1,1840.4
1585,633,46,4,2879.79
1586,633,75,5,352.6
1587,634,37,4,3058.52
1588,635,12,2,4012.36
1589,635,84,2,4525.98
1590,635,42,3,2062.85
1591,636,71,5,480.45
1592,637,27,3,3718.02
1593,638,34,5,3564.76
1594,638,61,1,1050.54
1595,639,89,2,4467.84
1596,639,55,5,2109.25
1597,639,24,4,1234.12
1598,639,17,1,3851.62
1599,640,4,2,3115.27
1600,640,90,2,2537.38
1601,641,6,1,1485.5
1602,641,40,5,220.13
1603,642,72,5,3241.39
1604,643,75,4,3403.26
1605,644,47,2,981.87
1606,644,74,1,3396.7
1607,644,76,1,2590.03
1608,645,86,2,1001.36
1609,646,72,2,515.8
1610,646,20,2,3813.86
1611,646,81,4,2470.83
1612,646,39,1,4560.85
1613,647,2,2,3469.37
1614,648,80,1,4444.89
1615,649,38,1,1639.24
1616,649,4,1,1233.93
1617,649,27,2,163.48
1618,649,32,3,4765.79
1619,650,76,3,2177.79
1620,650,64,1,1317.7
1621,650,67,4,3861.24
1622,651,8,4,2296.22
1623,651,97,2,1822.62
1624,651,84,4,802.52
1625,652,49,2,632.48
1626,653,26,4,4800.42
1627,654,12,1,1611.51
1628,655,4,2,3810.48
1629,655,74,5,1926.62
1630,655,99,2,349.11
1631,655,52,4,162.41
1632,656,77,5,1440.63
1633,656,77,4,2016.2
1634,656,78,2,4313.42
1635,657,99,2,1130.09
1636,657,60,1,194.93
1637,658,96,3,2638.43
1638,659,4,5,2502.61
1639,660,36,1,2819.19
1640,661,32,2,1120.2
1641,661,28,1,4005.45
1642,662,44,5,3902.67
1643,662,38,3,4414.34
1644,662,70,5,2782.69
1645,662,80,2,1254.86
1646,663,77,1,4211.61
1647,663,64,2,753.6
1648,663,42,5,4200.41
1649,664,88,3,2774.53
1650,664,44,3,1812.55
1651,665,28,5,3858.02
1652,666,4,2,4600.72
1653,666,67,2,3902.51
1654,666,31,4,2503.26
1655,666,72,2,2761.63
1656,667,26,4,4396.27
1657,667,82,2,769.58
1658,667,31,5,134.12
1659,667,34,2,2085.41
1660,668,47,5,1590.44
1661,668,54,3,2610.44
1662,668,95,4,4721.46
1663,668,35,1,1994.83
1664,669,99,1,694.83
1665,669,52,2,572.96
1666,669,43,3,4456.79
1667,669,74,4,2429.89
1668,670,16,3,1823.83
1669,671,1,5,562.02
1670,671,96,3,1302.65
1671,671,11,3,2225.09
1672,672,91,3,3571.13
1673,673,9,1,2099.65
1674,673,49,1,554.79
1675,673,50,1,4305.75
1676,673,49,1,492.16
1677,674,52,1,3924.34
1678,674,44,3,3560.92
1679,675,49,3,4553.35
1680,675,23,4,2528.84
1681,675,32,4,2557.46
1682,676,100,2,2524.17
1683,676,12,3,4044.43
1684,676,26,3,4392.56
1685,677,81,3,1440.01
1686,677,44,5,1803.15
1687,677,53,4,191.88
1688,678,1,1,508.94
1689,678,53,2,803.33
1690,679,29,5,1913.22
1691,679,76,4,4540.13
1692,680,89,1,3275.58
1693,680,94,4,3731.54
1694,681,50,5,1197.18
1695,681,48,1,4714.39
1696,682,87,4,156.31
1697,682,75,2,1330.26
1698,682,100,5,2889.25
1699,683,88,3,214.07
1700,683,15,1,985.43
1701,683,89,3,4287.86
1702,683,97,1,1240.71
1703,684,72,3,984.66
1704,684,96,4,4074.11
1705,684,5,1,3470.59
1706,685,63,5,1687.06
1707,685,85,5,1710.15
1708,686,40,2,2989.89
1709,687,33,3,3084.63
1710,687,50,4,2901.58
1711,687,38,2,4184.77
1712,688,90,3,4231.47
1713,688,17,4,1746.83
1714,688,65,1,4837.78
1715,688,15,4,4835.88
1716,689,83,4,1063.23
1717,690,60,5,3328.21
1718,690,37,3,2946.12
1719,690,30,3,3387.08
1720,691,92,2,2776.47
1721,691,21,4,1428.56
1722,691,94,5,3049.9
1723,691,92,1,3449.92
1724,692,7,1,2252.53
1725,693,72,1,670.98
1726,693,92,5,1455.16
1727,693,84,3,2269.93
1728,693,10,2,252.72
1729,694,100,5,1543.59
1730,694,37,1,3509.31
1731,694,37,2,3146.29
1732,695,41,3,3880.65
1733,695,70,2,3217.54
1734,696,22,5,4057.91
1735,696,92,3,4304.25
1736,696,85,4,2890.2
1737,696,72,1,3314.75
1738,697,18,4,4432.04
1739,698,36,4,4755.4
1740,698,61,1,4148.3
1741,698,44,5,2823.82
1742,698,94,1,4187.17
1743,699,5,5,3962.46
1744,699,36,1,4665.18
1745,699,1,4,3652.22
1746,699,16,1,4944.79
1747,700,10,3,4668.47
1748,701,33,4,3577.19
1749,701,11,1,4996.82
1750,701,65,2,348.74
1751,702,47,3,903.69
1752,702,99,3,4372.16
1753,702,63,2,4800.12
1754,702,99,5,4590.37
1755,703,91,2,1243.82
1756,703,93,4,4853.92
1757,703,72,4,2319.53
1758,704,61,5,2824.52
1759,705,81,2,1736.15
1760,706,43,1,826.28
1761,706,97,5,4150.15
1762,707,97,2,2060.59
1763,707,74,5,348.99
1764,708,86,4,2089.08
1765,708,3,2,2728.66
1766,708,47,2,2769.1
1767,708,28,5,3250.61
1768,709,59,1,2078.84
1769,709,52,5,711.31
1770,709,14,1,4154.09
1771,710,88,4,97.65
1772,710,97,5,4221.76
1773,711,58,1,4063.18
1774,712,67,1,2662.26
1775,712,66,4,4599.29
1776,712,91,4,3769.73
1777,712,75,2,862.9
1778,713,97,1,2874.66
1779,713,66,2,1401.16
1780,713,35,5,815.03
1781,713,89,4,2483.95
1782,714,70,4,4332.9
1783,714,88,2,3097.67
1784,714,45,1,4269.49
1785,715,87,3,4069.77
1786,715,51,3,2236.13
1787,715,55,4,2006.08
1788,716,12,5,2573.66
1789,716,65,1,2261.41
1790,716,76,3,2517.14
1791,717,1,1,1009.46
1792,717,43,2,3786.24
1793,717,8,2,2215.44
1794,718,51,5,4958.89
1795,718,29,1,1122.7
1796,719,85,3,1759.3
1797,719,48,4,1152.27
1798,719,2,5,4557.08
1799,719,98,1,4995.52
1800,720,97,3,3889.02
1801,720,6,4,1174.15
1802,720,12,4,2598.96
1803,720,19,2,1395.23
1804,721,96,4,1872.08
1805,721,17,3,3555.05
1806,721,26,4,3812.28
1807,721,74,5,4918.05
1808,722,93,3,4210.78
1809,723,52,4,3022.37
1810,723,27,2,723.21
1811,724,30,2,4964.9
1812,724,17,2,2687.31
1813,724,46,4,838.74
1814,724,99,5,1192.85
1815,725,29,4,3387.14
1816,725,24,3,3767.03
1817,726,14,1,1203.73
1818,726,30,4,4131.53
1819,727,1,5,3479.99
1820,728,19,2,1292.37
1821,728,5,2,3728.16
1822,728,2,3,1027.69
1823,729,98,2,3429.86
1824,729,81,5,4441.83
1825,730,69,3,1867.31
1826,730,82,1,683.02
1827,731,71,1,1383.44
1828,731,29,4,550.09
1829,731,68,3,3776.07
1830,731,88,1,2413.72
1831,732,74,4,2724.75
1832,732,84,4,1514.17
1833,732,91,3,1570.46
1834,732,94,2,524.5
1835,733,86,5,3968.17
1836,733,60,5,3360.15
1837,733,56,3,199.08
1838,733,27,2,3164.73
1839,734,26,5,2171.95
1840,734,68,3,3102.86
1841,734,34,2,2654.56
1842,734,72,2,3196.51
1843,735,29,5,2311.23
1844,736,87,5,4319.42
1845,736,87,2,447.5
1846,736,48,1,1228.21
1847,736,13,5,2573.56
1848,737,45,3,3907.92
1849,737,88,1,682.45
1850,737,2,4,2207.76
1851,737,95,5,2053.69
1852,738,52,4,1154.61
1853,739,64,4,2381.6
1854,739,39,5,2906.18
1855,739,69,4,1270.73
1856,740,93,5,490.68
1857,740,94,1,1194.0
1858,740,43,2,1586.58
1859,741,49,2,805.88
1860,741,42,3,2851.6
1861,741,52,2,4542.34
1862,741,57,3,1069.2
1863,742,30,5,3038.4
1864,742,79,3,4588.92
1865,742,37,1,1045.26
1866,742,73,3,1635.91
1867,743,54,3,2205.62
1868,743,85,3,1032.01
1869,743,61,1,2592.06
1870,744,5,1,790.6
1871,744,12,1,3327.82
1872,745,27,4,3373.83
1873,745,29,2,1787.07
1874,745,50,4,1064.19
1875,745,91,2,891.56
1876,746,37,5,2287.49
1877,746,73,2,3012.03
1878,747,55,4,75.19
1879,748,75,1,215.26
1880,749,39,5,2621.02
1881,750,93,1,3751.56
1882,750,27,2,2096.08
1883,750,39,4,3879.07
1884,750,72,5,3158.35
1885,751,86,4,2594.79
1886,751,79,3,3169.0
1887,752,12,4,4959.01
1888,752,8,5,3370.93
1889,752,77,2,2503.46
1890,753,38,3,3210.58
1891,753,72,1,121.67
1892,753,45,4,4082.32
1893,753,92,3,2121.41
1894,754,33,4,3974.24
1895,754,89,2,2720.83
1896,754,99,5,4416.81
1897,755,17,5,4719.75
1898,755,4,3,1975.51
1899,755,45,1,2787.97
1900,756,70,3,3713.74
1901,756,57,1,2987.4
1902,756,97,5,2537.16
1903,756,57,3,1265.28
1904,757,46,1,3050.84
1905,757,52,5,1628.61
1906,757,28,5,250.86
1907,758,96,3,335.9
1908,758,31,1,2581.94
1909,759,36,4,4020.96
1910,759,82,2,1362.83
1911,759,29,3,3883.92
1912,759,30,3,1293.12
1913,760,77,3,925.18
1914,760,15,2,4110.23
1915,760,88,3,1974.94
1916,760,31,5,2286.77
1917,761,67,5,272.78
1918,762,40,4,3128.39
1919,762,49,4,53.42
1920,762,39,5,4021.79
1921,763,62,4,1334.81
1922,763,36,4,2180.05
1923,764,85,1,2158.84
1924,765,23,1,4071.82
1925,765,6,2,3648.77
1926,766,90,3,4896.22
1927,766,71,4,3565.3
1928,766,92,1,3210.44
1929,766,82,1,259.91
1930,767,16,3,2629.61
1931,767,29,2,1122.54
1932,767,17,5,2109.12
1933,768,1,1,4083.87
1934,768,66,3,1612.48
1935,768,1,1,878.38
1936,768,44,4,1005.46
1937,769,14,1,389.47
1938,770,46,4,518.65
1939,770,70,1,4560.54
1940,770,72,1,1954.6
1941,771,77,3,3057.55
1942,772,25,4,3146.09
1943,773,5,3,1713.41
1944,773,74,1,3375.62
1945,773,95,5,1151.93
1946,774,69,4,453.35
1947,774,56,4,430.17
1948,774,1,5,106.77
1949,774,40,5,4742.21
1950,775,91,2,3768.51
1951,775,72,3,135.5
1952,776,77,4,464.46
1953,777,27,2,417.42
1954,777,25,3,2903.61
1955,778,18,1,2834.56
1956,778,99,3,254.68
1957,779,28,4,4370.27
1958,780,61,4,1847.92
1959,781,50,2,3595.92
1960,781,33,5,84.18
1961,781,52,1,388.05
1962,782,54,2,3618.03
1963,782,84,2,4588.41
1964,783,76,3,4718.8
1965,783,55,3,2477.41
1966,783,12,2,595.33
1967,783,71,4,287.93
1968,784,70,1,4501.13
1969,785,86,2,4380.27
1970,785,79,5,4634.52
1971,786,8,2,1656.5
1972,786,75,5,3856.48
1973,787,8,4,3950.75
1974,787,29,1,3964.03
1975,788,77,4,2797.11
1976,788,89,5,3520.51
1977,788,14,1,4413.29
1978,789,82,1,2875.07
1979,789,52,5,289.59
1980,789,37,3,202.67
1981,789,21,1,372.26
1982,790,28,4,79.13
1983,791,52,3,3891.07
1984,792,33,3,3748.4
1985,793,6,5,3522.27
1986,793,89,5,2522.84
1987,793,14,3,238.8
1988,793,100,5,4211.86
1989,794,55,5,1662.13
1990,794,36,5,4382.64
1991,794,4,4,107.2
1992,795,65,1,2099.16
1993,795,17,4,1348.26
1994,795,51,4,2990.9
1995,796,88,5,3206.51
1996,796,45,5,3286.61
1997,797,34,2,3061.52
1998,797,36,1,1559.99
1999,797,86,5,3306.73
2000,797,38,5,1827.48
2001,798,56,2,1615.17
2002,798,25,5,1473.89
2003,798,52,4,3043.86
2004,798,77,3,1016.49
2005,799,51,3,2502.08
2006,800,16,4,4946.68
2007,800,87,4,4456.18
2008,800,41,5,4537.85
2009,800,18,4,690.91
2010,801,50,1,648.75
2011,801,50,4,728.67
2012,801,93,5,2025.14
2013,801,2,2,1576.79
2014,802,35,4,4386.84
2015,802,77,4,2441.43
2016,803,16,4,1879.41
2017,804,64,4,4116.52
2018,804,38,1,832.78
2019,805,64,2,1071.09
2020,805,92,2,1645.33
2021,805,36,2,4807.07
2022,806,20,3,4147.63
2023,806,50,1,53.4
2024,806,42,5,4196.54
2025,807,77,4,4398.92
2026,807,58,2,584.6
2027,807,8,3,3874.94
2028,808,81,3,4545.55
2029,809,43,2,3849.33
2030,809,25,1,2599.43
2031,810,53,1,1680.47
2032,810,80,2,1476.37
2033,810,20,2,789.64
2034,811,1,5,471.73
2035,812,75,3,4586.27
2036,812,96,2,3641.41
2037,813,90,1,1441.14
2038,813,4,5,4634.88
2039,813,63,5,1151.11
2040,814,88,4,4385.96
2041,814,62,5,3822.19
2042,815,89,3,273.41
2043,815,20,1,4643.45
2044,816,68,2,1179.03
2045,816,28,4,3132.41
2046,816,73,5,450.01
2047,816,14,1,4802.56
2048,817,20,3,854.99
2049,817,53,3,4967.23
2050,817,67,5,3786.36
2051,817,56,2,3412.45
2052,818,65,4,2285.71
2053,818,37,3,4340.87
2054,818,54,2,3847.86
2055,819,65,5,4754.23
2056,819,19,2,3757.48
2057,819,64,2,1607.11
2058,820,96,2,684.89
2059,820,42,2,1668.33
2060,820,9,4,4851.49
2061,821,71,1,1689.04
2062,821,32,3,1715.23
2063,822,71,5,974.11
2064,822,61,2,85.22
2065,823,57,4,2390.43
2066,823,49,4,3557.53
2067,823,69,2,2724.66
2068,824,39,3,3548.51
2069,824,65,4,441.2
2070,824,86,2,325.3
2071,824,61,3,1077.66
2072,825,92,4,2799.45
2073,825,78,2,558.48
2074,826,51,2,521.64
2075,826,84,1,2429.79
2076,827,92,1,1321.78
2077,827,34,2,68.77
2078,827,16,1,4036.08
2079,828,36,3,1809.59
2080,829,40,3,3553.75
2081,829,40,3,4661.29
2082,829,28,1,2996.04
2083,829,79,4,528.59
2084,830,88,3,1172.57
2085,831,36,5,4667.54
2086,831,22,5,2189.07
2087,832,4,1,174.5
2088,832,6,2,3969.53
2089,832,39,2,1507.74
2090,832,77,5,2506.86
2091,833,71,4,3153.15
2092,833,94,5,2641.29
2093,833,12,4,2583.09
2094,834,91,2,622.24
2095,835,64,5,1312.88
2096,835,59,4,4889.27
2097,836,66,2,2480.67
2098,836,37,5,4344.05
2099,837,28,1,842.88
2100,837,24,2,4361.17
2101,838,34,5,252.74
2102,838,57,1,1484.7
2103,838,27,1,4903.77
2104,839,51,5,2343.45
2105,839,59,4,3629.13
2106,840,33,1,2322.26
2107,840,29,4,1955.73
2108,840,98,3,2040.97
2109,840,1,4,1919.24
2110,841,21,5,4269.87
2111,841,16,2,3947.85
2112,842,16,5,4153.52
2113,842,28,5,2105.92
2114,843,62,5,3961.17
2115,843,98,4,711.63
2116,844,91,2,3013.55
2117,844,26,1,4536.24
2118,844,93,3,3237.04
2119,845,73,2,3328.17
2120,845,5,4,2034.39
2121,845,51,1,4442.85
2122,845,70,3,4943.26
2123,846,24,2,1299.25
2124,847,27,3,2629.2
2125,847,94,3,2912.48
2126,847,72,1,606.7
2127,848,56,3,535.49
2128,848,34,2,635.84
2129,848,50,2,2365.03
2130,849,61,1,1569.3
2131,850,49,3,3148.3
2132,850,68,1,461.66
2133,851,94,3,2917.95
2134,851,47,5,4042.13
2135,851,91,3,2884.94
2136,851,34,2,412.59
2137,852,64,5,3785.79
2138,852,14,2,3827.16
2139,853,25,4,1715.45
2140,853,64,2,2469.86
2141,853,60,4,2622.35
2142,853,61,4,1862.23
2143,854,47,5,2154.47
2144,854,27,3,492.03
2145,855,77,1,2944.88
2146,855,29,5,166.26
2147,855,71,5,4007.26
2148,856,56,4,4282.08
2149,856,25,2,3058.64
2150,857,87,4,4255.15
2151,858,47,1,214.13
2152,859,11,2,3068.46
2153,860,40,5,4836.74
2154,860,40,3,957.97
2155,860,26,4,4860.51
2156,861,80,2,3802.8
2157,861,34,5,3038.36
2158,861,12,1,4326.83
2159,861,68,4,531.38
2160,862,100,3,4136.32
2161,862,91,5,141.81
2162,862,81,5,2874.9
2163,862,12,3,4907.14
2164,863,29,5,3324.33
2165,863,4,4,2298.24
2166,863,74,4,2335.86
2167,863,30,4,2287.85
2168,864,75,4,634.95
2169,865,98,2,2317.44
2170,865,56,3,1157.42
2171,866,8,3,2569.14
2172,866,50,5,2851.22
2173,867,35,3,3121.23
2174,867,61,1,3339.64
2175,868,47,4,3109.41
2176,868,21,4,2361.18
2177,868,16,1,3422.39
2178,869,87,5,524.58
2179,869,60,4,1067.73
2180,869,24,4,72.78
2181,870,66,3,2061.19
2182,870,71,5,4344.04
2183,870,88,5,2129.5
2184,870,9,1,4643.09
2185,871,87,5,2397.7
2186,871,45,5,1923.59
2187,871,62,5,1502.05
2188,872,90,2,4964.65
2189,872,53,3,1394.13
2190,873,7,2,1944.26
2191,873,20,4,2008.29
2192,873,64,4,4430.85
2193,873,98,3,2992.91
2194,874,95,3,2615.3
2195,874,84,4,1955.8
2196,874,34,5,3183.42
2197,875,96,1,1776.91
2198,875,81,2,1411.63
2199,875,57,3,4324.5
2200,875,83,1,3598.66
2201,876,33,1,3884.53
2202,876,31,4,2501.02
2203,877,72,3,3412.17
2204,878,41,2,3226.33
2205,878,34,3,4393.77
2206,878,31,4,4033.41
2207,878,45,3,2792.13
2208,879,99,4,2648.64
2209,880,30,5,1118.77
2210,880,94,5,1890.77
2211,880,52,5,983.02
2212,881,32,4,3024.14
2213,882,95,5,262.35
2214,882,36,1,2399.86
2215,882,59,2,324.04
2216,883,12,3,56.47
2217,883,50,2,924.56
2218,883,91,3,4200.23
2219,884,14,1,4020.72
2220,884,19,4,1836.77
2221,884,30,5,2287.18
2222,885,27,2,4459.72
2223,885,51,4,1441.61
2224,885,55,3,3473.7
2225,885,51,4,3740.56
2226,886,28,2,4521.97
2227,886,26,5,3115.69
2228,887,15,3,2993.44
2229,887,7,5,1454.2
2230,887,9,1,4391.77
2231,888,23,4,2209.24
2232,889,69,1,3426.2
2233,889,77,3,619.17
2234,889,39,5,1348.74
2235,889,60,4,2850.62
2236,890,26,5,1021.75
2237,890,31,1,2164.23
2238,890,34,3,1114.07
2239,890,42,4,4317.94
2240,891,35,4,2664.12
2241,891,27,3,163.49
2242,891,45,2,2078.98
2243,892,98,4,193.52
2244,892,52,5,2378.34
2245,893,97,4,349.29
2246,893,11,5,3416.99
2247,893,16,2,3018.59
2248,893,31,4,4616.08
2249,894,73,1,680.51
2250,894,63,4,1305.09
2251,895,87,1,3514.42
2252,895,27,2,2516.24
2253,895,65,4,94.46
2254,896,63,5,377.38
2255,897,81,4,4232.86
2256,898,16,1,4102.42
2257,898,35,1,2504.99
2258,898,59,5,1064.68
2259,899,57,5,3667.22
2260,899,66,2,4037.38
2261,899,30,3,2611.85
2262,900,60,2,2192.65
2263,900,43,3,3465.99
2264,900,1,3,4394.32
2265,901,62,2,2594.66
2266,901,79,1,986.25
2267,902,71,5,1262.05
2268,902,85,4,4027.76
2269,902,33,2,3709.82
2270,902,11,4,2487.62
2271,903,96,5,2537.75
2272,903,35,3,4969.54
2273,903,6,5,2831.74
2274,904,96,5,1117.28
2275,904,26,2,4860.0
2276,904,5,4,3150.35
2277,905,56,1,4231.47
2278,905,44,2,2145.46
2279,905,80,1,664.78
2280,906,21,2,4175.35
2281,906,84,1,4499.72
2282,906,78,5,3309.06
2283,907,49,2,1133.78
2284,907,77,2,4555.76
2285,907,46,4,1795.49
2286,907,1,2,195.29
2287,908,46,3,4035.22
2288,909,24,4,1081.98
2289,910,4,1,772.55
2290,910,81,5,1818.55
2291,911,72,3,71.68
2292,912,17,2,438.01
2293,912,69,2,3513.93
2294,912,98,4,4669.74
2295,913,8,3,2665.31
2296,913,16,1,2854.75
2297,914,45,3,2676.9
2298,915,28,5,1826.63
2299,915,97,4,3020.02
2300,915,27,5,4066.18
2301,915,96,2,1390.93
2302,916,82,3,1221.68
2303,916,14,3,4297.21
2304,916,69,2,2455.8
2305,917,98,5,4358.18
2306,917,56,3,4267.16
2307,918,13,5,1749.31
2308,918,47,3,3250.28
2309,918,88,4,3881.33
2310,919,44,3,2979.16
2311,920,7,5,663.47
2312,920,55,5,1675.31
2313,921,34,5,2294.74
2314,921,14,3,123.72
2315,921,91,3,2586.87
2316,922,75,1,4429.64
2317,922,42,1,2576.58
2318,922,18,3,1476.13
2319,923,6,2,4591.38
2320,923,4,4,4667.24
2321,923,53,5,4654.89
2322,924,46,5,3503.96
2323,924,100,2,1872.92
2324,924,43,5,2578.36
2325,925,65,2,3337.03
2326,926,57,3,1535.12
2327,926,99,4,3156.55
2328,926,64,3,1891.91
2329,926,24,3,1455.17
2330,927,17,2,2595.86
2331,928,37,5,4070.56
2332,928,32,4,3000.87
2333,929,3,4,357.51
2334,930,43,3,3019.23
2335,930,37,5,4169.03
2336,930,73,4,2336.13
2337,931,93,1,2210.07
2338,931,17,2,3404.83
2339,931,44,4,3312.01
2340,932,16,2,1682.97
2341,932,76,2,1750.36
2342,932,4,2,3893.79
2343,932,56,4,1354.36
2344,933,49,3,663.43
2345,934,100,2,2479.55
2346,934,87,4,2016.64
2347,935,9,3,4094.33
2348,935,15,2,1417.71
2349,936,82,1,326.62
2350,936,37,3,1715.13
2351,936,31,3,1798.3
2352,936,80,3,4444.26
2353,937,56,2,4793.19
2354,937,55,5,4783.74
2355,937,85,2,1057.51
2356,938,90,4,2103.07
2357,938,7,5,4110.84
2358,938,79,3,3805.21
2359,938,39,5,503.71
2360,939,98,1,1503.83
2361,939,11,4,489.53
2362,939,43,4,2817.82
2363,939,99,2,512.77
2364,940,75,2,1154.18
2365,940,72,4,4441.48
2366,940,100,5,3424.17
2367,940,32,1,3357.74
2368,941,5,5,2899.98
2369,941,67,5,2754.29
2370,941,83,1,4898.62
2371,941,5,3,1890.44
2372,942,77,1,509.53
2373,942,48,2,907.4
2374,943,52,3,290.01
2375,943,79,2,3445.56
2376,944,91,2,4705.13
2377,944,56,2,2523.88
2378,945,24,1,3345.16
2379,946,70,5,3199.59
2380,946,67,2,4721.0
2381,947,72,5,3093.94
2382,948,37,4,2622.68
2383,948,97,4,3875.98
2384,948,56,4,1279.91
2385,949,18,1,2741.2
2386,949,39,5,3511.83
2387,949,24,3,972.42
2388,950,56,3,2429.64
2389,950,20,4,1569.42
2390,950,4,3,2342.35
2391,950,72,2,3844.15
2392,951,98,4,3016.39
2393,951,56,4,1236.11
2394,952,67,1,3431.34
2395,952,71,4,2245.95
2396,952,39,3,3066.45
2397,953,40,4,2656.05
2398,953,85,1,1564.48
2399,954,50,5,1125.27
2400,954,73,5,3530.53
2401,954,32,1,4061.35
2402,955,56,4,1589.21
2403,955,19,2,3094.5
2404,955,2,2,3151.7
2405,956,72,5,4035.76
2406,957,99,5,1973.57
2407,957,54,5,366.19
2408,957,16,5,951.21
2409,958,74,2,1252.82
2410,958,99,2,1368.13
2411,959,18,2,4521.41
2412,959,29,4,1078.55
2413,959,63,5,3879.01
2414,959,7,4,3393.68
2415,960,27,5,2097.68
2416,961,91,5,4820.12
2417,961,64,5,1260.81
2418,961,34,3,1672.9
2419,962,88,3,3395.11
2420,962,58,4,3276.04
2421,962,86,3,4137.09
2422,962,59,5,1957.6
2423,963,7,3,1719.75
2424,964,51,4,3275.71
2425,964,34,3,4706.16
2426,965,28,4,4581.67
2427,965,22,4,230.28
2428,965,53,1,1314.03
2429,966,46,2,4419.91
2430,966,33,2,259.44
2431,966,38,2,484.51
2432,966,88,5,2184.9
2433,967,59,1,4334.02
2434,967,18,1,1285.32
2435,967,11,5,508.81
2436,968,86,1,4032.11
2437,968,53,3,3155.38
2438,968,31,2,1617.16
2439,969,7,5,483.57
2440,969,34,2,4566.58
2441,969,24,5,2528.49
2442,970,55,4,3565.58
2443,970,27,2,4278.33
2444,970,86,5,3474.6
2445,970,7,3,687.84
2446,971,71,1,57.74
2447,971,6,5,3097.23
2448,972,95,4,263.93
2449,973,20,2,3035.54
2450,973,68,3,1780.38
2451,973,84,3,2922.88
2452,974,47,5,3013.06
2453,974,43,2,2391.75
2454,974,91,2,1789.17
2455,974,80,4,523.63
2456,975,38,2,1616.82
2457,976,6,3,4713.77
2458,976,1,4,2421.72
2459,977,16,2,248.74
2460,977,10,1,2996.93
2461,977,20,2,588.24
2462,978,37,3,4027.7
2463,978,26,4,595.64
2464,978,58,2,4833.81
2465,978,20,1,1452.92
2466,979,79,2,2245.18
2467,980,12,2,2098.15
2468,980,53,3,2020.81
2469,981,23,2,1046.17
2470,982,53,3,1731.78
2471,983,54,2,1290.21
2472,984,43,3,791.47
2473,984,59,2,4476.52
2474,984,87,2,2055.65
2475,985,96,1,762.67
2476,985,93,3,608.04
2477,985,1,3,4521.93
2478,985,88,4,2771.8
2479,986,55,5,63.56
2480,987,10,1,4858.78
2481,987,11,5,501.98
2482,987,50,4,4354.03
2483,987,77,2,4060.45
2484,988,47,2,2893.03
2485,988,30,2,132.66
2486,989,35,5,1445.29
2487,989,75,3,4843.17
2488,989,54,3,2391.75
2489,990,57,5,1519.16
2490,991,14,5,1174.65
2491,991,19,3,924.36
2492,992,53,5,3931.4
2493,992,81,3,3709.12
2494,992,74,1,756.29
2495,993,39,1,4288.16
2496,994,42,3,2744.65
2497,995,100,3,537.7
2498,996,25,3,1987.19
2499,996,47,2,1160.14
2500,997,26,2,82.24
2501,997,62,3,3514.52
2502,997,25,4,3517.76
2503,997,7,1,2909.31
2504,998,16,4,3866.79
2505,998,34,2,2281.64
2506,998,58,1,3216.95
2507,999,13,4,103.08
2508,999,96,3,2232.14
2509,1000,24,3,3533.63
2510,1001,71,2,4319.91
2511,1001,81,5,3737.01
2512,1002,58,5,1901.85
2513,1003,59,4,3045.39
2514,1004,5,3,3041.32
2515,1004,64,2,4840.97
2516,1004,100,5,1232.95
2517,1005,8,3,3619.49
2518,1006,100,4,3052.55
2519,1007,32,1,2466.22
2520,1007,28,4,1473.24
2521,1008,4,5,3030.68
2522,1008,33,3,263.64
2523,1008,45,3,4643.98
2524,1008,46,2,4896.63
2525,1009,74,2,4660.41
2526,1009,48,4,156.2
2527,1009,64,4,4331.77
2528,1010,74,3,1990.19
2529,1011,61,5,4409.64
2530,1012,55,2,3280.14
2531,1012,93,2,2278.33
2532,1012,75,2,2082.82
2533,1013,81,4,3948.8
2534,1013,9,1,2827.51
2535,1014,95,1,180.63
2536,1015,56,1,2958.79
2537,1015,9,5,1427.77
2538,1016,72,1,3285.72
2539,1017,7,2,4973.59
2540,1018,89,4,3350.52
2541,1018,68,1,1756.39
2542,1018,86,5,2336.07
2543,1018,63,4,3935.23
2544,1019,36,5,2347.52
2545,1020,65,2,4410.66
2546,1020,13,1,2837.68
2547,1020,55,5,4548.36
2548,1020,40,4,189.45
2549,1021,58,2,3196.91
2550,1021,77,3,1982.2
2551,1021,73,1,4952.92
2552,1021,22,2,232.75
2553,1022,27,3,2036.28
2554,1023,37,5,3923.06
2555,1023,79,2,1790.94
2556,1023,7,4,1816.78
2557,1023,55,4,3747.69
2558,1024,82,4,986.23
2559,1024,70,1,2777.43
2560,1024,94,1,2475.82
2561,1024,64,3,2572.48
2562,1025,64,4,3055.7
2563,1025,48,5,4646.11
2564,1025,86,3,3290.3
2565,1026,28,5,1214.22
2566,1026,50,5,2914.51
2567,1026,61,1,928.35
2568,1027,99,1,4219.65
2569,1027,79,2,354.83
2570,1028,33,4,3220.04
2571,1028,16,2,1938.54
2572,1028,63,1,2907.79
2573,1028,73,4,4812.71
2574,1029,27,3,1232.93
2575,1029,5,2,3154.21
2576,1030,98,5,2418.03
2577,1030,28,1,1638.64
2578,1031,68,2,2602.22
2579,1031,95,4,1900.86
2580,1031,31,3,4223.36
2581,1031,23,4,3463.25
2582,1032,18,5,3393.91
2583,1033,33,4,2545.7
2584,1033,15,2,2814.73
2585,1033,52,5,4279.74
2586,1033,76,2,1487.4
2587,1034,16,4,1192.25
2588,1034,22,2,730.35
2589,1034,29,1,2230.46
2590,1035,66,4,1711.45
2591,1035,2,2,2859.91
2592,1035,36,4,1898.93
2593,1035,98,1,1615.52
2594,1036,89,4,3637.61
2595,1036,100,5,440.44
2596,1036,39,2,417.11
2597,1036,17,3,1097.83
2598,1037,27,3,1275.79
2599,1037,90,1,390.11
2600,1037,43,4,1791.01
2601,1038,59,2,298.31
2602,1038,35,5,221.47
2603,1039,49,5,3524.06
2604,1039,48,4,3236.08
2605,1040,24,5,1320.08
2606,1040,26,5,547.08
2607,1040,69,4,4455.07
2608,1040,59,1,4042.6
2609,1041,42,1,2028.69
2610,1041,98,3,1177.75
2611,1041,75,3,1366.81
2612,1042,8,1,127.43
2613,1043,63,5,2396.02
2614,1043,80,2,1776.6
2615,1044,15,1,578.68
2616,1044,68,1,2549.4
2617,1045,79,5,3225.43
2618,1045,28,2,3825.17
2619,1045,81,5,1264.83
2620,1045,58,3,1090.18
2621,1046,65,1,548.69
2622,1046,42,4,236.04
2623,1046,25,3,2317.38
2624,1047,7,1,4359.71
2625,1047,53,3,4215.74
2626,1047,88,2,1952.52
2627,1047,39,3,4547.53
2628,1048,54,2,66.07
2629,1048,23,1,4161.12
2630,1048,44,3,3975.58
2631,1049,19,2,2869.6
2632,1049,1,4,4190.84
2633,1050,97,4,1268.29
2634,1051,30,3,1955.36
2635,1051,8,5,4633.29
2636,1051,34,4,3441.64
2637,1052,54,1,3990.73
2638,1053,74,5,4273.5
2639,1053,10,1,2235.41
2640,1054,14,4,989.93
2641,1054,18,1,1335.8
2642,1054,98,1,3714.05
2643,1055,22,2,1490.77
2644,1056,63,3,2026.83
2645,1057,66,1,4531.96
2646,1057,44,4,1302.81
2647,1057,11,5,3673.06
2648,1057,43,3,653.14
2649,1058,87,2,2202.02
2650,1058,47,1,745.37
2651,1059,77,1,1677.26
2652,1059,56,3,2782.03
2653,1059,57,5,539.57
2654,1060,94,4,2766.58
2655,1060,73,1,3534.25
2656,1060,23,3,2983.61
2657,1061,11,5,4320.8
2658,1061,83,1,3269.53
2659,1062,74,5,4556.92
2660,1062,35,5,608.87
2661,1063,37,1,3767.84
2662,1064,66,3,3482.17
2663,1064,51,5,2926.35
2664,1065,37,2,2090.33
2665,1066,1,1,4152.8
2666,1066,91,1,584.96
2667,1067,6,2,305.62
2668,1067,65,3,3524.11
2669,1067,56,5,4899.48
2670,1068,52,3,3139.99
2671,1068,70,1,3470.61
2672,1068,19,4,973.76
2673,1068,77,1,1274.1
2674,1069,59,3,4749.65
2675,1069,14,4,1595.25
2676,1069,35,5,662.58
2677,1069,41,2,3989.69
2678,1070,72,1,4467.53
2679,1071,25,1,2611.04
2680,1072,28,1,1828.55
2681,1072,69,2,4441.7
2682,1073,38,2,2738.56
2683,1073,92,1,3649.97
2684,1074,93,3,2002.95
2685,1074,51,4,4176.47
2686,1075,100,2,99.64
2687,1075,18,3,1272.14
2688,1076,21,2,2707.64
2689,1076,57,1,4077.04
2690,1076,61,4,196.71
2691,1077,80,2,3276.47
2692,1077,82,5,3768.91
2693,1078,82,4,3556.23
2694,1078,61,3,306.45
2695,1078,70,4,2459.63
2696,1078,18,1,246.6
2697,1079,23,3,4222.05
2698,1079,7,1,1243.45
2699,1079,28,1,4418.23
2700,1080,10,1,3455.22
2701,1080,97,5,3587.69
2702,1080,64,2,1454.1
2703,1081,18,3,1418.72
2704,1081,56,3,1482.23
2705,1081,9,4,3737.46
2706,1081,86,5,2983.42
2707,1082,76,2,2452.71
2708,1082,56,2,2925.6
2709,1083,90,2,1136.68
2710,1083,85,1,4034.44
2711,1083,22,5,2903.96
2712,1084,83,2,4852.72
2713,1084,81,2,3896.48
2714,1084,59,5,3272.0
2715,1084,67,1,2416.62
2716,1085,36,2,3271.03
2717,1086,46,4,3877.7
2718,1086,30,1,2629.27
2719,1087,75,2,400.34
2720,1087,11,4,3424.38
2721,1087,76,2,3388.59
2722,1088,41,2,1596.68
2723,1088,60,1,1763.6
2724,1089,84,1,2503.31
2725,1089,48,1,3629.91
2726,1089,71,3,2853.39
2727,1089,85,5,3066.64
2728,1090,26,3,2307.54
2729,1090,65,4,3536.53
2730,1090,54,2,3855.05
2731,1090,31,5,4675.1
2732,1091,75,3,411.15
2733,1091,100,3,2784.6
2734,1091,95,3,1425.62
2735,1092,21,3,2934.36
2736,1092,44,1,1020.92
2737,1093,91,1,3725.36
2738,1093,79,1,1787.54
2739,1094,75,4,1080.44
2740,1095,15,1,178.25
2741,1095,53,4,1577.68
2742,1095,14,2,4887.77
2743,1096,30,4,3793.73
2744,1096,94,5,98.59
2745,1096,43,1,1296.45
2746,1096,63,2,2508.31
2747,1097,19,2,1341.03
2748,1097,54,4,4224.23
2749,1098,6,2,4423.42
2750,1098,87,2,1121.57
2751,1098,70,1,742.64
2752,1098,11,4,362.48
2753,1099,46,3,3389.99
2754,1099,95,3,4392.76
2755,1100,10,2,2234.12
2756,1101,75,4,1258.63
2757,1101,64,2,398.13
2758,1101,40,5,4214.25
2759,1102,31,1,4493.44
2760,1102,69,5,2043.61
2761,1103,7,4,3673.42
2762,1103,43,5,4448.67
2763,1104,4,2,4079.49
2764,1105,66,1,1255.1
2765,1106,39,5,4761.58
2766,1106,92,1,3403.68
2767,1106,6,2,385.23
2768,1106,20,3,425.22
2769,1107,4,5,481.86
2770,1107,6,2,2613.09
2771,1107,55,1,2151.83
2772,1108,69,4,3225.57
2773,1108,81,2,959.4
2774,1108,9,3,2860.97
2775,1108,74,4,4316.3
2776,1109,27,2,4815.09
2777,1110,25,3,3338.24
2778,1110,33,2,3634.97
2779,1110,40,3,692.06
2780,1111,53,3,378.4
2781,1112,3,3,4225.1
2782,1113,9,1,3163.58
2783,1114,26,1,1210.34
2784,1115,43,4,2877.56
2785,1115,18,1,3617.72
2786,1115,98,2,3438.93
2787,1116,87,2,3004.14
2788,1116,46,4,3787.35
2789,1117,17,1,2471.15
2790,1117,100,1,3568.33
2791,1117,98,5,4461.55
2792,1117,72,5,2793.86
2793,1118,63,4,2406.8
2794,1118,57,3,4330.6
2795,1118,28,5,2427.9
2796,1118,85,1,687.52
2797,1119,78,5,465.92
2798,1119,74,2,3092.88
2799,1120,6,3,2558.06
2800,1120,29,1,1410.81
2801,1121,76,3,1629.47
2802,1122,66,1,3243.74
2803,1122,59,2,1438.72
2804,1122,69,5,4499.2
2805,1122,4,4,4811.11
2806,1123,100,3,3653.18
2807,1123,6,2,3150.57
2808,1123,14,3,4388.05
2809,1123,41,5,1690.69
2810,1124,73,1,3847.8
2811,1124,70,3,1230.21
2812,1125,93,2,213.19
2813,1125,36,3,3024.71
2814,1125,99,2,2938.47
2815,1125,58,1,3387.65
2816,1126,33,1,4718.62
2817,1126,30,5,1604.37
2818,1126,54,4,91.74
2819,1127,95,4,4819.49
2820,1128,99,3,1026.24
2821,1129,24,1,3449.58
2822,1129,45,3,3428.09
2823,1129,45,3,3791.02
2824,1130,35,3,4688.0
2825,1130,5,4,3806.28
2826,1130,67,5,3403.78
2827,1131,60,5,4378.91
2828,1131,69,5,4639.29
2829,1131,22,2,4876.03
2830,1131,14,1,3714.32
2831,1132,100,2,3411.72
2832,1132,2,3,157.24
2833,1132,97,5,1586.26
2834,1132,98,1,4936.48
2835,1133,38,4,572.97
2836,1133,57,3,3359.9
2837,1134,36,1,4715.92
2838,1135,89,3,2782.16
2839,1136,62,1,2632.99
2840,1136,33,3,787.23
2841,1136,56,2,3859.48
2842,1136,39,4,343.51
2843,1137,73,5,2101.42
2844,1137,11,1,4035.76
2845,1137,16,5,2342.77
2846,1138,30,2,827.3
2847,1139,100,1,3480.04
2848,1139,85,3,1159.44
2849,1139,97,1,2344.73
2850,1139,18,3,4208.53
2851,1140,99,5,2853.16
2852,1140,79,4,3303.48
2853,1140,33,5,4065.86
2854,1140,87,1,3786.08
2855,1141,34,2,2591.46
2856,1142,60,4,3140.42
2857,1143,34,4,4215.33
2858,1143,21,3,2362.22
2859,1144,68,1,571.15
2860,1144,88,2,342.98
2861,1144,66,4,3850.63
2862,1145,32,2,1274.93
2863,1145,34,3,3462.23
2864,1145,48,1,2575.02
2865,1146,22,4,1867.66
2866,1147,61,1,156.79
2867,1148,31,4,1390.52
2868,1148,94,2,1802.79
2869,1148,49,4,1515.29
2870,1149,27,4,733.46
2871,1149,12,2,1067.25
2872,1149,10,3,1326.28
2873,1150,15,5,4188.04
2874,1151,82,2,187.45
2875,1152,63,1,1276.84
2876,1153,84,5,1059.32
2877,1153,5,3,4362.16
2878,1153,23,1,4889.97
2879,1153,40,3,861.55
2880,1154,57,2,3753.9
2881,1154,47,2,2824.66
2882,1154,86,2,1614.02
2883,1154,55,1,662.28
2884,1155,14,3,3356.97
2885,1155,80,5,3591.34
2886,1155,40,3,3686.06
2887,1155,53,1,2693.0
2888,1156,41,2,2221.01
2889,1156,100,3,2699.81
2890,1156,20,4,2673.34
2891,1157,8,5,577.01
2892,1157,79,5,4094.29
2893,1157,85,3,4839.06
2894,1158,25,2,1014.53
2895,1158,72,3,2986.15
2896,1159,66,1,3483.64
2897,1159,86,3,4385.68
2898,1159,22,5,2613.46
2899,1160,4,4,1614.95
2900,1160,64,5,485.75
2901,1160,88,4,4051.06
2902,1161,34,3,4564.74
2903,1161,46,2,1438.47
2904,1161,90,4,2487.09
2905,1162,33,3,3904.09
2906,1162,36,5,1983.07
2907,1162,76,2,217.92
2908,1162,55,3,4043.33
2909,1163,56,1,1963.33
2910,1164,50,3,2754.37
2911,1164,17,4,1852.56
2912,1165,27,4,2340.05
2913,1165,30,5,1790.6
2914,1165,84,3,3283.46
2915,1166,3,5,548.35
2916,1166,16,1,4435.47
2917,1166,33,1,2365.55
2918,1166,47,3,4058.64
2919,1167,94,2,3035.11
2920,1167,6,1,3790.55
2921,1167,8,5,4177.61
2922,1168,19,3,2370.24
2923,1168,57,5,759.45
2924,1169,47,1,3547.97
2925,1169,38,2,665.66
2926,1170,100,1,1127.15
2927,1170,48,1,3262.97
2928,1170,30,5,1520.88
2929,1170,87,5,2567.15
2930,1171,35,2,2326.65
2931,1171,74,3,818.71
2932,1171,32,4,499.49
2933,1172,76,3,2871.05
2934,1172,93,3,1713.81
2935,1172,40,5,3508.31
2936,1172,46,5,1802.49
2937,1173,94,5,4385.44
2938,1173,23,4,3639.43
2939,1173,93,1,2490.41
2940,1173,37,2,2225.27
2941,1174,68,2,706.98
2942,1175,88,3,4516.06
2943,1175,21,2,3018.52
2944,1176,51,2,2405.2
2945,1176,14,4,2072.84
2946,1177,91,1,3843.91
2947,1177,36,1,1426.92
2948,1177,50,3,3335.71
2949,1178,11,2,2784.54
2950,1179,65,1,4787.16
2951,1179,3,3,82.42
2952,1180,91,2,2682.89
2953,1180,78,2,237.41
2954,1181,87,3,2958.93
2955,1181,22,5,4887.65
2956,1181,18,4,3910.23
2957,1182,63,4,3983.22
2958,1182,24,2,3143.5
2959,1182,41,3,1124.26
2960,1182,97,2,4108.6
2961,1183,25,2,3591.49
2962,1183,67,2,3059.16
2963,1183,99,5,976.18
2964,1183,45,1,253.27
2965,1184,49,1,2474.1
2966,1184,97,2,385.18
2967,1185,81,3,4771.11
2968,1185,90,5,1957.56
2969,1186,44,2,4379.2
2970,1186,9,3,4517.89
2971,1186,61,2,601.42
2972,1186,4,3,948.5
2973,1187,9,5,2293.22
2974,1187,4,5,4941.31
2975,1188,61,5,1087.48
2976,1189,60,4,4257.46
2977,1189,30,1,4912.91
2978,1190,25,3,4709.64
2979,1190,95,3,2610.11
2980,1190,7,2,3437.6
2981,1190,59,3,3052.36
2982,1191,68,2,2089.28
2983,1192,1,5,341.02
2984,1193,23,1,2825.84
2985,1193,81,4,472.69
2986,1194,97,1,2636.11
2987,1194,97,3,1768.49
2988,1195,77,3,2872.66
2989,1195,99,1,700.45
2990,1196,10,3,4062.92
2991,1196,100,5,2604.67
2992,1197,45,1,2328.21
2993,1197,58,5,196.3
2994,1197,22,2,118.11
2995,1197,71,5,2715.22
2996,1198,1,5,1450.9
2997,1198,9,4,1714.29
2998,1198,22,3,652.73
2999,1198,29,1,283.04
3000,1199,64,3,2602.59
3001,1199,63,3,1736.34
3002,1199,70,3,4749.99
3003,1199,1,5,1726.96
3004,1200,39,3,263.32
3005,1201,23,2,1984.59
3006,1201,80,3,3401.92
3007,1201,17,4,931.01
3008,1201,55,3,566.7
3009,1202,37,2,244.83
3010,1203,84,5,1388.43
3011,1203,85,3,4570.86
3012,1204,52,2,574.93
3013,1204,50,3,3328.88
3014,1204,38,5,4355.61
3015,1205,14,4,3931.35
3016,1205,92,4,2273.21
3017,1205,5,4,2801.77
3018,1206,73,5,3692.09
3019,1206,90,3,2687.85
3020,1206,58,3,3121.94
3021,1206,97,1,320.28
3022,1207,59,2,4892.77
3023,1207,38,1,2544.82
3024,1207,80,2,3282.94
3025,1207,58,5,3075.19
3026,1208,28,4,2389.91
3027,1208,10,2,1429.76
3028,1208,28,1,2184.24
3029,1209,46,5,2631.61
3030,1209,19,3,4911.77
3031,1209,57,5,122.22
3032,1210,1,3,244.42
3033,1210,81,5,1044.48
3034,1210,45,1,4018.91
3035,1210,58,3,1999.87
3036,1211,56,5,740.83
3037,1211,7,2,3357.74
3038,1212,61,2,4821.3
3039,1212,100,4,633.16
3040,1213,50,4,4951.61
3041,1213,10,2,4270.54
3042,1213,1,1,2785.2
3043,1214,59,5,4319.49
3044,1214,45,5,619.94
3045,1214,30,2,3542.91
3046,1215,44,4,1934.25
3047,1215,1,5,2721.28
3048,1216,43,4,4065.43
3049,1217,53,5,278.58
3050,1217,27,1,1050.81
3051,1218,10,2,4117.98
3052,1218,52,3,3288.47
3053,1218,17,5,2602.13
3054,1219,94,5,1371.49
3055,1219,87,5,4989.93
3056,1219,57,4,4091.02
3057,1219,4,4,4016.28
3058,1220,6,1,2518.66
3059,1220,49,1,4166.25
3060,1220,31,2,4365.8
3061,1220,5,1,3930.47
3062,1221,94,4,4959.57
3063,1222,26,4,2821.11
3064,1222,11,4,1229.89
3065,1222,90,4,2211.48
3066,1223,46,4,3553.97
3067,1224,1,3,1312.09
3068,1224,48,5,2213.78
3069,1224,16,5,788.74
3070,1225,40,1,1406.57
3071,1225,63,5,1839.66
3072,1225,30,1,1290.93
3073,1225,93,5,2540.41
3074,1226,23,4,1075.84
3075,1226,34,5,901.52
3076,1226,82,2,724.95
3077,1226,92,2,2902.4
3078,1227,16,3,2837.78
3079,1227,4,1,2332.08
3080,1228,28,2,3325.99
3081,1229,38,3,4742.97
3082,1230,100,3,2128.55
3083,1230,62,1,1848.72
3084,1230,86,3,596.79
3085,1231,84,4,1983.41
3086,1231,38,3,2117.56
3087,1231,76,2,2904.81
3088,1231,13,4,3443.83
3089,1232,48,4,3281.89
3090,1232,63,4,3771.59
3091,1232,52,3,4091.29
3092,1233,50,4,4313.57
3093,1233,62,4,282.0
3094,1233,46,2,91.68
3095,1233,86,3,4256.85
3096,1234,76,4,1588.71
3097,1234,42,2,399.52
3098,1235,8,3,2887.47
3099,1235,69,5,2500.78
3100,1235,18,5,2813.64
3101,1236,19,4,1834.93
3102,1236,95,3,751.63
3103,1236,1,4,431.17
3104,1236,90,5,1840.99
3105,1237,54,5,892.33
3106,1238,87,2,3244.51
3107,1238,56,3,221.77
3108,1238,49,4,741.48
3109,1238,54,4,1050.74
3110,1239,32,2,4010.5
3111,1240,33,2,325.27
3112,1241,70,2,4999.13
3113,1242,31,1,4489.35
3114,1242,14,1,4014.81
3115,1243,86,1,2032.39
3116,1243,33,5,2682.3
3117,1243,44,5,2515.86
3118,1244,18,3,1809.62
3119,1244,73,4,566.49
3120,1244,10,3,1004.64
3121,1245,33,3,2301.37
3122,1245,67,2,1621.04
3123,1245,58,5,4404.49
3124,1245,26,5,2308.57
3125,1246,85,2,1674.48
3126,1247,55,5,2188.53
3127,1247,32,2,4049.03
3128,1247,70,5,1809.24
3129,1247,96,5,2214.95
3130,1248,9,4,3283.97
3131,1248,19,3,4725.53
3132,1248,50,1,3477.88
3133,1249,100,4,688.1
3134,1250,78,3,3187.41
3135,1250,54,2,2979.96
3136,1250,51,5,1455.59
3137,1250,56,5,4307.03
3138,1251,63,5,2314.99
3139,1252,62,5,3648.08
3140,1252,78,1,497.76
3141,1252,1,2,3292.15
3142,1252,64,1,3053.25
3143,1253,87,5,1598.4
3144,1254,2,2,2723.13
3145,1254,85,4,836.28
3146,1255,16,3,3202.86
3147,1255,74,1,3187.86
3148,1256,94,4,899.03
3149,1256,40,3,2114.51
3150,1256,24,2,226.47
3151,1257,44,4,2069.77
3152,1257,81,2,3028.05
3153,1257,87,3,230.52
3154,1257,20,3,983.62
3155,1258,50,2,1649.01
3156,1258,87,5,502.15
3157,1259,2,2,315.59
3158,1259,64,3,1601.18
3159,1259,77,5,4199.01
3160,1260,87,3,4475.14
3161,1261,19,3,2669.64
3162,1262,97,3,293.89
3163,1262,36,3,121.69
3164,1263,95,2,4711.22
3165,1263,66,1,4282.09
3166,1264,4,2,1361.74
3167,1264,1,3,4642.97
3168,1264,26,1,169.04
3169,1264,80,1,2366.88
3170,1265,86,5,910.76
3171,1266,90,2,4696.58
3172,1266,17,4,2399.84
3173,1266,83,2,2473.12
3174,1267,44,3,2232.14
3175,1267,9,4,680.01
3176,1267,46,4,4737.72
3177,1268,42,3,2809.21
3178,1268,14,3,2367.36
3179,1268,13,2,4550.23
3180,1269,55,1,1730.95
3181,1269,88,2,2921.48
3182,1269,99,5,3737.63
3183,1269,17,5,1367.97
3184,1270,91,1,4169.73
3185,1270,9,3,341.4
3186,1270,83,1,1078.09
3187,1270,33,2,3201.11
3188,1271,56,2,2389.12
3189,1272,65,2,4463.61
3190,1272,58,4,985.27
3191,1272,91,5,395.86
3192,1273,78,5,4329.52
3193,1273,29,4,4598.85
3194,1274,19,4,1765.86
3195,1275,73,3,1609.54
3196,1275,86,1,4747.23
3197,1276,11,1,2136.04
3198,1276,87,2,4915.97
3199,1277,91,4,4289.06
3200,1278,77,1,277.0
3201,1278,92,3,4179.09
3202,1278,25,4,1293.37
3203,1279,51,3,1486.0
3204,1279,27,2,3756.31
3205,1280,76,1,1301.77
3206,1280,21,1,3176.13
3207,1280,60,2,867.49
3208,1280,57,4,3603.13
3209,1281,41,2,2335.99
3210,1281,7,5,4517.17
3211,1282,70,3,3359.84
3212,1282,14,1,3027.84
3213,1282,28,2,2725.01
3214,1282,48,2,245.49
3215,1283,76,1,4502.59
3216,1284,28,2,1743.43
3217,1284,94,4,3244.67
3218,1284,61,4,4429.31
3219,1284,37,4,1879.9
3220,1285,16,4,870.21
3221,1285,85,3,4821.44
3222,1285,84,1,1244.58
3223,1285,36,4,3206.73
3224,1286,24,3,4109.22
3225,1286,46,4,4285.57
3226,1287,99,1,1704.21
3227,1287,96,4,3687.49
3228,1287,43,1,2354.42
3229,1288,27,3,4865.69
3230,1288,97,1,4097.25
3231,1288,66,3,585.72
3232,1288,94,4,2009.62
3233,1289,46,5,1836.61
3234,1289,75,4,1669.68
3235,1289,53,1,256.79
3236,1289,82,2,3541.43
3237,1290,96,3,809.56
3238,1290,73,4,3696.98
3239,1290,67,3,3205.27
3240,1290,12,1,2841.57
3241,1291,17,3,508.28
3242,1291,34,3,1797.98
3243,1292,93,2,2293.14
3244,1292,17,2,2449.13
3245,1292,53,1,1401.43
3246,1293,19,4,1569.08
3247,1293,8,2,3113.2
3248,1293,61,1,2748.36
3249,1294,63,2,935.74
3250,1294,72,2,653.21
3251,1295,47,2,1591.42
3252,1295,86,2,3050.25
3253,1296,78,3,213.04
3254,1296,92,3,2860.44
3255,1297,72,3,176.61
3256,1297,56,5,4059.45
3257,1298,78,1,4609.68
3258,1298,60,5,4672.47
3259,1299,97,4,2044.23
3260,1299,88,5,169.03
3261,1299,57,5,821.35
3262,1300,52,4,4903.68
3263,1300,49,5,1577.61
3264,1300,72,2,2185.58
3265,1301,88,5,3187.22
3266,1302,67,4,2552.52
3267,1302,88,3,4531.84
3268,1303,68,3,1710.18
3269,1304,43,4,867.58
3270,1304,62,2,1916.17
3271,1305,27,2,1670.6
3272,1305,95,2,2464.82
3273,1306,92,4,4612.97
3274,1306,92,5,3572.44
3275,1306,61,1,3651.9
3276,1307,60,2,1002.56
3277,1307,87,2,1303.91
3278,1307,33,4,2110.13
3279,1308,6,3,545.64
3280,1309,77,4,480.32
3281,1309,7,4,4356.94
3282,1309,51,2,2535.66
3283,1310,97,5,3492.21
3284,1310,61,5,4836.5
3285,1310,35,3,3040.15
3286,1310,33,1,3781.86
3287,1311,11,5,4787.53
3288,1311,80,3,2114.59
3289,1311,12,2,3352.74
3290,1312,7,5,4876.33
3291,1312,30,2,4350.69
3292,1312,70,2,2745.05
3293,1313,51,5,3718.95
3294,1314,61,4,2948.8
3295,1314,18,2,2495.1
3296,1314,64,5,4848.75
3297,1315,81,5,2777.62
3298,1315,1,1,3890.68
3299,1316,21,1,430.06
3300,1316,28,1,2530.81
3301,1317,24,1,79.22
3302,1317,20,2,2920.7
3303,1317,47,2,1120.43
3304,1318,32,4,3203.94
3305,1318,88,2,3410.5
3306,1319,99,1,2988.55
3307,1319,23,1,881.41
3308,1319,6,2,1259.81
3309,1320,62,2,223.07
3310,1320,15,2,3131.0
3311,1320,78,1,4492.95
3312,1320,32,1,3332.28
3313,1321,63,3,2024.32
3314,1321,74,1,88.62
3315,1321,1,1,3297.98
3316,1321,82,1,4758.53
3317,1322,44,2,4113.1
3318,1322,23,3,4257.18
3319,1322,68,2,1323.03
3320,1322,28,5,4552.87
3321,1323,15,3,4570.07
3322,1323,41,3,3607.97
3323,1323,39,4,3113.09
3324,1323,15,4,4883.03
3325,1324,92,5,2288.37
3326,1325,62,2,2688.54
3327,1325,24,1,4226.64
3328,1326,6,5,1225.21
3329,1327,70,2,1451.01
3330,1328,23,2,880.27
3331,1329,86,1,173.79
3332,1329,77,2,930.84
3333,1329,90,1,2754.6
3334,1329,18,3,975.17
3335,1330,50,2,1836.68
3336,1330,84,1,4426.08
3337,1330,12,2,602.93
3338,1330,56,4,2841.8
3339,1331,22,5,4775.11
3340,1331,96,2,878.95
3341,1331,50,4,3414.18
3342,1332,96,1,2034.41
3343,1333,15,4,4936.72
3344,1334,95,5,2086.6
3345,1334,18,5,84.94
3346,1334,41,1,1698.81
3347,1334,65,4,4379.63
3348,1335,56,4,1207.62
3349,1335,3,2,897.03
3350,1336,11,4,3444.56
3351,1336,44,2,3221.55
3352,1336,3,3,4729.85
3353,1337,47,2,434.14
3354,1338,100,1,350.21
3355,1338,44,1,2264.43
3356,1338,41,1,2661.71
3357,1339,21,5,1491.51
3358,1339,63,4,358.31
3359,1339,64,5,1289.99
3360,1340,79,4,295.08
3361,1340,1,5,3292.5
3362,1340,30,1,3269.54
3363,1340,51,3,3316.4
3364,1341,44,5,1199.85
3365,1342,92,1,466.84
3366,1342,21,4,876.64
3367,1342,83,5,4910.41
3368,1343,93,2,2765.06
3369,1343,73,1,633.13
3370,1344,17,1,1836.98
3371,1344,12,2,362.89
3372,1345,33,1,2164.53
3373,1345,26,4,2694.11
3374,1346,80,5,245.72
3375,1347,23,3,255.21
3376,1348,9,1,3388.32
3377,1348,82,3,4286.51
3378,1348,61,1,3609.13
3379,1349,7,4,1394.01
3380,1349,46,4,2855.36
3381,1349,66,5,2057.42
3382,1349,25,1,859.46
3383,1350,8,4,3704.47
3384,1350,78,1,1574.13
3385,1350,39,5,3439.46
3386,1351,70,5,646.33
3387,1351,8,1,544.0
3388,1352,43,4,2524.25
3389,1352,89,4,2350.37
3390,1352,54,1,2943.13
3391,1353,17,3,2844.25
3392,1353,95,1,527.34
3393,1353,5,5,808.73
3394,1354,58,4,1566.8
3395,1355,62,4,3803.99
3396,1356,17,2,3344.13
3397,1357,33,3,4788.4
3398,1358,58,5,4376.18
3399,1358,57,4,3302.74
3400,1358,42,2,3656.22
3401,1359,80,3,3198.75
3402,1360,69,3,2644.47
3403,1360,72,4,3930.01
3404,1361,91,5,2519.31
3405,1361,59,2,3116.03
3406,1361,25,2,3161.67
3407,1362,90,4,4464.16
3408,1362,81,1,858.87
3409,1362,33,1,4476.69
3410,1363,74,5,2034.38
3411,1363,55,2,3583.64
3412,1364,99,4,1466.6
3413,1364,37,3,719.81
3414,1364,59,2,2948.4
3415,1365,41,4,3990.52
3416,1365,45,2,3565.06
3417,1366,71,5,2110.72
3418,1367,52,2,3955.72
3419,1367,20,4,1282.2
3420,1367,29,2,4291.59
3421,1367,1,4,3172.31
3422,1368,14,4,2149.43
3423,1369,35,1,627.62
3424,1369,89,2,504.74
3425,1370,89,2,1314.36
3426,1370,89,3,926.41
3427,1370,54,2,2035.7
3428,1370,68,5,2126.97
3429,1371,25,3,2323.88
3430,1371,37,3,1368.41
3431,1372,92,1,3713.97
3432,1372,84,3,1056.76
3433,1372,38,2,466.06
3434,1373,60,3,1362.43
3435,1374,38,5,1695.63
3436,1374,83,3,875.17
3437,1374,11,5,2680.82
3438,1375,23,3,1923.9
3439,1375,65,1,4501.2
3440,1375,10,2,3139.0
3441,1376,53,3,3774.53
3442,1377,33,4,1476.95
3443,1377,76,5,4398.29
3444,1378,23,3,2232.59
3445,1378,27,3,1111.32
3446,1378,80,5,2665.15
3447,1378,64,3,3835.13
3448,1379,47,2,4277.63
3449,1380,60,3,4057.13
3450,1381,48,1,3994.84
3451,1381,29,3,2426.53
3452,1381,73,2,4591.14
3453,1382,7,3,4791.41
3454,1382,72,2,1337.37
3455,1383,10,1,3634.88
3456,1383,12,2,1292.42
3457,1384,31,4,2698.61
3458,1384,88,4,4701.86
3459,1384,40,2,3736.65
3460,1385,35,4,115.57
3461,1386,95,5,1976.82
3462,1386,93,1,1919.22
3463,1386,77,4,1249.61
3464,1386,58,3,3055.32
3465,1387,9,5,4568.67
3466,1387,77,1,1959.5
3467,1388,55,1,4255.05
3468,1389,57,1,1782.48
3469,1389,2,1,582.03
3470,1389,22,3,61.02
3471,1390,11,4,268.29
3472,1390,33,1,976.87
3473,1391,22,5,4645.36
3474,1391,80,5,2107.34
3475,1391,66,2,3212.41
3476,1391,15,2,347.39
3477,1392,11,3,3750.29
3478,1392,79,5,1512.02
3479,1392,48,1,4259.81
3480,1392,80,4,3826.16
3481,1393,65,3,861.44
3482,1393,8,1,1465.29
3483,1393,36,3,725.25
3484,1393,51,1,3226.11
3485,1394,63,2,1271.12
3486,1394,69,4,385.26
3487,1395,75,3,889.8
3488,1395,91,3,3712.34
3489,1395,91,5,1402.64
3490,1396,85,4,3502.77
3491,1396,28,4,3526.52
3492,1396,78,5,893.66
3493,1397,4,3,1606.24
3494,1397,62,5,2372.68
3495,1398,50,4,2201.01
3496,1398,61,3,3613.46
3497,1399,6,3,2953.82
3498,1400,94,5,561.72
3499,1400,1,3,4095.67
3500,1400,30,5,325.59
3501,1401,44,4,3723.27
3502,1401,18,5,1810.05
3503,1402,80,4,2156.4
3504,1402,2,5,2124.76
3505,1402,46,3,3398.74
3506,1402,51,1,4538.43
3507,1403,11,2,481.01
3508,1403,12,5,1490.27
3509,1403,50,2,3333.26
3510,1404,40,3,4578.64
3511,1404,68,1,4388.42
3512,1404,17,3,1758.9
3513,1404,38,1,2533.46
3514,1405,42,4,1898.83
3515,1405,44,2,4015.46
3516,1406,61,4,3830.74
3517,1406,76,3,238.43
3518,1407,93,4,4609.68
3519,1407,47,3,2320.8
3520,1407,29,4,4383.64
3521,1407,33,5,4071.47
3522,1408,94,2,1684.78
3523,1408,22,2,4718.68
3524,1408,96,5,4155.78
3525,1409,59,5,4236.22
3526,1409,7,1,3315.37
3527,1409,42,2,4267.9
3528,1409,62,5,3769.99
3529,1410,80,3,2834.91
3530,1410,98,4,1672.39
3531,1411,27,5,2017.17
3532,1411,33,5,4753.53
3533,1412,19,1,4108.67
3534,1413,35,1,2216.4
3535,1413,8,5,1348.03
3536,1413,12,3,2873.23
3537,1414,17,3,760.34
3538,1415,61,3,1145.81
3539,1415,89,5,1736.51
3540,1415,91,2,3394.79
3541,1416,49,2,1701.86
3542,1416,79,3,2115.29
3543,1416,40,2,3628.93
3544,1416,96,2,157.74
3545,1417,66,3,746.65
3546,1418,32,2,1354.13
3547,1418,53,1,391.29
3548,1418,77,4,2651.61
3549,1418,25,4,762.42
3550,1419,84,4,4514.57
3551,1419,78,2,3312.11
3552,1420,37,1,3573.9
3553,1421,62,1,4032.02
3554,1422,7,2,1051.55
3555,1422,95,2,352.72
3556,1422,48,3,1442.79
3557,1422,68,3,1286.52
3558,1423,7,2,3401.07
3559,1423,81,5,4594.25
3560,1423,12,2,2382.57
3561,1423,71,5,288.98
3562,1424,88,1,205.5
3563,1424,31,4,2453.34
3564,1425,64,4,3926.46
3565,1425,59,2,4273.89
3566,1425,44,4,1918.5
3567,1425,46,3,1529.04
3568,1426,27,3,4502.6
3569,1427,79,3,4039.32
3570,1428,26,3,3869.01
3571,1428,93,1,584.0
3572,1428,7,2,1940.0
3573,1429,74,3,1888.75
3574,1429,31,1,2709.91
3575,1430,25,2,983.53
3576,1430,11,2,1857.86
3577,1431,40,5,1608.76
3578,1432,60,1,759.12
3579,1433,3,4,736.14
3580,1433,55,1,1958.26
3581,1433,37,1,1633.14
3582,1434,96,3,1563.26
3583,1435,56,2,581.44
3584,1435,54,3,2834.31
3585,1435,32,3,3321.47
3586,1435,59,5,2295.38
3587,1436,23,5,1445.27
3588,1437,73,3,4134.01
3589,1437,22,3,880.26
3590,1437,5,2,1183.0
3591,1437,100,3,2560.87
3592,1438,59,4,3853.63
3593,1438,21,3,2753.68
3594,1439,68,5,3032.8
3595,1439,11,5,3365.99
3596,1439,92,5,4770.9
3597,1440,78,3,4760.91
3598,1440,50,3,3143.46
3599,1440,9,5,1417.68
3600,1441,85,3,4992.26
3601,1441,56,3,3848.9
3602,1441,19,2,4132.1
3603,1441,1,1,1326.25
3604,1442,22,3,4371.46
3605,1442,95,5,1909.62
3606,1442,69,3,1684.66
3607,1443,2,1,2535.43
3608,1443,61,4,3015.63
3609,1443,45,1,668.43
3610,1443,88,3,1909.97
3611,1444,96,5,3411.4
3612,1445,55,4,759.1
3613,1445,83,3,4523.3
3614,1446,65,1,333.61
3615,1446,89,3,3346.86
3616,1447,62,1,4151.85
3617,1447,64,2,1385.76
3618,1447,55,1,3380.96
3619,1447,14,4,533.83
3620,1448,2,4,2957.66
3621,1448,17,1,1957.44
3622,1448,35,3,2433.09
3623,1449,63,3,1478.48
3624,1449,23,5,3572.57
3625,1450,17,5,3784.49
3626,1450,63,5,1725.33
3627,1451,46,1,2143.38
3628,1452,67,5,397.67
3629,1452,46,4,593.57
3630,1452,42,3,4187.46
3631,1452,87,4,450.71
3632,1453,54,5,4929.53
3633,1453,39,1,2850.08
3634,1453,54,2,1970.65
3635,1453,53,1,1741.09
3636,1454,41,1,3493.23
3637,1454,15,1,1134.46
3638,1454,76,3,2105.86
3639,1455,24,2,1340.96
3640,1455,48,1,2578.26
3641,1456,51,5,2050.25
3642,1456,76,2,453.54
3643,1456,19,4,4522.53
3644,1457,95,3,2812.31
3645,1457,98,4,2919.68
3646,1457,71,3,2651.69
3647,1457,74,5,3155.99
3648,1458,95,2,472.11
3649,1458,55,2,339.35
3650,1458,21,4,3153.52
3651,1458,34,2,1973.97
3652,1459,24,3,4077.83
3653,1459,94,1,2138.68
3654,1460,31,1,4709.39
3655,1460,18,4,1443.76
3656,1461,15,4,1982.74
3657,1462,97,5,497.86
3658,1463,32,4,4981.17
3659,1463,84,1,4192.43
3660,1463,47,3,1169.8
3661,1463,50,1,2129.3
3662,1464,23,2,109.75
3663,1464,25,3,2115.03
3664,1465,83,3,2477.14
3665,1465,48,4,3120.69
3666,1466,22,5,2628.14
3667,1466,9,1,4006.33
3668,1466,2,1,1124.59
3669,1467,61,2,141.41
3670,1467,97,2,1577.26
3671,1468,91,4,1557.8
3672,1468,89,4,1074.74
3673,1469,17,2,3945.88
3674,1469,53,1,623.88
3675,1469,66,2,113.69
3676,1470,70,1,3449.33
3677,1470,55,5,1681.1
3678,1471,18,1,2832.8
3679,1471,26,1,3565.35
3680,1471,13,2,2537.46
3681,1471,11,4,2447.91
3682,1472,27,4,2148.3
3683,1473,30,4,3272.11
3684,1473,79,3,2426.8
3685,1473,65,1,3267.72
3686,1473,21,4,4760.7
3687,1474,75,5,1435.41
3688,1474,2,2,1045.21
3689,1474,88,4,3075.0
3690,1475,86,5,1426.49
3691,1475,4,2,2478.31
3692,1476,45,2,3348.16
3693,1476,14,2,818.74
3694,1477,95,3,674.41
3695,1477,89,4,4766.63
3696,1477,43,4,2285.56
3697,1478,75,3,284.81
3698,1479,7,3,2043.9
3699,1479,59,5,354.86
3700,1480,17,4,1682.33
3701,1481,80,3,3987.64
3702,1481,78,1,2527.46
3703,1481,21,5,4783.19
3704,1482,65,5,4502.33
3705,1482,1,1,1673.63
3706,1483,76,4,2236.5
3707,1483,53,3,2893.0
3708,1483,32,4,3643.12
3709,1484,46,4,2098.96
3710,1484,45,2,2565.31
3711,1484,22,2,3530.53
3712,1484,97,4,587.18
3713,1485,85,3,3556.75
3714,1485,73,1,4452.38
3715,1485,17,5,1559.36
3716,1486,75,3,989.07
3717,1486,96,3,3714.75
3718,1486,41,4,2427.28
3719,1487,51,1,3623.06
3720,1487,31,5,2703.48
3721,1487,56,3,3145.4
3722,1487,3,1,3549.82
3723,1488,90,3,2991.97
3724,1489,96,4,2602.06
3725,1489,19,2,2843.39
3726,1489,84,3,4798.41
3727,1489,97,5,3795.24
3728,1490,2,1,2916.91
3729,1490,37,1,813.46
3730,1490,59,1,2104.59
3731,1490,14,5,3886.26
3732,1491,53,1,3542.09
3733,1491,64,5,255.86
3734,1492,18,1,3361.26
3735,1492,4,2,4635.76
3736,1492,92,2,2775.37
3737,1492,71,1,4720.34
3738,1493,2,5,3108.14
3739,1493,51,4,2171.62
3740,1494,57,2,4724.08
3741,1494,26,4,1156.55
3742,1495,65,2,4935.29
3743,1495,49,3,2131.61
3744,1495,1,4,3220.97
3745,1496,45,4,3313.8
3746,1497,63,3,4203.02
3747,1497,25,5,2069.79
3748,1497,62,1,1622.35
3749,1498,58,2,3025.13
3750,1498,10,4,1293.73
3751,1498,77,1,2972.2
3752,1498,96,3,1389.2
3753,1499,71,5,2501.01
3754,1499,31,1,3787.51
3755,1499,67,5,2172.34
3756,1499,16,1,4256.68
3757,1500,28,1,726.16
3758,1500,76,2,2140.99
3759,1500,54,2,1615.37
3760,1501,100,5,4478.2
3761,1501,88,1,2839.58
3762,1501,67,1,1563.98
3763,1501,12,3,1961.22
3764,1502,78,4,3854.4
3765,1502,2,1,176.6
3766,1502,75,1,4832.57
3767,1503,58,2,2619.31
3768,1504,33,4,2233.09
3769,1504,98,2,3172.48
3770,1504,94,4,1451.13
3771,1505,97,5,1198.29
3772,1505,74,1,2794.64
3773,1505,36,1,1092.81
3774,1505,74,5,1623.89
3775,1506,64,1,2642.2
3776,1506,19,1,1045.58
3777,1506,2,3,1504.28
3778,1506,85,5,3205.14
3779,1507,46,1,562.64
3780,1507,75,1,1021.78
3781,1508,77,3,4306.1
3782,1508,2,5,1504.34
3783,1508,85,5,1449.3
3784,1509,41,5,2269.98
3785,1509,80,5,229.94
3786,1510,98,2,1272.17
3787,1510,70,4,3412.94
3788,1511,50,4,229.56
3789,1511,81,4,4165.38
3790,1511,94,5,2907.33
3791,1511,41,1,4476.51
3792,1512,3,2,2842.67
3793,1512,61,5,1128.44
3794,1512,60,3,1486.47
3795,1513,3,5,544.6
3796,1513,26,4,1232.15
3797,1514,82,5,4369.36
3798,1514,58,1,942.78
3799,1515,32,5,875.88
3800,1515,1,4,655.92
3801,1515,40,5,445.23
3802,1515,42,1,1151.19
3803,1516,10,4,2571.31
3804,1517,44,4,4154.58
3805,1518,58,4,403.81
3806,1518,18,5,2785.73
3807,1518,18,1,4379.13
3808,1518,8,2,2676.8
3809,1519,41,4,1385.59
3810,1519,46,5,3140.02
3811,1519,24,2,3413.9
3812,1519,2,2,2117.35
3813,1520,57,4,2672.83
3814,1520,15,5,4365.97
3815,1520,22,3,3810.13
3816,1520,61,2,1921.13
3817,1521,97,4,367.51
3818,1521,52,3,2902.13
3819,1521,54,4,4742.73
3820,1522,13,3,1615.96
3821,1522,58,3,3839.31
3822,1522,46,4,3609.92
3823,1523,87,5,2682.63
3824,1523,42,2,3615.49
3825,1523,84,5,2888.55
3826,1524,91,1,4091.04
3827,1525,14,1,4103.73
3828,1525,41,4,2407.8
3829,1525,32,2,2740.06
3830,1526,10,3,2326.74
3831,1526,37,4,2497.5
3832,1526,5,3,348.41
3833,1527,97,5,95.76
3834,1527,78,5,1051.25
3835,1527,95,2,4962.82
3836,1527,75,2,1332.93
3837,1528,90,1,928.51
3838,1528,63,3,2570.27
3839,1528,55,1,1280.69
3840,1529,96,3,1915.27
3841,1529,89,2,4277.85
3842,1529,100,5,2911.51
3843,1530,39,5,4859.27
3844,1530,47,2,1430.54
3845,1531,58,1,1728.06
3846,1531,41,3,3626.21
3847,1531,68,2,2042.02
3848,1532,82,2,4030.29
3849,1533,87,2,2346.74
3850,1533,49,1,3342.21
3851,1533,96,4,3875.85
3852,1534,75,4,4794.99
3853,1534,33,4,2118.93
3854,1534,24,2,3181.35
3855,1534,4,2,3438.42
3856,1535,84,3,2374.44
3857,1535,97,4,3772.89
3858,1535,89,2,2095.38
3859,1536,74,2,4594.13
3860,1537,23,5,4759.54
3861,1537,12,2,4669.14
3862,1538,18,5,3780.66
3863,1538,1,4,967.88
3864,1539,88,5,1290.99
3865,1539,94,1,4561.61
3866,1540,36,3,1871.88
3867,1540,9,5,3083.93
3868,1540,41,5,4492.83
3869,1541,11,3,3840.82
3870,1541,7,2,1768.42
3871,1542,4,2,4527.67
3872,1542,21,5,795.78
3873,1543,25,3,3355.3
3874,1543,79,1,1576.34
3875,1543,58,5,4075.95
3876,1543,70,4,1833.43
3877,1544,55,5,2941.86
3878,1545,84,2,507.27
3879,1545,19,3,345.43
3880,1545,54,2,4259.65
3881,1545,53,5,1602.96
3882,1546,81,2,1525.38
3883,1546,50,1,3441.85
3884,1546,68,5,915.45
3885,1547,74,2,4262.64
3886,1548,23,5,3010.03
3887,1548,84,3,2005.55
3888,1548,86,2,1995.01
3889,1548,10,4,1051.67
3890,1549,71,3,1967.85
3891,1550,61,2,3733.89
3892,1551,66,1,1216.3
3893,1551,27,4,1592.4
3894,1552,66,3,3925.3
3895,1553,37,5,449.64
3896,1553,12,4,4044.72
3897,1553,31,3,4273.51
3898,1553,91,2,4299.32
3899,1554,30,1,352.26
3900,1555,50,4,1212.6
3901,1556,56,2,4924.43
3902,1556,19,5,1406.9
3903,1556,41,3,408.23
3904,1556,97,1,2690.44
3905,1557,59,5,4573.25
3906,1557,49,2,856.06
3907,1557,74,3,425.97
3908,1558,82,1,2581.68
3909,1559,11,1,1944.12
3910,1559,100,4,3749.91
3911,1559,95,1,954.15
3912,1559,50,1,1516.16
3913,1560,82,1,2238.88
3914,1561,26,5,4155.09
3915,1561,80,1,4549.62
3916,1561,93,4,4461.48
3917,1562,40,3,409.33
3918,1562,4,4,1974.86
3919,1563,70,5,1475.06
3920,1563,61,2,4249.43
3921,1563,19,1,2181.34
3922,1563,8,2,4560.32
3923,1564,20,2,3882.22
3924,1564,74,2,1765.4
3925,1564,96,3,4243.33
3926,1565,59,1,4011.25
3927,1566,88,4,3791.95
3928,1567,4,2,1257.22
3929,1567,85,1,4952.82
3930,1567,82,1,4210.64
3931,1568,57,1,1300.28
3932,1568,44,2,4653.95
3933,1568,85,2,3892.21
3934,1568,64,1,1310.89
3935,1569,46,3,3690.93
3936,1569,9,2,2836.39
3937,1569,71,2,1498.9
3938,1570,21,1,4112.41
3939,1570,24,5,4793.13
3940,1571,46,2,285.42
3941,1572,18,1,4231.48
3942,1572,51,5,67.75
3943,1572,21,4,3056.02
3944,1573,43,1,4262.64
3945,1573,98,1,2412.27
3946,1574,92,2,1428.86
3947,1574,77,1,1196.83
3948,1575,31,1,1272.97
3949,1575,89,2,1858.6
3950,1575,95,2,2457.4
3951,1576,20,2,2827.71
3952,1576,65,3,1513.65
3953,1576,98,2,2435.06
3954,1576,51,3,1321.61
3955,1577,20,5,3799.7
3956,1577,95,5,144.83
3957,1577,29,1,2637.55
3958,1578,13,3,2805.29
3959,1578,84,2,4155.97
3960,1578,76,1,2600.94
3961,1579,43,1,3782.05
3962,1580,86,5,4281.96
3963,1580,85,1,1706.17
3964,1580,4,3,633.7
3965,1581,28,4,2466.72
3966,1581,14,1,3090.73
3967,1582,33,3,1322.92
3968,1582,74,2,2861.6
3969,1582,89,1,2384.74
3970,1582,63,3,4277.84
3971,1583,4,2,3564.62
3972,1584,51,5,3414.03
3973,1584,65,3,4581.02
3974,1584,68,4,1681.29
3975,1585,97,2,2420.37
3976,1585,100,3,3014.43
3977,1585,52,4,4730.86
3978,1585,57,2,1134.65
3979,1586,94,1,3849.06
3980,1586,61,3,562.51
3981,1586,1,5,572.84
3982,1586,1,2,2209.96
3983,1587,65,2,1810.17
3984,1587,17,5,3407.98
3985,1588,1,3,1118.93
3986,1588,32,3,628.99
3987,1588,3,2,2009.82
3988,1589,62,4,1898.66
3989,1589,89,4,2122.74
3990,1589,38,5,4679.84
3991,1590,86,1,2165.4
3992,1590,52,4,2640.04
3993,1591,41,2,1345.04
3994,1591,83,5,381.93
3995,1591,44,2,2463.05
3996,1591,35,2,3068.58
3997,1592,97,5,1140.06
3998,1592,27,5,3826.22
3999,1593,31,5,1865.14
4000,1593,95,4,256.75
4001,1593,84,5,4909.34
4002,1594,24,5,4038.68
4003,1594,60,2,1486.88
4004,1595,12,1,1307.1
4005,1596,93,3,2303.72
4006,1596,43,3,3651.19
4007,1596,26,4,4288.26
4008,1596,5,3,3816.21
4009,1597,74,4,2321.16
4010,1598,78,3,1854.74
4011,1599,44,5,2422.41
4012,1599,58,2,3067.51
4013,1599,13,1,3333.45
4014,1599,99,3,155.12
4015,1600,27,4,2730.1
4016,1600,94,5,528.03
4017,1600,7,5,4332.93
4018,1600,3,3,4061.27
4019,1601,41,4,3143.25
4020,1601,36,2,206.9
4021,1601,92,2,4035.33
4022,1601,88,5,3318.17
4023,1602,85,4,4019.29
4024,1602,87,4,4766.79
4025,1602,74,5,549.29
4026,1602,41,5,2339.84
4027,1603,53,2,1575.6
4028,1603,9,1,208.65
4029,1604,57,5,4590.13
4030,1604,54,4,4668.57
4031,1604,15,2,1955.92
4032,1605,89,2,2768.62
4033,1605,9,5,4845.56
4034,1605,99,5,4208.33
4035,1605,22,4,3802.79
4036,1606,84,2,1328.36
4037,1606,87,5,366.71
4038,1606,52,1,3208.97
4039,1607,13,3,3403.07
4040,1607,72,3,4384.56
4041,1607,25,4,3580.65
4042,1608,91,3,1111.8
4043,1609,27,1,2671.58
4044,1609,48,5,2047.62
4045,1609,64,1,2490.6
4046,1609,16,4,3769.31
4047,1610,33,5,3564.43
4048,1610,13,3,3761.19
4049,1610,1,1,342.59
4050,1611,5,4,1879.48
4051,1611,6,2,1230.29
4052,1611,16,1,3646.6
4053,1612,100,1,2250.44
4054,1612,78,4,836.59
4055,1612,53,5,3715.89
4056,1613,94,5,2541.35
4057,1613,43,3,811.65
4058,1614,96,3,1330.18
4059,1614,76,4,2899.83
4060,1615,48,1,3994.96
4061,1615,83,5,2428.18
4062,1616,53,4,3173.79
4063,1616,42,3,2254.51
4064,1617,66,4,4189.76
4065,1617,90,2,4776.01
4066,1617,62,1,4555.78
4067,1618,25,5,3737.04
4068,1618,19,3,3255.42
4069,1618,76,1,3990.67
4070,1619,59,1,2813.31
4071,1619,25,4,60.01
4072,1619,82,1,2403.55
4073,1619,29,1,1323.07
4074,1620,45,4,4772.75
4075,1620,8,1,1502.91
4076,1621,13,4,3426.28
4077,1621,64,4,1793.01
4078,1622,100,1,2217.2
4079,1622,20,4,2899.48
4080,1622,91,4,557.8
4081,1622,56,2,3719.38
4082,1623,2,4,4373.06
4083,1623,98,3,933.32
4084,1623,90,4,828.56
4085,1624,89,3,1092.76
4086,1625,63,4,2336.18
4087,1626,22,4,221.5
4088,1626,95,3,1594.45
4089,1627,51,2,2894.04
4090,1628,66,3,4978.28
4091,1628,35,4,674.25
4092,1628,54,1,4139.5
4093,1629,60,5,830.0
4094,1629,84,1,3426.16
4095,1629,56,5,156.14
4096,1629,89,1,1635.35
4097,1630,5,2,1994.71
4098,1630,9,2,1323.96
4099,1630,90,5,4360.7
4100,1631,29,1,4332.43
4101,1631,20,1,4086.91
4102,1631,92,4,1950.2
4103,1631,56,4,4852.2
4104,1632,84,1,1655.39
4105,1632,95,2,1424.69
4106,1632,81,1,3473.45
4107,1633,73,3,1145.21
4108,1633,29,2,4727.99
4109,1633,65,4,4571.76
4110,1633,60,5,3344.37
4111,1634,71,1,1236.81
4112,1634,67,1,4770.18
4113,1634,58,2,974.62
4114,1635,49,4,4293.43
4115,1635,97,5,1955.01
4116,1636,43,3,710.25
4117,1636,15,3,639.76
4118,1636,57,1,4964.87
4119,1637,86,3,4909.8
4120,1637,2,3,4821.9
4121,1637,21,5,4734.02
4122,1638,72,4,2681.43
4123,1639,38,1,677.2
4124,1639,25,3,4645.51
4125,1639,76,5,4194.99
4126,1640,84,2,4667.25
4127,1640,41,5,2015.87
4128,1640,20,4,1270.22
4129,1640,56,1,223.21
4130,1641,43,3,361.4
4131,1641,12,4,4011.68
4132,1642,89,3,424.0
4133,1642,75,2,2399.38
4134,1642,67,3,2960.41
4135,1642,28,1,4183.8
4136,1643,59,2,1372.24
4137,1643,33,3,2673.3
4138,1644,86,1,3140.84
4139,1645,55,2,604.39
4140,1645,35,4,3828.31
4141,1645,51,3,3432.05
4142,1645,10,3,786.05
4143,1646,99,3,1278.89
4144,1646,19,2,4241.92
4145,1646,34,4,243.67
4146,1646,87,5,519.16
4147,1647,14,3,2663.73
4148,1648,22,5,3616.68
4149,1649,79,5,2699.46
4150,1650,100,5,3025.4
4151,1651,32,4,3851.87
4152,1651,39,5,3346.83
4153,1651,83,1,4057.01
4154,1652,66,1,2463.29
4155,1652,77,2,91.02
4156,1652,2,5,4265.8
4157,1652,42,5,2732.11
4158,1653,43,5,256.91
4159,1654,35,1,1003.32
4160,1655,92,1,1732.59
4161,1655,5,5,4202.3
4162,1655,15,1,1728.56
4163,1656,44,5,3617.26
4164,1656,85,4,4061.28
4165,1657,82,2,4809.08
4166,1658,9,1,2084.11
4167,1658,54,5,1552.13
4168,1659,18,1,845.78
4169,1660,56,4,4155.83
4170,1660,100,3,763.72
4171,1660,15,2,3542.98
4172,1661,73,5,4326.55
4173,1661,51,2,305.29
4174,1661,35,5,2570.78
4175,1662,75,3,3014.15
4176,1662,23,4,72.27
4177,1662,75,2,52.41
4178,1663,11,3,3738.18
4179,1663,48,4,4844.66
4180,1664,64,1,3807.11
4181,1664,51,3,2480.29
4182,1664,66,1,1094.85
4183,1665,74,5,1759.55
4184,1665,8,3,1213.85
4185,1665,65,5,3393.29
4186,1666,38,1,2019.78
4187,1666,46,1,2665.4
4188,1666,19,5,4393.66
4189,1666,25,2,3855.87
4190,1667,3,4,4981.07
4191,1667,35,5,4591.42
4192,1668,33,1,4588.43
4193,1668,53,1,4468.37
4194,1668,86,5,1852.17
4195,1668,100,3,2475.54
4196,1669,70,4,636.92
4197,1669,96,1,3454.75
4198,1669,65,2,2904.21
4199,1670,5,5,1135.28
4200,1670,35,3,4209.98
4201,1670,87,4,2599.04
4202,1671,73,5,4642.99
4203,1671,16,5,901.32
4204,1671,56,5,1946.22
4205,1672,79,2,930.01
4206,1672,86,5,2103.19
4207,1672,19,4,2206.18
4208,1672,21,2,1237.96
4209,1673,11,2,2376.55
4210,1673,30,3,657.69
4211,1674,79,5,3533.4
4212,1674,45,3,3192.16
4213,1675,72,1,846.95
4214,1675,18,5,137.85
4215,1675,59,4,449.3
4216,1675,4,4,693.22
4217,1676,47,1,710.92
4218,1676,50,5,1467.0
4219,1676,59,2,3895.88
4220,1677,36,1,4970.2
4221,1677,83,3,3497.76
4222,1678,4,2,972.08
4223,1679,95,1,4143.57
4224,1679,56,4,4833.34
4225,1680,55,4,3216.67
4226,1681,61,4,3247.2
4227,1681,18,1,3576.53
4228,1681,13,1,3326.24
4229,1682,38,1,2778.96
4230,1683,32,4,4238.61
4231,1683,23,4,138.33
4232,1683,11,5,2262.48
4233,1684,80,3,3239.53
4234,1684,25,3,755.21
4235,1684,42,2,2977.79
4236,1684,79,2,712.97
4237,1685,47,4,2410.62
4238,1685,99,2,2307.14
4239,1686,47,4,3388.54
4240,1686,7,2,4975.86
4241,1686,85,5,2651.42
4242,1687,24,1,544.05
4243,1687,37,5,1579.61
4244,1687,5,2,3569.33
4245,1688,68,2,2933.06
4246,1688,51,5,2471.47
4247,1689,23,1,3802.7
4248,1689,86,3,2337.5
4249,1689,89,5,3870.7
4250,1690,48,5,3968.4
4251,1690,40,4,3776.44
4252,1691,50,5,3522.73
4253,1692,88,5,929.41
4254,1692,44,2,697.47
4255,1693,20,3,1586.91
4256,1694,54,4,2980.66
4257,1695,53,4,3241.98
4258,1695,68,1,2623.1
4259,1695,98,5,2608.06
4260,1696,28,4,3744.15
4261,1696,11,2,4355.15
4262,1696,42,5,3607.3
4263,1696,100,3,4891.8
4264,1697,91,1,618.09
4265,1697,72,3,3754.2
4266,1698,30,3,4808.1
4267,1698,7,1,3112.93
4268,1699,28,4,2462.71
4269,1699,55,2,2035.09
4270,1699,26,5,4580.6
4271,1699,75,4,4422.54
4272,1700,38,5,4721.09
4273,1700,64,4,2872.45
4274,1700,91,4,2792.08
4275,1701,18,1,267.76
4276,1701,92,1,165.04
4277,1702,13,3,930.63
4278,1703,86,4,3000.95
4279,1703,51,2,1632.7
4280,1703,42,4,1650.65
4281,1703,44,1,1304.12
4282,1704,73,4,2254.26
4283,1705,85,5,89.22
4284,1706,81,3,2598.48
4285,1706,62,2,1400.84
4286,1706,85,2,2444.67
4287,1707,93,5,4795.09
4288,1707,55,3,3533.66
4289,1707,17,5,1522.18
4290,1708,6,3,619.09
4291,1708,16,5,2350.51
4292,1709,9,2,3280.05
4293,1709,33,2,3806.4
4294,1709,31,3,1198.47
4295,1710,60,3,3393.79
4296,1710,88,4,2513.65
4297,1710,28,3,4520.84
4298,1710,17,4,4005.87
4299,1711,69,4,1647.22
4300,1711,27,1,94.92
4301,1711,91,5,2216.14
4302,1712,33,1,2378.05
4303,1713,10,2,4343.88
4304,1713,4,4,472.43
4305,1713,85,5,3001.83
4306,1713,62,3,4982.42
4307,1714,91,4,3041.03
4308,1714,64,3,2399.11
4309,1714,96,1,2324.34
4310,1714,97,2,1484.66
4311,1715,48,4,2144.82
4312,1715,85,2,3924.04
4313,1716,28,2,1773.91
4314,1717,50,5,1889.99
4315,1717,19,3,1663.33
4316,1718,94,4,2473.62
4317,1718,41,1,2399.02
4318,1718,72,1,3743.28
4319,1718,85,4,920.49
4320,1719,84,5,1522.8
4321,1719,60,4,1376.75
4322,1720,96,1,957.9
4323,1720,49,1,1338.53
4324,1720,90,5,1062.82
4325,1720,52,2,581.22
4326,1721,23,4,1702.04
4327,1721,90,3,1315.55
4328,1721,75,1,2936.19
4329,1721,9,5,4192.36
4330,1722,52,2,4994.24
4331,1722,8,4,1044.21
4332,1722,19,1,3973.08
4333,1722,7,3,3410.17
4334,1723,34,1,2254.4
4335,1723,60,1,4361.92
4336,1723,65,1,497.51
4337,1723,95,3,3837.48
4338,1724,89,4,3755.69
4339,1724,86,2,3041.54
4340,1725,21,4,4613.47
4341,1725,21,5,1618.67
4342,1725,96,5,1993.21
4343,1726,61,1,1706.46
4344,1726,39,5,2983.99
4345,1726,92,1,2397.31
4346,1726,24,5,4603.67
4347,1727,78,5,4655.72
4348,1727,42,3,3533.83
4349,1727,24,4,96.85
4350,1727,85,2,2890.71
4351,1728,100,1,1100.12
4352,1728,17,4,2571.11
4353,1729,61,3,2132.43
4354,1729,21,1,1286.08
4355,1730,10,3,2523.62
4356,1730,11,2,3722.16
4357,1730,9,5,1366.27
4358,1731,9,5,1798.31
4359,1731,53,1,2390.96
4360,1731,86,3,1713.18
4361,1732,20,2,3478.97
4362,1732,47,2,3469.48
4363,1733,72,4,3357.5
4364,1733,56,2,78.42
4365,1733,86,2,3850.5
4366,1734,78,2,3997.02
4367,1734,46,2,2738.68
4368,1735,68,5,2514.37
4369,1735,48,2,1786.21
4370,1735,77,4,1536.59
4371,1735,21,4,2654.93
4372,1736,95,4,1367.11
4373,1736,36,3,1638.75
4374,1736,59,2,4489.49
4375,1737,14,1,4620.34
4376,1737,16,5,4748.49
4377,1738,68,5,293.13
4378,1739,41,4,3713.17
4379,1739,45,1,3748.51
4380,1739,44,5,600.02
4381,1739,2,3,2672.41
4382,1740,1,5,4527.18
4383,1741,63,5,2484.52
4384,1741,34,3,2522.76
4385,1741,11,5,1100.12
4386,1741,69,5,4776.16
4387,1742,25,4,3939.74
4388,1742,38,4,3825.83
4389,1742,32,2,1208.15
4390,1742,57,4,1418.69
4391,1743,30,2,4765.73
4392,1743,74,2,823.27
4393,1743,89,4,4603.39
4394,1743,22,5,616.49
4395,1744,45,1,947.53
4396,1745,38,2,2769.61
4397,1745,82,4,1262.13
4398,1745,41,1,1649.5
4399,1745,22,1,3021.42
4400,1746,41,1,1299.87
4401,1747,97,4,180.78
4402,1747,62,5,2163.98
4403,1748,35,3,4749.9
4404,1749,58,2,4883.71
4405,1749,53,4,129.57
4406,1749,69,3,2923.97
4407,1749,78,5,511.01
4408,1750,63,2,1974.89
4409,1750,47,2,3089.29
4410,1750,83,5,2659.41
4411,1751,39,5,3750.16
4412,1751,88,3,4520.63
4413,1751,47,4,626.52
4414,1751,15,5,2699.34
4415,1752,34,5,4666.89
4416,1752,9,4,1253.63
4417,1752,73,3,946.4
4418,1753,33,4,2409.82
4419,1753,36,2,2221.01
4420,1753,21,1,750.94
4421,1753,65,3,2600.31
4422,1754,48,4,4517.2
4423,1754,10,5,452.85
4424,1754,71,5,4171.4
4425,1754,61,3,1897.9
4426,1755,17,2,4079.18
4427,1755,6,1,4594.82
4428,1756,76,1,1632.46
4429,1756,45,1,2218.84
4430,1756,49,3,2775.12
4431,1757,5,3,3660.32
4432,1757,9,5,1159.38
4433,1757,39,2,1487.73
4434,1758,85,4,560.59
4435,1758,18,2,3069.84
4436,1759,8,4,1714.36
4437,1759,26,3,4392.55
4438,1760,92,3,3082.03
4439,1760,61,3,4666.88
4440,1761,74,4,4987.78
4441,1762,65,2,3664.67
4442,1762,16,5,2046.53
4443,1763,68,4,2822.69
4444,1764,82,4,2546.02
4445,1764,71,2,3902.42
4446,1764,61,2,2352.09
4447,1765,32,1,2960.55
4448,1765,61,4,1136.49
4449,1765,83,5,3637.44
4450,1765,56,4,2088.98
4451,1766,85,5,4979.05
4452,1766,65,3,4653.17
4453,1766,2,1,3446.28
4454,1766,38,3,4979.97
4455,1767,57,2,3022.98
4456,1768,79,1,3447.03
4457,1768,3,4,3080.16
4458,1769,89,2,2053.57
4459,1769,19,4,2608.13
4460,1770,38,4,1226.13
4461,1770,43,5,1556.23
4462,1770,11,3,2155.51
4463,1771,9,4,2238.28
4464,1772,75,5,4208.82
4465,1772,93,4,864.72
4466,1773,71,1,3597.56
4467,1773,76,5,2328.75
4468,1773,5,5,3372.72
4469,1774,1,4,1680.19
4470,1774,41,2,3468.88
4471,1774,1,3,1019.19
4472,1775,44,5,3151.95
4473,1775,19,4,2631.79
4474,1775,80,3,214.52
4475,1775,59,1,1778.54
4476,1776,6,4,3049.75
4477,1776,58,2,370.89
4478,1777,69,1,1621.98
4479,1777,71,2,2786.31
4480,1778,24,4,4332.01
4481,1779,29,4,2867.35
4482,1779,72,2,602.61
4483,1779,93,5,894.71
4484,1780,29,4,561.95
4485,1781,1,4,3458.02
4486,1781,73,1,4152.94
4487,1782,68,2,215.03
4488,1782,72,3,3433.17
4489,1782,65,2,4890.0
4490,1783,100,5,4647.88
4491,1783,55,4,851.32
4492,1783,69,4,2156.56
4493,1783,86,4,277.34
4494,1784,61,4,1888.4
4495,1784,45,5,1810.85
4496,1784,32,3,1488.52
4497,1784,1,3,4720.04
4498,1785,62,2,1801.27
4499,1785,2,3,243.54
4500,1785,43,5,3272.38
4501,1785,95,5,2763.21
4502,1786,81,5,4564.13
4503,1787,68,4,798.68
4504,1787,44,4,2544.06
4505,1787,97,3,3931.72
4506,1788,6,5,155.34
4507,1788,37,1,131.26
4508,1789,11,3,343.37
4509,1789,60,3,2920.28
4510,1789,15,4,1925.93
4511,1790,55,1,475.65
4512,1791,81,4,4847.57
4513,1791,12,2,3257.12
4514,1791,3,3,2230.23
4515,1792,6,1,255.08
4516,1792,40,3,2782.38
4517,1792,5,5,2956.45
4518,1793,81,4,164.36
4519,1793,74,5,3424.77
4520,1794,40,5,3958.68
4521,1794,80,2,1693.57
4522,1794,84,3,3708.55
4523,1794,84,5,4729.9
4524,1795,84,4,1095.27
4525,1795,28,4,1499.76
4526,1796,22,3,1845.96
4527,1796,99,5,4585.71
4528,1797,63,1,2643.69
4529,1798,31,3,369.88
4530,1798,98,3,4362.33
4531,1799,34,3,3252.17
4532,1799,79,4,2036.82
4533,1800,86,5,224.33
4534,1800,6,1,1336.26
4535,1801,76,5,139.98
4536,1801,90,5,4345.51
4537,1802,64,2,4218.74
4538,1802,14,3,100.72
4539,1802,74,4,591.97
4540,1802,57,1,2844.91
4541,1803,27,1,2514.19
4542,1803,2,5,2530.37
4543,1803,15,4,4849.68
4544,1803,69,5,558.1
4545,1804,30,5,1505.58
4546,1805,87,2,2770.1
4547,1806,7,1,1936.06
4548,1806,42,3,4641.03
4549,1806,50,2,1879.98
4550,1807,15,2,4337.1
4551,1807,29,4,584.62
4552,1808,52,5,2527.86
4553,1808,51,2,3862.87
4554,1808,21,5,1805.54
4555,1808,64,5,4712.0
4556,1809,36,3,233.77
4557,1809,8,5,3255.43
4558,1809,79,4,642.68
4559,1809,30,2,493.28
4560,1810,100,4,515.54
4561,1810,55,1,4474.34
4562,1810,23,4,4692.22
4563,1811,34,3,2266.6
4564,1812,43,1,4248.41
4565,1812,34,1,1881.4
4566,1812,56,3,1455.45
4567,1812,45,5,3712.29
4568,1813,77,4,3705.78
4569,1813,37,3,1321.91
4570,1814,29,4,2810.64
4571,1815,77,5,2451.28
4572,1815,55,2,153.54
4573,1815,25,5,4049.47
4574,1816,32,5,1991.28
4575,1816,42,2,1596.67
4576,1816,23,4,3367.08
4577,1816,1,4,1442.52
4578,1817,40,4,1344.57
4579,1818,1,2,2204.89
4580,1818,16,2,1793.9
4581,1818,37,2,1661.47
4582,1819,50,1,2807.08
4583,1819,19,4,3613.37
4584,1819,12,2,2690.14
4585,1820,89,3,1756.15
4586,1821,74,3,1402.19
4587,1822,81,3,3875.02
4588,1822,62,3,82.81
4589,1823,70,5,3211.13
4590,1823,66,3,3253.79
4591,1823,68,2,3500.76
4592,1823,57,2,2380.52
4593,1824,51,2,1067.33
4594,1824,5,2,3300.05
4595,1825,63,5,4684.68
4596,1825,94,2,799.66
4597,1826,21,4,1274.92
4598,1826,20,4,670.6
4599,1826,58,4,2222.88
4600,1826,56,5,1711.93
4601,1827,75,3,3823.47
4602,1828,82,4,3775.19
4603,1828,75,2,4879.37
4604,1828,38,3,3055.13
4605,1828,25,1,1046.21
4606,1829,45,4,827.07
4607,1829,94,4,2073.9
4608,1829,34,5,4821.49
4609,1829,1,3,1188.05
4610,1830,57,5,1085.72
4611,1830,24,1,997.38
4612,1830,51,1,4514.61
4613,1830,92,2,4377.76
4614,1831,58,5,123.33
4615,1831,32,3,254.09
4616,1831,27,5,3418.91
4617,1831,29,2,1038.54
4618,1832,86,1,2584.85
4619,1832,14,4,2043.93
4620,1832,70,1,829.72
4621,1833,18,5,338.69
4622,1833,16,5,1149.3
4623,1833,68,5,3240.03
4624,1833,47,2,406.22
4625,1834,36,2,2838.67
4626,1834,70,1,1829.42
4627,1834,32,3,4055.14
4628,1835,75,1,156.37
4629,1835,49,4,110.95
4630,1835,54,2,1216.62
4631,1836,46,1,1484.03
4632,1836,5,2,2081.47
4633,1836,84,2,4058.21
4634,1836,40,4,2783.36
4635,1837,19,3,568.59
4636,1837,71,2,4350.68
4637,1838,83,1,4716.69
4638,1838,100,2,1719.89
4639,1838,54,2,372.05
4640,1838,68,3,214.17
4641,1839,62,5,4455.54
4642,1839,64,1,2003.68
4643,1839,91,5,4427.16
4644,1840,5,5,4994.22
4645,1841,83,3,960.48
4646,1841,55,5,2008.52
4647,1841,48,1,4904.07
4648,1841,28,4,2784.11
4649,1842,72,2,612.87
4650,1842,6,4,4771.4
4651,1842,61,2,316.89
4652,1842,88,4,459.65
4653,1843,97,2,2913.89
4654,1843,25,5,99.56
4655,1843,20,1,4571.38
4656,1844,95,4,926.56
4657,1844,6,4,86.0
4658,1844,23,3,2487.57
4659,1845,84,4,3137.32
4660,1845,92,5,4223.43
4661,1845,79,2,362.4
4662,1846,60,2,2688.1
4663,1846,43,2,805.75
4664,1847,23,2,2895.74
4665,1847,86,2,4822.15
4666,1848,33,1,605.06
4667,1848,76,2,2775.8
4668,1848,38,4,3865.74
4669,1849,38,2,3222.38
4670,1849,65,5,2039.0
4671,1849,40,3,3020.76
4672,1850,70,1,334.28
4673,1850,81,5,909.81
4674,1850,35,4,1122.59
4675,1850,53,5,4187.39
4676,1851,62,3,1829.41
4677,1851,82,3,3259.2
4678,1852,44,5,1257.84
4679,1852,64,3,241.53
4680,1852,95,4,3751.0
4681,1853,79,5,318.35
4682,1854,15,4,3958.24
4683,1854,13,1,3978.32
4684,1855,76,5,61.71
4685,1855,25,2,1220.56
4686,1855,97,3,3382.98
4687,1856,34,1,621.88
4688,1856,11,3,2058.24
4689,1856,12,5,3402.03
4690,1856,27,3,968.68
4691,1857,22,2,4056.79
4692,1857,50,1,3448.55
4693,1857,27,1,4948.98
4694,1857,96,3,695.74
4695,1858,52,2,1193.96
4696,1858,49,1,1499.53
4697,1858,71,2,991.99
4698,1858,1,1,2403.03
4699,1859,16,5,3980.05
4700,1859,38,3,2352.3
4701,1859,95,3,278.7
4702,1859,98,1,3038.43
4703,1860,4,5,414.33
4704,1860,91,1,78.11
4705,1860,97,3,2094.69
4706,1861,30,3,828.62
4707,1861,54,2,1855.77
4708,1861,48,1,2385.62
4709,1861,56,2,1839.48
4710,1862,15,2,3278.19
4711,1862,4,2,3537.41
4712,1862,68,4,2420.74
4713,1863,7,4,2100.36
4714,1864,3,2,1509.52
4715,1864,22,2,1863.35
4716,1864,58,4,2246.78
4717,1864,11,3,2920.88
4718,1865,61,1,2516.96
4719,1865,25,2,686.1
4720,1865,64,5,4653.34
4721,1866,89,3,857.91
4722,1866,16,3,2658.27
4723,1866,67,5,3530.55
4724,1866,68,5,4045.71
4725,1867,52,5,4316.24
4726,1868,62,1,1620.38
4727,1869,12,1,1327.39
4728,1870,15,2,1499.18
4729,1870,65,3,4970.3
4730,1870,40,4,2226.02
4731,1871,87,2,2246.16
4732,1872,92,3,507.42
4733,1872,1,4,2041.32
4734,1872,42,3,4528.25
4735,1872,41,1,2736.61
4736,1873,95,1,1000.68
4737,1873,1,1,3265.17
4738,1873,12,4,2046.42
4739,1873,12,4,193.19
4740,1874,27,1,611.11
4741,1875,58,2,2684.68
4742,1875,12,5,3175.75
4743,1876,59,2,196.59
4744,1877,41,4,2956.3
4745,1877,46,4,1334.66
4746,1878,9,5,365.93
4747,1879,38,2,3916.67
4748,1879,93,1,3562.56
4749,1879,57,5,4108.53
4750,1880,38,1,658.71
4751,1880,36,2,1392.61
4752,1881,39,1,4189.27
4753,1881,33,4,1619.66
4754,1882,85,4,4716.01
4755,1882,19,3,4552.39
4756,1882,68,2,678.3
4757,1883,83,4,4478.05
4758,1884,17,1,3993.14
4759,1884,55,5,1345.47
4760,1884,8,2,2616.67
4761,1885,13,3,3086.24
4762,1885,31,3,4600.78
4763,1885,55,4,1627.08
4764,1886,97,4,1468.79
4765,1887,42,2,3818.19
4766,1887,30,1,4735.48
4767,1887,97,3,2923.42
4768,1888,2,4,216.98
4769,1888,42,3,561.83
4770,1888,89,2,2405.24
4771,1889,29,3,3221.8
4772,1890,81,1,3796.73
4773,1890,2,4,2739.44
4774,1891,82,4,2700.87
4775,1892,58,4,314.89
4776,1892,72,5,1175.74
4777,1892,2,3,577.06
4778,1893,82,3,3211.69
4779,1893,63,3,4197.18
4780,1893,31,2,1373.95
4781,1894,48,5,2370.55
4782,1894,56,5,2415.19
4783,1895,86,4,2534.72
4784,1896,20,3,4191.58
4785,1896,10,4,3995.24
4786,1896,41,1,1307.86
4787,1897,73,2,2395.15
4788,1898,96,1,2615.78
4789,1899,72,5,3497.83
4790,1899,35,1,3701.87
4791,1899,46,2,2845.06
4792,1899,42,3,210.92
4793,1900,62,5,808.15
4794,1900,9,5,1371.16
4795,1900,94,2,1983.33
4796,1901,51,2,3718.0
4797,1902,37,1,2158.8
4798,1902,82,1,497.41
4799,1903,35,1,4071.86
4800,1903,93,4,928.63
4801,1903,63,5,3248.1
4802,1904,66,5,4984.62
4803,1905,51,5,4005.34
4804,1906,98,1,792.96
4805,1907,59,5,1694.57
4806,1908,71,2,3903.61
4807,1908,21,2,1245.01
4808,1909,24,3,1981.36
4809,1910,18,3,61.43
4810,1910,89,2,2619.56
4811,1910,45,4,660.27
4812,1910,23,4,3511.55
4813,1911,12,2,1432.38
4814,1911,23,4,3280.91
4815,1911,64,2,762.67
4816,1912,84,4,1200.99
4817,1912,63,3,940.5
4818,1912,13,3,3626.03
4819,1913,78,3,966.42
4820,1914,77,2,4487.1
4821,1914,34,1,1879.6
4822,1914,66,4,374.25
4823,1914,91,5,1473.07
4824,1915,7,3,4982.06
4825,1915,18,3,1169.81
4826,1915,83,1,4324.4
4827,1916,46,5,2483.9
4828,1916,78,5,1157.5
4829,1916,38,2,2468.39
4830,1917,75,3,2296.47
4831,1917,29,5,3622.22
4832,1917,13,4,4806.43
4833,1917,10,2,2935.83
4834,1918,31,3,563.16
4835,1919,31,2,301.09
4836,1920,61,3,979.23
4837,1921,23,3,2054.78
4838,1922,68,3,3571.76
4839,1922,14,2,1095.09
4840,1922,94,2,947.73
4841,1923,5,5,2446.27
4842,1923,32,5,3775.41
4843,1924,8,5,1556.81
4844,1924,75,1,1280.33
4845,1924,2,5,4875.98
4846,1924,72,4,4796.01
4847,1925,62,5,888.81
4848,1925,29,1,2150.04
4849,1926,18,4,3265.04
4850,1926,67,1,3105.49
4851,1927,58,1,1893.26
4852,1927,80,2,418.84
4853,1928,70,3,1386.29
4854,1928,77,5,2817.6
4855,1928,99,2,2724.55
4856,1928,26,4,3207.85
4857,1929,95,2,2741.46
4858,1929,13,2,3975.21
4859,1929,58,1,3372.16
4860,1929,74,3,2008.66
4861,1930,47,3,1577.5
4862,1930,57,4,4417.54
4863,1930,2,1,1638.32
4864,1931,46,3,3267.56
4865,1931,65,5,694.33
4866,1932,34,5,3631.54
4867,1932,86,1,3906.32
4868,1933,86,5,4065.07
4869,1934,67,3,336.9
4870,1934,18,5,1437.65
4871,1935,76,5,3830.64
4872,1935,44,5,2457.32
4873,1935,46,2,2349.26
4874,1935,48,4,3862.22
4875,1936,42,2,1121.01
4876,1937,58,1,1937.56
4877,1938,88,4,351.23
4878,1938,85,4,1105.16
4879,1938,30,1,544.35
4880,1938,9,4,3499.96
4881,1939,76,3,1717.95
4882,1940,4,5,1262.27
4883,1940,27,1,4213.07
4884,1941,88,1,1190.31
4885,1941,64,5,432.01
4886,1941,60,1,3881.09
4887,1942,63,5,3173.57
4888,1942,28,1,2100.13
4889,1943,7,1,1469.64
4890,1943,48,5,691.47
4891,1944,19,1,1986.21
4892,1944,35,4,4870.18
4893,1944,39,2,1527.84
4894,1944,72,3,4661.8
4895,1945,19,3,4401.44
4896,1945,42,1,3850.47
4897,1946,18,5,3319.82
4898,1946,4,3,3596.7
4899,1946,29,4,4044.99
4900,1947,80,1,690.46
4901,1947,58,2,4537.3
4902,1947,96,1,3125.92
4903,1947,62,5,4072.88
4904,1948,30,3,3491.85
4905,1949,2,5,538.64
4906,1949,78,4,2721.05
4907,1949,96,3,1424.51
4908,1950,42,4,4994.54
4909,1950,96,5,3909.96
4910,1950,94,4,1354.52
4911,1950,24,1,4850.18
4912,1951,8,3,4525.71
4913,1951,48,3,2128.14
4914,1951,36,1,2841.68
4915,1952,7,1,3660.26
4916,1952,83,4,4004.52
4917,1953,5,1,404.19
4918,1953,33,1,1550.95
4919,1954,45,5,308.21
4920,1955,3,5,407.2
4921,1955,33,3,4769.49
4922,1955,46,3,2619.78
4923,1955,1,1,117.08
4924,1956,5,1,1499.8
4925,1956,53,3,4253.81
4926,1956,33,5,2336.71
4927,1957,38,5,4058.16
4928,1957,45,2,1838.34
4929,1958,37,5,2925.76
4930,1959,37,4,2153.74
4931,1959,41,4,2139.16
4932,1960,25,5,245.64
4933,1961,78,3,3705.47
4934,1961,12,5,604.92
4935,1961,86,1,3973.47
4936,1961,50,3,925.57
4937,1962,8,5,3391.43
4938,1962,48,5,1683.01
4939,1962,3,3,1239.31
4940,1963,3,4,4346.69
4941,1963,10,4,1320.78
4942,1963,81,4,3434.63
4943,1964,62,4,4396.57
4944,1964,99,1,3147.93
4945,1964,89,2,3895.62
4946,1964,21,2,652.12
4947,1965,52,4,336.66
4948,1965,47,3,4818.87
4949,1965,13,4,2573.98
4950,1965,38,3,1929.64
4951,1966,37,3,3817.35
4952,1966,83,5,3054.35
4953,1966,98,2,1293.91
4954,1966,40,1,4710.3
4955,1967,24,5,4478.92
4956,1967,9,1,4288.07
4957,1968,57,2,1395.69
4958,1968,96,3,3848.75
4959,1969,100,5,2314.91
4960,1969,92,3,4896.71
4961,1970,92,3,4581.47
4962,1971,68,5,4962.64
4963,1971,3,1,2893.44
4964,1971,40,4,1731.8
4965,1972,52,2,4415.75
4966,1972,75,2,3239.59
4967,1972,38,5,3720.18
4968,1973,72,1,3237.9
4969,1973,62,2,2418.17
4970,1973,86,4,2119.41
4971,1973,33,5,2376.61
4972,1974,58,5,274.17
4973,1974,32,3,4289.52
4974,1975,15,5,543.1
4975,1975,69,4,656.97
4976,1975,17,5,2879.67
4977,1976,57,4,4043.32
4978,1976,56,4,3486.29
4979,1976,52,1,3475.76
4980,1977,76,1,3026.87
4981,1978,21,4,4201.09
4982,1978,17,3,2905.49
4983,1978,84,5,1092.44
4984,1979,56,5,2506.28
4985,1979,2,5,3978.07
4986,1979,54,4,1626.87
4987,1979,15,1,3160.34
4988,1980,94,2,3992.69
4989,1980,94,5,3277.99
4990,1980,54,4,279.72
4991,1980,39,3,3936.23
4992,1981,62,1,1394.87
4993,1981,46,4,4237.06
4994,1981,60,1,717.11
4995,1981,47,1,3501.2
4996,1982,48,3,1317.43
4997,1982,37,1,3217.5
4998,1982,80,5,4396.39
4999,1983,59,3,704.32
5000,1983,50,2,2478.53
5001,1983,35,5,1381.98
5002,1984,94,3,3562.12
5003,1984,84,4,1982.36
5004,1984,97,4,1092.08
5005,1985,89,3,4859.22
5006,1985,1,3,180.6
5007,1985,73,3,4762.47
5008,1986,88,4,844.72
5009,1987,17,5,3143.89
5010,1987,90,2,2400.27
5011,1987,74,3,3377.64
5012,1987,72,4,347.95
5013,1988,21,4,4093.69
5014,1988,3,2,2078.25
5015,1988,55,5,2724.52
5016,1989,100,4,2204.14
5017,1989,40,3,2727.74
5018,1990,26,3,278.61
5019,1990,62,5,4163.67
5020,1990,14,4,1806.69
5021,1991,64,4,3419.78
5022,1991,33,2,1427.06
5023,1991,14,4,4969.06
5024,1991,73,1,2952.77
5025,1992,25,4,2930.61
5026,1992,3,4,4023.95
5027,1992,44,5,920.86
5028,1992,5,1,1971.58
5029,1993,45,4,3084.59
5030,1994,62,5,2572.64
5031,1995,7,4,3365.96
5032,1995,3,5,363.4
5033,1996,97,3,4132.9
5034,1996,75,1,750.02
5035,1997,39,2,930.36
5036,1997,56,5,4309.27
5037,1997,23,3,3136.41
5038,1997,13,5,68.72
5039,1998,87,5,3211.61
5040,1998,79,5,633.22
5041,1998,83,2,2883.2
5042,1998,39,4,4510.5
5043,1999,32,1,4955.05
5044,2000,71,4,4967.81
5045,2000,13,3,2201.5
5046,2001,76,3,524.65
5047,2001,11,2,186.1
5048,2001,25,2,2836.27
5049,2002,48,5,4762.65
5050,2003,88,4,3249.2
5051,2003,33,2,1123.37
5052,2003,38,2,2810.24
5053,2003,27,4,1818.37
5054,2004,21,5,2529.5
5055,2004,50,2,2396.52
5056,2004,62,2,1567.13
5057,2005,7,2,98.16
5058,2005,94,2,4377.29
5059,2005,61,2,3434.73
5060,2006,59,5,1061.53
5061,2007,52,2,1820.86
5062,2008,46,2,831.81
5063,2008,57,5,3051.31
5064,2008,36,3,3394.09
5065,2009,89,4,760.74
5066,2009,72,4,3823.37
5067,2010,76,2,3682.32
5068,2010,86,5,2868.51
5069,2010,35,5,442.33
5070,2010,22,5,4839.24
5071,2011,22,5,2463.59
5072,2011,33,4,3952.84
5073,2011,50,5,463.15
5074,2011,38,1,2243.41
5075,2012,77,4,4337.69
5076,2012,49,3,954.07
5077,2013,13,3,2456.08
5078,2013,10,5,298.47
5079,2013,3,3,149.93
5080,2014,91,1,2327.95
5081,2015,73,1,716.52
5082,2016,32,2,2309.13
5083,2016,24,4,1853.84
5084,2016,68,1,1490.97
5085,2017,29,3,1623.36
5086,2017,11,5,1087.09
5087,2017,27,1,3325.52
5088,2017,4,1,3610.42
5089,2018,48,4,2242.46
5090,2018,29,1,4072.43
5091,2018,62,1,3487.31
5092,2019,86,4,1412.4
5093,2020,12,4,1829.33
5094,2020,4,4,4994.68
5095,2021,24,1,3542.93
5096,2022,28,4,1104.72
5097,2022,77,4,4065.86
5098,2022,85,1,462.97
5099,2022,1,1,3319.62
5100,2023,73,2,2097.97
5101,2023,10,5,3102.07
5102,2023,21,2,4749.02
5103,2024,2,1,2108.85
5104,2024,27,5,1937.28
5105,2024,35,5,2160.46
5106,2025,7,2,4581.97
5107,2025,41,1,4880.46
5108,2025,35,2,1739.89
5109,2025,93,1,4180.97
5110,2026,11,1,4158.75
5111,2026,92,1,4969.82
5112,2026,5,3,1727.86
5113,2026,11,3,3744.48
5114,2027,91,1,2882.26
5115,2028,79,4,337.68
5116,2028,20,4,2060.86
5117,2028,100,2,4004.25
5118,2029,97,4,4983.62
5119,2029,78,4,2114.84
5120,2029,42,3,4568.2
5121,2030,49,2,1618.28
5122,2030,45,1,4195.09
5123,2030,22,2,1582.6
5124,2031,97,1,1964.61
5125,2031,34,5,2104.4
5126,2031,15,4,1720.67
5127,2032,14,5,838.83
5128,2032,100,4,591.38
5129,2032,15,3,2830.7
5130,2033,49,1,1877.02
5131,2034,10,5,2521.12
5132,2035,46,4,258.09
5133,2035,22,4,2484.93
5134,2035,71,4,4258.88
5135,2036,6,3,1390.62
5136,2036,38,1,4516.43
5137,2036,36,2,3139.45
5138,2037,99,2,3756.16
5139,2037,64,1,2673.67
5140,2037,8,3,4247.84
5141,2038,43,1,1175.29
5142,2039,99,2,2083.0
5143,2039,33,5,4739.46
5144,2039,57,1,1501.91
5145,2039,33,1,2084.35
5146,2040,38,2,4376.78
5147,2041,57,4,3314.35
5148,2042,57,1,268.25
5149,2043,34,2,2158.38
5150,2044,20,2,3000.04
5151,2044,84,4,1987.6
5152,2044,95,1,3431.69
5153,2044,41,3,651.42
5154,2045,11,3,236.91
5155,2045,64,4,118.82
5156,2045,89,4,1771.92
5157,2045,15,5,4408.86
5158,2046,58,4,2790.31
5159,2047,65,3,4870.9
5160,2047,47,4,2212.16
5161,2048,62,4,4005.78
5162,2048,56,4,2466.11
5163,2048,89,1,3040.36
5164,2048,21,2,2788.51
5165,2049,39,5,4327.47
5166,2049,34,2,102.83
5167,2050,15,3,834.28
5168,2050,23,3,3129.69
5169,2051,26,4,4770.99
5170,2051,60,3,3936.47
5171,2052,68,5,556.18
5172,2053,45,5,2940.79
5173,2054,37,4,3158.85
5174,2054,99,4,2974.94
5175,2054,69,5,194.82
5176,2055,86,2,1744.1
5177,2055,52,2,351.1
5178,2056,54,1,3727.79
5179,2056,72,5,239.59
5180,2057,63,1,3971.03
5181,2057,52,2,3602.53
5182,2057,95,4,3605.44
5183,2058,8,2,4512.57
5184,2058,44,5,1791.12
5185,2058,80,1,1624.3
5186,2058,51,4,4500.1
5187,2059,56,4,800.78
5188,2060,45,5,4305.28
5189,2060,96,2,1959.51
5190,2060,7,2,3913.71
5191,2060,32,4,2591.49
5192,2061,19,1,3113.21
5193,2061,23,3,4371.8
5194,2062,6,5,4971.14
5195,2062,3,4,3091.5
5196,2062,3,5,2224.01
5197,2063,27,5,2515.19
5198,2063,13,5,4578.1
5199,2063,82,3,4465.57
5200,2063,97,1,4912.09
5201,2064,56,4,1646.94
5202,2065,66,3,4961.89
5203,2065,31,5,1195.62
5204,2065,4,1,1419.43
5205,2066,29,3,4190.88
5206,2067,1,5,3065.64
5207,2067,81,4,4443.54
5208,2067,50,3,2847.9
5209,2067,88,2,2378.04
5210,2068,37,3,2364.02
5211,2069,82,3,3750.5
5212,2070,8,3,2375.95
5213,2070,17,4,3291.53
5214,2071,21,4,2155.99
5215,2072,15,2,71.7
5216,2072,99,1,1637.18
5217,2072,81,1,4490.67
5218,2073,80,5,4641.67
5219,2074,63,3,1528.97
5220,2074,27,5,2564.32
5221,2074,1,5,1449.61
5222,2075,40,1,1944.9
5223,2075,66,2,2531.8
5224,2075,1,4,860.79
5225,2075,41,2,959.73
5226,2076,89,2,4812.18
5227,2076,47,1,1632.03
5228,2076,48,1,629.48
5229,2077,21,3,2367.17
5230,2077,12,4,2786.65
5231,2077,61,3,116.62
5232,2078,16,2,4917.76
5233,2078,80,1,4392.34
5234,2078,82,3,484.58
5235,2079,46,1,4117.51
5236,2080,17,1,4840.48
5237,2081,64,3,3178.15
5238,2082,36,3,385.34
5239,2083,75,5,4575.29
5240,2083,28,2,4020.98
5241,2083,20,4,2065.47
5242,2083,80,2,3933.74
5243,2084,72,5,4471.78
5244,2084,75,3,2267.96
5245,2084,66,4,4194.96
5246,2084,26,1,2858.39
5247,2085,87,3,931.93
5248,2085,27,5,289.76
5249,2086,47,4,1033.54
5250,2087,57,1,786.12
5251,2088,27,4,1065.66
5252,2089,79,1,727.67
5253,2089,41,5,4942.9
5254,2089,9,5,1148.05
5255,2090,50,5,1471.46
5256,2090,25,4,1522.53
5257,2090,55,3,3406.05
5258,2090,25,1,3306.05
5259,2091,89,5,4876.01
5260,2091,36,3,4764.01
5261,2091,71,1,1872.39
5262,2092,14,3,1938.3
5263,2092,30,1,2693.84
5264,2092,80,5,2915.74
5265,2093,100,2,1237.27
5266,2093,87,1,687.2
5267,2093,2,3,820.49
5268,2093,27,2,4074.04
5269,2094,14,5,1963.6
5270,2094,99,2,1655.76
5271,2095,64,1,1329.6
5272,2095,4,3,1263.54
5273,2096,49,4,2599.73
5274,2096,60,1,4068.31
5275,2096,84,2,1974.06
5276,2096,95,2,2347.34
5277,2097,94,5,3049.58
5278,2097,55,2,2095.96
5279,2097,4,3,1065.54
5280,2097,63,2,2673.08
5281,2098,26,2,4420.49
5282,2098,6,5,2328.95
5283,2099,78,5,2732.94
5284,2100,60,4,299.36
5285,2100,88,4,1841.59
5286,2100,68,4,736.11
5287,2101,73,5,3318.13
5288,2102,25,4,2328.95
5289,2102,88,2,2552.16
5290,2102,84,1,4402.83
5291,2102,70,5,1966.68
5292,2103,49,4,4274.92
5293,2104,21,4,2960.57
5294,2105,94,2,1878.95
5295,2105,70,3,1918.29
5296,2105,65,1,2140.33
5297,2106,87,4,3004.07
5298,2107,81,3,549.27
5299,2107,79,5,3941.59
5300,2108,2,2,660.39
5301,2108,72,1,2679.3
5302,2108,34,5,3638.16
5303,2108,80,5,4574.88
5304,2109,93,3,1324.19
5305,2109,68,4,2777.35
5306,2109,6,3,4492.04
5307,2110,25,3,2111.56
5308,2110,41,5,1916.88
5309,2111,95,2,1965.1
5310,2111,24,1,1121.93
5311,2111,86,5,3454.33
5312,2111,55,4,3751.09
5313,2112,39,1,1634.87
5314,2112,82,5,4426.5
5315,2112,61,3,1151.72
5316,2112,4,5,2518.56
5317,2113,90,2,2253.4
5318,2114,83,3,3544.89
5319,2114,31,4,579.23
5320,2115,95,5,2661.14
5321,2115,3,3,4965.12
5322,2115,11,3,3943.27
5323,2115,41,4,2725.54
5324,2116,31,4,1041.42
5325,2117,37,2,4866.71
5326,2118,62,3,1969.1
5327,2119,35,4,2991.29
5328,2119,36,3,1268.95
5329,2120,64,5,837.3
5330,2121,93,1,1791.69
5331,2121,79,4,2072.09
5332,2122,5,5,1579.09
5333,2122,2,4,2628.23
5334,2123,33,1,3831.67
5335,2123,43,4,2272.65
5336,2123,53,4,737.63
5337,2123,77,5,3504.96
5338,2124,55,3,3174.08
5339,2124,41,3,3336.74
5340,2124,39,2,1352.16
5341,2125,52,4,913.89
5342,2125,23,5,3055.15
5343,2125,60,2,719.59
5344,2125,92,4,2387.29
5345,2126,6,4,3347.73
5346,2126,13,3,4945.83
5347,2126,34,1,1176.94
5348,2127,57,2,2807.64
5349,2127,86,5,2651.79
5350,2128,79,2,4027.25
5351,2128,69,5,2647.45
5352,2129,20,3,3252.15
5353,2129,33,4,3263.46
5354,2130,24,5,2090.79
5355,2130,56,1,348.96
5356,2130,47,4,1895.98
5357,2130,35,5,306.44
5358,2131,26,4,3276.52
5359,2131,11,3,4170.54
5360,2131,75,2,2081.57
5361,2132,30,3,70.13
5362,2132,52,1,308.82
5363,2132,10,2,4118.52
5364,2132,53,3,4283.99
5365,2133,75,4,423.57
5366,2134,73,1,81.46
5367,2135,56,4,1810.31
5368,2136,40,3,4716.7
5369,2136,93,2,241.78
5370,2136,13,4,4431.17
5371,2137,52,2,3289.9
5372,2137,63,3,4317.87
5373,2137,84,2,4031.75
5374,2138,83,3,945.44
5375,2139,44,5,2874.52
5376,2139,59,2,329.67
5377,2140,21,1,2087.75
5378,2140,51,3,4113.75
5379,2141,73,1,276.95
5380,2141,58,1,3154.63
5381,2141,87,4,3767.49
5382,2141,9,1,4078.13
5383,2142,28,3,54.6
5384,2143,46,1,4754.84
5385,2143,53,3,921.91
5386,2144,54,3,1263.74
5387,2144,74,3,3825.79
5388,2144,53,3,743.73
5389,2144,56,3,351.32
5390,2145,25,3,2520.48
5391,2145,63,3,443.68
5392,2145,53,1,826.96
5393,2146,90,5,4392.22
5394,2146,25,5,2710.55
5395,2146,64,3,1827.79
5396,2147,41,5,4663.37
5397,2147,24,1,1338.63
5398,2147,9,3,4413.94
5399,2147,21,5,3701.89
5400,2148,98,2,296.18
5401,2148,13,4,4621.98
5402,2149,94,2,151.33
5403,2149,85,2,3154.53
5404,2149,18,5,4799.78
5405,2150,91,3,1509.82
5406,2150,100,3,1174.95
5407,2150,100,2,2986.06
5408,2150,40,3,3411.57
5409,2151,64,3,4396.87
5410,2151,7,3,4985.73
5411,2151,61,4,690.92
5412,2151,82,4,3610.89
5413,2152,20,5,1094.89
5414,2152,100,3,558.73
5415,2152,2,4,2280.88
5416,2152,85,1,157.83
5417,2153,72,3,1493.26
5418,2153,23,5,2563.92
5419,2153,75,5,1275.77
5420,2153,49,3,699.12
5421,2154,65,2,2147.17
5422,2154,65,3,4804.01
5423,2155,100,1,4839.18
5424,2155,99,2,1456.72
5425,2155,76,1,58.74
5426,2155,83,3,2374.38
5427,2156,47,5,3729.73
5428,2157,34,3,4466.58
5429,2157,45,1,3270.75
5430,2158,37,2,4599.67
5431,2158,36,1,3597.77
5432,2159,89,1,2594.86
5433,2159,3,4,4273.93
5434,2159,28,1,4702.95
5435,2159,31,5,1677.45
5436,2160,31,3,4668.14
5437,2160,70,3,4291.57
5438,2160,80,1,3725.01
5439,2161,89,1,822.43
5440,2161,21,1,3204.02
5441,2162,24,4,1577.41
5442,2163,13,5,439.71
5443,2163,33,3,3852.43
5444,2164,99,4,3196.45
5445,2164,59,1,2463.59
5446,2165,4,4,174.43
5447,2165,48,1,3210.38
5448,2165,17,4,3360.22
5449,2166,57,4,937.56
5450,2166,33,2,693.51
5451,2167,58,2,66.42
5452,2167,99,4,3051.52
5453,2167,7,3,3706.62
5454,2168,62,5,3126.48
5455,2169,57,5,4626.82
5456,2169,64,4,3334.62
5457,2170,90,2,3120.57
5458,2170,80,4,4187.22
5459,2171,50,5,4037.42
5460,2171,67,3,1841.65
5461,2172,14,5,2749.47
5462,2172,29,5,4576.68
5463,2172,58,5,810.38
5464,2173,52,2,3724.71
5465,2173,3,1,2126.08
5466,2174,14,3,3036.22
5467,2174,74,3,871.44
5468,2174,37,4,4268.7
5469,2175,13,3,3231.76
5470,2175,95,2,1005.68
5471,2175,27,1,4881.29
5472,2175,58,5,4706.86
5473,2176,10,2,3223.67
5474,2176,64,3,4488.88
5475,2177,79,4,3759.73
5476,2178,49,3,3170.72
5477,2178,19,1,4023.01
5478,2178,3,1,899.07
5479,2178,68,4,1573.08
5480,2179,67,4,329.19
5481,2179,1,3,647.09
5482,2179,17,3,1175.16
5483,2180,84,4,1006.74
5484,2181,43,2,4441.26
5485,2182,77,2,894.49
5486,2182,72,4,3186.8
5487,2182,88,2,3559.14
5488,2182,64,3,3393.84
5489,2183,100,2,935.98
5490,2183,66,5,2404.86
5491,2183,25,1,429.72
5492,2183,45,2,3358.25
5493,2184,69,4,713.29
5494,2184,85,1,2250.14
5495,2185,78,2,3677.87
5496,2185,40,3,1292.92
5497,2185,78,3,4055.6
5498,2185,15,5,3547.08
5499,2186,85,3,1612.09
5500,2186,87,5,4857.43
5501,2186,98,4,920.26
5502,2186,34,2,2786.68
5503,2187,74,2,3846.23
5504,2188,86,1,4226.79
5505,2188,58,2,3345.53
5506,2188,53,5,1690.5
5507,2188,83,4,341.02
5508,2189,70,2,1780.39
5509,2190,4,2,493.75
5510,2191,58,2,4986.23
5511,2191,62,3,2916.31
5512,2191,36,3,4151.92
5513,2191,48,4,2176.69
5514,2192,80,4,4039.8
5515,2193,88,4,3991.19
5516,2193,12,3,320.23
5517,2193,35,2,1396.95
5518,2193,1,1,54.99
5519,2194,51,3,1743.72
5520,2194,49,3,2334.12
5521,2195,83,4,1845.63
5522,2195,59,2,3639.33
5523,2195,76,4,2424.49
5524,2195,39,1,3834.35
5525,2196,1,4,2622.28
5526,2196,79,1,3971.75
5527,2196,93,2,1244.45
5528,2197,79,3,4461.44
5529,2198,98,2,630.53
5530,2198,90,4,3200.52
5531,2198,54,1,4196.59
5532,2198,43,2,4256.33
5533,2199,29,1,1643.79
5534,2199,100,3,866.33
5535,2199,77,1,4757.15
5536,2199,91,5,397.99
5537,2200,20,5,1051.84
5538,2200,74,4,601.59
5539,2200,8,4,602.19
5540,2200,7,4,2020.49
5541,2201,78,1,1140.26
5542,2201,59,1,1691.72
5543,2201,8,3,636.15
5544,2201,59,5,3216.94
5545,2202,57,5,2182.17
5546,2202,26,1,2992.39
5547,2202,37,4,2243.66
5548,2202,73,5,1966.85
5549,2203,71,4,1392.17
5550,2204,9,2,790.39
5551,2204,66,2,141.07
5552,2204,86,4,2728.23
5553,2204,40,4,2288.98
5554,2205,33,2,2303.58
5555,2205,80,4,4931.74
5556,2206,69,4,4981.35
5557,2206,58,3,4606.95
5558,2206,24,2,110.44
5559,2206,100,1,2870.91
5560,2207,9,3,1323.85
5561,2207,43,5,4940.55
5562,2207,3,1,4071.44
5563,2207,25,2,1953.99
5564,2208,94,1,374.9
5565,2208,42,4,2258.08
5566,2209,36,1,2701.72
5567,2210,38,4,1577.5
5568,2210,78,1,3221.53
5569,2211,11,4,3971.03
5570,2211,8,5,1428.85
5571,2211,82,2,3336.36
5572,2211,28,1,1899.82
5573,2212,82,2,2372.46
5574,2212,69,1,3991.72
5575,2212,16,5,360.54
5576,2212,14,5,3649.27
5577,2213,49,5,4026.48
5578,2213,4,3,4518.39
5579,2214,39,4,3681.62
5580,2215,77,3,346.92
5581,2215,45,5,371.31
5582,2215,13,5,3814.9
5583,2216,20,4,2820.64
5584,2216,12,1,3130.14
5585,2216,88,2,2198.37
5586,2217,3,5,2527.64
5587,2218,87,1,3220.44
5588,2218,67,1,4468.07
5589,2218,38,3,4307.67
5590,2218,55,4,4361.88
5591,2219,13,1,2410.69
5592,2219,60,2,4184.54
5593,2219,36,2,4853.23
5594,2219,53,4,298.26
5595,2220,44,5,3732.98
5596,2221,71,2,1436.65
5597,2221,87,1,1311.98
5598,2221,83,4,2448.41
5599,2222,90,4,924.37
5600,2222,1,1,1190.84
5601,2222,26,1,1859.23
5602,2223,12,4,1770.37
5603,2223,72,5,2204.26
5604,2223,99,2,3446.98
5605,2223,79,3,3186.66
5606,2224,54,3,3244.08
5607,2224,13,5,1388.88
5608,2224,45,5,4664.41
5609,2224,24,3,422.65
5610,2225,11,1,724.61
5611,2226,30,2,1348.67
5612,2226,80,2,4917.39
5613,2226,57,4,3501.92
5614,2226,61,1,2680.94
5615,2227,87,2,2142.09
5616,2227,23,2,3104.16
5617,2227,96,3,3719.9
5618,2228,26,3,1317.54
5619,2228,24,1,1243.16
5620,2228,82,1,630.09
5621,2229,83,3,2412.58
5622,2229,78,3,3904.45
5623,2229,87,3,4356.97
5624,2230,27,5,2751.05
5625,2231,48,2,827.62
5626,2231,27,4,1840.0
5627,2231,65,2,3068.48
5628,2232,16,4,1632.1
5629,2232,22,3,790.78
5630,2233,19,3,1211.9
5631,2233,90,2,525.22
5632,2234,73,3,3998.52
5633,2234,62,5,4434.95
5634,2235,56,2,2780.95
5635,2235,63,2,4438.07
5636,2235,48,1,110.96
5637,2236,89,3,3867.92
5638,2236,93,5,269.28
5639,2236,40,5,894.92
5640,2237,6,4,4296.7
5641,2237,70,2,2620.99
5642,2237,24,3,3686.62
5643,2238,96,2,2903.87
5644,2238,94,4,165.33
5645,2238,55,2,3168.68
5646,2238,47,5,4761.14
5647,2239,49,1,2641.7
5648,2239,48,3,2715.54
5649,2240,54,2,3790.88
5650,2240,91,1,4861.2
5651,2241,48,1,364.41
5652,2241,48,2,4258.07
5653,2241,82,4,3748.96
5654,2241,100,2,4185.95
5655,2242,37,4,2410.16
5656,2243,97,4,4263.36
5657,2243,70,5,3498.14
5658,2243,54,2,3693.75
5659,2244,31,4,4938.62
5660,2245,2,5,203.57
5661,2245,89,3,1278.46
5662,2245,24,5,4678.4
5663,2245,71,1,4000.57
5664,2246,84,2,4923.03
5665,2246,79,4,4015.21
5666,2247,58,3,4232.94
5667,2247,98,4,3970.9
5668,2247,50,3,4041.86
5669,2248,15,2,3150.0
5670,2248,50,2,4699.69
5671,2248,20,1,2731.18
5672,2249,36,4,4164.05
5673,2249,87,3,4009.91
5674,2250,76,5,3451.73
5675,2250,50,1,1088.01
5676,2251,58,1,2817.05
5677,2252,6,4,2872.99
5678,2252,84,2,3045.8
5679,2252,34,3,417.48
5680,2252,50,5,1038.42
5681,2253,79,2,399.49
5682,2253,19,5,2605.67
5683,2254,2,3,3485.38
5684,2254,63,5,1897.62
5685,2254,64,1,3763.49
5686,2254,32,4,3272.1
5687,2255,47,4,3012.56
5688,2256,23,3,3151.42
5689,2256,88,5,1947.43
5690,2256,39,1,743.85
5691,2256,41,2,2758.23
5692,2257,87,5,4453.44
5693,2258,98,1,2650.16
5694,2258,12,1,2328.93
5695,2258,37,5,3735.53
5696,2258,27,4,177.05
5697,2259,66,1,2562.59
5698,2259,43,5,3328.61
5699,2259,37,3,3921.16
5700,2259,35,2,4020.98
5701,2260,18,1,4210.04
5702,2260,23,4,4301.47
5703,2260,92,4,4968.22
5704,2260,54,2,4326.75
5705,2261,100,1,3589.76
5706,2261,10,5,321.37
5707,2262,30,5,4464.94
5708,2262,90,2,280.95
5709,2262,76,4,2871.47
5710,2263,43,4,2587.44
5711,2263,34,2,630.36
5712,2263,16,5,3808.25
5713,2263,5,1,4063.14
5714,2264,36,4,872.35
5715,2264,12,2,568.74
5716,2264,21,4,1816.19
5717,2264,89,4,1580.39
5718,2265,28,1,699.17
5719,2266,14,2,407.22
5720,2266,68,1,2266.46
5721,2267,40,2,3531.09
5722,2268,64,3,2653.12
5723,2268,71,1,4370.79
5724,2269,79,2,169.67
5725,2269,28,1,4292.33
5726,2269,15,4,1753.15
5727,2270,22,4,492.68
5728,2270,73,1,97.94
5729,2270,45,2,529.48
5730,2270,6,1,4869.19
5731,2271,59,5,3311.12
5732,2272,97,3,368.96
5733,2272,51,2,822.7
5734,2273,10,2,3329.4
5735,2274,23,1,4260.33
5736,2275,77,3,74.18
5737,2276,50,5,1968.2
5738,2276,91,2,4089.01
5739,2276,5,4,2501.89
5740,2277,21,1,3182.2
5741,2277,37,3,290.4
5742,2277,92,5,4781.83
5743,2277,1,4,3692.31
5744,2278,89,3,1182.02
5745,2278,27,3,184.75
5746,2279,91,2,2135.0
5747,2279,42,1,226.55
5748,2279,74,3,1920.44
5749,2279,16,4,1259.06
5750,2280,86,1,4060.17
5751,2280,44,1,1074.35
5752,2280,85,2,195.13
5753,2281,57,2,322.8
5754,2281,76,2,1502.41
5755,2281,1,4,1581.53
5756,2281,82,2,1722.94
5757,2282,54,3,1232.36
5758,2282,73,1,1150.37
5759,2282,50,2,3321.63
5760,2282,67,3,2428.55
5761,2283,29,5,550.84
5762,2283,41,5,146.19
5763,2284,4,5,1527.3
5764,2285,19,4,2466.31
5765,2285,6,1,3581.17
5766,2285,56,5,1243.78
5767,2285,16,3,1987.08
5768,2286,3,2,2908.85
5769,2287,47,5,3597.22
5770,2287,93,3,1973.12
5771,2287,96,3,3232.02
5772,2288,13,5,572.48
5773,2289,18,2,887.45
5774,2290,49,3,570.54
5775,2291,52,1,4223.22
5776,2292,63,3,210.1
5777,2293,16,5,4628.69
5778,2293,50,4,2392.14
5779,2293,46,1,1438.79
5780,2294,51,2,3326.29
5781,2295,26,5,3385.65
5782,2295,45,4,2712.76
5783,2295,96,5,4166.54
5784,2296,22,1,753.81
5785,2296,1,3,4234.32
5786,2296,72,4,447.65
5787,2296,4,2,1948.1
5788,2297,30,3,2465.04
5789,2297,97,3,487.52
5790,2297,38,2,3626.78
5791,2298,15,5,4681.25
5792,2298,38,3,1128.52
5793,2298,38,3,2923.32
5794,2298,46,1,4788.1
5795,2299,7,2,3159.24
5796,2300,55,5,1782.96
5797,2301,26,3,2152.39
5798,2301,33,2,4066.68
5799,2301,89,2,2987.84
5800,2301,27,4,3164.48
5801,2302,79,1,2849.19
5802,2303,34,3,330.6
5803,2303,67,1,1357.38
5804,2304,86,3,2237.67
5805,2304,20,2,2120.8
5806,2304,57,3,606.11
5807,2304,8,4,113.13
5808,2305,47,2,1711.35
5809,2305,26,1,981.63
5810,2306,58,4,973.05
5811,2307,70,1,4542.03
5812,2307,45,3,4634.22
5813,2308,48,3,3410.89
5814,2308,13,4,1274.25
5815,2308,58,5,229.05
5816,2308,99,5,1377.4
5817,2309,71,1,2255.78
5818,2309,79,2,1095.87
5819,2310,80,1,180.19
5820,2310,98,5,859.99
5821,2310,75,4,3276.03
5822,2310,46,4,4763.51
5823,2311,8,4,1460.21
5824,2311,36,4,4191.75
5825,2312,49,3,2344.5
5826,2312,46,4,889.39
5827,2312,7,5,1344.34
5828,2312,46,1,3736.16
5829,2313,84,3,1276.68
5830,2314,46,4,4419.8
5831,2314,75,5,4426.51
5832,2315,16,1,764.06
5833,2315,45,3,3835.31
5834,2315,14,3,1230.17
5835,2315,87,2,1645.55
5836,2316,19,1,1268.27
5837,2316,87,5,3818.1
5838,2316,44,5,633.21
5839,2317,73,5,224.85
5840,2318,24,5,4288.44
5841,2318,78,1,4258.49
5842,2318,44,2,124.81
5843,2319,63,2,4453.32
5844,2319,94,5,1163.65
5845,2319,7,2,2831.96
5846,2319,68,3,141.87
5847,2320,82,4,2346.4
5848,2320,52,5,754.49
5849,2320,89,1,2929.29
5850,2320,83,1,3685.55
5851,2321,2,4,4411.7
5852,2321,75,4,223.27
5853,2321,46,4,1501.53
5854,2322,45,3,171.27
5855,2322,56,5,4721.31
5856,2322,15,3,1273.81
5857,2323,56,4,1075.94
5858,2323,83,3,1266.13
5859,2323,99,3,3738.3
5860,2323,48,4,2501.93
5861,2324,77,4,3143.41
5862,2324,73,4,941.28
5863,2324,53,2,862.12
5864,2325,28,2,4818.28
5865,2325,30,4,3792.43
5866,2325,25,5,440.29
5867,2325,86,1,1666.0
5868,2326,98,3,3432.02
5869,2326,14,3,361.31
5870,2326,30,3,996.41
5871,2326,58,4,2615.9
5872,2327,20,5,3911.85
5873,2327,57,4,4062.77
5874,2328,83,4,215.3
5875,2329,93,1,2935.92
5876,2329,61,1,842.71
5877,2329,35,2,4335.21
5878,2330,96,2,2235.11
5879,2330,94,2,2339.36
5880,2330,69,1,383.54
5881,2330,10,5,4976.73
5882,2331,37,1,982.79
5883,2331,87,4,3592.95
5884,2332,96,5,757.3
5885,2332,16,1,587.83
5886,2332,37,4,1939.67
5887,2332,22,1,2253.91
5888,2333,60,5,2433.31
5889,2333,97,2,3678.28
5890,2333,40,1,1438.82
5891,2334,45,4,4360.57
5892,2334,58,2,367.84
5893,2334,13,4,2583.69
5894,2335,76,2,2052.4
5895,2335,30,4,3203.59
5896,2335,3,1,2749.92
5897,2336,29,5,1012.0
5898,2336,16,3,2757.69
5899,2336,47,4,2560.16
5900,2337,52,3,4514.77
5901,2338,67,5,4841.49
5902,2339,9,5,3434.75
5903,2339,5,2,1442.44
5904,2339,52,2,2800.95
5905,2340,56,1,2363.08
5906,2340,34,4,218.22
5907,2341,28,4,4180.77
5908,2341,11,3,2841.67
5909,2341,89,1,2605.58
5910,2341,25,4,4558.95
5911,2342,76,2,2624.49
5912,2342,1,3,1729.85
5913,2343,1,5,3946.22
5914,2343,30,3,2860.05
5915,2344,52,3,2475.91
5916,2345,75,2,3640.51
5917,2345,26,5,3467.67
5918,2345,53,5,4058.96
5919,2346,30,4,3262.43
5920,2346,90,2,3196.46
5921,2347,72,1,1850.7
5922,2348,85,5,967.75
5923,2348,89,5,2697.9
5924,2349,23,1,1040.48
5925,2350,9,4,304.2
5926,2350,31,2,2543.11
5927,2350,10,4,3808.17
5928,2350,59,4,116.03
5929,2351,40,5,4970.79
5930,2351,61,2,2097.5
5931,2351,89,3,2677.23
5932,2351,10,1,1725.59
5933,2352,32,5,485.98
5934,2353,69,1,909.49
5935,2353,66,2,2248.94
5936,2353,82,2,3028.6
5937,2353,70,3,4533.25
5938,2354,97,1,3896.62
5939,2354,20,2,3946.38
5940,2355,36,4,2882.26
5941,2356,76,3,1263.18
5942,2356,100,4,2970.8
5943,2357,32,2,261.55
5944,2357,22,3,4080.39
5945,2358,13,1,1736.27
5946,2358,87,2,1194.43
5947,2358,7,4,2516.57
5948,2358,4,1,3411.9
5949,2359,50,4,235.16
5950,2359,11,3,3533.58
5951,2359,10,2,2828.73
5952,2360,33,3,2215.74
5953,2361,5,5,1047.65
5954,2361,54,2,1460.59
5955,2362,40,5,1682.15
5956,2362,24,2,4090.58
5957,2362,70,5,2157.36
5958,2362,9,4,4637.01
5959,2363,58,4,4845.87
5960,2363,4,4,4872.43
5961,2364,79,3,3221.08
5962,2364,91,2,2067.81
5963,2365,55,3,3874.39
5964,2366,10,4,2988.63
5965,2366,33,2,4792.31
5966,2366,54,4,4660.87
5967,2367,87,2,2404.36
5968,2367,48,4,3916.23
5969,2368,46,2,1746.14
5970,2368,58,4,3586.65
5971,2368,68,3,2836.15
5972,2369,44,5,1206.88
5973,2369,10,5,4866.15
5974,2369,66,2,2227.07
5975,2370,70,5,4524.66
5976,2370,25,5,4439.11
5977,2370,49,1,1446.14
5978,2371,35,3,71.52
5979,2371,45,4,2507.83
5980,2371,8,2,646.68
5981,2372,67,2,3108.35
5982,2372,76,5,2755.46
5983,2372,10,4,3807.17
5984,2372,93,1,4814.54
5985,2373,93,4,1081.2
5986,2373,21,5,1494.18
5987,2373,29,5,4964.55
5988,2373,93,1,1554.9
5989,2374,33,1,3144.42
5990,2374,56,5,4465.07
5991,2374,71,1,2586.91
5992,2374,49,3,1629.16
5993,2375,2,5,2095.36
5994,2376,79,5,2339.46
5995,2377,64,5,1074.54
5996,2378,87,1,1212.81
5997,2378,80,3,209.78
5998,2379,47,5,1490.11
5999,2379,46,1,376.5
6000,2379,52,3,2269.13
6001,2379,47,3,2400.15
6002,2380,28,2,2798.46
6003,2380,2,4,3364.71
6004,2380,97,1,3931.87
6005,2380,51,1,4363.67
6006,2381,41,4,1090.39
6007,2381,92,3,623.2
6008,2381,74,4,82.82
6009,2382,96,4,4644.13
6010,2383,53,1,3316.96
6011,2384,11,4,1923.41
6012,2384,3,2,1501.75
6013,2385,49,5,2341.96
6014,2385,76,1,2575.81
6015,2385,38,2,1189.21
6016,2386,80,4,1674.3
6017,2386,43,3,1351.14
6018,2386,3,4,2805.14
6019,2386,35,2,2118.71
6020,2387,25,2,4361.81
6021,2387,70,2,4073.71
6022,2387,40,5,3536.93
6023,2388,76,4,1916.97
6024,2388,7,5,3535.81
6025,2388,93,1,2593.77
6026,2388,97,3,2611.77
6027,2389,37,1,1481.17
6028,2390,25,4,4906.59
6029,2391,68,4,1337.5
6030,2391,14,2,4019.88
6031,2391,50,1,4543.73
6032,2392,58,5,329.79
6033,2392,22,2,3292.03
6034,2393,3,5,3250.49
6035,2393,38,3,1116.47
6036,2394,88,2,469.59
6037,2395,36,3,1685.28
6038,2395,57,5,3073.61
6039,2396,6,4,968.42
6040,2397,50,5,2451.31
6041,2397,32,1,1938.87
6042,2397,27,4,1774.87
6043,2397,68,2,2238.2
6044,2398,83,3,590.34
6045,2399,37,1,1218.91
6046,2400,59,4,4774.25
6047,2400,63,5,1838.29
6048,2400,75,2,3729.74
6049,2400,93,2,1392.98
6050,2401,62,2,2366.18
6051,2401,76,4,2384.68
6052,2401,43,4,2933.97
6053,2401,16,2,199.03
6054,2402,43,3,3366.58
6055,2402,21,5,3539.07
6056,2402,89,3,4515.68
6057,2403,72,5,734.32
6058,2403,76,4,2048.23
6059,2404,16,2,3391.7
6060,2404,50,4,1384.2
6061,2404,70,5,2160.85
6062,2405,78,1,2620.84
6063,2405,62,5,2148.19
6064,2405,73,1,4935.16
6065,2405,39,1,2719.19
6066,2406,42,5,238.95
6067,2406,93,5,1462.25
6068,2407,88,3,3960.27
6069,2408,60,3,971.98
6070,2408,7,4,731.65
6071,2408,39,3,1750.77
6072,2409,62,5,2089.23
6073,2409,8,5,1703.53
6074,2410,84,2,2770.56
6075,2410,36,1,2309.05
6076,2410,12,5,1266.16
6077,2410,16,3,1940.06
6078,2411,31,4,2753.38
6079,2412,30,3,2098.83
6080,2413,87,1,2821.15
6081,2414,69,4,2427.53
6082,2414,1,4,1823.23
6083,2414,14,2,2899.81
6084,2415,77,2,4926.39
6085,2415,51,4,4195.74
6086,2416,89,3,3877.33
6087,2416,51,2,505.35
6088,2416,62,4,381.89
6089,2416,52,2,2061.34
6090,2417,95,5,2085.25
6091,2417,52,2,3987.88
6092,2417,98,5,1992.03
6093,2417,69,1,1246.86
6094,2418,19,4,692.64
6095,2418,88,5,2602.78
6096,2419,4,5,1301.68
6097,2419,51,3,4055.34
6098,2419,36,5,2458.23
6099,2420,100,3,1163.74
6100,2421,35,2,4094.77
6101,2421,73,3,1471.96
6102,2421,17,1,3281.14
6103,2422,22,1,4530.02
6104,2422,84,1,4246.83
6105,2422,90,2,4326.98
6106,2422,79,2,4488.83
6107,2423,69,1,4589.76
6108,2423,87,5,856.35
6109,2424,46,2,4299.54
6110,2425,4,3,3183.27
6111,2425,52,5,2160.27
6112,2425,54,5,245.17
6113,2426,77,2,4388.95
6114,2427,12,3,708.51
6115,2427,39,1,4750.5
6116,2428,41,4,1668.92
6117,2429,89,2,2337.74
6118,2429,67,4,4881.5
6119,2429,12,2,2427.86
6120,2430,31,2,1233.16
6121,2430,43,4,4696.3
6122,2431,20,1,513.71
6123,2431,35,3,3992.8
6124,2431,58,4,4817.62
6125,2432,54,2,4426.96
6126,2433,7,4,1442.64
6127,2433,2,2,435.18
6128,2433,40,1,3199.76
6129,2434,32,2,3210.28
6130,2434,48,2,1099.15
6131,2434,82,4,1878.8
6132,2434,47,3,2175.97
6133,2435,17,1,1140.89
6134,2436,95,4,2302.06
6135,2436,23,4,1338.53
6136,2436,87,1,426.82
6137,2437,91,5,4496.01
6138,2437,15,3,3414.26
6139,2438,28,3,4388.61
6140,2438,82,3,4136.48
6141,2438,44,4,670.59
6142,2439,96,1,2507.71
6143,2439,66,1,4186.66
6144,2439,32,5,1454.44
6145,2439,92,4,3985.69
6146,2440,32,3,3884.36
6147,2441,87,3,3111.27
6148,2441,65,3,141.36
6149,2441,90,5,4429.25
6150,2441,18,3,306.36
6151,2442,86,3,3855.77
6152,2442,54,3,436.5
6153,2442,8,4,3103.27
6154,2443,14,1,3139.97
6155,2443,93,3,3867.93
6156,2443,59,2,3213.93
6157,2443,20,3,1230.09
6158,2444,30,1,1612.19
6159,2445,49,3,1178.11
6160,2445,98,5,3923.73
6161,2445,35,2,2757.9
6162,2446,33,1,352.85
6163,2446,22,2,581.96
6164,2446,46,1,4781.4
6165,2447,32,1,4408.55
6166,2447,44,2,2930.05
6167,2447,5,2,3807.08
6168,2447,82,2,4730.69
6169,2448,50,2,174.29
6170,2448,43,3,3856.41
6171,2449,91,3,4699.78
6172,2449,93,4,4103.84
6173,2449,65,3,3054.65
6174,2450,50,3,3679.51
6175,2450,57,5,3472.64
6176,2450,30,5,1252.59
6177,2451,27,1,195.95
6178,2451,88,3,443.26
6179,2451,70,5,2566.89
6180,2452,71,4,2677.24
6181,2452,24,5,4704.19
6182,2452,2,5,1733.52
6183,2452,24,5,1249.13
6184,2453,67,2,109.98
6185,2453,10,5,3032.43
6186,2453,56,3,3174.25
6187,2453,76,5,1497.43
6188,2454,58,3,1740.29
6189,2455,21,3,3410.63
6190,2455,49,4,67.54
6191,2455,27,2,2265.17
6192,2455,69,5,2263.9
6193,2456,43,1,3983.61
6194,2456,71,1,3339.43
6195,2456,5,4,1739.94
6196,2456,85,2,275.95
6197,2457,75,1,4439.01
6198,2457,37,2,2926.02
6199,2457,81,4,4138.12
6200,2457,69,3,2426.05
6201,2458,25,5,880.35
6202,2458,20,3,3164.15
6203,2458,33,3,114.5
6204,2458,62,2,3195.48
6205,2459,11,5,3280.97
6206,2459,96,1,647.92
6207,2459,24,1,3798.59
6208,2459,97,4,2467.07
6209,2460,79,1,3688.12
6210,2460,80,3,4642.67
6211,2461,11,4,2104.79
6212,2461,54,3,2442.91
6213,2461,4,4,3487.18
6214,2461,29,3,955.61
6215,2462,54,3,719.13
6216,2462,90,1,2741.35
6217,2462,14,2,106.61
6218,2463,10,4,446.27
6219,2464,23,1,1686.12
6220,2464,73,1,344.1
6221,2465,38,1,4046.33
6222,2465,50,4,3571.14
6223,2465,35,2,4749.53
6224,2465,71,4,169.79
6225,2466,19,5,4293.77
6226,2466,31,1,2019.22
6227,2466,18,2,696.98
6228,2467,49,3,4928.19
6229,2467,61,1,238.78
6230,2467,7,4,353.47
6231,2468,83,2,2482.65
6232,2468,59,5,2681.59
6233,2468,80,2,408.38
6234,2468,16,5,633.5
6235,2469,59,2,4041.28
6236,2470,65,3,2381.07
6237,2471,93,1,3293.75
6238,2472,8,3,3848.61
6239,2472,35,4,3206.7
6240,2472,87,4,3713.98
6241,2472,70,3,2299.99
6242,2473,58,5,155.38
6243,2473,29,2,2022.4
6244,2473,60,3,3184.49
6245,2474,99,4,4661.75
6246,2474,11,1,4100.78
6247,2474,98,5,3594.84
6248,2475,96,4,2669.81
6249,2475,70,4,1606.72
6250,2476,99,1,2713.33
6251,2476,37,3,4205.07
6252,2477,34,2,172.78
6253,2477,79,5,911.78
6254,2478,5,1,166.1
6255,2478,51,4,1780.09
6256,2478,34,4,1768.73
6257,2478,91,5,2199.12
6258,2479,92,1,4744.97
6259,2479,27,5,740.53
6260,2479,11,1,2381.97
6261,2480,82,2,310.86
6262,2480,45,5,861.08
6263,2481,23,4,4785.45
6264,2481,88,2,4334.6
6265,2481,70,1,3924.71
6266,2481,96,3,2789.28
6267,2482,69,5,3581.73
6268,2483,14,2,3870.27
6269,2484,39,3,3525.33
6270,2485,8,4,4908.79
6271,2485,88,4,4616.83
6272,2486,12,1,711.02
6273,2486,14,4,2606.84
6274,2487,73,5,4504.92
6275,2488,54,4,4872.17
6276,2488,48,2,471.98
6277,2488,20,4,2445.77
6278,2488,84,4,617.0
6279,2489,58,1,4683.18
6280,2490,68,4,1406.76
6281,2490,95,3,549.21
6282,2490,61,2,1782.09
6283,2490,78,3,2167.27
6284,2491,25,4,1494.51
6285,2491,24,3,903.35
6286,2491,59,4,4630.65
6287,2492,92,4,4065.65
6288,2492,29,5,1900.94
6289,2492,50,4,218.33
6290,2492,93,2,4872.11
6291,2493,85,4,3711.01
6292,2493,4,1,1361.94
6293,2494,79,3,3576.79
6294,2495,87,4,3990.31
6295,2496,45,1,3123.88
6296,2497,94,2,747.13
6297,2497,8,3,2463.94
6298,2497,63,2,1717.1
6299,2497,76,4,422.74
6300,2498,47,5,4884.5
6301,2499,88,2,1189.01
6302,2499,100,5,3879.13
6303,2499,12,4,672.24
6304,2500,56,2,2760.33
6305,2501,42,4,2018.15
6306,2502,4,5,2698.98
6307,2502,45,1,3212.58
6308,2503,34,2,1406.85
6309,2503,73,2,2066.69
6310,2504,56,5,353.12
6311,2504,67,4,2242.48
6312,2504,81,2,1457.65
6313,2505,38,3,515.77
6314,2505,55,4,1968.82
6315,2506,69,4,3738.69
6316,2507,3,5,2065.03
6317,2507,64,3,695.89
6318,2508,18,4,2664.92
6319,2508,94,3,2636.33
6320,2509,78,2,2939.32
6321,2510,14,4,3376.49
6322,2510,72,5,250.55
6323,2510,40,3,1360.83
6324,2511,49,2,2218.49
6325,2511,27,2,555.29
6326,2512,44,5,526.08
6327,2512,86,5,4562.1
6328,2513,52,2,1366.47
6329,2513,33,1,3133.24
6330,2513,96,3,1343.11
6331,2513,60,4,1738.33
6332,2514,99,2,1551.59
6333,2514,79,4,2604.42
6334,2515,98,1,2090.51
6335,2515,23,1,2409.49
6336,2515,10,4,566.34
6337,2516,89,2,3163.47
6338,2516,39,3,1339.73
6339,2516,59,1,3572.88
6340,2517,1,1,1804.51
6341,2517,57,3,3430.6
6342,2517,91,5,4777.24
6343,2518,54,4,1596.4
6344,2518,59,5,1525.68
6345,2518,29,5,3349.13
6346,2518,16,2,2307.88
6347,2519,64,5,3876.47
6348,2520,45,5,1466.45
6349,2520,23,2,4604.82
6350,2521,17,3,4139.24
6351,2521,97,5,2706.92
6352,2521,50,1,3333.63
6353,2522,32,3,584.02
6354,2522,55,3,1591.45
6355,2522,14,3,538.6
6356,2523,5,1,1499.86
6357,2524,29,5,3222.35
6358,2524,88,1,3165.31
6359,2524,74,5,4105.82
6360,2524,31,3,2622.9
6361,2525,72,1,3387.29
6362,2525,18,4,2400.39
6363,2525,18,4,4899.25
6364,2526,42,4,3253.51
6365,2527,25,5,72.25
6366,2527,76,1,3421.69
6367,2527,37,3,2462.89
6368,2528,2,5,59.86
6369,2528,25,1,3976.99
6370,2528,97,5,2995.75
6371,2529,22,5,3194.31
6372,2529,52,3,4149.18
6373,2530,42,5,3756.81
6374,2530,5,2,3487.95
6375,2530,32,4,2132.87
6376,2530,42,2,4116.06
6377,2531,72,4,4832.55
6378,2531,68,1,4647.55
6379,2531,31,5,4398.92
6380,2532,54,2,4953.92
6381,2532,6,1,2794.4
6382,2532,47,5,2741.56
6383,2533,68,5,2581.71
6384,2534,90,2,50.25
6385,2535,25,4,2713.49
6386,2535,70,4,4333.07
6387,2535,95,4,3166.66
6388,2536,7,2,99.9
6389,2536,10,1,4925.98
6390,2537,98,4,2876.96
6391,2538,22,2,4371.84
6392,2538,76,4,1923.39
6393,2539,22,1,1863.08
6394,2539,9,3,4263.54
6395,2539,90,1,4878.92
6396,2539,72,1,2254.44
6397,2540,59,2,3117.27
6398,2540,22,5,1575.86
6399,2541,85,5,2074.05
6400,2541,43,5,3856.11
6401,2542,40,5,879.09
6402,2542,50,2,2819.26
6403,2543,83,3,3098.04
6404,2543,45,5,487.81
6405,2543,79,2,3867.68
6406,2543,96,2,4703.72
6407,2544,47,5,2545.55
6408,2544,59,2,4466.53
6409,2544,84,2,1349.6
6410,2545,83,5,4089.4
6411,2545,13,4,454.14
6412,2546,45,3,4802.13
6413,2547,47,2,141.83
6414,2547,82,2,2955.74
6415,2547,12,3,3611.9
6416,2547,77,1,4904.5
6417,2548,9,4,2366.68
6418,2548,42,2,3277.81
6419,2548,24,4,2999.2
6420,2549,36,3,4261.51
6421,2550,10,5,4764.28
6422,2551,61,2,2590.95
6423,2552,67,3,2703.37
6424,2552,62,3,2955.18
6425,2552,6,1,2902.77
6426,2553,54,2,2785.5
6427,2553,100,5,4852.28
6428,2554,95,5,4209.44
6429,2554,64,2,4937.09
6430,2554,8,5,3206.79
6431,2555,46,4,4020.72
6432,2556,73,4,1461.86
6433,2557,98,3,2259.5
6434,2557,88,2,3305.1
6435,2558,43,3,4972.57
6436,2558,90,3,4372.55
6437,2559,65,1,3525.9
6438,2559,71,3,2150.52
6439,2559,77,1,57.11
6440,2559,44,5,600.54
6441,2560,49,2,1402.33
6442,2560,24,3,3122.36
6443,2561,62,1,73.11
6444,2561,45,1,2882.16
6445,2561,6,4,4486.56
6446,2562,18,3,3487.34
6447,2562,100,4,300.56
6448,2562,47,4,3461.03
6449,2562,21,3,2686.66
6450,2563,37,4,1962.38
6451,2563,7,5,1102.49
6452,2563,57,2,3363.35
6453,2563,78,1,4726.38
6454,2564,87,1,232.92
6455,2565,32,3,3222.67
6456,2565,40,1,2549.21
6457,2565,34,2,275.52
6458,2565,20,2,1014.04
6459,2566,100,5,2409.83
6460,2566,45,4,1283.5
6461,2566,100,4,4963.65
6462,2567,65,4,1921.82
6463,2567,58,3,3651.96
6464,2568,18,3,2569.17
6465,2568,72,3,4706.6
6466,2568,70,3,171.13
6467,2569,98,4,1373.5
6468,2569,65,4,2649.46
6469,2569,85,4,1583.91
6470,2569,66,4,602.26
6471,2570,7,1,919.97
6472,2571,34,4,3223.32
6473,2571,44,2,1231.41
6474,2571,57,5,2573.09
6475,2572,75,3,3195.4
6476,2572,66,3,1474.75
6477,2573,37,1,3462.7
6478,2574,48,1,1678.26
6479,2574,96,4,1099.44
6480,2574,26,4,249.84
6481,2575,84,1,4271.11
6482,2575,67,1,2973.16
6483,2575,83,1,1029.23
6484,2576,47,5,1773.87
6485,2576,73,3,859.48
6486,2576,74,5,4699.08
6487,2576,86,2,1268.45
6488,2577,37,1,3099.19
6489,2577,79,4,4243.37
6490,2578,93,1,450.85
6491,2578,1,1,3583.45
6492,2578,49,4,3500.82
6493,2578,59,3,4707.13
6494,2579,49,1,4157.62
6495,2579,70,5,4861.85
6496,2580,78,2,2220.52
6497,2580,34,2,3438.04
6498,2580,74,3,2378.13
6499,2581,82,3,3888.97
6500,2581,50,5,2689.41
6501,2582,92,5,2118.66
6502,2582,51,1,3518.02
6503,2583,59,4,1570.28
6504,2583,94,3,2641.35
6505,2583,8,5,1499.93
6506,2583,11,5,2100.59
6507,2584,21,1,4530.68
6508,2584,58,5,3693.47
6509,2584,82,1,4304.73
6510,2585,85,1,714.11
6511,2585,54,1,1884.02
6512,2586,39,1,742.71
6513,2586,81,5,3774.87
6514,2586,39,3,3124.8
6515,2586,69,4,2146.12
6516,2587,48,5,4361.29
6517,2587,13,2,2108.01
6518,2587,12,2,221.98
6519,2588,58,2,590.52
6520,2588,67,2,1775.34
6521,2589,14,2,3696.06
6522,2589,98,3,1672.52
6523,2589,92,2,1049.01
6524,2590,89,5,326.18
6525,2590,96,2,1480.43
6526,2590,41,4,433.93
6527,2591,99,4,4969.39
6528,2592,35,2,1698.07
6529,2592,37,5,671.52
6530,2592,53,2,712.3
6531,2592,90,1,811.6
6532,2593,60,3,3188.05
6533,2594,17,5,3730.87
6534,2595,49,1,3916.82
6535,2596,50,2,4160.56
6536,2596,36,2,1077.76
6537,2596,88,4,60.2
6538,2596,84,4,4853.96
6539,2597,32,3,2020.49
6540,2597,10,4,3209.67
6541,2598,5,2,1687.33
6542,2598,13,3,3619.41
6543,2598,12,3,3406.15
6544,2598,94,2,4738.19
6545,2599,61,2,3265.62
6546,2600,65,3,265.61
6547,2600,94,3,2703.12
6548,2600,22,4,303.89
6549,2600,97,2,4118.64
6550,2601,43,3,3292.93
6551,2601,20,2,1319.53
6552,2602,93,3,4023.69
6553,2602,31,1,3831.02
6554,2602,10,1,4967.39
6555,2603,1,3,1859.58
6556,2604,61,3,4235.93
6557,2604,22,2,1376.39
6558,2605,5,3,2123.21
6559,2605,86,2,1133.72
6560,2605,47,3,2039.13
6561,2605,66,3,2970.83
6562,2606,68,2,2804.89
6563,2607,79,5,3900.66
6564,2607,39,5,3961.53
6565,2608,6,3,3597.03
6566,2609,92,2,4136.79
6567,2609,26,5,66.32
6568,2609,80,2,2059.98
6569,2609,50,1,2911.13
6570,2610,2,3,1296.75
6571,2610,48,1,557.82
6572,2610,41,1,1699.08
6573,2611,45,3,2603.33
6574,2611,98,5,3187.47
6575,2611,96,1,3245.35
6576,2611,42,5,4669.9
6577,2612,96,2,860.83
6578,2612,22,3,949.32
6579,2612,33,2,139.81
6580,2612,52,2,3466.49
6581,2613,5,4,4270.25
6582,2614,13,2,1939.92
6583,2614,31,3,2979.09
6584,2614,98,1,4233.4
6585,2614,92,2,4175.13
6586,2615,71,4,588.61
6587,2615,19,2,830.69
6588,2616,87,1,1384.37
6589,2616,92,2,3198.28
6590,2616,43,3,725.01
6591,2616,34,5,823.19
6592,2617,31,1,785.88
6593,2617,89,2,3881.29
6594,2617,8,1,184.79
6595,2618,17,4,2655.81
6596,2618,78,2,2745.64
6597,2619,34,2,1697.91
6598,2619,83,5,4189.07
6599,2620,92,2,1711.47
6600,2621,78,3,4867.23
6601,2621,15,4,4987.24
6602,2622,76,3,4476.64
6603,2622,90,5,1410.24
6604,2623,49,3,327.22
6605,2623,99,5,3780.41
6606,2623,77,4,2318.94
6607,2623,47,2,1911.02
6608,2624,1,5,986.64
6609,2624,83,4,246.73
6610,2624,7,4,1267.62
6611,2625,49,1,687.86
6612,2625,25,1,3620.54
6613,2626,55,4,4205.6
6614,2626,21,4,390.86
6615,2626,96,2,2175.14
6616,2627,38,3,4067.68
6617,2627,86,5,2882.34
6618,2628,59,2,2742.26
6619,2628,95,2,3471.49
6620,2628,25,5,823.19
6621,2628,36,4,872.57
6622,2629,22,2,4958.47
6623,2629,68,2,1024.13
6624,2630,26,5,4697.11
6625,2631,23,2,1126.48
6626,2631,77,1,1954.67
6627,2631,63,1,3868.48
6628,2632,6,1,4993.42
6629,2632,39,1,900.26
6630,2632,44,2,968.35
6631,2633,33,3,1969.96
6632,2633,87,1,2635.89
6633,2634,74,2,4530.02
6634,2634,90,3,221.3
6635,2635,21,5,3473.26
6636,2635,26,4,1427.76
6637,2635,46,2,4302.39
6638,2635,71,2,1075.75
6639,2636,66,5,1857.79
6640,2636,80,1,3670.26
6641,2636,79,1,1734.71
6642,2636,98,1,2917.56
6643,2637,44,5,2436.98
6644,2637,74,3,343.02
6645,2637,90,2,1759.55
6646,2638,17,2,950.42
6647,2638,90,2,119.34
6648,2638,62,1,2819.82
6649,2638,9,5,2206.87
6650,2639,65,3,1999.39
6651,2639,59,3,2358.57
6652,2639,81,3,882.53
6653,2640,35,5,1285.58
6654,2641,83,4,4353.72
6655,2641,6,5,3208.22
6656,2641,49,5,725.07
6657,2642,59,1,3744.09
6658,2642,43,2,3403.56
6659,2643,82,3,4466.94
6660,2643,14,1,3742.68
6661,2643,8,3,1807.68
6662,2644,23,3,4893.36
6663,2644,19,4,3315.58
6664,2644,58,4,4486.91
6665,2644,65,1,3940.46
6666,2645,7,3,2863.7
6667,2645,39,4,225.24
6668,2645,26,4,4116.4
6669,2646,37,3,3810.66
6670,2646,92,2,166.14
6671,2647,35,2,744.15
6672,2647,53,1,1509.91
6673,2647,29,3,4348.96
6674,2648,62,1,1758.89
6675,2648,92,3,990.82
6676,2649,6,5,371.54
6677,2650,69,2,3270.2
6678,2650,4,5,4572.74
6679,2650,95,3,1241.81
6680,2650,10,2,859.49
6681,2651,21,4,1414.39
6682,2651,57,3,2218.24
6683,2651,60,1,2202.59
6684,2652,38,3,858.46
6685,2652,53,2,233.22
6686,2652,85,1,2328.0
6687,2652,11,1,3672.1
6688,2653,14,2,1506.91
6689,2654,68,1,1891.0
6690,2654,78,3,4715.1
6691,2654,14,1,3707.51
6692,2655,40,5,3281.91
6693,2655,4,3,1318.08
6694,2655,9,1,3306.58
6695,2655,100,1,2224.64
6696,2656,89,1,3673.23
6697,2656,38,5,906.29
6698,2657,37,5,3024.7
6699,2658,92,4,1481.36
6700,2659,11,2,413.25
6701,2659,59,1,3372.66
6702,2659,36,2,421.45
6703,2660,48,1,1124.28
6704,2660,47,5,2592.14
6705,2660,71,3,242.54
6706,2661,2,4,2252.12
6707,2661,46,1,1373.0
6708,2661,34,5,1178.32
6709,2661,10,3,2045.53
6710,2662,16,3,3610.92
6711,2662,59,4,306.16
6712,2662,20,1,1746.67
6713,2663,70,4,618.55
6714,2663,43,1,631.53
6715,2664,23,4,4238.04
6716,2664,33,2,3769.45
6717,2664,79,2,1353.06
6718,2664,5,4,569.94
6719,2665,42,1,3177.43
6720,2665,90,4,974.54
6721,2665,41,3,1116.48
6722,2665,90,1,2509.05
6723,2666,10,2,770.85
6724,2666,57,2,1643.44
6725,2666,5,5,3257.36
6726,2666,40,3,4077.74
6727,2667,39,1,2766.53
6728,2667,56,1,3711.46
6729,2668,87,5,685.23
6730,2668,99,2,4072.2
6731,2668,53,1,540.72
6732,2668,2,5,3690.15
6733,2669,10,5,4916.35
6734,2669,99,3,3874.33
6735,2670,77,5,3430.89
6736,2671,22,5,2285.77
6737,2672,76,2,3325.74
6738,2673,67,5,2264.95
6739,2673,40,1,1710.38
6740,2674,80,2,4012.58
6741,2674,34,2,1524.37
6742,2674,43,1,785.81
6743,2675,34,2,2422.06
6744,2675,69,4,3145.49
6745,2675,51,4,4476.47
6746,2675,71,1,4399.7
6747,2676,43,1,4763.36
6748,2677,73,2,3509.25
6749,2677,60,2,4105.01
6750,2678,3,4,2488.91
6751,2678,64,5,2607.44
6752,2679,59,4,2562.61
6753,2679,2,4,65.07
6754,2679,89,2,1294.65
6755,2679,7,5,3067.91
6756,2680,82,3,462.06
6757,2680,89,2,995.43
6758,2681,46,4,2902.85
6759,2682,72,2,3375.58
6760,2683,50,1,4151.71
6761,2683,50,2,129.95
6762,2683,58,2,2968.67
6763,2683,42,1,3412.08
6764,2684,83,4,336.83
6765,2684,88,5,4585.33
6766,2684,54,5,2145.19
6767,2684,15,1,4261.74
6768,2685,71,3,58.15
6769,2686,80,1,3724.31
6770,2686,24,4,1985.85
6771,2687,28,4,152.16
6772,2687,68,4,1181.21
6773,2687,27,2,4090.31
6774,2687,77,3,268.02
6775,2688,90,4,3231.7
6776,2688,64,4,92.51
6777,2688,92,3,1803.39
6778,2688,68,1,3260.6
6779,2689,7,5,314.03
6780,2689,28,1,2109.64
6781,2689,80,2,1835.5
6782,2690,45,3,4461.14
6783,2691,40,1,2945.94
6784,2691,96,3,3885.44
6785,2691,17,3,1095.35
6786,2692,51,1,1890.42
6787,2693,77,5,3069.6
6788,2693,6,4,2024.7
6789,2694,98,5,592.32
6790,2695,79,5,1091.95
6791,2695,64,5,1354.46
6792,2695,2,2,712.96
6793,2696,58,4,1431.46
6794,2697,16,4,2205.49
6795,2698,48,1,4846.77
6796,2698,86,1,1431.43
6797,2698,64,3,3226.35
6798,2699,95,1,1695.4
6799,2699,58,3,3240.89
6800,2700,23,5,1645.1
6801,2700,92,5,1276.56
6802,2701,5,2,4736.8
6803,2701,8,2,2151.28
6804,2701,38,5,2175.27
6805,2701,47,4,2386.31
6806,2702,27,3,4715.37
6807,2702,41,2,1330.62
6808,2702,90,4,1458.05
6809,2703,64,1,2614.7
6810,2703,22,1,2318.06
6811,2704,98,1,1077.07
6812,2705,1,1,65.14
6813,2706,1,5,803.52
6814,2706,31,3,4537.79
6815,2707,2,5,3442.53
6816,2707,4,5,2346.99
6817,2707,63,5,2697.1
6818,2707,46,1,4438.79
6819,2708,11,5,141.46
6820,2708,51,3,1596.53
6821,2708,77,1,1439.45
6822,2708,76,3,3737.04
6823,2709,92,1,2199.14
6824,2709,83,2,669.43
6825,2709,22,4,3464.6
6826,2709,57,2,2186.06
6827,2710,44,3,3913.59
6828,2711,22,4,145.67
6829,2712,67,3,4264.56
6830,2712,53,3,3619.1
6831,2713,12,5,2959.37
6832,2713,50,5,2560.36
6833,2714,33,5,2901.85
6834,2714,28,2,3359.94
6835,2714,58,3,1793.77
6836,2714,78,1,2684.6
6837,2715,30,5,1505.48
6838,2715,57,4,467.08
6839,2716,39,3,1158.1
6840,2716,92,2,3364.65
6841,2716,99,4,4524.79
6842,2717,99,1,3121.38
6843,2717,8,5,1679.98
6844,2717,44,2,3900.67
6845,2717,60,5,1564.5
6846,2718,97,2,568.2
6847,2718,92,2,3286.93
6848,2718,24,5,129.39
6849,2718,21,3,4665.8
6850,2719,83,4,2709.24
6851,2719,44,2,4242.4
6852,2720,52,1,1620.86
6853,2720,21,1,3789.7
6854,2720,55,4,2046.05
6855,2721,67,5,2074.05
6856,2722,3,4,4729.86
6857,2723,41,5,4433.78
6858,2723,58,5,3404.48
6859,2723,91,3,690.7
6860,2723,48,4,1834.64
6861,2724,97,5,1131.74
6862,2724,43,3,3527.11
6863,2725,81,3,3623.4
6864,2726,3,2,4412.3
6865,2726,71,4,1008.51
6866,2726,26,3,1916.2
6867,2727,78,1,2639.72
6868,2727,33,3,3055.44
6869,2727,51,1,730.36
6870,2727,92,4,3978.6
6871,2728,24,5,3562.89
6872,2728,29,1,1755.54
6873,2729,3,4,132.44
6874,2729,77,1,3108.95
6875,2730,91,5,3495.31
6876,2730,67,4,4721.87
6877,2730,10,3,357.47
6878,2731,31,3,4056.39
6879,2731,10,2,3050.59
6880,2732,78,3,1767.96
6881,2732,97,1,2564.36
6882,2733,100,4,2822.34
6883,2733,14,3,3270.49
6884,2734,19,3,166.99
6885,2734,40,2,2655.49
6886,2734,18,1,4112.86
6887,2735,87,1,3269.31
6888,2735,8,4,2566.39
6889,2735,58,4,4342.46
6890,2736,1,1,3897.64
6891,2736,25,3,2446.6
6892,2736,82,4,3579.25
6893,2737,51,4,1084.44
6894,2737,50,1,1382.16
6895,2738,61,3,468.45
6896,2738,46,1,4163.33
6897,2738,95,2,791.66
6898,2739,56,4,3558.48
6899,2739,83,3,2566.11
6900,2739,99,2,4805.66
6901,2740,84,2,2112.05
6902,2740,70,3,422.21
6903,2740,68,2,3492.17
6904,2741,96,4,2396.66
6905,2741,8,4,388.16
6906,2741,51,1,446.13
6907,2742,99,1,2997.56
6908,2742,40,1,4495.86
6909,2742,8,1,4134.77
6910,2743,42,4,3399.18
6911,2743,26,3,4639.73
6912,2744,17,4,2625.42
6913,2744,81,5,2395.65
6914,2744,62,4,1676.0
6915,2744,1,2,1160.84
6916,2745,98,1,1451.44
6917,2745,15,2,2285.93
6918,2745,85,1,3908.8
6919,2745,69,2,2119.85
6920,2746,83,4,4822.35
6921,2746,24,5,1152.62
6922,2746,86,4,2419.46
6923,2747,23,4,1880.68
6924,2747,33,3,3387.34
6925,2747,34,1,1210.11
6926,2747,40,5,3187.78
6927,2748,78,4,1838.18
6928,2748,46,3,1222.47
6929,2749,81,2,946.95
6930,2749,7,5,1346.92
6931,2749,5,3,1322.34
6932,2750,64,4,1822.35
6933,2750,91,2,3071.15
6934,2750,99,1,386.91
6935,2751,50,5,863.67
6936,2751,58,1,1399.17
6937,2751,31,5,2723.86
6938,2751,93,2,4337.44
6939,2752,9,3,3858.08
6940,2752,67,2,1393.53
6941,2752,84,3,1162.32
6942,2752,17,5,3118.38
6943,2753,92,2,2768.12
6944,2753,40,3,4370.61
6945,2753,23,3,350.41
6946,2753,79,3,4109.65
6947,2754,39,4,2602.03
6948,2755,90,5,3570.67
6949,2755,72,5,281.47
6950,2755,92,4,2032.81
6951,2755,33,2,2463.82
6952,2756,57,4,562.82
6953,2756,45,4,2771.86
6954,2756,25,4,3921.14
6955,2757,44,4,656.84
6956,2758,21,1,3715.74
6957,2758,28,4,4665.42
6958,2758,11,2,3723.16
6959,2758,93,4,1027.57
6960,2759,3,2,4533.73
6961,2759,73,1,2019.12
6962,2759,54,1,2149.78
6963,2760,96,4,3105.78
6964,2760,70,5,3628.75
6965,2760,83,4,2423.62
6966,2761,23,1,2535.93
6967,2761,24,3,2348.99
6968,2761,81,2,673.5
6969,2761,64,4,3278.65
6970,2762,57,1,4935.16
6971,2762,59,1,1992.49
6972,2762,57,1,3207.43
6973,2762,67,5,1828.57
6974,2763,43,4,2707.05
6975,2763,89,2,1001.79
6976,2764,20,5,2538.64
6977,2764,4,5,986.08
6978,2764,98,1,1152.39
6979,2765,31,3,1738.54
6980,2765,17,3,2417.75
6981,2765,97,1,4822.15
6982,2765,45,3,2613.58
6983,2766,24,1,2808.99
6984,2766,73,3,467.01
6985,2767,78,1,2282.19
6986,2768,56,4,2387.16
6987,2769,86,5,1027.22
6988,2769,15,2,531.1
6989,2769,51,3,1597.93
6990,2769,71,2,1006.16
6991,2770,21,3,1645.85
6992,2770,2,2,4806.94
6993,2770,32,2,3487.11
6994,2771,94,1,213.67
6995,2771,21,3,4742.32
6996,2772,58,3,3857.87
6997,2772,77,1,1496.56
6998,2772,76,5,1822.92
6999,2772,74,4,2382.57
7000,2773,13,4,59.22
7001,2773,55,5,3306.84
7002,2774,48,5,1021.07
7003,2774,6,1,4499.91
7004,2775,43,3,1885.93
7005,2775,25,4,4380.21
7006,2776,56,5,2196.23
7007,2776,54,3,4915.7
7008,2777,93,3,4493.9
7009,2777,65,1,200.27
7010,2777,52,2,3770.38
7011,2778,58,2,2844.46
7012,2778,82,1,1916.19
7013,2778,91,1,1410.03
7014,2778,75,3,776.77
7015,2779,97,1,493.42
7016,2779,23,3,2262.15
7017,2780,83,3,298.16
7018,2780,78,4,2730.4
7019,2781,8,5,2916.18
7020,2781,27,5,2426.65
7021,2782,13,2,4658.71
7022,2783,66,2,3630.31
7023,2783,79,5,1000.25
7024,2784,14,3,4449.42
7025,2785,80,3,4704.15
7026,2785,63,4,439.2
7027,2785,72,1,3629.39
7028,2786,66,1,4752.6
7029,2786,5,3,3650.6
7030,2786,4,1,4328.94
7031,2786,42,3,4357.35
7032,2787,11,2,636.6
7033,2788,28,2,2110.62
7034,2788,46,4,1346.85
7035,2788,24,1,3690.07
7036,2789,16,3,1367.02
7037,2790,80,5,693.76
7038,2790,11,4,2996.41
7039,2790,14,5,1925.69
7040,2791,78,1,1212.97
7041,2792,9,4,3235.04
7042,2792,41,5,687.72
7043,2792,48,5,1548.01
7044,2793,51,1,4510.16
7045,2793,4,1,2131.7
7046,2794,14,1,1734.62
7047,2795,95,4,139.32
7048,2795,50,3,1090.55
7049,2796,47,2,3293.35
7050,2796,78,4,1077.49
7051,2796,8,1,4258.75
7052,2797,5,1,1889.49
7053,2797,43,2,4030.27
7054,2797,4,3,1141.17
7055,2797,99,3,4827.9
7056,2798,40,5,2756.61
7057,2798,72,5,136.33
7058,2799,77,4,263.9
7059,2799,53,3,2779.27
7060,2799,90,3,1647.38
7061,2800,88,4,2872.35
7062,2801,21,3,206.37
7063,2801,43,4,3795.76
7064,2802,13,1,4562.72
7065,2802,73,2,1879.55
7066,2802,73,1,3152.5
7067,2803,66,5,414.29
7068,2803,51,4,2513.19
7069,2804,80,3,818.11
7070,2805,87,5,4259.95
7071,2805,49,5,4382.84
7072,2805,6,3,3490.45
7073,2806,78,3,764.8
7074,2806,2,1,4983.26
7075,2807,42,5,4150.78
7076,2807,42,4,2593.91
7077,2808,78,5,273.17
7078,2808,62,1,1111.05
7079,2809,27,1,809.35
7080,2809,48,5,3961.05
7081,2809,53,5,3230.17
7082,2809,40,5,1806.14
7083,2810,59,3,2626.48
7084,2811,25,3,4876.52
7085,2812,89,1,4624.79
7086,2812,2,3,333.6
7087,2812,10,5,549.84
7088,2813,10,4,4399.27
7089,2813,1,1,4843.29
7090,2813,66,3,1556.88
7091,2813,85,1,3632.48
7092,2814,88,2,3343.93
7093,2814,65,1,91.55
7094,2815,87,3,868.8
7095,2815,42,2,3513.61
7096,2815,50,2,1649.8
7097,2816,56,1,1394.25
7098,2816,13,2,3332.65
7099,2816,92,5,2733.26
7100,2817,9,1,3080.16
7101,2818,16,3,770.96
7102,2818,33,1,2506.45
7103,2819,15,1,526.38
7104,2819,40,5,4849.13
7105,2819,21,3,3763.17
7106,2819,5,5,2060.8
7107,2820,97,2,4660.53
7108,2820,53,1,701.99
7109,2820,50,4,4981.36
7110,2821,67,1,4588.5
7111,2821,82,1,59.14
7112,2821,9,2,3562.56
7113,2822,90,1,656.68
7114,2822,59,5,4136.68
7115,2823,48,4,3270.17
7116,2823,32,2,1145.92
7117,2823,94,2,1971.74
7118,2824,13,3,1242.18
7119,2824,37,4,4460.1
7120,2824,23,5,162.0
7121,2825,34,5,3233.6
7122,2825,41,2,2586.57
7123,2825,94,5,3904.57
7124,2825,2,3,3664.09
7125,2826,1,5,3828.33
7126,2826,94,3,850.96
7127,2826,83,1,2208.17
7128,2827,51,2,1690.23
7129,2827,58,4,936.68
7130,2828,90,5,2477.78
7131,2829,37,1,4769.45
7132,2829,48,5,443.86
7133,2829,45,4,4530.61
7134,2829,74,5,3751.18
7135,2830,48,3,1713.95
7136,2831,76,3,3605.01
7137,2831,48,2,3132.38
7138,2831,33,2,3153.25
7139,2832,18,1,2445.37
7140,2832,17,5,1562.15
7141,2833,100,5,2423.75
7142,2833,83,2,2854.3
7143,2833,8,2,161.35
7144,2834,80,1,3235.58
7145,2834,59,2,1950.59
7146,2835,84,2,3609.02
7147,2836,5,3,3144.34
7148,2836,63,5,3779.87
7149,2837,14,3,1846.34
7150,2837,98,4,729.07
7151,2838,30,1,1132.47
7152,2838,18,3,4256.8
7153,2838,29,1,125.28
7154,2839,27,1,1444.37
7155,2840,40,2,464.07
7156,2840,32,4,3228.86
7157,2840,65,1,4824.39
7158,2841,43,5,733.56
7159,2841,18,4,4830.61
7160,2841,4,2,2165.74
7161,2842,73,4,2027.53
7162,2842,84,4,3082.25
7163,2842,95,5,4685.85
7164,2843,45,4,3375.69
7165,2843,56,3,435.39
7166,2844,45,1,4277.54
7167,2844,89,4,3941.99
7168,2845,58,2,3517.87
7169,2845,91,4,990.5
7170,2845,73,4,2554.85
7171,2845,6,4,610.25
7172,2846,79,3,2520.56
7173,2847,85,3,3193.24
7174,2848,6,1,376.95
7175,2848,62,1,3674.5
7176,2849,17,3,4663.08
7177,2849,93,2,1215.57
7178,2850,27,5,474.28
7179,2850,39,2,1100.37
7180,2851,10,4,4924.96
7181,2851,95,5,4404.53
7182,2851,61,3,3407.13
7183,2851,53,5,2458.49
7184,2852,15,1,3037.96
7185,2852,68,5,1685.99
7186,2852,9,1,632.63
7187,2852,64,5,4517.96
7188,2853,31,5,347.14
7189,2853,26,4,631.29
7190,2854,67,4,101.79
7191,2854,52,3,694.63
7192,2854,52,2,3633.32
7193,2855,44,5,2711.74
7194,2855,37,4,3716.8
7195,2855,27,4,392.49
7196,2856,60,5,2509.48
7197,2856,4,5,3366.78
7198,2856,46,4,3154.01
7199,2857,64,5,1327.94
7200,2858,36,1,349.21
7201,2858,94,4,4135.23
7202,2858,100,5,3031.79
7203,2859,36,3,4689.08
7204,2859,57,5,4137.5
7205,2860,50,4,4786.58
7206,2860,37,3,2716.73
7207,2860,51,4,627.8
7208,2860,69,5,426.31
7209,2861,68,2,3712.14
7210,2862,83,2,1514.45
7211,2862,58,4,1476.71
7212,2862,54,4,4863.3
7213,2862,95,3,1905.74
7214,2863,60,2,3473.48
7215,2863,32,1,3220.91
7216,2864,41,4,2502.76
7217,2865,16,2,3966.14
7218,2865,36,3,1750.43
7219,2865,57,5,2311.02
7220,2866,93,4,3025.58
7221,2867,61,4,3227.58
7222,2868,81,3,1720.08
7223,2868,27,1,4955.51
7224,2868,10,4,1019.41
7225,2869,14,2,2380.24
7226,2869,45,5,918.28
7227,2869,82,2,2894.76
7228,2870,49,4,3468.73
7229,2870,34,1,1865.31
7230,2870,44,2,1666.25
7231,2871,64,4,1479.15
7232,2872,56,3,822.26
7233,2872,84,4,1574.77
7234,2872,20,3,1119.33
7235,2873,20,5,3734.83
7236,2873,20,1,964.94
7237,2873,7,3,410.58
7238,2874,38,5,2058.8
7239,2874,59,2,1911.16
7240,2874,21,1,4772.13
7241,2874,88,1,3634.69
7242,2875,54,1,3133.4
7243,2875,58,2,2223.65
7244,2875,48,1,321.98
7245,2875,31,2,4872.5
7246,2876,50,5,1015.88
7247,2876,23,1,1903.69
7248,2876,1,4,3655.03
7249,2877,51,5,1971.93
7250,2878,87,3,4580.6
7251,2879,35,3,676.7
7252,2879,51,3,2922.85
7253,2879,34,1,562.24
7254,2880,5,2,214.28
7255,2881,63,4,3746.36
7256,2881,39,1,4740.84
7257,2881,53,2,1262.52
7258,2881,24,1,4190.71
7259,2882,90,4,1609.47
7260,2883,61,5,3973.79
7261,2883,74,4,185.94
7262,2883,67,4,1800.55
7263,2883,11,3,3409.78
7264,2884,35,2,938.5
7265,2884,64,1,4515.31
7266,2885,11,1,4662.26
7267,2885,59,2,871.55
7268,2886,33,5,4659.32
7269,2886,77,3,4567.05
7270,2886,73,2,3682.67
7271,2886,63,3,863.74
7272,2887,5,1,2456.42
7273,2887,51,4,3355.01
7274,2887,68,4,4779.32
7275,2887,65,5,333.9
7276,2888,9,2,213.78
7277,2889,23,5,794.45
7278,2889,27,5,1151.48
7279,2889,22,2,1091.35
7280,2890,43,1,1385.31
7281,2890,68,1,2017.79
7282,2890,31,2,1356.53
7283,2890,71,5,2025.65
7284,2891,53,1,1429.76
7285,2891,15,2,2119.7
7286,2891,51,3,1658.17
7287,2892,17,4,2948.43
7288,2892,26,5,2875.49
7289,2892,8,2,647.8
7290,2893,86,4,433.13
7291,2893,50,5,4154.85
7292,2893,98,1,1593.76
7293,2894,10,1,786.64
7294,2894,79,4,3326.88
7295,2894,84,3,1354.51
7296,2894,11,5,3753.74
7297,2895,26,4,2351.35
7298,2895,5,2,3108.83
7299,2895,54,4,4626.92
7300,2896,43,1,1067.64
7301,2897,100,2,1226.43
7302,2897,58,2,4902.79
7303,2897,36,4,3354.36
7304,2897,99,3,4911.7
7305,2898,2,3,2709.6
7306,2898,46,1,470.89
7307,2898,76,1,4561.49
7308,2898,41,4,3673.64
7309,2899,24,4,2451.83
7310,2899,10,1,430.83
7311,2900,66,3,614.57
7312,2900,45,5,3571.55
7313,2900,88,4,933.8
7314,2900,75,1,2056.84
7315,2901,18,2,697.17
7316,2901,78,2,4624.06
7317,2901,32,5,1323.37
7318,2902,43,4,4834.9
7319,2902,50,1,2475.3
7320,2902,48,4,850.89
7321,2902,86,3,4321.01
7322,2903,67,5,4885.46
7323,2903,31,4,2192.8
7324,2903,64,5,2820.15
7325,2904,85,3,285.87
7326,2904,26,2,2385.93
7327,2905,51,1,1790.83
7328,2905,82,5,953.41
7329,2906,54,5,2058.77
7330,2906,83,5,166.8
7331,2906,3,4,2964.76
7332,2906,54,3,1230.98
7333,2907,7,2,4067.25
7334,2908,47,1,3098.77
7335,2908,89,4,3312.12
7336,2908,3,3,2378.18
7337,2908,1,5,819.17
7338,2909,31,2,2290.39
7339,2910,34,2,3426.96
7340,2911,61,3,2275.39
7341,2911,23,4,4147.77
7342,2912,75,2,3172.75
7343,2912,88,4,4947.34
7344,2913,74,3,1337.15
7345,2913,64,4,3720.06
7346,2913,17,5,1269.57
7347,2914,51,5,4367.16
7348,2914,66,2,749.48
7349,2915,4,4,910.61
7350,2915,66,1,3920.8
7351,2915,79,3,3078.01
7352,2916,81,4,4604.83
7353,2917,76,5,4103.35
7354,2918,77,5,2828.47
7355,2919,34,1,3143.61
7356,2920,51,2,2216.08
7357,2920,35,3,1680.08
7358,2921,24,4,1828.99
7359,2921,34,2,1979.06
7360,2922,18,4,938.27
7361,2922,19,1,4012.29
7362,2923,31,2,1634.43
7363,2923,100,1,1992.14
7364,2923,75,2,3897.71
7365,2924,73,4,1305.33
7366,2924,13,1,3537.88
7367,2925,44,1,2139.31
7368,2925,70,4,908.78
7369,2925,38,5,3927.17
7370,2925,14,2,1036.51
7371,2926,55,1,4749.25
7372,2926,44,4,1652.35
7373,2926,20,5,2060.22
7374,2926,96,3,4538.46
7375,2927,9,1,2584.58
7376,2927,28,2,3308.86
7377,2927,59,2,1006.88
7378,2927,74,1,2935.61
7379,2928,69,3,4868.21
7380,2929,47,1,3887.63
7381,2929,28,4,2922.48
7382,2929,86,5,1734.09
7383,2930,49,4,4417.1
7384,2931,84,3,1808.21
7385,2931,80,5,422.38
7386,2931,77,4,4991.03
7387,2931,53,5,2241.96
7388,2932,95,2,732.66
7389,2933,36,3,2881.9
7390,2933,74,3,3447.1
7391,2933,38,2,2279.05
7392,2933,1,3,1025.66
7393,2934,20,3,3055.13
7394,2934,54,2,2177.63
7395,2934,16,4,2366.19
7396,2935,91,3,782.18
7397,2935,19,1,4296.34
7398,2935,88,3,699.39
7399,2936,92,5,4214.94
7400,2937,66,1,3357.36
7401,2937,88,5,189.86
7402,2938,33,4,1059.81
7403,2938,59,3,549.63
7404,2939,76,3,2725.22
7405,2939,94,5,1668.29
7406,2940,31,2,2396.08
7407,2940,4,3,1604.66
7408,2941,12,2,1623.24
7409,2941,55,2,4924.28
7410,2941,91,3,4981.32
7411,2942,90,4,4817.04
7412,2943,49,2,4652.34
7413,2944,98,3,1342.9
7414,2944,81,1,3522.79
7415,2945,28,2,4687.09
7416,2945,82,5,4727.82
7417,2945,22,3,1548.33
7418,2946,53,5,2878.65
7419,2946,19,2,211.4
7420,2946,70,2,2869.58
7421,2946,83,5,4516.57
7422,2947,44,5,3454.36
7423,2947,23,5,4659.39
7424,2947,45,4,636.56
7425,2948,74,1,3794.81
7426,2948,85,5,4860.69
7427,2948,55,2,1877.28
7428,2948,38,5,3044.98
7429,2949,39,3,1281.59
7430,2950,44,1,1041.53
7431,2950,67,4,599.35
7432,2950,29,4,2356.43
7433,2950,38,4,454.59
7434,2951,55,1,1627.65
7435,2952,29,4,3425.67
7436,2952,62,2,1943.64
7437,2953,17,4,3518.94
7438,2954,1,4,3047.1
7439,2954,48,2,4032.71
7440,2954,23,1,2294.48
7441,2954,68,5,1547.76
7442,2955,85,4,3127.88
7443,2956,18,5,2159.61
7444,2956,19,1,1400.62
7445,2956,71,4,890.03
7446,2956,26,1,3098.51
7447,2957,83,4,4449.9
7448,2958,41,5,1956.38
7449,2958,34,4,4824.63
7450,2958,2,1,3057.29
7451,2958,19,3,1755.37
7452,2959,58,3,1664.71
7453,2960,34,4,4197.74
7454,2961,15,3,3544.71
7455,2961,70,3,291.87
7456,2961,78,4,672.22
7457,2961,49,4,1714.68
7458,2962,57,4,4101.7
7459,2962,81,1,2930.27
7460,2962,12,3,691.17
7461,2963,79,3,1991.97
7462,2964,87,1,1129.44
7463,2964,43,3,844.3
7464,2964,97,5,970.92
7465,2964,15,2,785.42
7466,2965,63,5,1120.12
7467,2965,40,2,4670.71
7468,2965,69,3,3107.08
7469,2965,14,5,2343.05
7470,2966,53,2,2585.62
7471,2966,66,4,3532.88
7472,2966,85,5,782.75
7473,2966,43,3,1171.58
7474,2967,26,4,2055.97
7475,2967,65,4,529.92
7476,2967,60,1,4827.1
7477,2967,56,3,4313.01
7478,2968,77,3,1768.13
7479,2968,25,5,1383.26
7480,2968,48,1,2153.71
7481,2969,65,2,3054.24
7482,2969,69,4,1215.59
7483,2969,8,5,2889.99
7484,2970,91,2,2626.52
7485,2970,42,3,650.93
7486,2970,75,2,3519.0
7487,2970,99,5,1531.05
7488,2971,11,3,4490.62
7489,2971,91,1,1353.38
7490,2972,46,3,1584.61
7491,2973,75,4,2339.93
7492,2974,19,3,4553.41
7493,2974,71,3,2498.39
7494,2974,5,3,161.82
7495,2974,100,3,836.48
7496,2975,82,4,4959.49
7497,2975,3,2,1872.49
7498,2975,60,4,1932.78
7499,2975,30,1,4825.39
7500,2976,74,5,2468.08
7501,2976,10,1,2934.76
7502,2976,51,3,3844.44
7503,2976,13,5,4261.61
7504,2977,63,2,4141.49
7505,2978,36,4,557.6
7506,2978,93,1,1396.13
7507,2979,64,1,2591.2
7508,2980,18,1,2958.3
7509,2980,41,1,3797.46
7510,2981,80,1,71.64
7511,2981,75,3,271.57
7512,2982,39,4,1320.74
7513,2983,23,5,2882.34
7514,2983,91,3,4996.13
7515,2983,42,2,1241.16
7516,2983,65,2,3486.41
7517,2984,33,5,4802.86
7518,2985,45,4,3526.12
7519,2985,38,3,1914.88
7520,2985,70,3,1453.59
7521,2985,49,2,1018.12
7522,2986,100,5,2742.98
7523,2986,40,4,1746.12
7524,2987,27,3,2829.2
7525,2988,72,2,1508.21
7526,2989,6,1,2140.08
7527,2989,7,4,3326.04
7528,2990,85,3,4032.49
7529,2990,6,2,1862.39
7530,2990,96,5,1253.28
7531,2991,16,4,3430.11
7532,2991,95,2,1059.26
7533,2991,92,2,4679.69
7534,2992,98,4,599.6
7535,2993,13,5,840.03
7536,2993,50,1,4428.62
7537,2994,73,2,4809.84
7538,2994,9,5,4646.64
7539,2995,82,5,611.78
7540,2995,11,1,2742.93
7541,2995,8,2,4630.94
7542,2995,31,5,2807.69
7543,2996,74,4,4553.68
7544,2996,99,2,3998.85
7545,2996,86,3,2276.17
7546,2996,41,2,3922.57
7547,2997,40,3,3313.81
7548,2997,9,5,3294.65
7549,2997,25,3,1495.31
7550,2997,100,4,3485.12
7551,2998,32,5,4899.74
7552,2998,90,4,854.58
7553,2998,3,2,1196.13
7554,2998,90,3,4840.82
7555,2999,8,2,398.08
7556,2999,82,3,3134.05
7557,3000,42,1,3055.66
7558,3000,77,1,3291.74
7559,3000,80,3,3847.17
7560,3001,67,4,3097.78
7561,3001,79,3,1216.0
7562,3002,4,4,4258.25
7563,3003,29,2,1104.7
7564,3003,67,2,2250.99
7565,3003,41,2,4742.78
7566,3003,38,5,3365.73
7567,3004,89,3,2903.59
7568,3004,51,5,3097.89
7569,3005,31,5,1842.86
7570,3005,45,3,3708.44
7571,3006,10,1,3416.48
7572,3007,82,3,3408.84
7573,3008,100,3,2775.31
7574,3008,40,4,2993.44
7575,3008,1,4,1391.57
7576,3009,14,5,4284.62
7577,3009,60,1,4868.87
7578,3009,87,2,891.8
7579,3010,59,3,3095.95
7580,3010,7,2,1754.76
7581,3010,33,5,4694.12
7582,3010,68,2,2892.15
7583,3011,27,2,80.87
7584,3012,14,1,1186.28
7585,3012,63,2,2565.59
7586,3012,9,1,4936.97
7587,3013,23,5,1740.76
7588,3013,58,3,4968.09
7589,3013,15,2,2185.03
7590,3013,60,1,3235.79
7591,3014,98,5,2160.42
7592,3014,84,2,1078.85
7593,3014,3,2,833.89
7594,3014,14,4,1966.27
7595,3015,69,5,3075.23
7596,3015,16,2,2471.05
7597,3015,54,2,538.34
7598,3015,27,2,1549.33
7599,3016,72,2,3212.98
7600,3016,48,4,4686.84
7601,3016,51,2,366.46
7602,3017,77,3,4232.65
7603,3017,5,5,4486.09
7604,3018,39,1,3765.99
7605,3018,64,3,4596.86
7606,3018,98,4,2166.59
7607,3019,97,4,3816.18
7608,3019,91,2,1776.81
7609,3020,38,5,1801.77
7610,3020,55,3,4975.96
7611,3020,56,4,2938.61
7612,3020,85,3,3401.07
7613,3021,93,1,1641.71
7614,3021,72,4,4314.77
7615,3021,7,4,2346.6
7616,3021,94,5,2097.11
7617,3022,44,1,542.21
7618,3022,75,1,1599.43
7619,3022,18,3,2093.51
7620,3023,1,3,4369.28
7621,3023,55,3,1920.62
7622,3023,79,4,3105.78
7623,3023,6,5,283.19
7624,3024,89,4,2065.8
7625,3024,1,4,1140.84
7626,3024,91,2,2547.43
7627,3025,92,3,555.94
7628,3026,98,4,1684.69
7629,3026,81,2,186.63
7630,3027,24,3,915.17
7631,3027,24,2,2827.33
7632,3028,75,3,1364.0
7633,3028,49,2,4495.24
7634,3029,32,3,4783.86
7635,3029,13,3,2581.9
7636,3029,34,5,4272.34
7637,3029,81,1,1609.82
7638,3030,17,5,4741.83
7639,3031,48,5,3011.55
7640,3031,94,5,1600.08
7641,3031,81,2,1690.91
7642,3032,74,5,3155.21
7643,3032,78,5,4224.5
7644,3032,9,4,2972.43
7645,3033,45,5,3575.92
7646,3033,19,2,2773.12
7647,3034,84,3,441.88
7648,3034,1,5,3480.37
7649,3034,9,5,494.58
7650,3034,86,3,3782.62
7651,3035,32,1,656.38
7652,3035,37,5,2145.2
7653,3035,27,4,4260.52
7654,3035,73,5,3070.29
7655,3036,7,3,3363.78
7656,3037,87,3,3045.57
7657,3037,50,1,3111.33
7658,3037,58,3,354.9
7659,3038,79,4,1866.77
7660,3038,67,2,1345.54
7661,3038,87,3,1820.18
7662,3039,22,1,131.57
7663,3039,39,2,132.64
7664,3039,66,3,4077.54
7665,3040,70,4,1636.66
7666,3040,73,1,4174.14
7667,3041,23,3,1678.3
7668,3041,91,3,1588.62
7669,3041,43,1,3050.77
7670,3041,74,2,2317.14
7671,3042,98,4,4907.84
7672,3042,57,5,4976.77
7673,3042,85,1,4935.4
7674,3042,88,4,508.75
7675,3043,76,3,608.09
7676,3043,98,3,4090.56
7677,3043,22,5,1349.64
7678,3043,72,2,1930.39
7679,3044,100,3,2960.44
7680,3044,47,5,4848.54
7681,3044,63,4,3698.45
7682,3045,75,5,4240.37
7683,3045,18,4,3015.3
7684,3045,85,1,4112.1
7685,3045,50,5,3380.46
7686,3046,77,1,2203.06
7687,3046,3,5,3242.76
7688,3046,64,4,665.87
7689,3047,22,2,1802.89
7690,3048,85,2,184.27
7691,3049,47,5,3556.93
7692,3049,50,5,592.91
7693,3049,100,4,1067.2
7694,3050,77,3,4410.01
7695,3050,72,3,4640.09
7696,3050,85,4,1042.17
7697,3051,46,5,4339.6
7698,3051,89,3,2981.67
7699,3051,11,2,3675.31
7700,3051,95,4,4458.47
7701,3052,1,1,2827.75
7702,3052,12,1,643.93
7703,3052,30,2,3992.04
7704,3052,79,3,4393.19
7705,3053,27,2,514.12
7706,3053,31,2,1413.65
7707,3054,2,4,4397.55
7708,3054,98,1,765.53
7709,3054,65,4,3870.81
7710,3054,54,2,1266.14
7711,3055,98,5,3247.11
7712,3055,66,1,1000.31
7713,3055,23,2,3694.99
7714,3055,65,2,946.19
7715,3056,40,3,2619.34
7716,3057,41,1,3038.44
7717,3057,66,5,535.56
7718,3058,76,3,2405.26
7719,3058,98,1,4016.01
7720,3058,19,3,4958.56
7721,3059,2,2,2580.49
7722,3060,18,3,3836.07
7723,3060,64,1,3547.19
7724,3061,81,1,1230.86
7725,3061,64,3,1087.58
7726,3062,29,1,4206.16
7727,3063,74,2,1693.86
7728,3063,82,1,2515.18
7729,3063,29,2,4612.58
7730,3063,67,1,1201.58
7731,3064,98,2,282.04
7732,3064,81,3,4290.51
7733,3065,79,4,2787.53
7734,3065,37,4,919.64
7735,3065,12,4,4767.69
7736,3065,2,1,2114.46
7737,3066,66,2,4727.8
7738,3067,35,1,2312.45
7739,3067,100,4,2191.9
7740,3068,86,2,1974.92
7741,3068,74,2,625.54
7742,3068,90,2,4448.75
7743,3069,6,1,569.12
7744,3069,35,3,4623.88
7745,3069,49,5,4599.39
7746,3070,4,5,706.29
7747,3070,73,1,4217.16
7748,3070,68,3,2568.23
7749,3071,46,3,3359.58
7750,3071,93,5,1426.13
7751,3071,77,4,746.96
7752,3072,60,2,3310.63
7753,3072,98,1,1479.78
7754,3072,33,3,4958.57
7755,3073,58,3,2089.03
7756,3074,76,1,4709.53
7757,3074,50,3,549.41
7758,3074,37,3,1330.05
7759,3075,89,3,2450.7
7760,3075,67,1,4001.15
7761,3075,95,3,842.25
7762,3075,18,5,3793.22
7763,3076,39,4,1624.11
7764,3076,3,5,3071.36
7765,3076,4,3,1229.24
7766,3076,11,4,4645.75
7767,3077,20,1,1226.1
7768,3077,77,1,1157.86
7769,3077,56,5,3106.4
7770,3078,44,3,2658.32
7771,3078,79,2,2464.0
7772,3078,62,2,3754.6
7773,3078,57,1,4993.25
7774,3079,20,2,1324.06
7775,3079,22,3,4854.91
7776,3079,1,2,4266.46
7777,3080,36,1,970.89
7778,3080,61,2,943.12
7779,3081,19,1,2250.51
7780,3081,9,5,2440.93
7781,3081,28,4,294.02
7782,3081,87,1,4286.7
7783,3082,21,2,2999.02
7784,3082,78,5,3337.01
7785,3083,59,2,1169.26
7786,3083,48,2,530.0
7787,3083,1,5,1740.28
7788,3083,68,2,4839.93
7789,3084,47,3,3427.81
7790,3084,70,2,4848.25
7791,3084,29,2,4740.11
7792,3084,68,5,1441.68
7793,3085,13,1,2806.03
7794,3085,45,5,2841.41
7795,3085,89,5,2603.67
7796,3086,68,1,4564.03
7797,3087,24,5,644.52
7798,3087,91,5,1213.98
7799,3087,18,1,2088.1
7800,3088,26,5,3738.78
7801,3088,41,3,980.97
7802,3089,26,2,1454.77
7803,3089,87,4,3575.82
7804,3089,99,5,2251.82
7805,3090,35,1,4151.82
7806,3091,24,3,784.17
7807,3091,100,2,4148.38
7808,3092,4,5,3243.8
7809,3093,29,1,1912.09
7810,3093,29,2,1502.28
7811,3093,30,1,3305.41
7812,3093,84,4,3836.26
7813,3094,40,3,2426.6
7814,3094,31,5,3696.86
7815,3095,16,2,463.63
7816,3095,22,3,2504.01
7817,3095,70,5,2186.79
7818,3095,77,1,296.76
7819,3096,15,5,4946.85
7820,3096,85,2,2380.26
7821,3096,21,3,1489.85
7822,3097,23,1,2231.23
7823,3097,74,5,3161.12
7824,3097,10,3,759.56
7825,3098,11,1,4673.23
7826,3098,73,4,2490.37
7827,3099,14,4,2058.17
7828,3099,8,1,4402.18
7829,3099,7,1,1893.55
7830,3100,3,2,2360.51
7831,3100,50,1,629.81
7832,3100,17,2,531.66
7833,3101,44,4,1871.07
7834,3101,4,1,145.77
7835,3102,53,5,1776.62
7836,3102,40,2,2948.65
7837,3102,61,2,2766.02
7838,3102,58,1,3738.18
7839,3103,47,5,418.93
7840,3103,50,2,4311.89
7841,3103,23,1,911.48
7842,3104,69,2,1000.4
7843,3105,61,2,1684.51
7844,3105,15,1,739.76
7845,3106,96,2,4777.4
7846,3107,7,2,1934.22
7847,3108,57,1,1846.5
7848,3108,50,4,3383.31
7849,3109,87,3,842.34
7850,3109,20,5,840.65
7851,3110,51,3,4770.92
7852,3110,97,3,2496.84
7853,3110,29,1,2190.86
7854,3111,39,3,1801.81
7855,3112,27,4,1724.72
7856,3113,96,3,834.85
7857,3113,27,4,838.08
7858,3113,33,4,2149.49
7859,3114,96,2,878.45
7860,3114,90,4,1979.71
7861,3114,64,3,3237.88
7862,3114,76,1,1423.6
7863,3115,97,3,4701.46
7864,3115,97,2,1506.51
7865,3115,97,2,3475.82
7866,3116,77,4,1340.59
7867,3116,19,3,1480.42
7868,3116,58,5,310.36
7869,3117,30,4,461.38
7870,3117,84,4,248.01
7871,3117,83,2,1485.75
7872,3118,29,1,587.21
7873,3118,6,1,1772.49
7874,3118,44,2,4445.52
7875,3118,73,5,1884.08
7876,3119,13,3,1435.8
7877,3120,33,1,512.27
7878,3120,3,3,1107.7
7879,3121,79,1,3533.55
7880,3121,54,5,182.41
7881,3121,66,2,1725.09
7882,3121,92,3,4467.45
7883,3122,55,3,1637.4
7884,3122,82,5,2269.25
7885,3123,74,5,3871.14
7886,3123,92,4,1336.71
7887,3123,45,3,4613.78
7888,3123,81,5,3257.48
7889,3124,94,3,1104.33
7890,3125,62,3,2047.75
7891,3125,33,5,4898.78
7892,3126,8,4,2636.36
7893,3126,83,4,4541.64
7894,3126,62,2,3826.66
7895,3127,8,5,579.61
7896,3127,68,1,2739.5
7897,3128,57,5,3389.58
7898,3128,77,3,1897.01
7899,3128,14,5,4519.81
7900,3128,87,2,4027.13
7901,3129,62,1,3246.25
7902,3129,83,5,3103.7
7903,3129,20,4,1714.21
7904,3129,28,4,4503.74
7905,3130,2,2,3654.53
7906,3131,79,4,993.14
7907,3131,10,5,4243.93
7908,3131,45,4,325.16
7909,3132,24,1,2835.43
7910,3132,32,4,427.72
7911,3133,9,3,1593.23
7912,3134,36,1,3127.8
7913,3134,62,2,3564.72
7914,3134,85,3,401.36
7915,3134,8,2,2165.48
7916,3135,68,1,1968.65
7917,3135,100,2,810.78
7918,3135,94,5,4467.67
7919,3136,6,1,4803.4
7920,3136,59,1,4170.75
7921,3136,5,2,4750.56
7922,3137,4,5,2326.53
7923,3137,68,3,2089.94
7924,3137,59,5,332.52
7925,3137,60,4,4008.45
7926,3138,61,2,4856.94
7927,3138,14,4,4019.7
7928,3139,58,3,3067.61
7929,3139,63,3,2098.21
7930,3140,11,1,130.31
7931,3141,82,5,4564.91
7932,3141,57,4,1495.68
7933,3141,1,5,3460.75
7934,3141,8,1,2592.49
7935,3142,48,4,1937.32
7936,3142,10,5,92.99
7937,3143,1,5,4556.52
7938,3144,59,1,82.04
7939,3144,8,1,546.17
7940,3145,97,2,705.42
7941,3145,15,2,3526.07
7942,3146,79,1,1627.22
7943,3146,96,1,653.38
7944,3147,98,5,4547.89
7945,3148,73,2,3959.05
7946,3148,93,5,603.91
7947,3148,49,4,2210.03
7948,3148,67,4,4223.28
7949,3149,15,3,3088.68
7950,3150,11,4,1185.39
7951,3151,72,2,3731.24
7952,3151,47,1,2858.73
7953,3152,99,2,4564.91
7954,3152,76,3,2559.0
7955,3152,50,1,2191.55
7956,3153,14,1,4496.3
7957,3153,63,1,4344.77
7958,3154,42,3,4276.3
7959,3154,77,4,1614.92
7960,3155,21,3,4621.57
7961,3156,92,1,4230.22
7962,3156,85,2,4583.87
7963,3157,82,5,299.49
7964,3157,90,4,4740.27
7965,3157,80,3,59.77
7966,3158,38,2,4843.53
7967,3158,84,2,2123.7
7968,3159,48,2,1174.37
7969,3159,85,4,3165.32
7970,3160,65,4,2513.8
7971,3160,16,2,810.49
7972,3160,20,1,2033.07
7973,3161,79,2,121.01
7974,3161,14,5,2105.84
7975,3162,94,4,1436.37
7976,3162,67,2,930.54
7977,3162,96,4,2795.47
7978,3162,64,2,3093.96
7979,3163,39,5,2190.37
7980,3164,90,5,4576.79
7981,3165,51,4,3800.34
7982,3165,56,2,2859.91
7983,3165,5,2,4739.24
7984,3165,91,5,4252.54
7985,3166,79,5,396.85
7986,3166,82,1,1322.24
7987,3166,92,4,658.89
7988,3167,39,5,1671.84
7989,3167,33,3,3207.85
7990,3167,34,3,4550.97
7991,3167,45,4,2335.99
7992,3168,32,4,600.74
7993,3169,33,2,2354.67
7994,3169,96,5,1098.9
7995,3170,67,4,3860.28
7996,3170,19,2,4038.83
7997,3171,55,3,1322.44
7998,3171,94,5,3176.29
7999,3171,17,4,4313.16
8000,3171,99,5,3863.7
8001,3172,55,3,1746.67
8002,3172,36,1,986.07
8003,3172,94,1,3614.4
8004,3173,83,1,4256.46
8005,3173,30,4,2107.8
8006,3174,46,2,2792.93
8007,3174,71,2,4917.04
8008,3174,28,2,4902.09
8009,3175,43,2,1130.9
8010,3175,50,4,2597.74
8011,3175,21,2,3882.25
8012,3176,47,4,3370.68
8013,3176,39,5,4513.07
8014,3176,20,1,4867.31
8015,3176,29,5,2758.54
8016,3177,26,2,4056.9
8017,3178,82,4,412.46
8018,3178,79,1,4505.97
8019,3178,87,4,2435.01
8020,3178,2,1,4575.41
8021,3179,15,1,1812.87
8022,3180,82,4,4196.76
8023,3181,9,3,1254.58
8024,3181,35,2,2766.63
8025,3182,46,5,2340.1
8026,3183,44,1,2905.44
8027,3183,9,4,1049.86
8028,3183,77,4,4408.41
8029,3183,47,1,1877.16
8030,3184,96,5,3778.37
8031,3184,98,2,647.8
8032,3184,48,1,240.44
8033,3184,78,5,4155.82
8034,3185,4,5,4282.05
8035,3186,29,1,225.69
8036,3186,59,4,1165.17
8037,3186,97,1,3402.81
8038,3187,51,5,1481.05
8039,3187,58,4,3161.12
8040,3187,71,1,4179.35
8041,3188,49,2,4674.48
8042,3188,51,4,2115.05
8043,3189,89,1,484.2
8044,3189,32,1,3745.69
8045,3190,44,2,4304.75
8046,3190,65,4,4962.88
8047,3190,36,1,1367.37
8048,3190,24,4,3619.97
8049,3191,18,5,1142.67
8050,3191,49,3,3666.16
8051,3191,15,3,4705.47
8052,3192,94,5,4366.8
8053,3192,9,4,2511.25
8054,3193,89,5,3644.99
8055,3193,41,3,4366.76
8056,3194,69,3,3300.37
8057,3194,34,2,2810.35
8058,3194,75,3,2468.42
8059,3195,18,5,4745.79
8060,3195,62,2,3275.87
8061,3195,43,5,2318.33
8062,3196,24,3,1732.34
8063,3196,89,3,180.58
8064,3197,20,1,155.58
8065,3197,15,3,3199.08
8066,3197,79,4,636.34
8067,3198,58,5,1642.53
8068,3198,36,3,1083.28
8069,3198,95,1,3620.43
8070,3198,57,5,2754.65
8071,3199,17,4,2993.05
8072,3199,28,2,2854.27
8073,3199,31,1,211.02
8074,3199,86,2,3289.05
8075,3200,26,5,1706.64
8076,3200,85,2,4338.46
8077,3200,48,4,3481.31
8078,3201,63,2,572.28
8079,3201,46,2,1591.7
8080,3201,68,4,4043.17
8081,3201,16,2,4999.08
8082,3202,9,4,1787.72
8083,3203,31,2,1855.96
8084,3203,26,4,753.24
8085,3203,38,5,3178.29
8086,3203,16,3,478.39
8087,3204,75,3,1591.75
8088,3204,71,4,4435.23
8089,3204,61,1,2315.17
8090,3204,9,2,1652.11
8091,3205,45,5,3420.24
8092,3205,11,1,4574.21
8093,3206,69,2,1687.44
8094,3206,21,4,1103.98
8095,3206,55,3,1035.58
8096,3207,16,4,458.11
8097,3207,20,1,3238.38
8098,3208,71,4,3321.64
8099,3208,85,4,2813.86
8100,3209,86,4,2432.99
8101,3209,14,3,1150.05
8102,3210,18,1,3480.35
8103,3210,57,3,228.84
8104,3210,50,4,3098.99
8105,3210,14,2,4984.24
8106,3211,95,4,2614.04
8107,3211,73,3,1491.98
8108,3211,54,3,4116.97
8109,3212,27,1,3840.99
8110,3212,11,1,1633.22
8111,3213,40,1,892.23
8112,3213,96,2,541.95
8113,3213,6,4,3597.02
8114,3214,92,2,3763.46
8115,3215,32,2,1192.93
8116,3215,48,1,2771.83
8117,3215,22,2,2993.74
8118,3215,12,4,4104.8
8119,3216,12,2,3491.5
8120,3216,8,4,3686.65
8121,3216,31,5,2602.02
8122,3216,57,1,3257.53
8123,3217,66,3,3423.99
8124,3217,35,3,4622.53
8125,3217,26,1,69.68
8126,3218,44,4,3703.53
8127,3218,61,3,649.47
8128,3218,38,4,4118.06
8129,3219,13,5,1089.34
8130,3219,52,2,1043.17
8131,3219,23,3,1147.37
8132,3220,91,4,1024.42
8133,3220,43,4,3686.25
8134,3221,89,5,4077.48
8135,3221,52,1,2293.41
8136,3221,8,2,4145.09
8137,3221,44,1,2309.59
8138,3222,55,4,270.82
8139,3222,50,5,3221.65
8140,3222,46,1,2602.25
8141,3222,47,2,2161.36
8142,3223,54,5,3100.6
8143,3224,45,2,722.93
8144,3224,98,3,2507.44
8145,3224,14,3,367.35
8146,3225,2,3,1017.7
8147,3225,56,5,1453.49
8148,3225,27,3,2936.18
8149,3226,7,1,76.46
8150,3226,9,5,3317.43
8151,3226,20,1,4513.29
8152,3226,63,1,1968.01
8153,3227,68,5,652.68
8154,3227,28,5,3175.45
8155,3228,62,1,2853.61
8156,3228,65,5,2899.72
8157,3229,72,1,4770.27
8158,3229,69,4,4382.48
8159,3230,13,4,1695.74
8160,3230,13,5,4777.74
8161,3231,95,3,2310.17
8162,3231,96,1,557.6
8163,3231,5,5,2183.65
8164,3231,57,3,3759.53
8165,3232,53,2,1565.75
8166,3232,12,3,687.05
8167,3233,22,5,581.4
8168,3233,52,4,1718.13
8169,3234,63,4,1044.53
8170,3235,11,5,3850.38
8171,3235,59,3,2868.32
8172,3236,31,3,731.24
8173,3237,87,4,4010.52
8174,3237,45,3,3103.41
8175,3237,63,4,3313.23
8176,3237,9,1,4313.77
8177,3238,42,4,3779.6
8178,3238,55,3,595.74
8179,3239,77,1,2306.02
8180,3239,61,1,3847.97
8181,3240,69,2,2096.37
8182,3240,69,1,4348.82
8183,3240,25,3,651.35
8184,3241,4,2,1048.34
8185,3241,52,1,3582.36
8186,3241,40,5,2108.3
8187,3242,42,4,1542.54
8188,3242,96,3,2168.08
8189,3242,41,3,3558.86
8190,3242,69,2,618.76
8191,3243,28,5,4903.91
8192,3243,85,2,573.37
8193,3243,17,3,4532.21
8194,3243,66,5,4700.19
8195,3244,36,1,4504.34
8196,3244,45,1,1128.8
8197,3244,9,3,378.12
8198,3244,40,4,1898.41
8199,3245,42,4,3117.31
8200,3245,55,2,2750.29
8201,3245,35,3,2422.63
8202,3245,63,1,1180.94
8203,3246,22,3,3734.12
8204,3247,34,1,176.28
8205,3247,48,4,4143.7
8206,3248,79,5,4724.3
8207,3248,54,4,1865.09
8208,3249,92,1,4389.66
8209,3249,64,1,4341.7
8210,3250,28,4,2230.97
8211,3250,88,4,2298.02
8212,3251,13,1,4318.56
8213,3251,88,5,1297.04
8214,3251,75,4,4514.95
8215,3252,67,2,4931.94
8216,3253,2,2,3372.77
8217,3254,5,5,3691.9
8218,3254,43,5,956.72
8219,3254,95,1,4601.57
8220,3255,26,2,4086.9
8221,3255,7,2,444.69
8222,3255,2,4,2017.04
8223,3255,37,4,3526.5
8224,3256,65,3,2400.7
8225,3257,92,5,2361.66
8226,3257,71,5,4940.82
8227,3257,45,5,3147.34
8228,3257,93,4,3115.13
8229,3258,60,5,2411.59
8230,3258,13,3,4375.3
8231,3258,12,4,4591.04
8232,3259,54,1,3254.17
8233,3259,79,1,4658.56
8234,3259,76,2,4009.6
8235,3260,13,1,2717.6
8236,3260,84,2,4743.86
8237,3260,98,4,3369.52
8238,3261,51,5,4290.38
8239,3261,70,5,2877.94
8240,3261,39,2,137.81
8241,3261,30,2,4713.23
8242,3262,8,2,4980.39
8243,3262,41,2,1344.56
8244,3262,13,3,3786.78
8245,3263,94,4,4988.58
8246,3264,13,2,1119.21
8247,3264,23,5,1447.05
8248,3264,48,4,2214.35
8249,3265,92,5,2117.03
8250,3265,89,1,4969.44
8251,3266,81,5,864.7
8252,3266,92,5,2415.37
8253,3266,39,3,1069.74
8254,3267,70,4,2022.23
8255,3267,19,5,2270.79
8256,3267,63,4,804.08
8257,3267,82,2,1709.59
8258,3268,52,1,4965.37
8259,3268,93,2,4936.36
8260,3268,16,3,3718.13
8261,3269,88,3,2814.44
8262,3269,83,5,4345.54
8263,3270,32,1,932.35
8264,3270,7,1,2623.03
8265,3270,43,5,4616.99
8266,3271,7,1,4344.87
8267,3271,36,1,4886.45
8268,3271,58,1,1113.88
8269,3272,24,2,4001.19
8270,3272,93,2,1127.76
8271,3272,27,3,4095.39
8272,3273,40,1,1497.16
8273,3273,81,4,663.38
8274,3274,51,2,4232.95
8275,3274,98,4,3929.14
8276,3274,61,5,4275.11
8277,3274,85,3,3651.5
8278,3275,13,1,4087.45
8279,3275,64,2,2503.86
8280,3276,70,2,450.49
8281,3276,44,1,4519.45
8282,3276,99,3,4923.58
8283,3277,88,5,2138.06
8284,3277,11,2,761.67
8285,3277,88,1,3329.07
8286,3277,94,3,2954.57
8287,3278,80,4,3510.52
8288,3279,12,5,2012.15
8289,3279,22,4,504.93
8290,3279,45,4,305.0
8291,3280,41,5,4513.6
8292,3280,56,5,2207.58
8293,3280,99,2,2236.42
8294,3280,48,4,2339.32
8295,3281,16,2,375.88
8296,3281,76,5,4838.69
8297,3281,89,5,3949.27
8298,3281,64,4,3620.5
8299,3282,1,4,3202.82
8300,3282,1,2,897.75
8301,3282,57,5,4315.95
8302,3282,100,2,3695.97
8303,3283,44,2,2240.15
8304,3283,38,2,50.39
8305,3283,2,2,3051.85
8306,3284,65,1,2129.22
8307,3284,37,4,4495.52
8308,3284,44,5,1572.21
8309,3284,77,1,3310.5
8310,3285,70,3,3025.21
8311,3285,66,4,3499.93
8312,3285,78,2,3508.95
8313,3285,1,2,3622.41
8314,3286,22,4,2786.89
8315,3286,52,5,2380.5
8316,3287,61,3,1892.18
8317,3287,95,4,2679.92
8318,3288,42,4,3540.61
8319,3288,50,3,1111.1
8320,3288,75,2,1340.27
8321,3289,37,2,139.42
8322,3289,65,1,1151.37
8323,3289,20,2,1762.76
8324,3289,59,3,144.34
8325,3290,18,2,2136.74
8326,3291,97,2,3476.46
8327,3291,48,1,2881.38
8328,3291,41,3,4840.11
8329,3292,30,1,1468.03
8330,3292,73,2,3314.51
8331,3292,55,4,927.71
8332,3292,85,3,2482.0
8333,3293,1,2,4901.24
8334,3293,20,5,343.97
8335,3293,9,1,292.34
8336,3293,33,3,2651.81
8337,3294,35,1,3163.36
8338,3294,84,5,1234.48
8339,3294,78,4,3082.41
8340,3294,78,2,3307.29
8341,3295,97,5,3840.71
8342,3295,32,5,1018.67
8343,3296,68,4,4103.74
8344,3296,71,5,1090.74
8345,3297,67,5,3965.07
8346,3297,20,3,2587.99
8347,3297,58,2,2808.57
8348,3297,93,4,4835.48
8349,3298,49,3,943.66
8350,3299,32,3,233.87
8351,3299,82,5,4177.36
8352,3300,62,5,4875.85
8353,3300,30,3,708.69
8354,3301,49,5,1315.48
8355,3302,4,2,4651.33
8356,3302,38,2,2991.56
8357,3302,100,5,3637.26
8358,3302,8,5,2003.32
8359,3303,93,2,2071.21
8360,3303,81,4,966.24
8361,3304,8,4,2050.59
8362,3305,95,4,4042.36
8363,3305,69,4,4811.05
8364,3305,86,2,3521.07
8365,3305,62,1,2687.23
8366,3306,78,1,1826.47
8367,3307,34,4,2531.82
8368,3307,74,5,1176.98
8369,3307,5,3,1116.89
8370,3307,63,3,262.37
8371,3308,21,3,744.42
8372,3308,16,1,3560.47
8373,3308,31,2,1434.29
8374,3308,72,4,2515.58
8375,3309,45,1,2664.35
8376,3309,36,5,599.6
8377,3309,69,4,3783.75
8378,3309,11,2,749.09
8379,3310,3,4,1229.18
8380,3310,47,4,953.31
8381,3310,60,4,4249.97
8382,3311,61,2,4049.6
8383,3311,85,5,1647.87
8384,3311,2,4,742.36
8385,3312,30,5,3259.26
8386,3312,89,3,2647.12
8387,3312,2,1,2915.76
8388,3313,56,5,847.18
8389,3313,90,3,3242.12
8390,3313,41,1,4652.39
8391,3313,9,3,3100.9
8392,3314,65,4,3750.82
8393,3314,45,5,2464.48
8394,3314,35,2,4189.9
8395,3315,31,4,4212.33
8396,3315,80,5,1989.17
8397,3315,92,1,2462.24
8398,3316,59,2,790.02
8399,3316,19,4,1572.0
8400,3316,49,1,3793.2
8401,3316,42,2,1222.87
8402,3317,2,2,2509.05
8403,3318,59,3,3723.65
8404,3318,61,4,4034.42
8405,3319,98,4,3484.28
8406,3319,32,5,3474.8
8407,3319,41,1,1298.11
8408,3319,31,5,1917.83
8409,3320,15,4,2602.82
8410,3321,20,1,2514.9
8411,3322,7,1,2042.59
8412,3323,45,3,2672.23
8413,3324,73,2,4339.79
8414,3324,85,2,4331.5
8415,3324,34,3,1628.15
8416,3325,44,2,1100.03
8417,3325,17,1,1553.35
8418,3325,69,5,1580.25
8419,3325,99,1,988.2
8420,3326,84,1,4554.19
8421,3326,52,5,3018.5
8422,3326,27,1,1230.42
8423,3327,41,4,2939.81
8424,3328,62,1,1778.67
8425,3329,77,3,3556.48
8426,3329,2,4,4120.0
8427,3329,27,4,4522.08
8428,3329,84,1,4048.75
8429,3330,38,1,3539.41
8430,3330,65,1,366.04
8431,3330,25,1,3449.84
8432,3330,74,5,1184.55
8433,3331,9,3,1604.15
8434,3331,70,4,4451.37
8435,3332,18,5,2902.62
8436,3332,31,1,3915.03
8437,3332,24,5,1470.14
8438,3332,47,2,419.85
8439,3333,7,3,1947.46
8440,3333,7,5,4681.63
8441,3333,96,1,2876.23
8442,3334,84,4,314.21
8443,3334,90,5,1801.73
8444,3335,42,3,3085.64
8445,3335,71,1,2762.25
8446,3335,35,3,4808.59
8447,3335,77,2,2740.89
8448,3336,46,3,2322.33
8449,3336,80,2,4527.14
8450,3336,83,1,3452.3
8451,3336,48,3,2576.22
8452,3337,68,4,232.82
8453,3337,52,4,808.22
8454,3337,4,1,4176.74
8455,3338,1,5,3261.19
8456,3338,40,3,3149.43
8457,3338,14,3,102.04
8458,3338,13,2,4208.26
8459,3339,43,1,2114.4
8460,3339,81,3,4305.79
8461,3340,8,3,194.01
8462,3340,45,5,153.06
8463,3340,66,3,3237.4
8464,3340,90,4,2169.58
8465,3341,69,5,1103.16
8466,3341,61,5,3512.75
8467,3341,32,5,526.29
8468,3341,78,3,2463.19
8469,3342,60,2,4387.89
8470,3342,76,1,3539.46
8471,3343,20,1,3484.84
8472,3343,99,5,3673.04
8473,3343,50,1,2982.82
8474,3344,18,4,2141.81
8475,3345,64,1,4550.95
8476,3345,99,3,977.09
8477,3345,87,2,883.27
8478,3346,10,5,293.45
8479,3347,83,4,3821.48
8480,3347,18,2,2450.56
8481,3347,25,5,589.88
8482,3347,29,2,86.81
8483,3348,13,3,1881.47
8484,3348,21,2,2479.3
8485,3349,27,3,1960.09
8486,3350,95,2,2599.12
8487,3350,34,2,4025.45
8488,3351,41,4,4823.83
8489,3351,71,4,2098.96
8490,3351,69,1,3752.2
8491,3351,43,5,251.64
8492,3352,92,3,4541.73
8493,3353,90,2,2745.15
8494,3353,42,4,4169.26
8495,3353,7,1,4273.54
8496,3354,29,5,4938.01
8497,3354,96,3,2297.58
8498,3354,14,5,3196.74
8499,3355,59,5,4834.82
8500,3355,92,3,3115.15
8501,3355,93,1,4005.57
8502,3355,68,5,4363.06
8503,3356,45,1,4778.08
8504,3357,55,4,508.65
8505,3357,77,5,1738.57
8506,3357,15,4,511.36
8507,3358,53,3,2104.38
8508,3359,51,4,2169.57
8509,3359,71,3,1487.95
8510,3360,86,3,1212.97
8511,3360,82,4,1138.17
8512,3360,64,4,2196.12
8513,3361,80,5,275.47
8514,3361,85,2,1413.88
8515,3361,100,2,1203.31
8516,3362,55,2,963.52
8517,3363,35,5,4239.04
8518,3363,79,1,2656.14
8519,3363,51,1,1594.66
8520,3363,21,5,2607.79
8521,3364,28,3,2710.61
8522,3364,8,3,3771.74
8523,3364,26,1,3308.39
8524,3364,11,2,432.3
8525,3365,45,4,612.73
8526,3365,14,4,4488.64
8527,3366,63,5,1483.17
8528,3366,25,3,1568.25
8529,3367,58,2,3753.33
8530,3367,30,5,4449.98
8531,3368,62,4,426.91
8532,3369,72,2,4411.58
8533,3369,45,5,2754.11
8534,3369,86,5,4946.34
8535,3369,35,2,644.59
8536,3370,90,4,1556.84
8537,3370,68,4,1571.85
8538,3370,36,1,4333.02
8539,3371,79,4,799.84
8540,3371,81,4,566.55
8541,3372,45,4,1740.67
8542,3372,63,5,2880.1
8543,3372,8,4,667.29
8544,3372,32,3,1349.58
8545,3373,16,1,2554.89
8546,3373,77,3,1340.47
8547,3373,41,1,2945.89
8548,3374,38,1,1877.19
8549,3374,17,5,4793.04
8550,3375,40,5,1292.95
8551,3375,9,4,4232.24
8552,3376,86,4,287.38
8553,3377,33,5,4555.11
8554,3377,39,3,1660.85
8555,3377,32,4,3461.02
8556,3377,45,2,149.35
8557,3378,49,5,523.36
8558,3378,56,1,1929.02
8559,3378,39,1,1785.98
8560,3379,30,2,2402.09
8561,3379,67,3,85.67
8562,3379,80,1,1047.96
8563,3379,10,4,2558.8
8564,3380,80,1,2460.47
8565,3381,62,1,3302.09
8566,3381,39,3,553.23
8567,3381,75,3,538.26
8568,3382,42,5,3885.27
8569,3382,70,4,4294.51
8570,3382,50,5,229.6
8571,3383,23,5,2000.51
8572,3383,93,1,4232.27
8573,3383,67,1,2698.74
8574,3383,31,5,2616.97
8575,3384,49,5,1589.12
8576,3385,60,2,4896.23
8577,3385,84,1,4124.74
8578,3386,59,1,3948.83
8579,3387,36,3,1734.91
8580,3387,31,1,3331.84
8581,3387,49,1,1345.49
8582,3387,92,1,3386.66
8583,3388,66,1,4201.26
8584,3389,30,2,311.16
8585,3389,23,4,3208.84
8586,3389,49,2,3586.76
8587,3389,18,4,957.55
8588,3390,64,2,4171.99
8589,3390,79,3,343.29
8590,3391,19,4,4458.5
8591,3391,43,5,287.96
8592,3392,30,3,1093.68
8593,3392,19,2,2120.71
8594,3392,85,3,1337.87
8595,3392,27,1,4828.39
8596,3393,27,5,2367.78
8597,3393,25,3,4225.17
8598,3393,13,2,3401.38
8599,3394,79,5,2200.0
8600,3394,19,4,343.22
8601,3394,49,1,3589.32
8602,3395,21,4,1313.53
8603,3395,2,3,494.09
8604,3395,84,2,616.55
8605,3395,50,3,501.08
8606,3396,78,5,4280.38
8607,3397,56,3,2128.45
8608,3397,92,1,4868.63
8609,3398,90,3,4624.83
8610,3398,23,4,251.58
8611,3399,17,5,3774.75
8612,3399,74,2,877.91
8613,3399,67,3,1058.05
8614,3399,60,5,4570.38
8615,3400,69,5,1630.0
8616,3400,74,3,1868.05
8617,3401,20,3,365.79
8618,3401,62,3,4342.61
8619,3402,23,5,1390.37
8620,3402,57,4,1809.07
8621,3402,47,3,555.56
8622,3403,56,2,2703.55
8623,3403,55,4,2068.81
8624,3403,45,4,338.23
8625,3404,95,1,437.47
8626,3405,81,1,1264.67
8627,3405,83,5,2490.41
8628,3406,83,3,933.84
8629,3406,39,3,3698.61
8630,3407,43,3,3395.69
8631,3407,98,3,3784.89
8632,3408,37,5,2557.08
8633,3408,92,2,3111.24
8634,3408,67,2,2831.54
8635,3408,17,3,795.92
8636,3409,28,1,3135.12
8637,3409,25,3,3461.78
8638,3409,97,3,905.75
8639,3410,46,1,2476.43
8640,3411,49,4,4730.52
8641,3411,3,4,4766.63
8642,3411,93,5,3219.59
8643,3412,96,3,2377.57
8644,3412,46,4,3908.61
8645,3413,14,1,2750.44
8646,3413,86,1,242.54
8647,3413,28,1,853.56
8648,3413,14,2,1087.76
8649,3414,47,1,935.39
8650,3414,54,5,2584.52
8651,3414,18,2,808.79
8652,3415,34,1,1345.7
8653,3415,17,2,2075.96
8654,3415,30,2,2091.68
8655,3416,15,3,1357.21
8656,3416,26,4,576.69
8657,3417,35,3,666.95
8658,3418,63,5,4316.27
8659,3418,64,5,2525.21
8660,3418,5,1,3411.02
8661,3418,82,3,3819.7
8662,3419,27,2,2142.45
8663,3420,24,2,4536.53
8664,3420,91,4,991.36
8665,3420,46,3,2101.88
8666,3421,27,2,3600.46
8667,3422,12,1,4388.11
8668,3422,44,4,460.18
8669,3423,32,2,1041.25
8670,3423,71,1,1802.34
8671,3423,44,3,731.35
8672,3423,72,4,2213.35
8673,3424,81,4,82.65
8674,3424,24,2,1682.17
8675,3425,3,5,1201.98
8676,3425,80,5,3811.26
8677,3425,69,4,2568.7
8678,3426,77,3,111.63
8679,3427,64,5,4956.44
8680,3427,73,5,3053.18
8681,3427,28,5,4755.96
8682,3427,73,1,4440.23
8683,3428,72,4,1400.72
8684,3428,16,2,1210.69
8685,3428,85,1,3013.19
8686,3429,5,2,1480.91
8687,3430,44,1,2497.48
8688,3430,42,5,3814.61
8689,3430,28,4,1093.18
8690,3431,26,2,4403.76
8691,3431,5,2,2548.24
8692,3432,53,4,2533.03
8693,3432,69,3,4076.61
8694,3432,96,3,1102.03
8695,3432,12,4,849.75
8696,3433,8,4,1804.93
8697,3434,40,5,1302.64
8698,3435,27,5,4677.64
8699,3435,94,3,3437.83
8700,3435,38,2,436.95
8701,3435,44,3,2222.79
8702,3436,85,1,4664.61
8703,3437,85,2,2331.7
8704,3438,6,5,4607.31
8705,3438,70,5,3828.46
8706,3438,71,4,3068.63
8707,3438,78,2,4943.85
8708,3439,27,3,4513.02
8709,3439,25,1,1345.63
8710,3439,36,3,876.99
8711,3440,22,3,3550.65
8712,3441,6,4,737.79
8713,3441,98,1,3795.14
8714,3441,66,1,2780.2
8715,3441,88,3,286.37
8716,3442,41,1,4000.98
8717,3443,96,1,1494.46
8718,3443,46,1,2813.86
8719,3443,2,1,3534.97
8720,3444,62,3,3590.14
8721,3444,77,4,4548.93
8722,3444,54,3,407.21
8723,3445,22,4,1550.88
8724,3445,18,3,3475.84
8725,3446,90,5,3712.02
8726,3446,23,3,1735.83
8727,3447,2,3,676.14
8728,3447,4,5,4774.07
8729,3447,59,3,3553.79
8730,3447,36,2,1868.69
8731,3448,74,4,2663.22
8732,3448,44,2,2288.41
8733,3449,65,2,144.85
8734,3449,13,5,3255.21
8735,3449,14,2,804.44
8736,3449,99,4,1979.52
8737,3450,21,5,243.67
8738,3450,63,1,848.92
8739,3450,78,4,2955.25
8740,3451,78,4,3386.69
8741,3452,13,3,3132.6
8742,3452,10,4,1740.8
8743,3452,28,2,630.63
8744,3453,18,3,4481.79
8745,3454,64,5,2396.09
8746,3454,69,4,304.59
8747,3455,60,4,4609.1
8748,3455,71,4,941.35
8749,3456,26,4,477.76
8750,3456,18,1,3439.03
8751,3456,42,2,1238.63
8752,3457,1,2,4628.55
8753,3458,44,4,2898.15
8754,3458,54,3,2252.94
8755,3459,9,2,4623.6
8756,3459,31,1,4618.7
8757,3459,46,1,2994.49
8758,3460,79,3,4935.27
8759,3460,97,3,831.52
8760,3461,84,4,1027.61
8761,3461,48,3,4422.43
8762,3461,3,5,4408.54
8763,3461,79,1,4984.2
8764,3462,89,5,631.62
8765,3462,10,3,4113.75
8766,3462,82,3,1020.13
8767,3463,56,4,485.39
8768,3463,52,3,2122.63
8769,3463,91,2,1677.07
8770,3463,96,3,1657.87
8771,3464,66,2,1102.09
8772,3464,42,2,4162.07
8773,3465,93,2,4128.15
8774,3465,77,4,3823.13
8775,3465,73,2,3574.56
8776,3466,46,4,2307.58
8777,3466,71,2,4992.69
8778,3466,29,3,922.61
8779,3466,86,5,2506.18
8780,3467,38,1,4775.27
8781,3467,37,1,761.15
8782,3467,89,1,1651.15
8783,3467,6,2,1575.45
8784,3468,65,2,91.3
8785,3468,58,3,121.95
8786,3468,52,2,751.61
8787,3468,82,1,4795.23
8788,3469,74,1,1300.83
8789,3469,3,3,670.58
8790,3469,78,4,1044.98
8791,3470,39,2,2349.07
8792,3470,20,1,978.11
8793,3470,52,3,3436.85
8794,3470,37,2,1968.22
8795,3471,66,4,3075.45
8796,3471,56,4,3312.62
8797,3471,50,4,3166.41
8798,3471,24,4,2999.5
8799,3472,91,2,73.59
8800,3472,12,2,1070.31
8801,3472,17,4,3094.49
8802,3472,72,5,4748.54
8803,3473,58,1,896.53
8804,3474,86,4,647.1
8805,3474,73,4,399.03
8806,3474,78,3,3134.3
8807,3474,70,3,642.16
8808,3475,46,4,4756.86
8809,3475,54,1,3991.28
8810,3475,70,3,2936.65
8811,3475,42,2,2021.72
8812,3476,66,2,4211.36
8813,3476,65,4,2853.23
8814,3476,91,4,404.58
8815,3476,100,1,3778.96
8816,3477,49,1,3378.45
8817,3477,48,5,890.13
8818,3477,25,2,3672.0
8819,3477,58,5,3015.52
8820,3478,6,4,2863.85
8821,3478,25,1,4079.08
8822,3478,99,2,1463.74
8823,3479,95,1,437.84
8824,3479,7,2,2370.32
8825,3479,4,2,4524.57
8826,3479,68,3,3210.24
8827,3480,90,1,3486.44
8828,3480,18,5,3149.33
8829,3480,5,4,804.63
8830,3481,6,2,1250.49
8831,3481,95,5,792.98
8832,3482,74,5,3105.57
8833,3482,46,1,572.54
8834,3483,31,5,2933.69
8835,3484,32,5,4127.35
8836,3484,59,5,828.8
8837,3484,71,4,1980.61
8838,3484,57,5,4117.04
8839,3485,51,1,3192.34
8840,3485,92,3,952.6
8841,3486,98,4,1678.72
8842,3486,39,3,3447.18
8843,3486,66,4,1727.1
8844,3486,35,2,167.01
8845,3487,20,1,1941.51
8846,3487,9,3,3395.89
8847,3487,72,3,4056.97
8848,3487,79,1,2958.66
8849,3488,19,1,907.22
8850,3488,76,5,441.72
8851,3488,27,1,3808.05
8852,3488,67,3,1226.2
8853,3489,75,1,4998.41
8854,3489,11,5,3542.01
8855,3490,97,1,3518.71
8856,3491,76,4,1283.46
8857,3491,25,1,3146.96
8858,3491,1,4,3777.56
8859,3491,36,5,4799.42
8860,3492,37,3,1233.28
8861,3493,57,1,4137.62
8862,3493,76,2,2873.39
8863,3494,19,5,1440.8
8864,3495,98,1,3991.12
8865,3495,53,1,3387.16
8866,3495,76,2,4895.81
8867,3496,23,3,4162.79
8868,3496,67,5,3845.14
8869,3496,15,4,1201.59
8870,3496,31,5,563.64
8871,3497,2,3,2439.75
8872,3497,86,3,428.47
8873,3497,32,4,2084.07
8874,3497,21,2,2101.26
8875,3498,77,3,654.76
8876,3498,42,2,1832.62
8877,3498,69,2,2655.61
8878,3499,56,2,1608.36
8879,3500,16,4,1450.21
8880,3501,92,4,2082.18
8881,3501,65,3,4039.28
8882,3501,14,2,894.51
8883,3502,13,1,4442.46
8884,3503,44,5,3873.21
8885,3504,88,1,4203.34
8886,3504,71,3,2651.98
8887,3504,16,1,514.06
8888,3505,6,2,997.04
8889,3505,96,3,1287.41
8890,3505,44,5,4859.75
8891,3505,66,2,2575.73
8892,3506,13,3,4811.13
8893,3507,18,2,1716.15
8894,3508,11,4,2501.13
8895,3508,49,4,292.87
8896,3509,13,4,2826.85
8897,3509,24,4,2666.95
8898,3509,82,5,2802.17
8899,3509,60,5,3868.79
8900,3510,12,5,429.73
8901,3510,79,2,4226.57
8902,3510,69,2,1570.5
8903,3510,86,4,3748.5
8904,3511,12,1,3259.59
8905,3511,98,3,2397.89
8906,3511,1,5,201.63
8907,3512,13,2,613.0
8908,3512,11,3,4200.99
8909,3513,40,1,4163.49
8910,3513,39,2,153.5
8911,3514,40,4,2857.07
8912,3514,69,5,1518.53
8913,3514,42,5,2092.86
8914,3515,75,1,3815.62
8915,3515,12,5,2285.38
8916,3515,68,5,1169.09
8917,3516,47,1,352.85
8918,3516,14,5,1851.95
8919,3516,86,1,1030.63
8920,3517,28,1,2244.3
8921,3518,50,1,2409.71
8922,3518,50,1,1969.36
8923,3518,93,4,2803.98
8924,3518,35,4,1588.5
8925,3519,83,1,4659.09
8926,3519,67,4,676.07
8927,3520,99,5,4597.21
8928,3520,10,5,572.7
8929,3520,50,5,1996.32
8930,3521,29,3,1309.34
8931,3521,33,1,1666.51
8932,3522,19,3,2517.4
8933,3522,60,2,460.56
8934,3522,29,5,2079.13
8935,3522,26,4,805.95
8936,3523,53,1,4754.16
8937,3524,75,3,4763.06
8938,3524,62,2,4328.03
8939,3524,9,5,191.46
8940,3525,8,4,2146.22
8941,3525,68,4,1251.78
8942,3525,57,2,544.36
8943,3525,70,3,3944.08
8944,3526,45,5,4706.03
8945,3526,94,1,4043.1
8946,3527,62,1,3906.11
8947,3527,47,4,487.35
8948,3527,21,4,1622.27
8949,3528,50,3,549.15
8950,3528,55,3,2005.46
8951,3528,54,4,520.88
8952,3529,99,1,4857.13
8953,3529,16,2,242.96
8954,3529,64,1,567.6
8955,3529,89,1,3478.31
8956,3530,98,3,2869.91
8957,3530,63,5,4051.17
8958,3531,24,3,3621.12
8959,3531,44,2,1758.72
8960,3531,54,1,1779.72
8961,3531,92,2,978.29
8962,3532,69,1,4210.36
8963,3532,54,1,2544.7
8964,3532,87,5,3715.12
8965,3533,97,1,4104.67
8966,3533,27,3,4771.0
8967,3534,76,5,4377.39
8968,3534,64,5,1899.55
8969,3535,16,1,369.51
8970,3535,31,2,4510.07
8971,3536,2,5,117.77
8972,3536,1,1,1274.03
8973,3537,45,5,1580.92
8974,3537,95,5,3323.88
8975,3537,3,1,4463.96
8976,3537,6,3,2191.63
8977,3538,19,3,2278.02
8978,3539,5,5,279.89
8979,3539,42,5,328.72
8980,3539,88,4,3690.49
8981,3539,73,1,1392.61
8982,3540,51,5,4300.78
8983,3540,100,5,3825.37
8984,3541,67,2,3853.39
8985,3542,35,5,3783.17
8986,3542,25,4,708.75
8987,3542,76,4,443.65
8988,3542,90,2,1974.82
8989,3543,86,4,4433.05
8990,3543,59,4,1625.49
8991,3543,77,4,3593.49
8992,3543,88,5,3547.7
8993,3544,89,4,3132.78
8994,3544,46,3,3551.21
8995,3545,70,5,3658.04
8996,3545,86,3,526.63
8997,3545,18,3,1673.04
8998,3545,21,4,3773.61
8999,3546,5,3,238.95
9000,3546,69,4,1722.33
9001,3546,44,1,1644.43
9002,3546,21,3,1511.7
9003,3547,70,5,2687.66
9004,3548,57,5,4806.62
9005,3548,92,3,4326.53
9006,3548,13,2,4441.37
9007,3548,15,5,1044.46
9008,3549,8,4,4608.75
9009,3549,92,1,1529.09
9010,3549,22,1,551.1
9011,3549,36,5,4087.0
9012,3550,28,5,4925.21
9013,3550,96,2,2751.85
9014,3550,98,1,4681.26
9015,3551,3,3,1982.54
9016,3551,40,4,2688.09
9017,3551,88,2,3987.32
9018,3552,97,2,1117.53
9019,3552,85,2,2433.53
9020,3552,30,2,284.75
9021,3552,85,5,106.97
9022,3553,41,3,1583.94
9023,3553,84,5,1452.39
9024,3553,32,2,4183.75
9025,3554,77,3,1514.78
9026,3555,72,4,553.54
9027,3555,59,2,333.33
9028,3555,61,5,4663.2
9029,3555,74,5,426.14
9030,3556,51,4,2125.89
9031,3556,60,1,3003.63
9032,3556,48,1,508.73
9033,3557,28,3,2049.64
9034,3558,41,4,3480.94
9035,3558,18,1,330.93
9036,3559,19,5,177.91
9037,3560,98,5,4871.01
9038,3560,44,3,165.36
9039,3560,8,3,1524.19
9040,3560,10,3,2160.86
9041,3561,88,2,254.25
9042,3561,48,4,4485.09
9043,3561,64,3,2197.33
9044,3561,24,1,860.63
9045,3562,41,5,2862.8
9046,3562,72,2,2844.03
9047,3562,3,3,1009.73
9048,3562,4,1,3734.21
9049,3563,91,4,3526.92
9050,3563,4,4,964.45
9051,3563,86,2,805.65
9052,3563,94,3,2621.1
9053,3564,100,2,1175.76
9054,3564,60,4,4587.04
9055,3565,63,4,3076.11
9056,3565,35,4,1970.44
9057,3565,70,3,1062.3
9058,3565,24,3,627.95
9059,3566,65,3,823.24
9060,3566,84,5,3041.4
9061,3566,71,1,4443.17
9062,3567,46,4,4347.71
9063,3567,37,4,3976.19
9064,3567,68,3,3399.89
9065,3567,57,5,1890.0
9066,3568,47,1,3889.86
9067,3568,75,2,1421.34
9068,3568,58,5,1248.28
9069,3569,69,2,4244.93
9070,3569,79,5,4765.76
9071,3569,12,4,1762.07
9072,3569,24,5,2478.14
9073,3570,42,1,478.09
9074,3570,60,4,2674.96
9075,3571,34,1,1405.01
9076,3571,72,4,3342.44
9077,3572,39,4,4706.77
9078,3572,100,2,2941.74
9079,3572,85,1,4772.4
9080,3572,3,2,383.2
9081,3573,100,2,2511.66
9082,3573,73,4,4844.73
9083,3573,53,5,2552.31
9084,3573,67,4,2218.57
9085,3574,94,2,4760.6
9086,3574,43,1,3340.16
9087,3574,42,4,2698.19
9088,3575,52,2,763.99
9089,3575,9,4,1085.75
9090,3575,99,4,1685.77
9091,3576,41,1,1763.39
9092,3576,11,2,365.22
9093,3576,10,2,3575.85
9094,3576,17,5,2533.91
9095,3577,80,1,2681.65
9096,3577,94,4,3321.61
9097,3577,55,3,3949.81
9098,3577,82,3,2211.67
9099,3578,7,1,2496.02
9100,3578,99,3,2855.03
9101,3578,79,4,2342.41
9102,3578,14,3,1879.48
9103,3579,24,4,1575.8
9104,3579,95,2,1351.67
9105,3580,48,3,813.17
9106,3580,85,5,1838.41
9107,3580,63,5,2289.07
9108,3580,26,3,617.99
9109,3581,18,1,4706.4
9110,3581,24,2,4000.65
9111,3582,92,1,458.58
9112,3582,84,1,2527.41
9113,3582,8,2,457.21
9114,3582,36,5,2618.26
9115,3583,93,5,1307.38
9116,3584,43,3,2260.91
9117,3584,63,2,1486.06
9118,3584,83,2,790.91
9119,3585,30,5,388.04
9120,3585,17,1,2771.49
9121,3586,54,4,2921.73
9122,3586,93,3,3137.21
9123,3587,46,5,2589.18
9124,3587,2,5,1394.12
9125,3588,27,2,2909.26
9126,3588,59,3,2576.85
9127,3588,97,3,2163.61
9128,3588,61,1,4508.51
9129,3589,60,1,3144.39
9130,3589,34,3,1992.25
9131,3590,45,5,2731.95
9132,3590,79,1,3029.39
9133,3590,49,4,4653.47
9134,3591,74,3,2363.49
9135,3592,7,4,777.87
9136,3592,55,3,2057.14
9137,3593,65,5,4613.91
9138,3593,76,5,2523.51
9139,3593,35,3,3807.77
9140,3594,32,1,754.43
9141,3594,68,3,3993.62
9142,3594,88,1,2917.13
9143,3594,23,4,1563.29
9144,3595,88,5,4144.69
9145,3595,76,5,505.64
9146,3596,19,2,238.4
9147,3597,44,1,4939.22
9148,3598,11,2,1947.25
9149,3598,36,1,1657.29
9150,3598,14,4,3362.62
9151,3599,30,4,88.86
9152,3599,99,5,4305.08
9153,3600,64,4,1890.36
9154,3600,79,1,3766.97
9155,3600,27,2,834.19
9156,3600,93,4,181.59
9157,3601,37,4,2571.91
9158,3601,37,2,845.78
9159,3602,33,5,1582.41
9160,3602,35,2,434.26
9161,3602,8,2,744.62
9162,3602,30,5,4661.88
9163,3603,33,2,2260.62
9164,3603,56,4,1218.8
9165,3603,96,3,2762.51
9166,3604,10,5,2142.99
9167,3604,96,3,3822.16
9168,3605,70,2,736.05
9169,3605,27,1,4562.08
9170,3605,88,1,788.82
9171,3605,47,5,2534.01
9172,3606,95,5,883.59
9173,3606,27,1,2412.07
9174,3607,35,1,681.65
9175,3608,60,1,3331.75
9176,3608,58,1,2313.48
9177,3608,80,2,4216.16
9178,3609,33,3,1537.2
9179,3609,61,3,3287.73
9180,3609,57,1,560.36
9181,3610,48,4,4012.05
9182,3611,27,1,3385.19
9183,3611,17,3,828.7
9184,3611,38,3,3026.86
9185,3611,55,2,2880.86
9186,3612,55,5,1469.23
9187,3612,66,2,3558.29
9188,3612,2,5,122.09
9189,3613,72,3,2541.95
9190,3613,61,2,1921.17
9191,3613,88,2,3490.52
9192,3614,45,1,4200.29
9193,3614,63,1,3049.41
9194,3614,50,3,962.08
9195,3614,96,1,906.32
9196,3615,21,5,4774.22
9197,3615,71,1,2468.64
9198,3615,56,4,4672.17
9199,3615,100,3,2867.08
9200,3616,6,4,3260.85
9201,3616,41,5,3566.54
9202,3616,1,1,2837.84
9203,3616,52,3,1142.12
9204,3617,45,4,760.55
9205,3617,75,3,3951.63
9206,3618,10,1,4317.11
9207,3618,66,4,76.58
9208,3619,1,1,2711.03
9209,3620,23,2,4941.31
9210,3620,46,2,699.72
9211,3621,6,5,2952.86
9212,3621,74,3,1948.23
9213,3622,68,5,2665.28
9214,3623,55,4,400.88
9215,3623,58,1,4187.19
9216,3623,2,1,1465.74
9217,3624,34,4,4130.99
9218,3624,73,5,3618.95
9219,3625,63,2,2860.26
9220,3626,54,3,338.53
9221,3626,52,5,2677.72
9222,3626,94,5,1857.08
9223,3626,92,4,3905.27
9224,3627,60,2,649.54
9225,3627,3,2,4154.3
9226,3628,7,2,3459.16
9227,3628,44,1,1999.91
9228,3628,26,2,3722.86
9229,3629,89,3,814.69
9230,3630,12,4,3061.66
9231,3630,33,3,2184.79
9232,3630,39,4,2707.46
9233,3631,60,4,3877.59
9234,3631,85,3,2088.09
9235,3631,16,3,870.83
9236,3631,65,3,91.38
9237,3632,2,1,1098.05
9238,3633,34,2,2264.36
9239,3633,35,4,3671.73
9240,3633,3,4,1239.24
9241,3633,23,2,4796.22
9242,3634,42,5,3464.53
9243,3634,29,4,2166.12
9244,3635,83,2,4361.08
9245,3635,27,2,1379.43
9246,3636,15,3,1415.92
9247,3637,64,4,1876.94
9248,3637,69,4,4993.52
9249,3637,56,1,259.38
9250,3637,84,1,226.91
9251,3638,77,1,4269.63
9252,3638,16,5,4491.21
9253,3638,21,3,2522.91
9254,3639,80,2,3146.21
9255,3639,27,3,2565.6
9256,3640,37,1,685.55
9257,3641,29,1,4797.57
9258,3641,90,3,3185.13
9259,3641,87,5,286.81
9260,3641,3,5,2430.54
9261,3642,99,3,2331.59
9262,3642,13,2,592.75
9263,3642,98,2,3690.22
9264,3642,71,2,4691.71
9265,3643,7,5,1440.31
9266,3643,33,4,2703.17
9267,3643,82,3,131.82
9268,3643,86,2,3173.52
9269,3644,32,5,1866.0
9270,3645,14,5,4707.91
9271,3645,23,5,1167.56
9272,3645,52,3,4954.49
9273,3646,6,1,2376.18
9274,3646,58,2,1181.27
9275,3646,63,1,380.54
9276,3646,55,3,1003.33
9277,3647,45,3,3960.19
9278,3648,11,2,2391.26
9279,3648,30,1,3153.76
9280,3648,69,2,4398.12
9281,3648,22,4,2365.99
9282,3649,100,5,3047.1
9283,3649,79,1,2199.66
9284,3649,3,3,623.35
9285,3649,56,5,4112.74
9286,3650,79,3,1951.9
9287,3651,11,5,975.01
9288,3652,12,1,4935.67
9289,3652,41,5,2182.32
9290,3653,47,5,4054.01
9291,3653,3,5,2490.59
9292,3654,26,4,1031.23
9293,3654,34,5,4331.04
9294,3655,65,5,2069.91
9295,3655,75,1,2604.24
9296,3656,16,4,1632.83
9297,3656,51,5,2188.28
9298,3656,33,3,3314.93
9299,3656,76,4,4684.64
9300,3657,23,1,2109.44
9301,3657,99,5,4459.77
9302,3658,44,3,2667.11
9303,3658,31,1,103.68
9304,3659,69,1,3336.13
9305,3659,91,5,3896.63
9306,3659,48,4,3150.64
9307,3660,33,3,3104.67
9308,3660,93,1,2559.44
9309,3661,30,3,4906.01
9310,3661,70,2,4610.44
9311,3661,78,2,2231.23
9312,3662,58,4,2555.07
9313,3662,27,3,283.06
9314,3663,18,5,441.03
9315,3663,72,1,1961.25
9316,3664,12,4,2286.99
9317,3664,13,1,83.5
9318,3664,37,1,913.82
9319,3664,63,2,2211.93
9320,3665,40,3,2302.27
9321,3665,34,1,2394.94
9322,3665,79,1,2534.75
9323,3665,82,5,78.54
9324,3666,4,1,4388.55
9325,3667,30,2,341.95
9326,3668,93,1,1417.62
9327,3668,71,5,141.24
9328,3669,11,1,3646.87
9329,3670,99,5,850.24
9330,3670,46,5,4328.81
9331,3671,75,2,2357.05
9332,3672,19,3,1478.51
9333,3672,83,4,3567.86
9334,3672,37,3,1918.22
9335,3672,67,3,2160.08
9336,3673,48,5,3734.54
9337,3674,27,4,4722.85
9338,3674,80,4,1582.37
9339,3675,81,5,566.12
9340,3676,95,1,3036.12
9341,3676,90,5,3781.7
9342,3676,66,2,1152.76
9343,3676,67,2,4221.95
9344,3677,45,4,650.38
9345,3677,61,5,3193.53
9346,3677,100,5,1924.07
9347,3677,10,2,1916.13
9348,3678,88,5,2922.34
9349,3678,50,5,4227.38
9350,3678,21,4,4353.0
9351,3678,87,1,3391.6
9352,3679,90,4,1807.68
9353,3679,38,5,3680.01
9354,3679,48,5,2277.1
9355,3679,85,3,3022.29
9356,3680,63,4,2437.88
9357,3680,89,5,127.59
9358,3680,60,3,218.27
9359,3680,53,5,708.88
9360,3681,100,4,1213.26
9361,3681,29,5,1232.08
9362,3682,99,3,3471.5
9363,3682,86,2,2198.32
9364,3682,72,5,2051.48
9365,3682,44,4,308.38
9366,3683,83,5,4528.3
9367,3683,48,3,4208.57
9368,3684,96,3,819.28
9369,3685,27,2,380.21
9370,3685,28,1,3209.03
9371,3685,66,4,3418.17
9372,3685,75,2,4004.64
9373,3686,22,2,2962.69
9374,3687,43,4,2021.84
9375,3687,97,2,323.04
9376,3687,67,5,1115.68
9377,3688,57,5,3673.0
9378,3689,89,5,3929.32
9379,3690,54,2,982.7
9380,3691,45,3,1163.0
9381,3692,38,5,439.74
9382,3692,63,3,4469.91
9383,3692,59,1,3208.92
9384,3693,70,4,2465.55
9385,3693,15,4,3784.67
9386,3693,21,3,3067.76
9387,3694,75,4,1236.06
9388,3694,26,4,1899.61
9389,3694,93,1,4851.12
9390,3695,14,4,4670.74
9391,3695,81,4,4821.55
9392,3695,23,3,103.64
9393,3696,21,5,3340.41
9394,3696,8,1,4457.52
9395,3696,32,2,4243.5
9396,3696,48,4,2148.04
9397,3697,9,5,429.28
9398,3698,16,4,600.44
9399,3698,35,3,3593.27
9400,3698,74,5,835.55
9401,3698,6,4,4059.36
9402,3699,20,2,439.91
9403,3700,72,5,3256.85
9404,3701,41,1,994.47
9405,3702,50,1,4346.82
9406,3702,82,1,2394.72
9407,3702,38,1,4694.46
9408,3703,91,3,4560.88
9409,3703,36,4,4185.31
9410,3703,45,3,1535.16
9411,3703,11,2,4793.75
9412,3704,44,3,2955.68
9413,3704,54,3,3742.69
9414,3705,45,4,2060.56
9415,3706,89,2,1940.14
9416,3707,66,4,3589.17
9417,3707,66,4,1697.23
9418,3708,58,3,1346.45
9419,3709,23,3,4243.68
9420,3709,1,1,4913.96
9421,3709,12,4,1861.17
9422,3710,34,4,147.42
9423,3710,51,4,3085.99
9424,3710,81,4,2452.95
9425,3710,81,1,4120.18
9426,3711,34,1,1579.24
9427,3711,44,2,1406.48
9428,3712,71,4,1409.79
9429,3712,75,1,3441.13
9430,3712,41,2,1763.19
9431,3713,74,1,3359.83
9432,3714,45,1,4175.67
9433,3714,36,1,4740.22
9434,3715,27,5,809.41
9435,3715,92,3,3203.06
9436,3715,52,3,536.72
9437,3715,27,2,4591.94
9438,3716,7,1,1531.18
9439,3717,23,4,3841.32
9440,3718,97,2,4831.56
9441,3718,34,4,3571.06
9442,3718,94,5,2826.53
9443,3719,83,1,1843.74
9444,3719,78,1,4969.41
9445,3720,31,5,3396.9
9446,3720,20,2,4100.27
9447,3721,17,3,2933.53
9448,3721,29,2,4362.37
9449,3721,55,3,2473.51
9450,3721,16,1,4912.66
9451,3722,91,3,4894.11
9452,3722,96,1,742.99
9453,3723,1,1,2166.66
9454,3723,31,5,607.74
9455,3724,84,5,891.31
9456,3724,47,1,2101.46
9457,3725,64,4,2029.91
9458,3726,2,4,3119.84
9459,3726,11,1,2388.12
9460,3726,79,2,1223.87
9461,3726,91,3,2846.75
9462,3727,94,2,1838.81
9463,3727,11,3,1273.82
9464,3728,22,5,4298.35
9465,3728,93,2,3605.87
9466,3728,46,1,3868.54
9467,3728,92,1,2893.83
9468,3729,35,4,3342.38
9469,3730,97,4,2775.53
9470,3731,10,5,3270.11
9471,3731,38,3,1961.52
9472,3732,13,4,1013.23
9473,3732,17,5,2466.63
9474,3733,67,4,4273.71
9475,3733,37,4,4396.84
9476,3734,92,2,1127.63
9477,3734,18,2,1298.39
9478,3735,26,4,4925.47
9479,3735,72,2,1994.08
9480,3735,96,1,834.88
9481,3735,33,1,1503.36
9482,3736,67,4,4709.92
9483,3736,70,3,2410.24
9484,3737,36,3,2354.7
9485,3738,57,4,1595.32
9486,3739,35,1,67.31
9487,3739,59,5,1532.76
9488,3739,94,1,1964.22
9489,3740,24,3,1123.79
9490,3740,75,2,3178.69
9491,3740,35,3,4187.35
9492,3741,36,3,637.57
9493,3741,76,3,1630.31
9494,3742,97,5,3277.86
9495,3743,62,3,4614.35
9496,3743,34,4,724.64
9497,3743,70,1,3732.25
9498,3743,86,4,186.56
9499,3744,55,2,1764.07
9500,3744,92,1,562.48
9501,3744,55,2,976.64
9502,3744,39,2,3313.92
9503,3745,57,1,1332.29
9504,3745,37,5,4633.83
9505,3745,22,3,2614.07
9506,3745,75,2,2176.77
9507,3746,23,5,4363.93
9508,3746,88,2,78.74
9509,3746,97,4,2770.25
9510,3747,72,1,2568.14
9511,3748,93,4,3224.77
9512,3749,77,5,2596.37
9513,3750,22,1,2922.35
9514,3750,17,3,925.83
9515,3751,1,5,1405.03
9516,3752,26,3,3409.74
9517,3752,63,5,455.9
9518,3753,94,2,2474.99
9519,3754,76,5,105.6
9520,3754,41,1,162.61
9521,3755,22,4,3008.54
9522,3755,18,3,4195.75
9523,3756,43,5,3471.94
9524,3756,95,3,4645.41
9525,3757,56,1,1198.56
9526,3757,22,3,293.37
9527,3758,84,4,2394.35
9528,3759,2,2,2431.79
9529,3760,63,1,3945.51
9530,3761,49,5,1672.43
9531,3762,49,1,2555.94
9532,3762,72,5,1877.43
9533,3762,74,2,4779.28
9534,3763,70,3,629.48
9535,3764,11,2,744.44
9536,3764,66,4,4586.11
9537,3764,6,1,4820.43
9538,3765,89,3,2910.35
9539,3765,15,1,3907.31
9540,3765,15,3,4962.41
9541,3765,8,2,2058.49
9542,3766,32,4,672.87
9543,3766,45,5,3382.13
9544,3766,85,1,3786.45
9545,3766,19,3,3030.89
9546,3767,65,3,2629.63
9547,3767,27,3,3812.36
9548,3767,90,2,4929.8
9549,3767,88,4,2727.84
9550,3768,81,4,418.32
9551,3768,40,2,4056.79
9552,3768,94,5,3464.93
9553,3768,44,5,4619.45
9554,3769,63,1,3948.82
9555,3769,39,4,3373.93
9556,3769,84,4,305.48
9557,3770,12,5,4070.69
9558,3770,95,1,1199.29
9559,3770,25,2,2037.98
9560,3770,29,3,3139.15
9561,3771,81,4,938.72
9562,3772,2,3,3778.83
9563,3772,12,3,1636.64
9564,3772,93,5,3246.32
9565,3773,54,2,4099.23
9566,3773,15,3,3350.21
9567,3773,70,4,329.53
9568,3773,15,1,1747.11
9569,3774,15,1,4228.2
9570,3774,90,5,3811.25
9571,3775,79,3,3007.18
9572,3775,15,5,782.34
9573,3775,91,4,1659.95
9574,3776,16,4,1066.18
9575,3776,51,4,2144.08
9576,3776,71,1,1429.06
9577,3777,28,4,4511.3
9578,3778,98,1,3514.73
9579,3779,15,1,73.76
9580,3780,32,5,864.9
9581,3780,36,3,1214.25
9582,3780,50,3,3876.66
9583,3780,73,3,447.45
9584,3781,83,5,2461.24
9585,3782,42,1,4954.71
9586,3782,77,1,1764.46
9587,3782,31,4,2916.59
9588,3783,83,2,1385.11
9589,3784,69,5,1064.36
9590,3784,37,5,1400.34
9591,3784,68,1,3061.04
9592,3785,5,1,2111.18
9593,3786,52,5,2727.62
9594,3786,78,5,3522.52
9595,3786,25,2,474.51
9596,3787,76,2,1977.32
9597,3787,50,3,135.18
9598,3787,90,2,3552.7
9599,3787,58,3,64.43
9600,3788,84,4,1426.54
9601,3789,8,4,2264.71
9602,3790,74,1,2235.98
9603,3791,48,1,137.41
9604,3791,42,5,852.97
9605,3791,4,5,1943.32
9606,3791,28,4,1482.05
9607,3792,46,3,3578.34
9608,3792,26,5,981.64
9609,3792,68,3,4345.18
9610,3793,50,3,1317.62
9611,3793,73,2,1316.03
9612,3793,60,5,574.68
9613,3793,19,4,2610.19
9614,3794,1,4,3157.24
9615,3795,91,2,920.39
9616,3795,11,5,2348.54
9617,3795,81,2,163.25
9618,3795,81,5,647.31
9619,3796,17,2,4825.85
9620,3796,23,3,1710.31
9621,3796,68,5,614.16
9622,3796,83,5,3268.88
9623,3797,95,4,2343.65
9624,3797,13,3,4263.88
9625,3798,58,5,4305.32
9626,3799,17,3,1975.71
9627,3799,56,1,352.44
9628,3799,85,2,4032.16
9629,3800,78,4,4414.4
9630,3800,41,4,507.69
9631,3800,44,3,1526.38
9632,3801,70,3,3997.26
9633,3801,57,5,3339.68
9634,3801,46,1,2995.67
9635,3802,33,5,4276.11
9636,3803,9,3,188.86
9637,3804,43,3,4657.69
9638,3805,40,5,2142.75
9639,3805,84,3,766.13
9640,3805,15,4,1779.35
9641,3806,100,2,3981.07
9642,3806,87,1,2314.56
9643,3806,52,4,3728.03
9644,3806,63,3,3522.77
9645,3807,83,3,949.59
9646,3807,31,1,4196.94
9647,3807,99,3,2430.04
9648,3808,2,4,4609.28
9649,3808,45,5,375.22
9650,3808,17,3,1875.41
9651,3808,8,4,2216.43
9652,3809,56,2,1670.12
9653,3809,87,5,2136.47
9654,3810,14,5,738.31
9655,3811,59,1,3831.89
9656,3811,54,4,898.05
9657,3812,46,2,4523.12
9658,3812,1,1,2332.51
9659,3813,23,4,1749.39
9660,3813,65,1,4197.46
9661,3813,27,2,3975.18
9662,3813,56,1,990.06
9663,3814,18,4,4606.1
9664,3814,1,1,3374.01
9665,3814,71,2,1108.47
9666,3815,83,1,305.08
9667,3815,42,2,263.29
9668,3816,61,3,134.51
9669,3816,59,1,2745.49
9670,3816,99,3,1139.4
9671,3816,15,1,1733.6
9672,3817,90,5,1138.61
9673,3817,54,2,4757.07
9674,3817,95,5,4414.89
9675,3818,25,1,3894.41
9676,3818,34,5,4671.47
9677,3818,31,2,1924.55
9678,3819,15,3,793.05
9679,3819,91,5,2104.04
9680,3820,67,4,3770.78
9681,3820,49,4,1010.83
9682,3820,79,2,3607.35
9683,3821,17,2,525.55
9684,3821,98,5,3578.93
9685,3822,60,1,523.48
9686,3823,11,3,1714.28
9687,3823,34,1,4493.61
9688,3824,13,2,564.02
9689,3824,70,2,4815.17
9690,3824,89,2,1487.31
9691,3825,61,5,3581.03
9692,3826,35,3,3166.02
9693,3826,61,4,3697.51
9694,3826,75,4,795.19
9695,3827,53,4,4174.77
9696,3827,14,4,658.06
9697,3828,6,2,1560.1
9698,3828,47,4,3475.19
9699,3829,81,4,1736.89
9700,3830,80,2,1080.54
9701,3830,1,1,4678.17
9702,3830,24,3,4891.26
9703,3831,30,4,503.23
9704,3831,50,3,1178.56
9705,3832,85,2,3693.01
9706,3832,89,3,4584.75
9707,3833,81,2,4593.32
9708,3833,9,1,1617.82
9709,3833,79,2,2237.56
9710,3833,2,5,4659.2
9711,3834,93,1,2137.28
9712,3834,61,4,3171.24
9713,3835,7,1,3652.09
9714,3835,12,4,4604.86
9715,3836,10,1,435.08
9716,3836,79,1,202.87
9717,3837,51,1,287.85
9718,3837,43,2,3259.08
9719,3837,6,3,2947.74
9720,3838,54,5,4063.28
9721,3838,91,3,490.28
9722,3838,26,5,4217.22
9723,3838,46,2,2387.27
9724,3839,18,4,3873.97
9725,3839,100,5,1188.98
9726,3840,95,5,90.39
9727,3840,44,2,947.85
9728,3841,68,5,2744.75
9729,3841,3,4,3876.12
9730,3841,53,5,4094.66
9731,3842,46,4,2391.93
9732,3842,52,3,1593.75
9733,3842,74,3,4814.86
9734,3842,22,5,2855.75
9735,3843,55,2,3824.7
9736,3843,22,3,1745.37
9737,3843,31,3,2295.21
9738,3844,10,4,218.61
9739,3845,87,4,2743.45
9740,3845,16,5,832.77
9741,3845,21,2,3232.42
9742,3846,87,3,3190.05
9743,3846,38,3,2297.79
9744,3846,86,3,2702.55
9745,3847,86,4,3902.6
9746,3847,95,3,1541.01
9747,3847,43,1,3513.26
9748,3848,16,3,2344.17
9749,3848,80,5,510.6
9750,3849,49,1,2424.26
9751,3849,29,2,3957.03
9752,3850,35,2,4522.47
9753,3851,57,4,3939.54
9754,3851,85,4,620.55
9755,3852,28,5,1790.4
9756,3852,34,3,3711.95
9757,3853,43,5,3902.48
9758,3853,27,4,905.32
9759,3854,53,4,2234.93
9760,3855,8,5,4814.57
9761,3855,59,5,180.63
9762,3856,33,4,2818.57
9763,3856,21,1,3586.39
9764,3857,28,5,622.98
9765,3857,77,1,3815.78
9766,3857,82,5,4761.67
9767,3858,67,5,4124.54
9768,3858,66,2,4422.6
9769,3859,2,4,1219.34
9770,3859,65,3,2684.49
9771,3859,42,3,103.96
9772,3860,51,5,638.88
9773,3861,88,1,1362.35
9774,3862,59,5,1701.66
9775,3862,99,4,847.15
9776,3863,91,4,4633.55
9777,3863,87,4,4383.95
9778,3863,23,3,1188.72
9779,3863,65,1,4793.96
9780,3864,35,3,2077.2
9781,3864,45,1,3561.83
9782,3864,35,5,3032.56
9783,3865,27,1,394.96
9784,3865,34,4,3760.48
9785,3865,32,5,1344.97
9786,3866,37,3,4008.59
9787,3866,12,2,3294.43
9788,3866,18,1,4542.26
9789,3867,72,1,1062.15
9790,3867,17,1,4800.22
9791,3867,78,2,326.77
9792,3868,4,5,3521.94
9793,3868,84,2,800.11
9794,3869,22,3,4391.01
9795,3870,55,4,4582.2
9796,3870,76,4,275.86
9797,3870,88,4,4360.43
9798,3870,26,5,836.58
9799,3871,49,4,2269.41
9800,3871,8,1,3347.85
9801,3872,63,2,1672.32
9802,3872,38,5,3310.08
9803,3872,24,3,3345.37
9804,3872,77,3,2976.56
9805,3873,19,1,1126.06
9806,3874,25,1,634.92
9807,3874,44,2,1299.79
9808,3874,26,4,3657.86
9809,3875,55,5,1152.13
9810,3875,8,4,2404.07
9811,3875,43,4,1527.29
9812,3875,3,2,3167.68
9813,3876,66,2,958.22
9814,3876,10,5,3649.32
9815,3876,43,4,943.69
9816,3877,48,3,4904.41
9817,3877,21,1,2013.41
9818,3877,95,5,4207.11
9819,3878,41,1,812.95
9820,3878,77,3,4002.37
9821,3878,2,3,4836.64
9822,3879,94,4,316.22
9823,3879,21,2,4927.25
9824,3880,75,5,1036.55
9825,3880,75,2,3976.92
9826,3880,69,5,3667.71
9827,3881,50,5,2913.56
9828,3881,2,1,204.15
9829,3881,81,3,4705.96
9830,3881,93,2,2674.67
9831,3882,40,2,208.35
9832,3882,23,2,3746.68
9833,3882,55,1,4745.37
9834,3883,56,2,3280.41
9835,3884,59,2,2508.18
9836,3885,91,2,4485.68
9837,3885,6,3,312.07
9838,3885,84,5,1504.32
9839,3886,57,5,3088.13
9840,3887,78,4,2394.75
9841,3887,72,5,4231.77
9842,3888,34,5,1878.75
9843,3889,45,5,172.41
9844,3890,34,2,4416.04
9845,3890,38,5,3797.74
9846,3890,67,3,3183.27
9847,3891,14,3,2522.2
9848,3891,14,3,81.42
9849,3891,66,5,2341.6
9850,3892,10,3,3505.74
9851,3892,52,5,2964.48
9852,3892,21,2,2978.09
9853,3893,59,5,217.66
9854,3893,9,4,2795.64
9855,3894,87,1,1575.36
9856,3894,62,4,3463.64
9857,3894,30,1,3914.45
9858,3895,61,5,545.29
9859,3895,14,3,3289.63
9860,3895,74,2,3847.47
9861,3896,18,4,4403.1
9862,3896,49,4,4116.01
9863,3896,59,3,557.2
9864,3897,31,4,1435.63
9865,3897,53,4,3828.44
9866,3897,57,5,1750.49
9867,3898,27,4,551.58
9868,3898,38,2,2015.49
9869,3898,84,1,517.24
9870,3898,52,5,1876.82
9871,3899,18,3,400.79
9872,3899,64,1,2179.87
9873,3899,64,3,2478.92
9874,3900,41,4,3208.59
9875,3900,35,2,907.78
9876,3901,2,1,4267.6
9877,3902,22,5,2641.01
9878,3903,35,5,3351.39
9879,3904,35,1,313.47
9880,3905,95,2,274.96
9881,3906,83,4,4070.62
9882,3907,34,5,511.56
9883,3907,41,4,2864.89
9884,3907,13,5,4355.65
9885,3907,36,2,984.65
9886,3908,24,1,905.42
9887,3909,89,5,812.86
9888,3909,100,4,3760.18
9889,3909,66,1,3759.67
9890,3910,75,2,2333.65
9891,3911,58,3,3674.66
9892,3911,53,3,859.74
9893,3911,36,2,3400.41
9894,3912,8,2,1961.55
9895,3912,14,3,4128.27
9896,3912,85,3,2022.5
9897,3912,56,5,3147.98
9898,3913,62,2,2879.97
9899,3914,17,2,3518.91
9900,3914,93,5,3257.36
9901,3915,66,4,4712.93
9902,3916,27,3,3786.78
9903,3916,36,3,1191.38
9904,3917,47,1,2767.24
9905,3917,73,1,3456.61
9906,3917,66,3,1977.45
9907,3917,77,5,277.27
9908,3918,72,3,1428.59
9909,3918,20,4,2611.79
9910,3919,89,2,3312.16
9911,3919,71,3,3108.85
9912,3919,38,1,3439.02
9913,3919,87,3,4047.76
9914,3920,77,1,1356.67
9915,3920,59,3,455.63
9916,3920,31,4,3183.26
9917,3920,22,4,4475.06
9918,3921,98,4,154.27
9919,3922,32,5,775.44
9920,3922,88,1,118.26
9921,3923,77,4,2704.85
9922,3923,54,4,3667.2
9923,3924,81,3,2138.57
9924,3924,81,3,1052.53
9925,3925,20,2,4765.33
9926,3925,16,2,2594.41
9927,3926,52,5,153.35
9928,3927,69,2,3879.25
9929,3927,23,2,1176.84
9930,3927,64,2,1166.23
9931,3928,18,3,403.45
9932,3928,99,4,4255.81
9933,3928,67,2,2803.17
9934,3929,33,5,2941.33
9935,3930,70,2,4954.41
9936,3930,22,2,3444.53
9937,3930,25,2,923.45
9938,3931,55,4,641.33
9939,3931,75,5,2251.3
9940,3931,6,5,3550.7
9941,3932,26,2,4686.6
9942,3932,15,2,3233.7
9943,3932,58,3,3592.62
9944,3932,88,2,449.4
9945,3933,45,3,4135.77
9946,3933,33,4,699.57
9947,3933,62,1,3586.37
9948,3934,67,5,4596.02
9949,3934,82,5,4955.08
9950,3934,34,3,868.23
9951,3935,85,3,3085.91
9952,3935,58,2,207.62
9953,3936,33,5,4305.39
9954,3936,47,1,2647.06
9955,3936,57,3,4240.72
9956,3936,19,1,3771.21
9957,3937,52,1,4162.11
9958,3938,1,4,2463.18
9959,3938,56,4,2440.78
9960,3939,65,3,2928.72
9961,3939,57,4,4777.1
9962,3939,94,3,2365.65
9963,3940,29,2,1695.36
9964,3940,29,5,1098.77
9965,3941,24,2,2694.12
9966,3942,87,1,1666.28
9967,3942,77,3,3411.27
9968,3942,59,4,3822.21
9969,3943,60,5,643.0
9970,3943,96,1,2334.01
9971,3944,20,3,2727.76
9972,3944,74,5,1798.21
9973,3944,21,3,3302.25
9974,3944,97,4,1672.23
9975,3945,58,2,4494.89
9976,3946,20,1,440.41
9977,3946,94,1,365.03
9978,3946,58,3,3208.4
9979,3946,43,4,2300.63
9980,3947,62,2,1873.45
9981,3947,6,4,2293.82
9982,3947,39,3,1339.09
9983,3948,91,4,4748.52
9984,3949,63,4,2620.86
9985,3949,95,5,308.95
9986,3949,3,2,4886.53
9987,3949,97,5,4251.28
9988,3950,87,1,4892.52
9989,3950,2,5,1111.3
9990,3951,16,5,2425.09
9991,3951,16,3,3548.95
9992,3951,88,1,4963.31
9993,3952,79,2,321.13
9994,3952,30,5,4718.82
9995,3953,25,3,1383.89
9996,3954,32,4,3691.5
9997,3955,20,5,1877.28
9998,3956,100,3,2776.61
9999,3957,99,5,2728.52
10000,3958,73,5,2339.21
10001,3958,18,2,3228.61
10002,3958,18,4,2649.66
10003,3959,67,2,4418.61
10004,3959,90,5,4227.27
10005,3960,27,5,516.01
10006,3960,5,4,933.67
10007,3960,36,4,4160.9
10008,3960,72,4,4557.7
10009,3961,99,2,2737.07
10010,3962,75,1,4570.89
10011,3962,97,3,2749.37
10012,3962,62,1,2365.08
10013,3962,49,5,4747.44
10014,3963,33,3,4135.57
10015,3963,76,1,644.0
10016,3963,45,1,259.28
10017,3963,44,3,3361.06
10018,3964,100,2,1648.5
10019,3964,59,2,122.93
10020,3964,14,5,3747.12
10021,3964,68,4,721.08
10022,3965,23,2,131.68
10023,3965,21,4,4641.08
10024,3965,24,4,3471.92
10025,3966,21,1,3451.87
10026,3966,22,4,3903.96
10027,3966,94,2,1244.85
10028,3967,90,3,1146.95
10029,3968,94,4,1949.35
10030,3969,70,2,2118.84
10031,3969,57,3,3983.39
10032,3970,17,4,2231.71
10033,3970,15,5,2569.2
10034,3970,36,4,181.5
10035,3970,25,3,4765.58
10036,3971,82,4,1467.87
10037,3971,98,1,3088.09
10038,3971,69,2,1334.84
10039,3972,81,5,2544.63
10040,3972,13,4,3490.42
10041,3972,97,4,3953.75
10042,3972,79,2,2846.32
10043,3973,62,2,1978.47
10044,3973,3,3,1245.09
10045,3973,77,1,4574.68
10046,3973,70,1,472.69
10047,3974,3,1,2436.56
10048,3975,70,2,4864.86
10049,3975,15,5,4167.26
10050,3975,21,4,1056.63
10051,3975,82,3,399.96
10052,3976,87,1,1078.49
10053,3976,24,2,1622.7
10054,3976,94,5,487.86
10055,3976,26,2,3143.68
10056,3977,21,4,4865.36
10057,3977,34,3,4374.53
10058,3978,85,3,3646.03
10059,3978,37,3,4565.3
10060,3978,21,4,2617.54
10061,3979,91,5,4190.23
10062,3979,38,3,3995.46
10063,3979,87,4,4614.83
10064,3979,10,4,1593.46
10065,3980,51,5,1968.05
10066,3980,73,5,3741.19
10067,3980,17,1,3421.13
10068,3980,49,1,1132.56
10069,3981,78,5,4349.43
10070,3981,25,4,1910.39
10071,3981,72,2,1619.89
10072,3981,93,5,4291.11
10073,3982,4,5,2487.09
10074,3982,99,4,2840.43
10075,3983,23,5,4914.68
10076,3984,11,2,4496.5
10077,3984,28,3,4000.21
10078,3985,47,4,2417.37
10079,3986,23,4,898.24
10080,3987,97,1,3058.79
10081,3987,25,3,2125.49
10082,3987,99,5,4332.91
10083,3988,30,4,3378.62
10084,3988,70,2,4422.61
10085,3988,65,3,188.91
10086,3989,22,3,4434.45
10087,3990,8,1,1363.61
10088,3990,24,1,2834.44
10089,3991,70,2,2526.64
10090,3992,20,3,2433.29
10091,3993,85,4,2183.67
10092,3993,85,4,2589.71
10093,3993,4,2,4859.04
10094,3993,63,2,3003.86
10095,3994,7,5,3066.53
10096,3994,61,3,447.84
10097,3994,63,4,4438.35
10098,3995,68,1,1550.22
10099,3995,84,1,3579.29
10100,3995,95,4,2498.6
10101,3996,72,3,4075.11
10102,3997,80,2,64.18
10103,3998,80,4,1783.86
10104,3998,66,3,501.37
10105,3998,73,3,244.08
10106,3999,70,3,3781.28
10107,3999,45,5,4245.01
10108,3999,89,3,319.81
10109,3999,13,1,4186.52
10110,4000,23,5,2291.33
10111,4000,78,5,2395.53
10112,4000,18,3,2389.35
10113,4001,7,2,4550.71
10114,4001,44,5,1280.05
10115,4001,92,1,3327.34
10116,4002,61,2,1895.45
10117,4002,37,5,4055.25
10118,4003,81,1,1274.0
10119,4003,2,4,2904.02
10120,4003,70,2,1684.94
10121,4004,61,4,785.13
10122,4004,80,4,2236.57
10123,4004,63,5,996.75
10124,4004,2,4,1630.74
10125,4005,53,2,2740.19
10126,4006,55,2,2051.49
10127,4006,62,5,4614.19
10128,4006,2,5,3487.94
10129,4006,5,4,1082.69
10130,4007,22,5,4816.08
10131,4007,15,4,1981.34
10132,4008,28,4,391.15
10133,4009,39,3,175.62
10134,4009,92,2,2995.72
10135,4009,79,3,1942.53
10136,4010,86,3,3749.92
10137,4011,72,3,401.16
10138,4011,82,3,2874.63
10139,4011,17,5,1158.41
10140,4012,92,4,218.03
10141,4012,18,2,4195.16
10142,4012,30,3,4518.1
10143,4013,85,4,3877.7
10144,4014,25,4,3127.15
10145,4014,70,1,1783.09
10146,4014,33,4,4819.77
10147,4014,61,1,3322.52
10148,4015,30,3,3369.31
10149,4015,14,4,1904.17
10150,4015,25,1,2215.8
10151,4016,9,1,2728.54
10152,4016,34,3,2015.37
10153,4016,83,1,3789.73
10154,4016,33,4,3426.75
10155,4017,14,2,2138.08
10156,4017,7,5,2700.36
10157,4017,78,5,2457.38
10158,4017,43,5,4080.97
10159,4018,61,5,3025.32
10160,4018,62,5,4669.02
10161,4019,55,4,2599.09
10162,4020,80,4,1683.65
10163,4021,74,5,4790.34
10164,4022,37,3,3540.73
10165,4022,25,2,463.31
10166,4022,82,4,4970.88
10167,4022,98,3,1502.2
10168,4023,37,4,4622.16
10169,4023,60,1,2014.29
10170,4023,67,3,3701.26
10171,4023,71,5,3365.71
10172,4024,70,3,4316.05
10173,4024,37,2,4647.73
10174,4024,60,3,1575.48
10175,4025,93,3,2157.65
10176,4026,61,4,303.77
10177,4026,11,3,4092.48
10178,4027,21,4,2034.72
10179,4027,97,5,2844.23
10180,4027,11,5,331.35
10181,4027,48,2,2280.44
10182,4028,4,1,2813.39
10183,4028,33,4,1228.89
10184,4029,55,3,4664.85
10185,4030,6,4,4878.48
10186,4030,52,3,2842.43
10187,4030,26,2,1231.83
10188,4030,43,3,3487.89
10189,4031,66,5,1048.15
10190,4031,29,2,3286.95
10191,4032,75,2,3271.76
10192,4032,46,3,2580.52
10193,4032,74,2,2533.41
10194,4033,96,1,4707.08
10195,4033,51,4,2202.12
10196,4034,34,4,3072.2
10197,4034,90,1,223.08
10198,4035,3,2,4229.03
10199,4036,1,1,146.94
10200,4037,96,4,2025.97
10201,4037,12,4,2825.6
10202,4038,33,3,3485.67
10203,4038,91,5,4469.37
10204,4038,51,2,4769.29
10205,4038,89,4,3901.89
10206,4039,1,2,4324.85
10207,4039,78,3,4672.44
10208,4039,21,3,359.02
10209,4040,20,2,4074.27
10210,4041,47,2,1873.71
10211,4042,42,5,4901.96
10212,4042,21,4,411.5
10213,4042,76,4,4328.31
10214,4042,96,4,4544.84
10215,4043,22,3,724.67
10216,4043,97,2,1102.38
10217,4043,4,1,4109.85
10218,4043,7,4,4419.41
10219,4044,15,4,2331.78
10220,4045,40,4,147.66
10221,4045,29,3,4953.48
10222,4045,49,3,2893.83
10223,4046,96,3,97.17
10224,4046,71,2,521.05
10225,4046,17,2,1152.02
10226,4046,41,2,1399.92
10227,4047,49,2,560.13
10228,4047,63,3,403.96
10229,4047,4,2,2290.03
10230,4047,14,3,576.91
10231,4048,72,4,3488.9
10232,4048,68,5,2820.57
10233,4048,25,5,3604.74
10234,4049,83,2,2254.0
10235,4049,51,1,838.84
10236,4050,90,5,4697.39
10237,4050,100,4,1116.47
10238,4050,47,3,4611.3
10239,4051,9,2,378.6
10240,4052,34,5,3588.7
10241,4053,17,3,997.04
10242,4053,44,5,1858.36
10243,4053,1,1,3879.98
10244,4054,47,3,2867.91
10245,4054,63,1,1716.84
10246,4054,80,3,4854.77
10247,4054,47,5,2859.61
10248,4055,41,2,3864.48
10249,4055,10,1,727.29
10250,4055,82,2,2546.7
10251,4056,1,4,410.51
10252,4056,96,4,159.76
10253,4056,37,2,380.11
10254,4056,13,1,217.76
10255,4057,70,4,3063.32
10256,4057,46,2,450.26
10257,4057,8,5,1457.85
10258,4057,56,3,1532.94
10259,4058,87,3,3552.66
10260,4058,91,5,1949.65
10261,4058,19,2,868.71
10262,4059,96,3,4043.74
10263,4060,13,4,488.12
10264,4060,45,4,2514.49
10265,4060,77,2,3119.27
10266,4061,97,5,4185.44
10267,4061,60,1,4174.37
10268,4061,33,5,3248.31
10269,4061,19,2,1705.37
10270,4062,72,5,3351.24
10271,4062,85,3,458.98
10272,4063,82,2,319.2
10273,4063,60,4,164.86
10274,4063,40,5,1017.14
10275,4064,88,4,1984.14
10276,4065,32,2,1841.62
10277,4065,28,5,830.21
10278,4065,94,3,1119.16
10279,4065,30,2,3498.94
10280,4066,98,2,4337.26
10281,4066,44,1,2156.86
10282,4066,27,3,2670.99
10283,4066,59,2,4512.0
10284,4067,30,1,402.98
10285,4067,53,3,2148.99
10286,4068,100,1,1282.38
10287,4068,8,5,4890.38
10288,4068,95,3,4500.93
10289,4069,70,3,3490.89
10290,4070,28,5,2500.22
10291,4071,16,1,1417.44
10292,4072,28,2,227.48
10293,4072,98,1,2940.36
10294,4072,7,5,2957.91
10295,4073,33,1,3334.86
10296,4073,53,1,321.48
10297,4074,52,5,1494.06
10298,4074,68,4,1899.01
10299,4074,67,3,819.69
10300,4074,45,2,4255.14
10301,4075,50,5,1790.75
10302,4075,43,3,3480.96
10303,4075,99,3,1593.0
10304,4075,19,5,918.26
10305,4076,44,1,477.83
10306,4076,27,2,4028.42
10307,4076,17,4,4132.4
10308,4076,40,5,1432.63
10309,4077,98,2,496.36
10310,4077,50,1,3084.91
10311,4078,23,2,2570.55
10312,4078,14,3,3064.95
10313,4078,58,1,3460.79
10314,4079,96,1,3669.29
10315,4079,90,2,3339.51
10316,4080,64,4,3132.96
10317,4080,16,2,1304.57
10318,4080,38,5,1264.65
10319,4080,50,2,1906.33
10320,4081,9,4,1722.78
10321,4081,45,2,1129.56
10322,4082,26,3,4568.74
10323,4082,60,4,1127.59
10324,4082,100,4,1635.39
10325,4082,69,3,2570.93
10326,4083,56,3,1535.12
10327,4083,81,4,4289.37
10328,4083,80,5,4938.97
10329,4083,45,5,2871.42
10330,4084,82,1,3219.24
10331,4084,92,4,3778.35
10332,4085,68,1,4602.64
10333,4085,86,3,3205.86
10334,4085,17,5,2643.88
10335,4086,53,5,2363.94
10336,4086,15,5,154.41
10337,4087,4,3,2009.35
10338,4087,13,3,4740.98
10339,4087,46,3,4026.03
10340,4088,64,3,4042.66
10341,4089,72,5,2037.02
10342,4090,14,1,1892.53
10343,4090,68,5,186.19
10344,4090,63,1,3683.24
10345,4090,57,2,2983.8
10346,4091,11,2,4416.94
10347,4092,83,1,1812.81
10348,4092,52,2,3258.3
10349,4093,24,1,1982.22
10350,4093,48,1,3901.34
10351,4093,52,5,3852.83
10352,4094,54,5,101.99
10353,4094,35,2,1701.81
10354,4094,20,4,4387.78
10355,4094,17,1,3042.95
10356,4095,91,4,463.63
10357,4095,94,1,3477.58
10358,4095,86,2,906.91
10359,4096,5,4,3919.31
10360,4097,44,4,1858.98
10361,4097,18,1,4694.74
10362,4098,5,2,4309.96
10363,4098,66,5,2840.26
10364,4099,42,4,3578.49
10365,4100,11,4,731.49
10366,4100,11,1,3247.86
10367,4101,51,2,3865.77
10368,4101,9,1,2648.84
10369,4101,50,4,4364.16
10370,4102,73,5,2499.93
10371,4103,45,1,3428.77
10372,4103,39,3,1840.04
10373,4104,14,5,577.69
10374,4104,13,2,1827.11
10375,4105,1,5,2921.84
10376,4105,25,3,4124.27
10377,4105,31,3,3273.88
10378,4105,3,3,1427.58
10379,4106,58,4,1308.06
10380,4107,15,5,4188.76
10381,4107,50,2,3168.19
10382,4107,35,2,2074.73
10383,4107,89,1,987.79
10384,4108,43,2,3780.76
10385,4108,37,5,3267.8
10386,4108,100,4,4161.74
10387,4109,57,5,4258.57
10388,4110,86,5,1421.24
10389,4110,69,3,318.15
10390,4110,17,2,2245.24
10391,4111,49,1,691.66
10392,4111,71,1,2146.61
10393,4111,56,4,676.15
10394,4111,23,4,2973.61
10395,4112,33,3,1786.85
10396,4112,16,5,239.28
10397,4112,57,4,1520.8
10398,4113,9,1,4261.13
10399,4113,72,2,123.65
10400,4114,93,3,1511.5
10401,4114,93,4,559.04
10402,4115,22,3,2249.59
10403,4115,94,3,4987.81
10404,4115,24,2,2327.98
10405,4116,44,2,3457.29
10406,4116,73,4,671.5
10407,4117,67,4,2624.99
10408,4117,66,2,871.05
10409,4117,43,2,1716.4
10410,4118,24,4,4673.84
10411,4118,34,4,3216.5
10412,4119,25,2,2613.22
10413,4120,15,2,4642.65
10414,4120,2,3,2662.9
10415,4120,64,4,3654.97
10416,4120,18,2,953.01
10417,4121,88,2,4895.47
10418,4122,5,3,110.44
10419,4123,28,3,707.66
10420,4123,7,2,1169.16
10421,4124,82,2,2787.45
10422,4124,48,2,1826.62
10423,4124,5,1,670.1
10424,4124,41,4,1237.42
10425,4125,52,4,2106.73
10426,4125,36,2,2065.14
10427,4126,65,4,3667.18
10428,4126,39,5,400.97
10429,4126,74,4,2732.93
10430,4127,89,1,4206.12
10431,4127,91,3,1504.1
10432,4127,41,3,1275.77
10433,4128,77,4,2515.1
10434,4128,25,4,4274.63
10435,4129,20,5,1084.5
10436,4129,65,5,2650.46
10437,4129,51,1,2017.93
10438,4130,52,2,1257.11
10439,4130,39,2,3975.1
10440,4130,5,5,454.49
10441,4130,44,3,3671.55
10442,4131,66,2,1511.87
10443,4131,60,4,78.17
10444,4131,46,3,3351.0
10445,4131,15,1,4625.41
10446,4132,5,4,1887.67
10447,4132,35,4,2013.87
10448,4132,13,2,4644.72
10449,4133,62,3,4881.77
10450,4133,3,4,1814.51
10451,4133,29,3,551.74
10452,4133,66,2,1340.47
10453,4134,53,2,4116.6
10454,4134,28,2,1544.79
10455,4134,77,3,2138.69
10456,4135,14,3,3477.3
10457,4135,20,2,3539.52
10458,4135,28,1,2989.92
10459,4136,63,4,229.91
10460,4136,73,4,2264.98
10461,4136,95,3,3366.49
10462,4137,11,2,1402.15
10463,4137,71,2,1189.21
10464,4137,39,3,533.23
10465,4137,49,4,4004.04
10466,4138,75,2,2570.79
10467,4138,20,3,3377.61
10468,4138,79,1,4046.82
10469,4138,83,5,1157.44
10470,4139,28,3,3213.91
10471,4139,85,2,3084.96
10472,4139,67,2,466.02
10473,4139,94,1,3523.89
10474,4140,58,3,4434.56
10475,4140,34,4,2644.65
10476,4140,56,5,4588.36
10477,4140,26,2,66.08
10478,4141,69,1,4879.54
10479,4142,79,3,1292.53
10480,4142,15,5,4926.58
10481,4142,51,5,2515.63
10482,4142,86,1,2546.52
10483,4143,88,1,3581.85
10484,4143,44,2,3614.4
10485,4143,72,4,1377.26
10486,4143,3,3,3770.08
10487,4144,74,1,2935.68
10488,4145,92,5,2694.32
10489,4145,41,1,4240.26
10490,4145,62,3,884.94
10491,4146,40,2,752.21
10492,4147,40,1,1518.37
10493,4147,11,2,4181.63
10494,4147,68,3,4268.3
10495,4147,65,5,3235.46
10496,4148,84,4,198.27
10497,4148,15,1,3729.28
10498,4149,58,3,1157.71
10499,4149,12,5,2854.27
10500,4149,15,1,196.44
10501,4150,33,4,230.68
10502,4150,98,1,4450.31
10503,4151,70,3,1334.8
10504,4151,84,5,2895.86
10505,4152,23,4,3884.61
10506,4152,30,1,3279.08
10507,4152,7,5,402.91
10508,4152,71,4,2215.39
10509,4153,35,2,3699.73
10510,4154,88,4,3013.92
10511,4154,28,3,1429.56
10512,4154,6,4,1390.76
10513,4155,29,3,2864.02
10514,4155,65,3,4051.32
10515,4156,51,5,3331.01
10516,4156,69,4,1448.76
10517,4156,98,5,3485.12
10518,4156,37,1,4953.94
10519,4157,20,2,1444.5
10520,4158,5,3,3031.17
10521,4158,83,2,3798.16
10522,4158,6,4,773.76
10523,4158,19,2,1703.69
10524,4159,35,2,1938.69
10525,4159,15,2,4238.24
10526,4159,67,5,2397.43
10527,4159,91,3,2372.99
10528,4160,21,5,2559.19
10529,4160,64,3,4585.51
10530,4160,65,4,4821.3
10531,4160,95,1,2865.15
10532,4161,53,1,1371.26
10533,4161,74,5,1433.74
10534,4161,32,5,4357.41
10535,4162,52,1,655.79
10536,4162,55,5,1725.9
10537,4162,98,4,2299.87
10538,4163,68,5,1698.05
10539,4163,94,2,1569.21
10540,4163,58,3,4004.43
10541,4163,79,2,253.94
10542,4164,10,5,2874.77
10543,4164,27,2,1921.46
10544,4164,3,2,3933.97
10545,4164,89,4,4922.46
10546,4165,93,4,4400.88
10547,4165,37,2,4343.71
10548,4165,95,2,4331.85
10549,4166,58,5,92.33
10550,4166,28,4,443.82
10551,4167,71,4,1643.63
10552,4168,59,3,4782.35
10553,4169,89,2,244.59
10554,4170,44,3,1666.55
10555,4170,41,4,1979.67
10556,4170,89,4,3758.57
10557,4170,27,4,1015.39
10558,4171,27,5,757.65
10559,4172,23,2,4312.13
10560,4172,37,2,529.35
10561,4173,63,5,3760.33
10562,4173,74,5,4084.58
10563,4174,39,5,2257.58
10564,4175,64,1,4581.47
10565,4175,12,2,1197.16
10566,4176,99,4,4175.9
10567,4176,73,2,3713.78
10568,4176,81,4,3556.18
10569,4177,77,1,450.0
10570,4177,77,2,2968.8
10571,4177,88,5,692.44
10572,4178,4,1,1210.14
10573,4178,57,1,3733.74
10574,4179,61,3,3581.67
10575,4179,85,5,4450.12
10576,4179,7,4,3544.22
10577,4180,11,2,3039.72
10578,4181,26,4,2920.12
10579,4181,96,3,3134.88
10580,4182,99,4,2826.78
10581,4182,12,2,2766.64
10582,4183,92,2,4701.32
10583,4184,31,4,3760.3
10584,4184,96,2,4724.31
10585,4185,9,3,3611.11
10586,4185,8,3,2519.78
10587,4185,53,1,3048.85
10588,4185,47,4,481.8
10589,4186,69,1,2550.36
10590,4186,83,1,107.85
10591,4186,90,5,3031.75
10592,4187,75,2,862.45
10593,4187,31,1,3725.26
10594,4188,96,5,2918.14
10595,4188,44,5,4950.3
10596,4188,27,2,257.43
10597,4188,5,5,3015.92
10598,4189,1,4,833.63
10599,4190,94,2,3286.81
10600,4190,87,4,1534.99
10601,4191,67,2,4014.53
10602,4191,12,5,4456.57
10603,4191,40,3,661.93
10604,4191,66,5,1057.08
10605,4192,33,2,1729.48
10606,4192,63,3,736.38
10607,4192,77,3,505.94
10608,4193,65,3,2767.21
10609,4193,61,4,264.47
10610,4193,28,5,696.42
10611,4193,86,2,453.89
10612,4194,48,4,4568.22
10613,4195,2,3,3224.11
10614,4196,99,5,3534.8
10615,4196,23,2,4848.42
10616,4196,12,1,3364.07
10617,4196,20,3,764.48
10618,4197,42,5,3449.99
10619,4198,14,1,4589.05
10620,4198,98,2,2147.8
10621,4199,37,1,4732.14
10622,4199,60,4,3948.44
10623,4199,87,5,3074.36
10624,4200,89,4,4635.04
10625,4201,90,2,2836.89
10626,4201,54,2,3633.2
10627,4201,3,3,892.2
10628,4201,76,4,1866.47
10629,4202,8,1,3458.13
10630,4203,9,1,3625.89
10631,4203,68,2,1753.22
10632,4203,76,2,1097.42
10633,4204,45,1,623.23
10634,4204,53,5,847.22
10635,4204,42,1,1633.92
10636,4204,20,5,2593.34
10637,4205,40,5,4551.65
10638,4206,47,3,2123.6
10639,4207,48,1,2554.64
10640,4208,85,1,2399.89
10641,4208,2,3,672.53
10642,4208,7,3,2422.87
10643,4209,68,4,2816.58
10644,4210,43,2,1963.36
10645,4210,21,2,4365.25
10646,4210,67,3,1513.02
10647,4210,30,2,3409.7
10648,4211,71,1,4315.41
10649,4211,88,1,345.07
10650,4211,62,4,124.62
10651,4212,31,2,1622.41
10652,4212,18,2,1686.66
10653,4213,56,2,2368.81
10654,4214,95,3,2393.14
10655,4215,66,5,1048.31
10656,4216,5,3,523.89
10657,4216,13,3,1162.52
10658,4216,36,2,4052.73
10659,4216,39,5,4554.39
10660,4217,40,3,3338.38
10661,4217,58,3,3272.3
10662,4218,93,2,1019.48
10663,4218,30,1,1397.53
10664,4218,3,2,4507.06
10665,4219,86,3,2760.24
10666,4220,65,1,1833.59
10667,4221,31,3,65.9
10668,4221,56,2,3031.48
10669,4221,47,5,3334.69
10670,4222,79,1,4827.23
10671,4222,84,3,3879.44
10672,4222,57,2,1229.13
10673,4223,23,5,4365.13
10674,4224,95,3,1714.5
10675,4224,100,5,1738.03
10676,4224,85,1,4284.94
10677,4224,18,1,3210.52
10678,4225,48,2,2742.72
10679,4226,97,4,4770.48
10680,4226,87,5,4384.86
10681,4226,20,4,2990.56
10682,4227,28,2,4780.23
10683,4228,51,3,426.28
10684,4228,25,3,4398.33
10685,4228,77,1,1312.31
10686,4229,81,2,270.7
10687,4230,6,4,2968.56
10688,4230,65,2,1408.99
10689,4230,1,4,4117.24
10690,4231,88,4,3174.6
10691,4232,95,1,2829.97
10692,4233,100,1,4279.53
10693,4233,57,2,1579.55
10694,4234,26,2,521.89
10695,4234,47,2,3270.08
10696,4234,31,5,3941.46
10697,4234,42,2,553.57
10698,4235,17,5,1909.37
10699,4235,24,2,1314.1
10700,4235,3,1,212.89
10701,4236,74,2,2495.37
10702,4236,91,3,4290.03
10703,4236,11,5,1178.44
10704,4237,82,1,965.96
10705,4238,96,3,113.27
10706,4238,86,5,2976.92
10707,4238,48,4,4914.33
10708,4238,67,3,4355.32
10709,4239,45,1,3159.96
10710,4239,87,1,3552.49
10711,4240,56,3,947.17
10712,4240,82,3,2947.79
10713,4241,10,4,3623.65
10714,4241,91,3,4382.87
10715,4241,63,4,3267.33
10716,4242,63,5,2109.58
10717,4242,96,2,3107.42
10718,4243,1,3,1875.06
10719,4243,11,3,3716.97
10720,4244,1,3,4073.88
10721,4244,92,2,3697.1
10722,4244,30,1,1482.78
10723,4244,33,5,1398.63
10724,4245,47,5,2833.63
10725,4246,89,4,2606.67
10726,4246,38,3,1141.43
10727,4247,27,1,4874.57
10728,4247,81,1,756.76
10729,4247,3,2,4902.56
10730,4247,7,5,576.04
10731,4248,29,5,499.5
10732,4249,83,3,111.69
10733,4250,48,5,2367.56
10734,4250,56,2,405.68
10735,4250,54,2,1299.13
10736,4251,95,3,1209.67
10737,4251,8,3,1105.71
10738,4251,34,4,4863.67
10739,4252,3,5,781.72
10740,4252,30,5,770.16
10741,4252,82,5,2813.67
10742,4253,11,2,4740.32
10743,4253,84,1,2927.03
10744,4253,42,5,2700.13
10745,4253,99,1,2478.38
10746,4254,63,1,1572.49
10747,4254,29,3,1748.98
10748,4255,69,3,2202.22
10749,4255,67,4,1112.8
10750,4256,23,1,1085.94
10751,4256,22,2,2650.1
10752,4256,98,2,3772.88
10753,4256,62,1,1595.32
10754,4257,31,2,2410.73
10755,4257,89,3,190.64
10756,4257,49,3,1747.13
10757,4258,79,2,1348.42
10758,4258,72,1,869.21
10759,4258,93,2,647.4
10760,4259,65,3,3256.15
10761,4260,42,1,1303.13
10762,4261,61,2,2465.97
10763,4261,100,3,4522.49
10764,4262,76,5,1333.09
10765,4263,64,1,2694.04
10766,4263,83,1,3623.84
10767,4263,19,3,3810.2
10768,4264,20,1,3625.23
10769,4264,53,1,1200.19
10770,4264,45,3,2217.29
10771,4264,93,2,2386.84
10772,4265,99,3,1644.28
10773,4265,97,4,995.37
10774,4266,34,1,4280.96
10775,4267,60,4,3337.56
10776,4267,72,1,3748.46
10777,4267,33,5,718.33
10778,4268,80,4,2099.7
10779,4268,18,5,3189.48
10780,4269,82,3,576.36
10781,4270,66,2,3849.22
10782,4271,36,3,3305.56
10783,4271,36,3,2086.87
10784,4271,75,5,793.3
10785,4271,48,1,2464.82
10786,4272,30,4,4166.97
10787,4272,30,4,1477.93
10788,4273,48,2,2502.5
10789,4273,24,1,1495.47
10790,4274,7,4,347.23
10791,4274,8,5,4938.17
10792,4275,3,3,899.98
10793,4275,97,5,4620.34
10794,4276,28,2,1236.65
10795,4276,7,2,2047.79
10796,4276,89,3,4715.62
10797,4276,64,3,2411.45
10798,4277,78,2,2009.26
10799,4277,63,2,1662.4
10800,4277,19,1,2030.24
10801,4278,39,1,876.59
10802,4278,65,5,2307.67
10803,4279,100,1,3107.46
10804,4279,98,5,1057.48
10805,4279,79,4,1434.17
10806,4280,47,2,3123.43
10807,4280,44,4,860.94
10808,4281,95,3,1490.73
10809,4282,18,4,2300.07
10810,4282,11,5,2715.99
10811,4282,83,2,4652.52
10812,4282,95,4,354.49
10813,4283,56,1,2937.05
10814,4283,53,4,2224.4
10815,4284,19,1,3524.54
10816,4284,83,4,3263.71
10817,4285,45,5,1420.95
10818,4285,9,3,1363.43
10819,4285,62,2,169.4
10820,4285,36,3,1166.6
10821,4286,57,4,2964.52
10822,4286,59,5,551.06
10823,4287,18,4,2023.97
10824,4287,35,2,2899.28
10825,4287,85,1,3778.74
10826,4287,29,1,241.14
10827,4288,76,5,4742.69
10828,4288,23,2,3557.89
10829,4288,82,5,2929.88
10830,4288,10,4,2525.57
10831,4289,86,3,4325.57
10832,4289,29,5,966.28
10833,4290,65,4,2792.91
10834,4291,95,4,752.76
10835,4292,57,2,1675.37
10836,4292,87,1,4646.94
10837,4292,46,5,2338.2
10838,4292,39,3,3914.81
10839,4293,67,3,4037.6
10840,4293,1,1,3120.07
10841,4293,58,5,3398.2
10842,4293,59,5,860.29
10843,4294,83,4,3889.47
10844,4294,84,1,1970.42
10845,4295,20,5,4728.12
10846,4295,70,4,2888.55
10847,4295,17,5,1998.73
10848,4295,50,2,3254.64
10849,4296,94,4,2292.03
10850,4296,55,2,3136.37
10851,4296,50,2,4324.82
10852,4296,17,4,1231.48
10853,4297,3,4,1838.17
10854,4298,33,1,3273.11
10855,4299,15,2,4769.62
10856,4299,30,5,2889.85
10857,4299,13,1,2324.24
10858,4300,70,2,72.13
10859,4300,83,4,3006.36
10860,4301,62,5,3300.57
10861,4301,93,5,3418.58
10862,4301,16,5,912.17
10863,4301,54,1,2100.33
10864,4302,6,2,2783.73
10865,4302,1,2,4456.8
10866,4302,72,1,766.52
10867,4303,87,3,1506.21
10868,4303,50,4,462.81
10869,4304,42,1,2391.22
10870,4304,47,5,2192.85
10871,4304,53,2,4254.08
10872,4304,46,4,4081.07
10873,4305,28,5,4071.68
10874,4305,26,2,3782.99
10875,4305,23,2,4928.74
10876,4306,4,5,2910.67
10877,4306,16,2,3883.31
10878,4306,77,1,2303.16
10879,4307,74,5,1858.47
10880,4307,57,3,879.04
10881,4307,27,3,2860.99
10882,4308,8,4,177.87
10883,4308,42,3,2368.94
10884,4308,7,5,710.38
10885,4309,50,3,4042.07
10886,4309,76,4,2323.59
10887,4309,77,3,4515.72
10888,4310,65,5,4212.63
10889,4311,90,4,2078.46
10890,4312,63,2,4404.51
10891,4313,93,1,192.24
10892,4314,58,5,2381.51
10893,4315,50,1,309.28
10894,4315,21,1,173.21
10895,4315,32,4,1574.38
10896,4315,17,2,2582.55
10897,4316,32,3,1631.89
10898,4316,19,1,3031.99
10899,4317,22,3,4860.35
10900,4318,24,1,781.95
10901,4318,3,2,1837.18
10902,4318,83,1,2906.26
10903,4318,14,1,4425.93
10904,4319,43,3,1773.31
10905,4319,43,3,532.82
10906,4319,100,4,1631.52
10907,4319,92,5,2824.47
10908,4320,39,5,4702.94
10909,4320,4,5,3290.6
10910,4320,23,4,780.2
10911,4320,79,4,1885.16
10912,4321,20,1,4843.99
10913,4321,85,2,3572.66
10914,4321,13,3,3477.61
10915,4321,2,4,550.73
10916,4322,23,5,2526.99
10917,4322,47,5,2908.65
10918,4323,58,1,3018.58
10919,4323,75,1,2101.98
10920,4323,74,5,612.6
10921,4324,29,4,403.74
10922,4324,34,3,2913.55
10923,4325,13,1,1156.68
10924,4325,55,3,2148.31
10925,4325,79,1,4389.11
10926,4325,50,5,4501.95
10927,4326,66,3,2717.64
10928,4326,4,2,3014.03
10929,4326,19,4,3990.25
10930,4326,62,5,3949.35
10931,4327,25,5,3728.33
10932,4327,43,1,3608.67
10933,4327,65,5,1737.31
10934,4328,24,5,2285.05
10935,4328,7,2,2863.44
10936,4328,60,4,1055.17
10937,4329,4,3,4528.59
10938,4330,86,2,866.68
10939,4330,100,4,3657.72
10940,4330,83,5,4439.76
10941,4331,16,1,4121.12
10942,4331,99,2,4718.36
10943,4331,19,1,216.11
10944,4332,47,5,1906.97
10945,4332,90,2,4696.69
10946,4332,34,5,2454.93
10947,4332,9,5,1183.69
10948,4333,12,1,4500.92
10949,4333,57,3,2014.06
10950,4334,63,2,886.4
10951,4334,41,1,3555.99
10952,4334,33,1,1700.18
10953,4335,9,4,4649.6
10954,4335,12,2,1435.14
10955,4335,20,1,3659.97
10956,4335,59,5,4779.75
10957,4336,61,4,4953.89
10958,4336,60,3,290.12
10959,4336,42,2,3553.51
10960,4337,99,3,4553.86
10961,4338,16,4,822.44
10962,4338,27,3,326.07
10963,4338,73,4,4059.55
10964,4339,15,2,4946.28
10965,4339,24,4,1009.96
10966,4339,91,1,4567.94
10967,4340,41,1,4558.74
10968,4341,17,5,2546.71
10969,4341,6,5,800.71
10970,4342,98,2,1074.05
10971,4343,4,3,3354.73
10972,4343,90,1,1122.06
10973,4343,66,4,4860.05
10974,4343,64,2,3116.12
10975,4344,5,4,740.61
10976,4344,59,2,3869.13
10977,4345,16,2,2888.72
10978,4345,15,5,2236.03
10979,4345,88,2,2708.0
10980,4346,43,5,1949.01
10981,4346,80,2,641.35
10982,4346,6,2,2390.59
10983,4347,26,3,2697.23
10984,4347,57,4,3901.95
10985,4347,47,4,4885.06
10986,4347,96,1,709.83
10987,4348,53,5,4205.55
10988,4349,41,2,4420.08
10989,4349,14,1,3498.18
10990,4349,77,3,1099.63
10991,4350,15,3,1942.59
10992,4350,51,4,3599.68
10993,4350,88,3,3086.21
10994,4350,97,1,1094.21
10995,4351,15,2,3057.52
10996,4352,2,3,884.33
10997,4353,71,3,3151.94
10998,4353,33,4,3119.01
10999,4354,89,3,1485.53
11000,4354,46,1,4039.94
11001,4354,42,3,1343.05
11002,4355,77,5,4286.22
11003,4355,81,1,1965.59
11004,4355,7,3,1239.52
11005,4356,66,5,2722.41
11006,4356,78,5,2911.07
11007,4356,80,5,4338.22
11008,4356,39,3,4232.06
11009,4357,5,2,3952.51
11010,4357,75,1,2876.87
11011,4357,47,5,1571.99
11012,4357,45,2,571.18
11013,4358,24,1,3986.07
11014,4359,60,4,1010.27
11015,4359,69,5,4400.82
11016,4359,43,2,148.95
11017,4359,75,2,1073.58
11018,4360,60,4,350.02
11019,4360,19,5,2491.26
11020,4360,18,3,1208.65
11021,4360,40,1,3541.14
11022,4361,90,4,2960.3
11023,4361,14,2,760.05
11024,4362,32,2,3528.61
11025,4362,67,5,2570.87
11026,4363,99,1,1553.96
11027,4363,11,4,905.37
11028,4363,36,2,728.81
11029,4364,86,1,487.15
11030,4364,98,3,1540.36
11031,4365,40,5,3775.35
11032,4365,2,2,3402.49
11033,4365,97,4,3505.78
11034,4366,87,1,1974.92
11035,4367,1,4,556.33
11036,4368,63,5,4237.72
11037,4368,63,2,123.18
11038,4368,80,3,4703.41
11039,4368,91,3,3189.72
11040,4369,2,4,991.98
11041,4369,64,2,332.24
11042,4369,6,2,3192.38
11043,4369,87,3,94.74
11044,4370,3,1,833.11
11045,4370,57,5,1745.04
11046,4370,55,2,4505.13
11047,4371,26,4,393.29
11048,4371,44,3,4129.65
11049,4371,11,2,3020.44
11050,4372,31,1,4565.52
11051,4372,68,4,2703.91
11052,4372,55,4,2313.25
11053,4373,50,3,2026.94
11054,4373,79,5,3869.16
11055,4373,26,4,1248.29
11056,4374,5,5,1447.03
11057,4374,96,1,2061.91
11058,4375,25,1,4425.52
11059,4375,75,5,58.31
11060,4375,68,4,4735.11
11061,4376,9,3,1933.01
11062,4377,8,2,2408.05
11063,4377,30,5,690.52
11064,4377,50,4,2713.9
11065,4377,30,1,1558.9
11066,4378,36,2,1702.56
11067,4378,4,5,4057.61
11068,4378,94,2,1226.89
11069,4378,100,3,3180.32
11070,4379,74,4,4265.4
11071,4379,93,3,4873.71
11072,4379,86,4,3405.25
11073,4379,63,2,4748.32
11074,4380,63,2,1315.78
11075,4380,76,2,3042.04
11076,4381,32,2,734.28
11077,4382,51,1,2609.24
11078,4383,52,1,1820.01
11079,4383,76,2,4561.69
11080,4383,33,3,183.6
11081,4384,93,4,3107.3
11082,4384,86,5,881.18
11083,4384,11,4,3696.86
11084,4385,26,3,4835.23
11085,4386,20,3,2823.89
11086,4387,24,3,4330.33
11087,4388,11,5,2240.1
11088,4388,61,4,285.25
11089,4389,8,3,778.33
11090,4389,14,3,775.0
11091,4389,87,4,1609.75
11092,4390,55,1,4360.76
11093,4390,8,3,2049.2
11094,4391,4,1,2221.48
11095,4391,40,4,4503.87
11096,4392,89,1,4810.57
11097,4392,46,2,405.27
11098,4392,28,5,3530.51
11099,4392,97,5,1088.36
11100,4393,62,4,1930.19
11101,4393,93,5,3921.77
11102,4393,64,4,3652.84
11103,4394,40,2,4478.11
11104,4394,22,4,2574.27
11105,4395,23,5,3352.2
11106,4396,99,1,711.45
11107,4396,95,5,765.87
11108,4396,14,2,1433.96
11109,4396,92,5,3082.08
11110,4397,58,5,2857.84
11111,4397,37,5,412.63
11112,4397,40,1,2064.91
11113,4397,71,1,928.66
11114,4398,45,4,4820.55
11115,4398,93,1,1506.77
11116,4398,5,5,2155.68
11117,4398,25,2,1651.93
11118,4399,65,3,2627.14
11119,4399,4,4,4261.45
11120,4399,36,4,417.45
11121,4399,50,3,4584.27
11122,4400,81,5,3708.86
11123,4400,41,1,4653.07
11124,4401,44,3,598.69
11125,4402,65,1,3659.77
11126,4402,65,4,4408.18
11127,4403,60,4,88.38
11128,4403,54,5,1907.87
11129,4403,18,1,4430.46
11130,4404,85,2,1005.86
11131,4404,17,4,4961.86
11132,4405,48,2,3384.36
11133,4405,10,2,4071.47
11134,4405,70,5,1688.71
11135,4405,50,2,4689.28
11136,4406,38,2,1858.84
11137,4406,9,2,2962.51
11138,4406,3,3,1828.99
11139,4407,29,5,1802.4
11140,4407,78,3,732.84
11141,4407,7,3,4256.22
11142,4407,8,3,4146.9
11143,4408,96,1,3676.74
11144,4409,98,4,112.78
11145,4409,72,5,269.15
11146,4409,41,5,824.11
11147,4409,34,2,2916.97
11148,4410,44,5,3148.73
11149,4411,21,2,4737.15
11150,4411,63,1,884.37
11151,4412,53,5,3757.46
11152,4413,86,1,845.5
11153,4413,69,5,3352.47
11154,4413,90,2,2647.08
11155,4413,12,3,3092.05
11156,4414,45,4,4308.35
11157,4414,76,1,4141.78
11158,4414,62,5,596.43
11159,4414,98,3,4956.25
11160,4415,50,1,3714.85
11161,4415,9,3,1244.44
11162,4416,29,4,1973.67
11163,4416,82,3,1460.29
11164,4417,37,4,3519.59
11165,4417,30,1,1202.26
11166,4418,56,4,2758.89
11167,4418,100,3,4070.75
11168,4419,56,1,589.21
11169,4419,43,3,2024.8
11170,4419,83,1,4475.26
11171,4419,1,5,4901.45
11172,4420,86,1,1881.8
11173,4420,66,4,4254.15
11174,4420,54,1,3824.0
11175,4421,61,5,830.01
11176,4422,13,3,3757.55
11177,4422,61,2,134.39
11178,4422,38,5,3611.09
11179,4422,20,4,3012.89
11180,4423,64,2,112.02
11181,4423,76,5,2165.36
11182,4424,51,3,3985.81
11183,4424,20,1,2402.34
11184,4424,48,4,1605.83
11185,4425,26,5,2147.39
11186,4425,38,3,4220.73
11187,4425,89,5,161.63
11188,4426,67,3,576.43
11189,4426,39,3,2357.97
11190,4426,74,3,4992.81
11191,4426,95,4,1025.18
11192,4427,44,4,3599.56
11193,4428,83,2,2670.61
11194,4428,45,4,465.12
11195,4428,84,1,669.33
11196,4428,81,2,4290.56
11197,4429,52,2,2994.42
11198,4429,12,4,3570.52
11199,4429,100,5,1456.11
11200,4429,78,4,1070.41
11201,4430,51,5,2345.94
11202,4430,89,4,1864.07
11203,4430,53,3,4926.21
11204,4430,64,1,2689.43
11205,4431,87,4,1814.18
11206,4432,35,1,2925.68
11207,4432,14,5,4529.17
11208,4433,99,3,611.67
11209,4433,63,3,2124.9
11210,4433,28,3,4114.15
11211,4433,8,4,296.82
11212,4434,5,5,551.45
11213,4435,24,4,3093.86
11214,4435,80,4,4621.17
11215,4435,21,4,3951.4
11216,4435,65,2,1112.7
11217,4436,49,2,4876.85
11218,4436,26,1,2844.22
11219,4437,39,2,2131.05
11220,4437,65,1,3784.15
11221,4438,6,4,2389.99
11222,4439,21,4,2320.39
11223,4439,48,4,2945.13
11224,4439,82,3,3635.59
11225,4439,60,1,410.88
11226,4440,87,5,3753.69
11227,4440,33,3,1498.73
11228,4441,36,4,184.92
11229,4441,88,1,1788.42
11230,4441,1,4,3217.54
11231,4441,87,4,1768.92
11232,4442,71,3,4528.13
11233,4442,7,1,1338.73
11234,4443,61,5,4426.16
11235,4443,69,3,3111.87
11236,4443,20,2,4318.41
11237,4444,3,4,4637.91
11238,4445,93,5,4516.63
11239,4445,83,4,1563.67
11240,4445,15,3,1397.09
11241,4446,11,5,3308.52
11242,4447,27,3,4729.37
11243,4448,92,4,4997.88
11244,4449,23,1,4625.8
11245,4449,4,3,4181.27
11246,4449,55,4,2648.4
11247,4449,61,1,4797.8
11248,4450,63,5,1969.57
11249,4451,11,4,2442.88
11250,4452,31,1,1362.88
11251,4452,90,3,2561.84
11252,4453,47,5,3065.59
11253,4453,1,1,2061.54
11254,4453,54,3,2751.8
11255,4453,88,1,4166.91
11256,4454,53,2,877.1
11257,4454,20,1,2738.71
11258,4454,9,1,739.9
11259,4454,31,1,3560.04
11260,4455,4,5,4636.8
11261,4455,31,5,2889.44
11262,4455,63,5,1011.18
11263,4456,68,5,405.51
11264,4456,35,4,81.21
11265,4456,87,5,769.98
11266,4457,39,1,4954.87
11267,4457,60,5,3467.91
11268,4457,39,2,1588.22
11269,4457,37,1,3369.62
11270,4458,48,4,2174.76
11271,4458,50,1,4164.1
11272,4458,77,4,969.84
11273,4458,29,2,4939.9
11274,4459,75,2,3121.74
11275,4459,2,1,4589.07
11276,4460,50,1,247.29
11277,4460,25,2,4024.52
11278,4460,51,3,4263.62
11279,4460,65,1,4869.29
11280,4461,20,4,3361.13
11281,4461,87,1,4369.68
11282,4461,43,1,3660.53
11283,4461,80,2,4232.77
11284,4462,87,1,3033.36
11285,4462,35,3,3152.11
11286,4463,51,4,4196.24
11287,4464,77,2,98.57
11288,4465,100,1,483.28
11289,4465,72,3,2949.28
11290,4466,21,4,1174.97
11291,4466,11,5,2220.64
11292,4466,51,3,4351.49
11293,4467,24,2,1409.33
11294,4467,21,5,1978.39
11295,4467,43,1,3512.39
11296,4467,67,3,668.06
11297,4468,87,5,1801.99
11298,4469,21,2,1359.72
11299,4469,23,3,1311.27
11300,4470,4,4,2189.01
11301,4470,11,3,2889.56
11302,4470,23,2,714.67
11303,4471,50,3,4104.92
11304,4471,50,1,2781.12
11305,4471,96,5,881.69
11306,4471,44,5,638.17
11307,4472,23,1,3986.83
11308,4472,91,4,893.78
11309,4473,49,1,3910.52
11310,4473,10,5,915.66
11311,4473,68,1,2784.41
11312,4474,58,5,60.4
11313,4475,15,2,1733.68
11314,4475,67,3,2239.59
11315,4475,26,2,4914.24
11316,4475,20,1,4449.05
11317,4476,60,1,3746.66
11318,4476,56,3,2865.12
11319,4476,48,5,974.65
11320,4477,4,4,3652.32
11321,4477,62,5,827.8
11322,4477,1,3,3556.58
11323,4477,96,5,4767.96
11324,4478,9,4,759.81
11325,4479,84,2,2426.61
11326,4480,90,4,3633.68
11327,4480,50,4,507.14
11328,4481,24,4,314.74
11329,4481,19,3,442.34
11330,4481,22,4,852.02
11331,4481,3,5,1072.07
11332,4482,24,1,3832.93
11333,4482,75,1,1553.99
11334,4483,82,1,4194.3
11335,4483,31,5,4047.91
11336,4484,9,3,4015.79
11337,4484,32,1,3402.73
11338,4484,91,5,2990.77
11339,4485,7,4,4119.11
11340,4485,11,2,2961.21
11341,4486,73,5,2621.44
11342,4486,23,5,2279.6
11343,4487,10,2,4576.75
11344,4487,96,1,1548.11
11345,4487,30,5,2371.71
11346,4487,52,5,4487.89
11347,4488,2,4,4076.29
11348,4489,79,4,1444.52
11349,4489,92,4,4387.29
11350,4489,95,1,3051.29
11351,4489,60,5,3925.54
11352,4490,48,2,4218.51
11353,4490,99,5,3107.79
11354,4491,25,5,1647.1
11355,4492,9,2,656.57
11356,4492,92,4,3154.12
11357,4492,34,3,2708.98
11358,4493,90,1,3985.99
11359,4493,46,3,1441.92
11360,4493,22,2,1065.64
11361,4494,6,2,1896.37
11362,4494,72,5,4771.82
11363,4494,43,1,96.03
11364,4495,82,1,2246.44
11365,4495,1,5,3338.8
11366,4496,69,3,1254.79
11367,4496,44,5,4183.82
11368,4496,96,5,2195.1
11369,4497,90,1,2817.62
11370,4497,58,2,4130.74
11371,4497,44,3,2522.12
11372,4497,64,4,1686.45
11373,4498,96,4,3979.8
11374,4499,48,2,690.43
11375,4499,61,5,444.48
11376,4500,2,1,3975.85
11377,4501,15,5,2625.05
11378,4501,62,3,3915.58
11379,4502,54,5,3852.82
11380,4502,26,1,2124.18
11381,4502,89,1,4042.16
11382,4503,87,1,1972.22
11383,4503,79,1,3580.82
11384,4503,3,4,283.44
11385,4504,36,3,624.16
11386,4504,89,4,1478.56
11387,4504,74,2,1231.79
11388,4505,49,4,372.74
11389,4506,15,4,3283.46
11390,4507,21,3,848.99
11391,4507,53,4,640.76
11392,4507,28,1,1944.48
11393,4508,63,2,3453.32
11394,4508,4,5,2422.52
11395,4508,25,3,2690.68
11396,4509,21,3,4820.27
11397,4509,43,5,4642.62
11398,4510,15,2,994.33
11399,4510,9,4,3726.94
11400,4510,48,3,1022.05
11401,4511,24,3,2105.72
11402,4511,29,3,1812.04
11403,4512,79,4,2780.57
11404,4512,25,4,4070.98
11405,4512,61,4,3993.59
11406,4512,98,1,1574.69
11407,4513,16,5,2588.42
11408,4513,87,3,751.5
11409,4513,15,4,3635.56
11410,4513,55,3,2110.47
11411,4514,47,2,3959.18
11412,4514,21,5,1341.08
11413,4514,27,3,2460.37
11414,4515,39,3,3483.98
11415,4515,40,1,2118.22
11416,4515,67,5,2978.45
11417,4515,39,2,1733.33
11418,4516,66,2,2014.59
11419,4516,30,1,4348.32
11420,4517,10,1,3255.84
11421,4518,23,1,3271.47
11422,4518,73,5,3648.28
11423,4518,94,1,4605.13
11424,4518,5,1,4060.99
11425,4519,81,3,2264.77
11426,4519,22,2,2707.74
11427,4519,86,1,2069.57
11428,4519,7,1,2748.11
11429,4520,9,5,584.76
11430,4520,32,4,3402.21
11431,4520,8,4,2983.51
11432,4520,70,1,3920.81
11433,4521,96,1,2584.72
11434,4521,40,1,1516.67
11435,4521,64,4,1244.5
11436,4522,31,1,2587.33
11437,4523,76,4,4165.61
11438,4523,9,4,1157.35
11439,4523,22,5,1598.14
11440,4524,29,2,2140.78
11441,4524,85,1,4773.12
11442,4524,24,2,1711.25
11443,4524,94,1,2514.21
11444,4525,14,1,4272.99
11445,4525,23,5,2890.94
11446,4526,4,3,417.27
11447,4526,20,4,475.1
11448,4527,46,5,483.36
11449,4528,81,5,2127.27
11450,4528,7,3,1916.08
11451,4528,32,2,224.27
11452,4528,33,4,2904.64
11453,4529,52,5,2657.01
11454,4529,93,3,1027.51
11455,4529,83,4,4003.32
11456,4529,36,3,2554.68
11457,4530,34,4,4205.55
11458,4530,62,2,1279.06
11459,4530,2,1,1152.5
11460,4531,35,4,540.52
11461,4532,20,2,1457.9
11462,4532,84,2,1861.56
11463,4532,96,1,4909.81
11464,4532,17,5,4046.89
11465,4533,76,3,109.13
11466,4534,14,1,723.48
11467,4535,18,1,2466.11
11468,4535,93,5,555.44
11469,4535,64,3,533.72
11470,4536,45,4,4139.65
11471,4536,84,2,2280.39
11472,4536,64,1,3176.8
11473,4536,99,2,3219.2
11474,4537,25,4,3534.14
11475,4537,11,3,1218.24
11476,4537,31,3,1790.04
11477,4537,34,4,3715.37
11478,4538,20,5,4428.42
11479,4538,39,4,3826.63
11480,4539,50,1,329.14
11481,4539,63,3,3922.29
11482,4539,100,5,57.2
11483,4539,12,2,1933.97
11484,4540,48,5,535.87
11485,4540,13,3,528.05
11486,4541,80,3,330.75
11487,4541,40,5,4986.74
11488,4541,52,3,2201.92
11489,4542,50,5,1876.3
11490,4542,86,3,3007.78
11491,4542,41,4,3734.38
11492,4543,60,3,1874.38
11493,4543,98,1,844.18
11494,4543,38,1,274.73
11495,4543,11,3,710.84
11496,4544,38,1,3163.11
11497,4545,4,4,2180.74
11498,4545,76,3,894.78
11499,4545,13,2,3740.0
11500,4546,18,2,258.53
11501,4546,39,2,1316.02
11502,4546,24,1,2613.15
11503,4546,18,3,4826.49
11504,4547,87,5,2760.38
11505,4548,60,4,3650.92
11506,4548,61,2,1479.62
11507,4548,86,2,4803.04
11508,4549,27,1,3601.67
11509,4549,59,2,1611.14
11510,4550,82,2,1981.46
11511,4551,65,4,2358.44
11512,4552,66,5,1831.14
11513,4552,96,3,4543.19
11514,4552,21,3,2690.89
11515,4552,32,3,1651.91
11516,4553,16,3,1387.75
11517,4553,38,2,2133.97
11518,4553,7,3,1237.55
11519,4554,17,3,1214.65
11520,4554,70,5,1506.13
11521,4554,97,4,3666.55
11522,4554,55,3,3269.14
11523,4555,39,2,1845.81
11524,4555,89,1,2860.5
11525,4555,87,4,2916.01
11526,4556,100,4,1693.19
11527,4556,63,5,3430.38
11528,4557,42,3,4787.81
11529,4558,55,2,2885.42
11530,4559,43,3,1768.68
11531,4559,81,3,4490.19
11532,4559,85,2,4846.48
11533,4560,45,2,2439.09
11534,4560,33,4,2084.01
11535,4560,65,1,3060.86
11536,4560,46,4,2764.48
11537,4561,7,3,533.96
11538,4561,68,2,1418.43
11539,4561,4,2,2316.02
11540,4562,34,4,3398.94
11541,4562,16,3,928.18
11542,4562,76,3,151.81
11543,4563,55,5,1260.95
11544,4563,70,2,1530.78
11545,4564,14,1,192.7
11546,4564,45,3,3774.12
11547,4565,81,3,1975.34
11548,4566,47,2,4538.54
11549,4566,82,5,1104.14
11550,4566,80,4,2083.51
11551,4566,56,2,1584.0
11552,4567,54,4,4336.62
11553,4568,96,3,2490.23
11554,4568,25,5,247.63
11555,4568,46,3,3206.28
11556,4569,54,2,4036.97
11557,4569,25,1,3022.69
11558,4570,10,2,3446.21
11559,4570,92,1,2798.81
11560,4571,88,1,1123.65
11561,4572,61,2,4646.79
11562,4572,71,1,4446.54
11563,4572,58,4,3923.38
11564,4572,72,5,3932.28
11565,4573,74,4,2782.31
11566,4574,2,4,4317.94
11567,4574,56,5,3320.98
11568,4574,39,2,4123.05
11569,4574,12,4,1636.19
11570,4575,29,5,376.83
11571,4575,24,4,744.33
11572,4576,78,1,585.01
11573,4576,35,1,1831.67
11574,4576,26,5,1189.54
11575,4577,80,5,3026.57
11576,4577,34,4,3299.25
11577,4577,66,3,1278.29
11578,4577,41,2,4293.94
11579,4578,48,5,112.82
11580,4578,44,2,3347.46
11581,4579,67,3,2876.74
11582,4579,20,1,224.61
11583,4579,24,2,224.71
11584,4580,15,5,721.69
11585,4581,8,1,2481.45
11586,4581,65,3,1650.26
11587,4581,47,3,1801.9
11588,4581,45,1,3148.44
11589,4582,91,4,4249.15
11590,4583,12,3,838.13
11591,4583,54,2,1514.45
11592,4583,30,4,2497.65
11593,4583,98,1,4144.82
11594,4584,12,1,2531.3
11595,4585,81,2,3238.96
11596,4586,36,5,560.33
11597,4586,42,5,2409.0
11598,4586,68,5,1827.66
11599,4586,52,3,741.3
11600,4587,63,3,3735.78
11601,4587,12,4,2467.26
11602,4588,1,3,3891.65
11603,4589,23,3,2079.93
11604,4589,50,2,4476.74
11605,4589,64,2,4778.41
11606,4589,25,3,2756.05
11607,4590,80,1,174.84
11608,4591,4,2,1291.23
11609,4592,10,2,2273.75
11610,4593,4,4,4809.48
11611,4593,18,3,3365.52
11612,4593,48,4,2743.0
11613,4593,38,3,600.34
11614,4594,94,5,1587.67
11615,4594,37,2,512.65
11616,4595,63,3,3858.43
11617,4595,81,2,435.05
11618,4596,8,3,4913.91
11619,4596,61,5,3632.04
11620,4596,86,1,1052.82
11621,4597,15,4,396.96
11622,4597,54,5,4868.03
11623,4597,98,5,3358.34
11624,4597,65,5,3016.34
11625,4598,82,2,1949.98
11626,4599,89,5,3454.87
11627,4599,17,4,4405.12
11628,4600,12,3,1784.49
11629,4600,45,1,2973.14
11630,4600,31,2,1018.76
11631,4601,78,5,2409.15
11632,4602,66,2,3536.6
11633,4602,22,5,2755.84
11634,4603,64,1,1496.23
11635,4603,58,2,1424.57
11636,4604,50,2,4039.42
11637,4604,38,4,1341.4
11638,4604,33,5,2195.98
11639,4605,73,1,1284.54
11640,4605,11,1,398.18
11641,4605,100,3,679.19
11642,4606,93,1,4894.39
11643,4606,81,5,511.75
11644,4607,70,5,407.71
11645,4607,26,4,3999.26
11646,4607,94,5,2657.56
11647,4608,5,5,3303.02
11648,4608,23,2,783.31
11649,4608,48,1,403.94
11650,4608,85,5,1676.96
11651,4609,23,3,3614.43
11652,4609,74,3,1839.91
11653,4610,27,1,2374.74
11654,4611,8,1,4969.38
11655,4612,21,3,2375.63
11656,4612,62,2,330.41
11657,4613,38,1,1423.12
11658,4614,57,3,2219.24
11659,4614,36,3,3419.07
11660,4615,84,1,4994.11
11661,4615,57,2,3800.49
11662,4615,25,1,382.56
11663,4616,90,3,4213.06
11664,4616,59,4,1875.91
11665,4616,68,1,4794.12
11666,4617,95,5,414.08
11667,4617,51,3,1712.03
11668,4617,87,1,3963.89
11669,4618,72,4,1290.24
11670,4618,10,2,2199.15
11671,4619,62,1,1554.85
11672,4620,21,2,4087.39
11673,4620,17,5,4815.82
11674,4620,89,3,1686.65
11675,4620,13,5,2056.97
11676,4621,11,4,1446.14
11677,4621,38,1,2758.82
11678,4621,2,3,1377.02
11679,4622,4,5,1659.5
11680,4623,67,1,3340.51
11681,4623,78,3,3857.98
11682,4624,100,4,3816.62
11683,4625,89,1,3495.49
11684,4625,76,1,4309.58
11685,4625,79,4,2975.63
11686,4625,76,4,1679.25
11687,4626,29,1,571.23
11688,4627,3,5,2323.35
11689,4627,95,1,1700.79
11690,4627,34,5,4656.33
11691,4627,16,4,4245.57
11692,4628,55,3,2196.19
11693,4629,87,5,2653.51
11694,4630,56,4,4069.75
11695,4630,70,5,1682.8
11696,4630,94,4,2774.56
11697,4630,3,2,4828.38
11698,4631,19,5,1861.25
11699,4631,79,3,4051.17
11700,4631,9,3,4742.16
11701,4632,90,1,3349.07
11702,4632,3,4,2595.27
11703,4632,75,5,1732.66
11704,4633,70,5,3223.07
11705,4634,49,4,4921.66
11706,4635,26,3,2581.05
11707,4635,8,5,3884.63
11708,4635,15,3,3093.32
11709,4635,52,4,2291.42
11710,4636,85,1,3494.34
11711,4636,49,5,1616.49
11712,4636,4,2,1000.48
11713,4636,26,3,4822.71
11714,4637,72,2,3084.51
11715,4637,100,4,2959.66
11716,4637,45,4,520.69
11717,4637,29,5,4104.65
11718,4638,3,1,576.31
11719,4638,71,3,1770.83
11720,4638,81,2,883.37
11721,4638,35,1,912.03
11722,4639,69,5,3400.65
11723,4639,25,1,1054.87
11724,4639,15,3,3665.85
11725,4639,51,1,1411.01
11726,4640,90,2,3700.54
11727,4640,55,2,4526.43
11728,4640,21,2,1780.24
11729,4640,73,3,1055.06
11730,4641,22,1,4293.61
11731,4641,93,5,2771.33
11732,4641,47,2,947.19
11733,4641,57,2,2225.04
11734,4642,6,4,2014.66
11735,4642,48,3,4408.81
11736,4643,47,5,2513.94
11737,4644,31,4,1652.06
11738,4645,61,3,1903.73
11739,4645,89,1,4743.5
11740,4646,1,4,2825.58
11741,4646,18,5,1338.76
11742,4647,57,1,1427.42
11743,4648,63,2,2939.98
11744,4648,18,4,3614.62
11745,4648,98,1,4555.01
11746,4648,9,4,4543.07
11747,4649,58,5,2638.99
11748,4649,4,1,1383.53
11749,4650,19,1,874.67
11750,4650,94,5,4689.27
11751,4650,72,2,4945.95
11752,4650,75,4,2834.39
11753,4651,1,5,4709.93
11754,4651,57,4,243.15
11755,4651,9,3,3354.44
11756,4651,96,3,3446.3
11757,4652,37,2,481.98
11758,4652,17,5,2888.91
11759,4652,19,1,157.14
11760,4653,52,4,3282.99
11761,4653,34,1,225.91
11762,4654,94,3,4123.64
11763,4654,86,3,777.69
11764,4655,76,5,1115.45
11765,4656,70,1,1224.03
11766,4657,25,1,4577.61
11767,4657,14,3,4123.55
11768,4657,71,2,4412.33
11769,4658,96,3,1759.08
11770,4658,71,2,4626.06
11771,4658,82,3,3443.46
11772,4659,67,3,4996.36
11773,4659,13,5,4801.73
11774,4659,36,5,2780.58
11775,4659,90,3,2110.67
11776,4660,34,5,4406.3
11777,4660,22,2,896.39
11778,4660,69,4,4853.87
11779,4660,33,2,4092.49
11780,4661,39,4,1429.37
11781,4662,12,4,1498.89
11782,4662,50,3,4084.03
11783,4662,70,5,4494.46
11784,4662,39,1,4839.99
11785,4663,56,1,4565.89
11786,4663,35,3,176.21
11787,4663,9,4,3358.7
11788,4663,13,2,4012.32
11789,4664,91,1,4177.76
11790,4664,14,1,3468.77
11791,4664,7,4,2016.26
11792,4665,3,5,4691.95
11793,4666,79,2,2073.08
11794,4666,24,1,1914.41
11795,4666,35,4,943.99
11796,4666,3,2,283.43
11797,4667,9,3,385.43
11798,4667,5,5,697.4
11799,4668,28,2,2946.31
11800,4668,96,3,70.92
11801,4668,45,4,4299.66
11802,4669,37,2,4749.26
11803,4669,51,1,3554.52
11804,4669,63,2,3846.58
11805,4669,98,4,4541.85
11806,4670,63,2,388.03
11807,4670,72,5,2479.53
11808,4671,7,3,1372.73
11809,4671,19,1,1093.33
11810,4671,37,3,3670.9
11811,4671,61,1,2904.99
11812,4672,86,4,3414.77
11813,4673,37,2,4272.25
11814,4673,10,3,765.72
11815,4674,13,3,172.45
11816,4675,30,4,3334.61
11817,4676,77,2,4138.13
11818,4676,2,4,333.66
11819,4676,67,2,4251.36
11820,4677,23,4,616.92
11821,4677,96,2,3649.7
11822,4677,19,3,2472.86
11823,4678,86,3,3344.12
11824,4678,73,2,684.6
11825,4678,17,3,3491.35
11826,4678,98,1,2134.75
11827,4679,7,1,1436.85
11828,4679,65,5,1832.24
11829,4679,21,3,630.15
11830,4680,82,3,3944.17
11831,4680,91,3,2173.18
11832,4681,51,2,3037.41
11833,4681,11,5,258.05
11834,4681,12,2,3673.91
11835,4681,6,4,1076.38
11836,4682,64,3,3201.46
11837,4682,79,4,3117.05
11838,4682,77,4,1611.45
11839,4683,59,3,2121.96
11840,4683,49,4,2505.37
11841,4683,51,4,4031.82
11842,4683,74,1,1137.72
11843,4684,51,5,3833.82
11844,4685,2,2,871.86
11845,4685,100,2,848.96
11846,4685,55,3,3727.38
11847,4686,90,2,4367.61
11848,4686,37,3,3471.35
11849,4687,16,3,2025.59
11850,4687,2,1,1456.07
11851,4688,41,5,262.37
11852,4688,7,3,4221.8
11853,4689,98,5,4785.29
11854,4690,55,3,423.96
11855,4690,38,4,2927.22
11856,4691,77,1,2707.8
11857,4691,30,4,2093.05
11858,4691,27,5,2313.55
11859,4692,5,3,2321.2
11860,4693,98,3,501.63
11861,4693,70,1,2514.79
11862,4694,76,3,341.63
11863,4695,42,3,4519.29
11864,4695,48,1,1086.95
11865,4696,36,1,672.64
11866,4696,90,5,4455.66
11867,4696,23,2,3457.71
11868,4696,6,5,1696.42
11869,4697,1,2,4953.25
11870,4697,13,2,3970.81
11871,4697,90,1,1831.39
11872,4698,74,5,4233.29
11873,4698,95,3,2874.04
11874,4698,23,3,397.04
11875,4699,15,4,1987.54
11876,4699,42,2,1926.44
11877,4699,6,1,2752.12
11878,4699,14,4,3847.33
11879,4700,17,5,268.94
11880,4700,32,2,3484.65
11881,4701,69,2,2014.71
11882,4701,37,3,4877.93
11883,4702,61,5,822.5
11884,4703,84,4,1722.76
11885,4704,70,1,4379.79
11886,4704,13,3,4492.67
11887,4704,53,5,2518.31
11888,4705,49,1,635.17
11889,4705,31,4,121.69
11890,4706,48,2,2748.05
11891,4707,45,1,4330.9
11892,4707,47,3,3153.98
11893,4707,77,4,4638.34
11894,4708,12,2,3337.74
11895,4708,20,1,1054.39
11896,4709,93,2,1586.03
11897,4710,91,4,1928.89
11898,4710,50,2,4149.4
11899,4710,15,2,4614.29
11900,4711,23,1,1706.34
11901,4711,76,3,4774.07
11902,4711,34,1,3827.15
11903,4711,1,1,4205.92
11904,4712,54,1,3492.97
11905,4712,2,3,3607.31
11906,4712,71,3,3000.04
11907,4713,33,4,1892.76
11908,4713,80,2,2157.02
11909,4713,8,1,2423.69
11910,4714,26,2,1878.88
11911,4715,89,2,4763.24
11912,4715,80,3,361.9
11913,4716,45,1,2531.99
11914,4716,87,1,2269.37
11915,4716,45,4,1869.23
11916,4716,19,3,4795.08
11917,4717,66,2,2556.01
11918,4717,72,4,486.69
11919,4717,26,3,3848.05
11920,4718,79,1,4616.42
11921,4718,1,4,4069.44
11922,4718,6,5,356.09
11923,4718,17,5,1288.13
11924,4719,50,2,1964.43
11925,4719,52,4,1009.19
11926,4719,28,5,3714.98
11927,4720,89,5,2012.81
11928,4720,27,5,2907.9
11929,4721,40,4,164.38
11930,4721,86,1,948.84
11931,4721,37,2,4246.12
11932,4722,78,2,4483.01
11933,4722,30,5,1334.87
11934,4722,57,2,2583.12
11935,4723,69,5,645.99
11936,4723,45,4,1871.36
11937,4724,2,3,316.11
11938,4724,72,4,1443.9
11939,4724,59,4,4576.12
11940,4724,50,3,2737.67
11941,4725,31,3,2522.84
11942,4725,21,5,4240.93
11943,4726,35,3,4651.74
11944,4726,30,3,3884.23
11945,4727,70,5,1595.75
11946,4727,97,5,1276.51
11947,4727,29,5,1977.42
11948,4727,51,2,4367.27
11949,4728,70,2,1189.06
11950,4728,15,5,729.72
11951,4729,61,5,3452.85
11952,4729,61,3,1806.63
11953,4729,33,3,2127.16
11954,4730,25,1,3262.72
11955,4731,65,4,1834.94
11956,4731,24,4,3007.31
11957,4731,77,3,4634.34
11958,4731,15,2,3050.27
11959,4732,38,3,4856.7
11960,4732,37,5,4179.34
11961,4732,17,4,2502.57
11962,4732,73,3,3041.21
11963,4733,80,5,1353.3
11964,4734,52,3,1585.57
11965,4734,58,4,845.9
11966,4735,16,5,2537.24
11967,4736,40,1,3682.7
11968,4736,15,3,2263.55
11969,4736,90,1,2805.13
11970,4737,12,5,3939.87
11971,4737,15,4,3263.57
11972,4738,66,5,711.03
11973,4738,85,5,1329.22
11974,4738,34,2,4766.24
11975,4739,82,5,4238.47
11976,4740,47,3,3078.51
11977,4740,12,2,4635.03
11978,4740,78,5,1894.23
11979,4741,14,4,4518.06
11980,4741,97,3,4063.45
11981,4742,55,2,1988.1
11982,4742,16,5,1127.59
11983,4742,100,4,166.81
11984,4743,6,2,1004.59
11985,4743,59,1,3296.76
11986,4743,21,3,161.98
11987,4743,66,2,599.27
11988,4744,1,2,4893.37
11989,4744,48,5,643.12
11990,4745,99,5,3166.68
11991,4745,57,5,3320.42
11992,4746,80,4,3188.25
11993,4747,48,2,1359.94
11994,4747,47,3,2556.8
11995,4747,60,2,1203.18
11996,4748,77,1,3960.95
11997,4748,73,5,2588.5
11998,4748,67,3,3888.69
11999,4749,21,2,3021.34
12000,4749,79,4,2438.86
12001,4749,5,2,1856.63
12002,4750,46,5,4053.49
12003,4750,41,3,723.46
12004,4750,5,3,1507.43
12005,4751,23,5,597.65
12006,4751,77,5,3301.4
12007,4751,88,5,2040.56
12008,4751,31,2,3277.14
12009,4752,59,1,4226.98
12010,4752,55,2,773.29
12011,4753,1,1,2230.15
12012,4754,46,4,3984.78
12013,4754,25,2,2997.3
12014,4754,48,1,1995.27
12015,4755,17,1,4384.24
12016,4755,89,4,3194.77
12017,4755,61,3,3989.71
12018,4755,95,4,1065.44
12019,4756,63,1,1221.99
12020,4756,3,2,2098.4
12021,4756,32,5,2165.94
12022,4757,17,4,3150.97
12023,4758,15,4,1701.18
12024,4758,65,3,4543.94
12025,4758,3,3,1170.58
12026,4758,98,1,2680.57
12027,4759,43,5,1662.55
12028,4759,24,5,2595.48
12029,4759,61,4,3682.41
12030,4759,58,2,2337.6
12031,4760,8,1,1267.23
12032,4760,38,1,50.26
12033,4760,48,5,4714.4
12034,4760,72,2,4030.94
12035,4761,4,2,1896.44
12036,4761,62,1,2964.91
12037,4761,35,5,2252.26
12038,4761,44,1,4232.56
12039,4762,78,4,296.16
12040,4763,85,3,299.27
12041,4763,89,4,3317.05
12042,4763,10,2,3418.74
12043,4764,37,4,576.57
12044,4764,42,3,3148.45
12045,4765,34,1,3965.86
12046,4765,57,5,4048.34
12047,4766,7,1,1841.44
12048,4766,9,1,1184.06
12049,4767,66,2,2992.84
12050,4768,15,1,3853.66
12051,4768,82,5,1650.26
12052,4769,46,2,777.07
12053,4770,34,3,3971.07
12054,4770,8,5,2845.51
12055,4771,88,4,3934.38
12056,4772,63,4,1946.54
12057,4772,60,1,3303.52
12058,4773,50,1,2168.56
12059,4774,92,1,3572.1
12060,4774,38,1,1806.27
12061,4774,12,5,1184.11
12062,4775,3,1,3314.12
12063,4775,93,3,251.48
12064,4775,80,1,1403.41
12065,4776,42,2,551.22
12066,4776,25,2,4327.82
12067,4777,14,3,4516.09
12068,4777,46,2,817.69
12069,4777,84,1,380.27
12070,4777,34,1,1503.01
12071,4778,18,4,3673.46
12072,4779,50,3,2720.67
12073,4779,29,3,4733.6
12074,4780,61,2,2707.12
12075,4780,93,5,2079.39
12076,4781,53,1,3593.55
12077,4781,53,5,1378.46
12078,4781,97,4,2578.1
12079,4782,57,1,4806.04
12080,4782,28,1,3116.57
12081,4782,63,5,3346.14
12082,4783,43,5,563.55
12083,4783,81,2,2992.17
12084,4783,33,3,4102.64
12085,4783,83,5,1312.26
12086,4784,1,4,3278.27
12087,4784,71,3,1677.96
12088,4785,33,5,3272.54
12089,4785,8,2,4054.92
12090,4785,30,1,2427.55
12091,4786,15,3,3295.34
12092,4786,43,1,3285.32
12093,4786,87,2,2802.99
12094,4786,2,1,4992.75
12095,4787,57,4,4183.63
12096,4787,9,1,2577.88
12097,4788,89,2,2390.24
12098,4789,15,1,267.53
12099,4790,1,5,3290.47
12100,4790,35,3,3504.98
12101,4790,33,3,1613.83
12102,4790,30,2,1778.11
12103,4791,18,1,4867.51
12104,4791,89,1,2836.08
12105,4791,43,1,4792.92
12106,4791,12,1,2862.91
12107,4792,93,2,2039.95
12108,4792,97,5,3216.73
12109,4792,17,1,2062.67
12110,4793,12,3,4037.38
12111,4793,23,1,4257.54
12112,4793,1,5,4999.14
12113,4794,83,4,1526.96
12114,4794,14,3,1237.81
12115,4794,57,2,842.51
12116,4794,65,3,1663.37
12117,4795,75,2,437.01
12118,4795,97,3,2840.27
12119,4795,46,3,2704.65
12120,4795,10,1,3619.45
12121,4796,26,2,2344.03
12122,4796,92,1,2974.79
12123,4796,78,1,1222.38
12124,4796,61,4,1273.0
12125,4797,2,2,4099.63
12126,4798,89,2,3923.62
12127,4798,85,3,4297.31
12128,4798,75,2,1081.69
12129,4799,15,3,3352.6
12130,4799,81,3,2894.28
12131,4799,6,1,2499.66
12132,4800,61,2,1175.2
12133,4800,59,5,4072.02
12134,4800,67,5,4865.34
12135,4800,14,5,4843.57
12136,4801,13,1,2224.2
12137,4801,99,1,1654.6
12138,4802,41,5,3308.49
12139,4802,88,4,4970.83
12140,4802,6,3,763.28
12141,4803,89,4,4549.23
12142,4803,53,5,3594.89
12143,4804,62,2,698.35
12144,4804,48,3,2958.47
12145,4804,49,1,4502.68
12146,4804,63,1,921.27
12147,4805,28,4,4203.75
12148,4805,27,5,190.85
12149,4805,59,1,4880.35
12150,4805,15,4,4269.28
12151,4806,24,5,1952.98
12152,4806,50,5,3171.64
12153,4806,89,2,2414.04
12154,4806,34,2,2641.56
12155,4807,84,3,892.16
12156,4808,95,3,1488.45
12157,4808,1,4,4986.94
12158,4808,68,5,1692.47
12159,4809,19,1,3136.29
12160,4809,86,2,983.65
12161,4810,36,3,676.06
12162,4811,78,3,4978.28
12163,4811,39,5,3905.77
12164,4811,54,3,4356.57
12165,4811,96,1,1451.91
12166,4812,22,3,172.73
12167,4812,100,3,3440.71
12168,4812,97,3,4984.86
12169,4812,13,4,4662.12
12170,4813,55,4,3851.52
12171,4814,13,4,322.1
12172,4814,8,2,1133.76
12173,4814,76,1,1323.42
12174,4815,35,2,627.99
12175,4815,96,1,2157.15
12176,4815,87,4,156.32
12177,4815,87,5,179.44
12178,4816,54,5,4628.24
12179,4816,97,2,3635.87
12180,4816,86,5,529.14
12181,4817,7,5,4407.13
12182,4817,65,1,2222.74
12183,4817,19,3,794.31
12184,4817,8,4,1681.05
12185,4818,97,5,4705.35
12186,4819,60,2,800.04
12187,4819,77,4,3885.53
12188,4819,51,4,1167.19
12189,4819,80,3,4455.01
12190,4820,8,1,3697.19
12191,4820,92,1,271.8
12192,4820,48,5,1646.92
12193,4820,35,5,383.67
12194,4821,89,4,1783.24
12195,4821,56,4,3949.2
12196,4821,75,2,4797.71
12197,4822,57,1,3611.52
12198,4822,41,2,2058.61
12199,4823,16,5,2123.81
12200,4823,8,5,2180.02
12201,4823,31,4,744.57
12202,4823,4,1,3870.3
12203,4824,70,3,4707.23
12204,4824,60,1,1269.92
12205,4824,18,3,2791.99
12206,4825,27,3,2794.19
12207,4825,12,2,139.74
12208,4825,5,3,3417.26
12209,4825,31,4,4398.93
12210,4826,83,4,2857.19
12211,4826,86,3,1266.47
12212,4826,96,5,4323.23
12213,4827,1,3,2805.21
12214,4827,11,5,2523.19
12215,4828,22,3,66.39
12216,4828,55,4,507.14
12217,4828,9,1,2202.05
12218,4828,88,1,2884.8
12219,4829,49,1,2669.54
12220,4830,92,2,2890.94
12221,4830,70,4,1654.94
12222,4831,50,1,1529.75
12223,4831,3,1,2789.45
12224,4831,72,4,2817.47
12225,4831,8,2,4081.76
12226,4832,97,2,1954.67
12227,4832,10,2,1729.83
12228,4832,37,2,3801.53
12229,4833,13,5,4821.47
12230,4833,87,1,695.64
12231,4833,9,3,4081.81
12232,4833,21,1,820.03
12233,4834,28,5,2300.58
12234,4834,3,1,3430.21
12235,4835,31,2,4092.96
12236,4836,78,3,4738.75
12237,4836,30,4,3725.96
12238,4836,60,3,2206.54
12239,4836,95,3,3235.04
12240,4837,71,5,4293.96
12241,4838,18,1,2419.87
12242,4838,99,3,3064.67
12243,4838,35,1,1005.54
12244,4839,34,5,1529.6
12245,4839,11,2,4900.63
12246,4839,3,5,2587.04
12247,4839,33,3,1837.04
12248,4840,48,3,1487.25
12249,4840,80,3,4055.74
12250,4841,66,3,4990.53
12251,4841,10,3,501.11
12252,4842,97,4,3695.24
12253,4842,19,3,4410.87
12254,4843,14,2,1094.85
12255,4843,25,2,103.41
12256,4843,55,1,4045.27
12257,4843,81,2,584.06
12258,4844,86,2,2488.6
12259,4845,90,4,2373.4
12260,4845,89,5,317.89
12261,4846,96,1,4729.0
12262,4846,95,3,3644.07
12263,4847,95,2,428.21
12264,4847,16,1,564.02
12265,4848,74,5,1119.4
12266,4849,65,4,2944.52
12267,4850,29,2,281.21
12268,4850,84,1,981.8
12269,4851,81,5,2833.19
12270,4852,3,2,138.51
12271,4852,98,5,808.6
12272,4852,73,4,3302.84
12273,4852,85,5,3197.38
12274,4853,35,2,1059.44
12275,4854,83,5,2137.21
12276,4854,70,2,4421.38
12277,4854,48,5,3603.26
12278,4855,47,5,2647.06
12279,4856,63,5,2206.4
12280,4856,5,4,2068.88
12281,4856,64,5,304.81
12282,4856,36,3,2122.7
12283,4857,21,2,3297.62
12284,4857,74,5,3625.48
12285,4857,82,4,1395.37
12286,4858,4,5,969.53
12287,4858,99,4,194.94
12288,4858,19,5,250.04
12289,4859,48,3,4919.3
12290,4859,20,3,2794.4
12291,4859,71,1,498.66
12292,4859,60,4,2727.37
12293,4860,52,2,3254.86
12294,4860,78,1,1712.54
12295,4861,46,5,1907.18
12296,4861,87,5,3616.08
12297,4861,14,3,317.62
12298,4861,32,3,2716.94
12299,4862,44,3,1655.6
12300,4862,54,4,2855.1
12301,4862,25,2,4540.12
12302,4863,28,3,1755.69
12303,4863,57,1,2558.65
12304,4864,10,4,1828.85
12305,4865,53,1,4764.0
12306,4865,38,3,3316.68
12307,4865,50,3,2621.16
12308,4865,35,5,340.32
12309,4866,61,1,293.23
12310,4866,6,4,625.98
12311,4866,33,1,4697.31
12312,4867,85,2,4139.98
12313,4867,44,5,2118.08
12314,4868,45,5,1706.96
12315,4868,46,2,929.88
12316,4868,98,5,3919.11
12317,4868,47,1,2997.99
12318,4869,37,2,2202.79
12319,4869,95,3,2693.7
12320,4869,37,5,3305.91
12321,4870,93,1,2688.98
12322,4870,64,3,1649.48
12323,4870,96,3,2233.89
12324,4870,67,2,2189.73
12325,4871,56,5,3505.53
12326,4871,2,1,4561.04
12327,4872,30,1,1142.72
12328,4872,46,5,3514.35
12329,4872,98,1,2352.52
12330,4872,36,4,2216.06
12331,4873,28,2,1522.35
12332,4873,1,5,3548.99
12333,4873,59,1,1636.34
12334,4874,4,1,3490.0
12335,4874,87,2,1072.67
12336,4874,100,3,4328.01
12337,4875,96,1,4909.5
12338,4875,61,2,4876.84
12339,4876,90,3,3130.86
12340,4876,55,2,528.16
12341,4876,65,3,1210.23
12342,4876,33,1,3827.8
12343,4877,16,1,655.62
12344,4877,96,5,4230.53
12345,4877,20,4,1077.5
12346,4877,22,2,4603.51
12347,4878,57,5,4248.44
12348,4879,61,4,2595.99
12349,4879,71,3,2123.06
12350,4879,5,3,4203.28
12351,4880,3,1,496.95
12352,4880,54,4,4380.4
12353,4881,61,2,2026.48
12354,4881,96,3,278.71
12355,4882,37,5,2220.13
12356,4883,93,3,584.96
12357,4883,10,5,3458.9
12358,4883,17,4,443.9
12359,4883,46,1,3884.26
12360,4884,76,3,2652.28
12361,4885,60,4,3508.17
12362,4885,35,2,3987.21
12363,4886,56,2,1887.08
12364,4886,94,1,2683.38
12365,4886,89,5,2039.38
12366,4887,41,3,2388.95
12367,4887,30,4,1463.5
12368,4888,15,3,4178.32
12369,4888,58,2,2269.09
12370,4888,87,4,2997.55
12371,4888,26,1,4385.61
12372,4889,57,1,683.84
12373,4890,55,4,2588.19
12374,4890,88,2,3633.92
12375,4891,46,3,4689.0
12376,4891,98,2,4162.22
12377,4891,57,2,2966.09
12378,4892,58,1,1391.94
12379,4892,14,3,4168.9
12380,4892,44,5,2690.15
12381,4892,53,1,1122.04
12382,4893,25,2,1255.56
12383,4893,73,1,2022.49
12384,4893,17,5,2315.39
12385,4894,97,3,4715.28
12386,4894,93,5,1465.7
12387,4894,2,3,792.25
12388,4895,88,5,2905.25
12389,4896,59,4,3564.42
12390,4896,9,5,2059.64
12391,4896,54,4,3451.37
12392,4897,75,5,3716.34
12393,4897,64,5,3382.14
12394,4898,50,1,4346.55
12395,4898,91,4,2928.78
12396,4899,92,5,2460.15
12397,4900,3,4,3311.6
12398,4900,94,5,2582.19
12399,4901,90,2,2625.64
12400,4901,2,1,4530.39
12401,4902,52,2,1438.35
12402,4902,65,2,454.62
12403,4903,88,2,3591.53
12404,4903,91,4,1340.71
12405,4903,51,4,1465.25
12406,4904,42,4,3470.93
12407,4904,25,2,765.51
12408,4904,83,3,161.2
12409,4905,84,4,2357.01
12410,4905,67,5,4157.7
12411,4905,37,5,4369.8
12412,4906,97,3,2911.7
12413,4907,62,3,945.85
12414,4907,4,2,2689.23
12415,4907,73,2,1161.08
12416,4908,85,4,4334.67
12417,4908,13,3,4329.35
12418,4909,25,5,3314.18
12419,4909,8,1,1267.28
12420,4909,93,4,4336.77
12421,4910,85,3,3057.34
12422,4910,69,5,4339.28
12423,4911,95,5,2045.04
12424,4912,41,4,1153.29
12425,4912,88,3,1206.82
12426,4912,60,3,4215.71
12427,4912,14,2,4679.92
12428,4913,63,2,475.07
12429,4914,74,5,3185.48
12430,4914,7,3,1951.88
12431,4914,23,2,793.17
12432,4915,84,1,1193.04
12433,4915,83,1,1222.21
12434,4915,94,2,2346.58
12435,4915,3,1,1972.29
12436,4916,2,5,3452.55
12437,4916,36,2,2883.12
12438,4916,30,5,4776.81
12439,4917,42,3,244.58
12440,4917,81,5,984.85
12441,4917,100,1,237.8
12442,4918,85,2,4016.22
12443,4918,39,3,3422.98
12444,4919,29,1,3158.89
12445,4920,1,5,1886.42
12446,4921,8,3,649.91
12447,4921,25,4,1310.49
12448,4921,97,4,1406.97
12449,4921,13,3,4208.18
12450,4922,66,2,949.22
12451,4923,15,2,3369.91
12452,4923,22,5,1894.88
12453,4923,10,1,679.38
12454,4924,25,2,3620.08
12455,4924,97,1,1125.57
12456,4925,92,5,1607.74
12457,4925,65,1,1451.45
12458,4926,64,2,1618.88
12459,4926,23,2,544.38
12460,4927,80,1,1993.19
12461,4927,12,1,3467.61
12462,4927,11,5,4123.29
12463,4928,29,2,4821.37
12464,4928,1,3,3072.89
12465,4928,65,3,4999.88
12466,4929,85,5,489.57
12467,4929,38,2,3197.89
12468,4930,92,5,3255.93
12469,4931,80,5,2368.2
12470,4932,63,4,1245.69
12471,4933,77,1,584.72
12472,4934,27,1,4078.62
12473,4934,89,4,4997.48
12474,4934,11,3,592.95
12475,4935,39,5,2633.0
12476,4936,53,3,3339.37
12477,4937,19,1,3167.36
12478,4937,79,5,982.67
12479,4937,23,4,992.81
12480,4937,99,3,768.18
12481,4938,79,4,697.52
12482,4938,82,2,304.3
12483,4939,49,3,2089.49
12484,4939,94,4,3113.34
12485,4939,13,4,2251.15
12486,4940,19,4,4096.91
12487,4941,35,1,529.76
12488,4941,3,3,4887.33
12489,4941,58,2,1639.82
12490,4942,32,2,1582.01
12491,4942,81,5,2300.32
12492,4943,59,2,130.91
12493,4944,71,5,2389.44
12494,4944,71,4,4145.92
12495,4944,74,2,4712.54
12496,4944,8,2,4105.2
12497,4945,70,3,1480.12
12498,4945,35,1,750.55
12499,4946,55,4,3938.87
12500,4947,41,1,546.38
12501,4947,56,2,871.52
12502,4947,70,3,2615.89
12503,4948,53,1,1487.57
12504,4949,91,4,2768.98
12505,4949,37,4,4881.05
12506,4950,85,4,1540.52
12507,4950,100,4,3402.17
12508,4950,62,2,2929.09
12509,4951,52,5,2590.48
12510,4951,41,2,1152.94
12511,4952,29,2,2744.93
12512,4952,27,1,3076.72
12513,4952,18,4,3026.73
12514,4953,27,1,299.42
12515,4953,92,2,4552.57
12516,4954,65,3,3453.57
12517,4955,83,3,2030.47
12518,4956,79,5,98.28
12519,4956,25,3,1314.49
12520,4956,44,5,4047.93
12521,4957,46,5,4080.65
12522,4957,11,5,4086.11
12523,4957,96,3,3509.51
12524,4957,100,5,3864.17
12525,4958,33,3,3774.13
12526,4959,91,5,3673.39
12527,4959,18,1,2985.13
12528,4959,36,3,1858.04
12529,4960,24,5,1093.25
12530,4961,58,5,4274.38
12531,4962,35,2,959.53
12532,4962,66,2,746.21
12533,4962,82,5,1708.52
12534,4963,38,2,2219.61
12535,4963,77,4,3720.04
12536,4963,1,3,3094.88
12537,4963,42,3,165.05
12538,4964,57,5,3278.68
12539,4964,49,3,382.39
12540,4964,56,2,2754.34
12541,4965,65,1,116.31
12542,4965,93,3,3613.16
12543,4966,45,1,862.55
12544,4966,16,5,2975.8
12545,4967,49,2,1260.92
12546,4967,14,1,2198.63
12547,4967,49,3,4152.54
12548,4968,50,2,4460.28
12549,4968,55,2,52.27
12550,4968,88,3,4111.28
12551,4969,26,3,2925.76
12552,4969,6,1,1774.62
12553,4970,2,4,3348.21
12554,4970,81,3,4193.19
12555,4970,97,3,3605.24
12556,4971,12,3,4661.98
12557,4971,94,4,4987.82
12558,4971,44,5,4777.17
12559,4972,89,5,1016.1
12560,4972,87,5,1946.32
12561,4973,48,4,4357.08
12562,4973,34,1,3300.79
12563,4974,55,3,2110.05
12564,4975,97,3,4514.82
12565,4975,52,3,117.49
12566,4975,28,2,1945.07
12567,4975,44,5,1990.55
12568,4976,15,1,325.61
12569,4976,74,4,2324.93
12570,4976,50,5,1166.1
12571,4976,24,3,4463.15
12572,4977,20,2,1590.43
12573,4977,26,4,3022.99
12574,4977,23,5,4547.28
12575,4977,11,3,2107.03
12576,4978,64,5,3861.45
12577,4978,57,4,3172.68
12578,4979,64,2,1155.76
12579,4980,54,1,623.07
12580,4980,61,5,4718.37
12581,4981,50,1,1870.08
12582,4981,37,3,230.9
12583,4981,43,5,4206.03
12584,4981,100,1,2169.61
12585,4982,40,5,3618.87
12586,4982,70,1,3156.93
12587,4982,51,1,2580.69
12588,4983,49,3,2793.41
12589,4983,64,4,80.79
12590,4983,67,3,4286.1
12591,4984,40,4,4005.74
12592,4984,4,2,4267.17
12593,4984,26,2,4412.97
12594,4984,17,5,3911.39
12595,4985,23,2,2521.66
12596,4985,80,2,481.56
12597,4985,29,4,1967.04
12598,4985,44,4,2122.94
12599,4986,78,1,1920.42
12600,4986,88,1,4660.88
12601,4987,64,4,3800.93
12602,4987,86,2,2096.9
12603,4988,53,1,4715.69
12604,4988,59,4,2085.65
12605,4988,89,4,3162.19
12606,4988,54,3,188.68
12607,4989,21,4,594.61
12608,4989,92,2,4097.55
12609,4990,75,3,4081.61
12610,4990,44,4,912.76
12611,4990,89,3,2993.56
12612,4991,59,4,1390.88
12613,4992,55,1,1541.2
12614,4992,68,1,177.68
12615,4993,83,4,2588.51
12616,4993,10,5,1259.07
12617,4993,67,1,2480.98
12618,4994,29,2,3756.19
12619,4995,51,4,4848.72
12620,4995,2,3,1006.69
12621,4995,32,1,2687.33
12622,4996,12,5,2701.03
12623,4996,70,4,334.66
12624,4996,73,4,3464.11
12625,4997,80,5,4753.65
12626,4997,47,4,3719.1
12627,4997,12,1,262.41
12628,4998,2,5,4165.31
12629,4998,76,4,4379.79
12630,4999,28,5,3478.88
12631,4999,98,1,4669.52
12632,4999,8,3,3860.48
12633,4999,13,4,418.16
12634,5000,82,1,1045.99
12635,5000,1,4,1044.76
12636,5000,37,5,1779.76
12637,5000,74,4,486.34
