order_id,user_id,status,total_amount,created_at
1,424,returned,7813.77,2024-10-13 07:36:00
2,534,pending,6884.63,2024-03-27 04:17:00
3,309,cancelled,4981.93,2024-02-02 05:27:00
4,283,returned,3067.55,2024-02-09 11:16:00
5,967,pending,7236.9,2024-09-10 19:39:00
6,201,returned,1159.03,2024-06-04 00:25:00
7,341,returned,8060.36,2024-06-17 14:21:00
8,441,pending,3074.31,2024-11-04 22:12:00
9,491,cancelled,1858.61,2024-07-22 10:18:00
10,753,returned,9680.85,2024-05-04 10:24:00
11,288,returned,3713.65,2024-10-15 06:37:00
12,559,pending,6848.96,2024-10-08 00:46:00
13,473,pending,4440.7,2024-05-29 22:04:00
14,839,returned,6762.48,2024-03-12 20:19:00
15,248,cancelled,6620.76,2024-08-04 12:04:00
16,460,returned,5864.22,2024-09-30 16:59:00
17,943,returned,5482.09,2024-07-03 22:57:00
18,832,completed,1182.76,2024-05-07 21:42:00
19,364,pending,6505.3,2024-01-23 18:41:00
20,694,returned,9671.43,2024-06-18 13:06:00
21,11,completed,2661.51,2024-09-18 23:33:00
22,572,pending,4513.21,2024-07-19 14:49:00
23,696,pending,3515.18,2024-01-13 15:06:00
24,303,returned,9213.42,2024-02-13 03:53:00
25,964,pending,3548.45,2024-06-24 14:50:00
26,212,returned,3548.17,2024-02-19 14:46:00
27,714,returned,3257.2,2024-06-02 01:51:00
28,728,completed,323.59,2024-06-24 20:06:00
29,694,pending,9306.23,2024-05-04 16:11:00
30,566,pending,3376.8,2024-08-06 14:14:00
31,817,returned,6334.63,2024-04-05 20:42:00
32,443,returned,389.0,2024-11-10 06:28:00
33,607,returned,3949.47,2024-12-26 06:13:00
34,286,completed,5815.74,2024-10-01 05:23:00
35,334,pending,4629.75,2024-05-14 21:55:00
36,502,cancelled,6010.01,2024-11-08 12:37:00
37,117,cancelled,3584.65,2024-08-22 19:11:00
38,834,cancelled,9194.96,2024-10-29 02:43:00
39,138,cancelled,1266.83,2024-06-05 03:11:00
40,383,pending,5157.17,2024-08-02 19:08:00
41,589,returned,4288.08,2024-09-06 20:34:00
42,711,pending,5593.63,2024-09-07 09:08:00
43,192,cancelled,8435.65,2024-11-13 01:55:00
44,368,completed,4897.63,2024-04-09 12:35:00
45,518,returned,4150.43,2024-09-08 13:45:00
46,861,returned,4938.13,2024-02-12 18:01:00
47,815,pending,2991.69,2024-05-20 07:34:00
48,296,pending,7829.33,2024-10-16 23:49:00
49,785,returned,5542.29,2024-02-27 18:07:00
50,275,cancelled,5466.23,2024-01-22 23:28:00
51,560,pending,9898.78,2024-02-22 23:53:00
52,670,pending,3047.32,2024-01-17 14:16:00
53,357,completed,4446.79,2024-03-01 07:13:00
54,831,cancelled,8624.38,2024-11-08 20:27:00
55,170,pending,7870.01,2024-04-15 01:36:00
56,360,cancelled,6008.89,2024-03-27 10:45:00
57,300,cancelled,5770.08,2024-09-20 21:52:00
58,98,pending,9631.44,2024-07-29 01:17:00
59,888,pending,7044.12,2024-03-08 07:09:00
60,729,cancelled,8301.97,2024-12-12 12:31:00
61,146,cancelled,6315.35,2024-07-11 14:04:00
62,649,completed,4088.22,2024-05-22 22:59:00
63,899,cancelled,4601.49,2024-09-06 10:37:00
64,3,completed,7336.23,2024-08-22 20:42:00
65,715,cancelled,8516.05,2024-09-30 12:13:00
66,992,returned,8265.99,2024-09-10 08:20:00
67,849,cancelled,3443.78,2024-10-22 04:36:00
68,873,returned,7904.21,2024-12-15 01:02:00
69,102,returned,261.19,2024-03-21 14:29:00
70,1,returned,2102.95,2024-12-18 04:56:00
71,666,cancelled,1673.88,2024-05-20 02:41:00
72,370,cancelled,915.96,2024-12-06 20:10:00
73,54,returned,6293.48,2024-12-24 07:27:00
74,672,completed,7066.61,2024-01-01 06:30:00
75,80,pending,5977.43,2024-09-22 21:28:00
76,10,completed,6986.41,2024-03-02 13:44:00
77,136,returned,801.2,2024-07-15 02:46:00
78,826,completed,1121.7,2024-07-07 09:08:00
79,392,pending,6451.6,2024-12-12 04:04:00
80,544,completed,6142.16,2024-03-25 14:22:00
81,740,pending,6317.99,2024-03-18 13:39:00
82,704,returned,8613.63,2024-02-14 03:08:00
83,771,completed,5936.78,2024-07-15 11:27:00
84,323,pending,2553.09,2024-11-26 02:15:00
85,567,cancelled,7811.8,2024-12-19 00:54:00
86,868,cancelled,2133.91,2024-11-06 16:12:00
87,766,returned,3025.87,2024-01-28 07:31:00
88,396,completed,2486.71,2024-11-22 19:04:00
89,541,completed,9870.14,2024-06-11 04:24:00
90,882,returned,3717.58,2024-12-15 05:48:00
91,483,completed,265.23,2024-02-04 00:16:00
92,221,completed,9233.53,2024-07-22 16:18:00
93,644,returned,4293.39,2024-07-24 02:40:00
94,550,pending,2846.93,2024-06-07 02:32:00
95,944,pending,9745.7,2024-03-20 17:20:00
96,401,completed,3170.68,2024-08-11 23:54:00
97,245,completed,2520.35,2024-08-10 03:29:00
98,627,completed,3161.97,2024-12-02 23:11:00
99,123,completed,7108.22,2024-12-25 00:10:00
100,509,cancelled,5277.75,2024-05-12 05:23:00
101,130,cancelled,7356.06,2024-03-01 00:21:00
102,827,returned,2792.61,2024-02-02 08:45:00
103,999,completed,5011.86,2024-09-18 11:03:00
104,512,pending,3740.11,2024-05-10 03:57:00
105,588,completed,2361.2,2024-09-17 00:02:00
106,880,completed,2521.06,2024-08-29 11:24:00
107,943,pending,1871.71,2024-01-19 17:51:00
108,936,returned,2322.7,2024-05-07 13:58:00
109,738,cancelled,2785.45,2024-02-09 18:23:00
110,123,completed,1875.51,2024-09-21 01:25:00
111,71,returned,8673.72,2024-06-08 10:05:00
112,567,returned,178.89,2024-04-12 09:36:00
113,804,cancelled,7421.8,2024-05-04 14:23:00
114,606,returned,9978.09,2024-04-10 23:57:00
115,560,pending,1590.61,2024-07-28 00:14:00
116,555,cancelled,6395.82,2024-12-21 00:21:00
117,2,returned,8505.16,2024-06-06 03:13:00
118,543,pending,4256.18,2024-01-31 04:45:00
119,287,completed,534.61,2024-04-28 16:26:00
120,718,cancelled,4638.73,2024-02-13 18:06:00
121,518,pending,6408.44,2024-07-20 02:37:00
122,582,completed,4406.33,2024-03-07 07:18:00
123,268,cancelled,9267.82,2024-07-20 22:53:00
124,754,cancelled,3248.77,2024-05-19 07:04:00
125,967,pending,1447.51,2024-10-26 03:09:00
126,109,pending,4550.71,2024-06-09 13:07:00
127,549,cancelled,9649.88,2024-04-16 14:19:00
128,475,cancelled,8539.57,2024-02-16 05:51:00
129,703,cancelled,8281.23,2024-12-22 19:02:00
130,221,cancelled,1568.41,2024-12-30 07:22:00
131,406,completed,6804.12,2024-05-13 05:01:00
132,975,returned,8560.55,2024-10-11 23:35:00
133,256,completed,4674.23,2024-03-12 03:00:00
134,64,pending,1394.08,2024-07-24 11:43:00
135,646,completed,5865.01,2024-05-12 02:01:00
136,67,pending,9034.71,2024-08-15 04:05:00
137,927,cancelled,1313.02,2024-08-24 01:10:00
138,947,returned,8234.69,2024-07-21 15:01:00
139,392,returned,1810.79,2024-04-19 05:17:00
140,287,returned,8845.9,2024-01-18 19:39:00
141,632,pending,6508.06,2024-09-12 13:56:00
142,564,returned,703.69,2024-05-23 12:08:00
143,430,pending,6462.26,2024-09-26 07:40:00
144,822,completed,9895.1,2024-12-31 11:30:00
145,558,returned,3505.94,2024-10-16 16:20:00
146,398,cancelled,1880.18,2024-06-12 19:14:00
147,31,cancelled,680.05,2024-08-29 16:22:00
148,786,pending,9742.4,2024-02-21 07:42:00
149,247,cancelled,5383.53,2024-01-29 07:36:00
150,867,returned,3612.57,2024-03-29 05:15:00
151,607,cancelled,8081.48,2024-12-23 11:58:00
152,606,completed,7064.18,2024-06-29 18:36:00
153,146,pending,8383.3,2024-09-09 17:19:00
154,180,returned,475.84,2024-01-29 07:38:00
155,225,completed,5311.84,2024-01-01 10:58:00
156,629,pending,8083.81,2024-06-23 22:11:00
157,941,cancelled,689.6,2024-03-16 18:45:00
158,940,pending,7766.23,2024-09-26 11:04:00
159,383,returned,5901.56,2024-06-21 09:20:00
160,140,pending,7350.29,2024-08-11 20:31:00
161,665,cancelled,1824.61,2024-10-14 22:56:00
162,952,cancelled,2310.05,2024-10-28 05:24:00
163,315,cancelled,1360.75,2024-01-01 22:36:00
164,401,completed,1902.61,2024-06-11 19:14:00
165,655,completed,9373.21,2024-03-13 10:47:00
166,80,pending,3533.42,2024-06-12 05:40:00
167,907,completed,8234.45,2024-12-09 20:46:00
168,908,cancelled,4521.64,2024-05-15 06:15:00
169,710,completed,3569.76,2024-02-25 23:00:00
170,50,returned,4438.38,2024-08-02 05:56:00
171,424,returned,8829.53,2024-06-28 17:24:00
172,104,returned,7908.43,2024-10-22 20:48:00
173,704,pending,1710.3,2024-02-07 01:18:00
174,21,cancelled,2685.16,2024-02-23 02:21:00
175,175,returned,1692.95,2024-02-08 17:57:00
176,96,cancelled,5980.9,2024-11-10 15:45:00
177,32,returned,9430.18,2024-03-25 19:56:00
178,445,pending,630.2,2024-06-18 06:12:00
179,420,cancelled,6639.92,2024-06-01 07:06:00
180,51,returned,5760.52,2024-09-08 04:03:00
181,370,completed,4333.3,2024-05-30 21:40:00
182,615,returned,2076.78,2024-01-14 06:10:00
183,654,cancelled,9772.87,2024-08-30 03:19:00
184,804,returned,4762.35,2024-12-04 08:05:00
185,658,returned,1930.32,2024-07-14 11:11:00
186,457,completed,2706.63,2024-08-26 08:14:00
187,858,cancelled,5686.04,2024-03-18 22:42:00
188,100,completed,6714.6,2024-10-04 13:48:00
189,604,pending,5580.66,2024-07-17 16:26:00
190,989,returned,5769.87,2024-04-30 15:19:00
191,81,returned,9037.49,2024-12-31 01:32:00
192,585,pending,1290.79,2024-08-17 05:10:00
193,996,pending,8103.76,2024-03-05 01:27:00
194,81,returned,2099.0,2024-11-17 04:53:00
195,610,cancelled,3265.52,2024-02-04 02:24:00
196,570,returned,5565.34,2024-05-21 16:29:00
197,940,completed,7886.85,2024-11-15 18:33:00
198,801,returned,1213.94,2024-03-17 04:36:00
199,603,completed,9256.79,2024-10-15 03:50:00
200,293,cancelled,8791.15,2024-05-15 12:41:00
201,498,returned,470.91,2024-05-21 12:09:00
202,634,returned,483.95,2024-06-18 22:15:00
203,51,returned,9216.27,2024-07-09 00:21:00
204,838,cancelled,3178.4,2024-09-08 22:43:00
205,101,pending,1430.42,2024-08-14 10:17:00
206,747,returned,6089.29,2024-02-15 06:28:00
207,217,returned,7435.35,2024-09-21 11:52:00
208,58,pending,749.61,2024-12-29 16:25:00
209,139,completed,1820.0,2024-04-12 01:15:00
210,34,returned,600.54,2024-07-03 22:12:00
211,281,cancelled,8252.71,2024-09-15 12:40:00
212,946,completed,6843.63,2024-05-03 11:31:00
213,609,returned,1858.08,2024-08-30 18:35:00
214,359,cancelled,1718.78,2024-05-12 23:53:00
215,706,completed,2922.19,2024-07-16 01:10:00
216,875,pending,8585.4,2024-11-27 07:43:00
217,212,cancelled,6550.71,2024-09-19 00:55:00
218,800,completed,4793.56,2024-03-08 20:11:00
219,616,completed,2315.32,2024-11-07 09:45:00
220,991,cancelled,4295.69,2024-07-11 11:29:00
221,259,pending,4720.31,2024-12-12 16:52:00
222,639,returned,5886.42,2024-01-04 16:42:00
223,990,cancelled,5658.43,2024-10-31 19:18:00
224,306,completed,4869.21,2024-06-21 08:40:00
225,333,cancelled,2685.35,2024-12-30 20:19:00
226,193,pending,5221.21,2024-05-03 01:51:00
227,878,returned,6639.25,2024-12-14 04:46:00
228,27,returned,9974.94,2024-05-12 13:25:00
229,398,completed,5871.93,2024-10-19 06:21:00
230,744,pending,6894.55,2024-11-22 15:58:00
231,964,cancelled,5122.42,2024-03-28 21:56:00
232,572,pending,3008.46,2024-08-29 04:47:00
233,265,pending,9474.54,2024-06-20 20:05:00
234,228,cancelled,2310.95,2024-06-06 13:50:00
235,909,cancelled,3779.66,2024-10-26 09:29:00
236,872,completed,4758.31,2024-11-20 18:37:00
237,967,completed,4774.97,2024-04-09 16:07:00
238,889,returned,5345.4,2024-07-30 01:55:00
239,875,pending,1459.92,2024-04-12 10:26:00
240,584,returned,1517.92,2024-04-02 02:31:00
241,341,pending,3202.8,2024-01-30 00:28:00
242,281,pending,7635.81,2024-03-27 18:48:00
243,163,returned,7873.59,2024-02-15 04:39:00
244,445,returned,4093.6,2024-09-01 12:00:00
245,39,pending,7333.52,2024-01-08 10:48:00
246,854,pending,277.37,2024-01-03 20:46:00
247,255,pending,6965.89,2024-06-25 09:08:00
248,106,returned,5083.03,2024-06-05 05:04:00
249,844,completed,3052.2,2024-05-28 14:46:00
250,533,cancelled,4393.29,2024-12-17 04:21:00
251,924,returned,3656.58,2024-04-06 05:58:00
252,941,returned,289.33,2024-04-24 23:08:00
253,217,completed,5937.96,2024-03-27 03:23:00
254,729,completed,3814.41,2024-11-23 08:49:00
255,548,completed,5979.85,2024-01-25 21:06:00
256,670,completed,577.53,2024-02-29 13:28:00
257,390,completed,5518.1,2024-08-30 22:09:00
258,211,completed,3081.05,2024-12-04 03:42:00
259,533,cancelled,6265.7,2024-12-24 04:26:00
260,851,completed,5164.69,2024-11-12 03:18:00
261,117,completed,5027.62,2024-11-07 06:49:00
262,270,pending,3643.43,2024-07-28 09:10:00
263,41,returned,9112.53,2024-12-18 15:21:00
264,241,completed,226.22,2024-02-15 03:53:00
265,588,returned,1576.53,2024-02-16 16:04:00
266,741,completed,9057.32,2024-11-25 07:29:00
267,304,cancelled,4696.35,2024-02-21 05:55:00
268,41,cancelled,3666.13,2024-12-12 10:27:00
269,757,completed,1040.48,2024-01-24 00:54:00
270,142,pending,3353.74,2024-08-12 19:17:00
271,900,completed,3788.96,2024-06-24 05:07:00
272,411,returned,9626.87,2024-05-19 12:44:00
273,872,returned,8019.0,2024-11-28 05:07:00
274,136,completed,9817.53,2024-03-22 03:26:00
275,934,returned,8042.42,2024-12-13 14:11:00
276,626,returned,7813.73,2024-11-09 00:55:00
277,701,pending,4882.49,2024-09-06 03:56:00
278,422,returned,555.13,2024-05-13 20:20:00
279,13,pending,9781.17,2024-12-08 10:33:00
280,536,completed,4385.19,2024-05-07 15:22:00
281,680,returned,1571.68,2024-10-12 19:03:00
282,12,pending,5105.12,2024-08-28 15:55:00
283,170,completed,7539.16,2024-06-13 07:21:00
284,994,cancelled,598.47,2024-04-24 17:41:00
285,388,returned,8189.32,2024-02-10 14:28:00
286,821,returned,971.4,2024-09-12 14:20:00
287,122,returned,7477.87,2024-01-10 03:25:00
288,423,completed,5615.6,2024-01-01 02:50:00
289,619,cancelled,8912.1,2024-10-14 06:41:00
290,688,returned,9508.52,2024-07-05 01:52:00
291,229,returned,3386.53,2024-11-13 19:30:00
292,734,cancelled,7187.54,2024-02-28 03:48:00
293,675,pending,121.75,2024-06-30 20:51:00
294,299,cancelled,7050.75,2024-01-24 05:31:00
295,144,returned,1158.92,2024-11-08 06:12:00
296,124,returned,2234.34,2024-04-07 22:21:00
297,111,returned,560.35,2024-11-20 21:37:00
298,127,returned,4628.14,2024-10-28 16:08:00
299,987,returned,142.94,2024-01-25 17:59:00
300,444,returned,9251.27,2024-03-31 22:37:00
301,178,pending,1125.18,2024-12-02 19:38:00
302,904,cancelled,5090.69,2024-07-15 13:38:00
303,938,pending,2808.6,2024-06-24 09:28:00
304,825,pending,1467.98,2024-11-04 22:56:00
305,767,cancelled,8446.44,2024-10-07 10:45:00
306,755,pending,2088.8,2024-11-15 22:18:00
307,704,cancelled,9219.8,2024-03-08 22:41:00
308,999,pending,5088.55,2024-12-21 20:20:00
309,728,completed,7631.67,2024-10-14 15:37:00
310,585,returned,6775.01,2024-09-30 09:56:00
311,868,returned,8102.22,2024-09-24 03:01:00
312,391,pending,625.34,2024-01-29 06:17:00
313,769,pending,9836.97,2024-12-15 08:09:00
314,860,completed,6936.89,2024-05-31 06:48:00
315,555,completed,3650.96,2024-08-19 03:39:00
316,889,pending,7449.89,2024-10-14 12:15:00
317,524,cancelled,6960.07,2024-01-25 12:24:00
318,427,cancelled,9661.75,2024-01-28 00:47:00
319,258,pending,6243.56,2024-08-14 07:58:00
320,649,cancelled,7575.57,2024-10-06 23:38:00
321,202,pending,3012.36,2024-03-31 21:04:00
322,192,pending,7377.29,2024-03-02 12:02:00
323,439,cancelled,5610.33,2024-03-07 05:37:00
324,867,cancelled,155.89,2024-08-26 22:59:00
325,159,completed,1621.66,2024-06-14 19:03:00
326,793,cancelled,4956.45,2024-10-20 17:22:00
327,75,cancelled,5301.41,2024-04-04 16:04:00
328,806,pending,4217.72,2024-10-01 12:05:00
329,358,pending,8845.63,2024-12-05 10:21:00
330,370,cancelled,2262.61,2024-11-12 16:30:00
331,575,completed,1235.75,2024-06-26 14:15:00
332,927,pending,9593.08,2024-12-15 10:24:00
333,938,completed,3920.17,2024-10-03 23:18:00
334,26,cancelled,5191.66,2024-09-17 14:31:00
335,45,cancelled,8992.99,2024-04-08 10:32:00
336,85,completed,1757.21,2024-10-02 17:00:00
337,642,completed,2186.74,2024-11-18 06:55:00
338,702,returned,8373.08,2024-04-15 17:53:00
339,720,returned,6500.96,2024-02-06 23:43:00
340,158,completed,4646.33,2024-06-18 01:05:00
341,76,completed,1862.12,2024-05-08 17:04:00
342,589,pending,9118.77,2024-07-27 12:28:00
343,646,returned,4386.95,2024-01-09 12:43:00
344,122,completed,6450.09,2024-11-12 02:48:00
345,764,completed,7038.73,2024-02-07 11:59:00
346,515,completed,2969.38,2024-12-17 09:38:00
347,89,cancelled,7676.21,2024-08-12 12:25:00
348,842,completed,4792.48,2024-09-30 07:08:00
349,765,returned,7988.03,2024-10-06 09:40:00
350,148,cancelled,6805.16,2024-11-27 11:00:00
351,567,pending,1320.03,2024-01-03 18:38:00
352,404,completed,3116.44,2024-06-25 06:26:00
353,928,pending,1693.45,2024-04-23 19:53:00
354,259,pending,1234.76,2024-12-09 18:54:00
355,56,returned,6482.28,2024-02-07 09:42:00
356,69,cancelled,1072.2,2024-10-24 15:21:00
357,366,pending,6745.83,2024-04-30 03:18:00
358,635,completed,9011.17,2024-06-11 15:28:00
359,337,cancelled,6965.24,2024-03-19 18:36:00
360,374,cancelled,9590.72,2024-03-27 00:20:00
361,253,pending,7150.77,2024-11-24 13:17:00
362,861,cancelled,1429.63,2024-06-18 15:29:00
363,457,cancelled,7770.19,2024-09-06 17:06:00
364,180,completed,8433.75,2024-03-12 17:12:00
365,270,completed,7301.51,2024-01-10 16:40:00
366,32,returned,7715.08,2024-04-18 01:35:00
367,267,returned,6573.69,2024-03-17 11:25:00
368,229,cancelled,1425.42,2024-09-13 16:05:00
369,407,cancelled,5071.46,2024-12-05 07:54:00
370,988,pending,7596.34,2024-03-12 14:10:00
371,184,pending,7385.61,2024-09-04 11:02:00
372,225,returned,2394.32,2024-05-15 11:14:00
373,44,pending,5227.06,2024-07-03 12:30:00
374,940,returned,8827.36,2024-01-21 20:20:00
375,106,cancelled,8365.24,2024-05-14 18:34:00
376,584,pending,3828.93,2024-07-12 11:37:00
377,670,completed,5214.96,2024-07-11 07:33:00
378,416,cancelled,8190.64,2024-06-25 15:50:00
379,494,completed,5068.19,2024-03-12 14:10:00
380,236,completed,5193.96,2024-05-23 06:09:00
381,192,pending,3686.01,2024-03-01 21:14:00
382,425,cancelled,7230.53,2024-09-03 21:30:00
383,491,pending,5948.83,2024-11-27 13:01:00
384,250,completed,1366.06,2024-10-30 05:08:00
385,645,completed,8918.9,2024-03-16 01:10:00
386,265,pending,5214.74,2024-07-26 19:36:00
387,653,completed,8797.24,2024-12-04 09:05:00
388,222,returned,6104.61,2024-08-29 15:10:00
389,225,returned,6048.3,2024-10-25 05:39:00
390,676,cancelled,1760.44,2024-12-17 10:59:00
391,465,completed,2375.16,2024-07-16 04:06:00
392,17,pending,5274.84,2024-09-15 21:26:00
393,847,pending,6094.56,2024-03-31 15:57:00
394,630,completed,8789.75,2024-09-29 16:48:00
395,121,completed,4874.19,2024-03-07 19:34:00
396,848,completed,8979.99,2024-12-13 20:27:00
397,535,returned,3766.74,2024-01-23 22:33:00
398,440,pending,9390.37,2024-09-03 12:22:00
399,604,completed,4312.35,2024-05-10 15:49:00
400,239,completed,2904.34,2024-10-05 13:16:00
401,194,completed,7120.57,2024-01-04 18:33:00
402,121,completed,3812.8,2024-04-15 22:51:00
403,324,returned,3686.47,2024-03-20 13:41:00
404,600,cancelled,2686.9,2024-10-01 13:36:00
405,375,cancelled,9918.81,2024-07-22 06:26:00
406,566,returned,1869.32,2024-10-13 17:30:00
407,260,cancelled,5818.75,2024-12-27 12:47:00
408,142,completed,7503.36,2024-08-16 22:10:00
409,103,pending,5132.6,2024-06-22 17:39:00
410,714,completed,1691.31,2024-11-21 00:51:00
411,94,pending,4769.52,2024-11-03 13:05:00
412,66,cancelled,2295.53,2024-02-10 19:02:00
413,742,returned,9313.78,2024-07-24 19:41:00
414,534,cancelled,7144.9,2024-11-01 01:49:00
415,840,pending,6438.88,2024-08-12 00:12:00
416,871,cancelled,2027.99,2024-11-02 16:33:00
417,716,pending,6190.38,2024-12-11 01:23:00
418,245,completed,9758.89,2024-02-14 08:49:00
419,410,cancelled,6729.65,2024-07-26 18:12:00
420,531,completed,7395.56,2024-02-05 02:35:00
421,292,cancelled,3540.0,2024-05-21 07:38:00
422,987,pending,4602.11,2024-07-25 18:00:00
423,268,pending,4130.63,2024-02-24 17:04:00
424,516,cancelled,3465.66,2024-02-29 16:16:00
425,898,cancelled,6972.5,2024-07-12 18:30:00
426,789,pending,7598.99,2024-08-22 21:29:00
427,919,completed,4871.5,2024-05-12 02:24:00
428,649,pending,6801.44,2024-04-27 10:26:00
429,979,cancelled,5213.39,2024-01-05 22:53:00
430,270,pending,2944.17,2024-07-23 21:47:00
431,841,cancelled,852.69,2024-04-01 15:20:00
432,363,pending,8953.73,2024-05-17 05:47:00
433,700,pending,5040.09,2024-04-12 07:47:00
434,248,cancelled,2147.11,2024-04-13 07:53:00
435,634,cancelled,1644.36,2024-02-24 03:58:00
436,81,returned,6176.89,2024-10-04 01:54:00
437,494,cancelled,6244.61,2024-09-09 18:55:00
438,282,returned,1910.43,2024-09-18 08:25:00
439,228,pending,636.07,2024-08-04 15:34:00
440,34,cancelled,3997.8,2024-12-17 05:29:00
441,1000,completed,7012.62,2024-08-23 10:44:00
442,9,completed,6773.62,2024-07-13 18:06:00
443,334,cancelled,6166.5,2024-05-12 05:35:00
444,270,pending,2767.14,2024-11-09 10:23:00
445,189,returned,4297.03,2024-08-02 22:48:00
446,382,cancelled,8557.83,2024-05-23 14:11:00
447,586,pending,9794.8,2024-12-17 07:52:00
448,103,cancelled,8060.47,2024-10-11 13:54:00
449,391,pending,1543.85,2024-03-17 15:51:00
450,10,pending,4273.05,2024-03-09 20:33:00
451,547,cancelled,7874.8,2024-06-02 08:35:00
452,880,completed,4044.18,2024-12-19 05:03:00
453,221,cancelled,4817.74,2024-11-18 03:28:00
454,763,cancelled,2671.71,2024-07-03 17:35:00
455,955,cancelled,3506.99,2024-07-29 03:22:00
456,889,pending,5810.85,2024-11-28 20:34:00
457,179,cancelled,3615.58,2024-12-10 16:31:00
458,794,returned,8907.36,2024-07-14 19:18:00
459,475,pending,8695.75,2024-11-23 10:26:00
460,647,returned,8504.12,2024-02-06 02:10:00
461,352,pending,3203.47,2024-11-30 09:45:00
462,274,returned,2785.36,2024-08-15 11:47:00
463,602,returned,4198.49,2024-04-04 00:08:00
464,746,pending,6654.02,2024-12-24 23:05:00
465,216,pending,4030.75,2024-02-18 02:59:00
466,900,returned,5529.49,2024-01-14 12:33:00
467,784,completed,1128.89,2024-11-12 04:05:00
468,671,returned,3162.77,2024-05-06 23:18:00
469,454,pending,1399.64,2024-03-28 00:02:00
470,680,cancelled,8617.65,2024-06-15 15:29:00
471,999,cancelled,5530.6,2024-03-10 22:34:00
472,182,returned,6347.37,2024-11-21 18:27:00
473,537,cancelled,9098.34,2024-09-03 17:14:00
474,825,completed,4474.42,2024-07-06 13:16:00
475,160,cancelled,204.5,2024-09-24 04:22:00
476,294,returned,5397.48,2024-12-18 15:48:00
477,489,cancelled,190.41,2024-08-08 09:38:00
478,237,completed,5527.3,2024-04-06 13:56:00
479,575,returned,4008.05,2024-03-24 22:47:00
480,662,returned,8301.43,2024-04-22 08:05:00
481,433,pending,5214.44,2024-11-09 22:43:00
482,279,cancelled,6519.72,2024-09-29 08:26:00
483,193,completed,1905.83,2024-05-28 03:40:00
484,467,returned,2794.13,2024-11-14 15:12:00
485,329,completed,1606.28,2024-09-30 00:11:00
486,996,completed,2892.93,2024-03-05 22:28:00
487,745,completed,2404.82,2024-03-18 00:31:00
488,223,cancelled,4260.41,2024-09-12 11:29:00
489,714,completed,3369.46,2024-03-15 01:17:00
490,795,returned,806.71,2024-08-28 05:12:00
491,918,cancelled,8190.78,2024-01-07 03:49:00
492,732,pending,3909.5,2024-08-14 07:47:00
493,35,pending,4662.26,2024-02-18 16:42:00
494,214,returned,3952.32,2024-06-08 10:10:00
495,645,completed,7472.77,2024-10-08 16:07:00
496,260,returned,6421.35,2024-04-11 11:56:00
497,54,pending,9735.41,2024-04-30 20:27:00
498,333,completed,1756.87,2024-05-21 18:07:00
499,406,pending,188.41,2024-01-22 18:50:00
500,708,returned,6915.22,2024-03-20 11:49:00
501,92,pending,1661.21,2024-02-16 21:39:00
502,347,completed,691.77,2024-11-26 04:44:00
503,550,completed,1345.69,2024-04-29 10:35:00
504,808,cancelled,8074.7,2024-08-12 23:12:00
505,22,returned,3645.86,2024-03-09 08:57:00
506,41,returned,7095.6,2024-10-13 09:34:00
507,714,returned,1978.78,2024-04-05 17:22:00
508,332,returned,2825.71,2024-11-02 17:10:00
509,71,pending,4548.9,2024-05-14 17:23:00
510,465,completed,7781.59,2024-09-16 12:46:00
511,190,completed,6235.37,2024-07-05 19:15:00
512,329,completed,6617.07,2024-10-02 12:12:00
513,537,returned,7680.77,2024-03-19 19:18:00
514,331,returned,6444.95,2024-02-26 03:33:00
515,675,completed,533.39,2024-03-07 05:55:00
516,33,pending,1159.85,2024-04-08 03:02:00
517,585,returned,6613.42,2024-09-26 19:44:00
518,605,cancelled,585.95,2024-04-23 19:45:00
519,73,completed,9309.09,2024-04-16 20:31:00
520,951,completed,4733.79,2024-11-23 01:23:00
521,572,returned,8238.06,2024-12-28 01:52:00
522,632,cancelled,5337.31,2024-02-06 09:04:00
523,968,pending,9609.81,2024-02-19 03:46:00
524,237,returned,1975.66,2024-09-26 21:15:00
525,584,pending,5628.39,2024-10-12 13:47:00
526,109,cancelled,6777.48,2024-12-25 21:27:00
527,905,completed,1751.41,2024-04-02 17:25:00
528,517,cancelled,6609.57,2024-09-30 19:28:00
529,956,cancelled,9034.6,2024-10-08 10:54:00
530,381,returned,7665.43,2024-08-08 23:20:00
531,624,pending,5675.13,2024-04-19 12:49:00
532,564,cancelled,3664.08,2024-08-19 14:25:00
533,1,completed,9831.27,2024-11-01 00:33:00
534,139,cancelled,165.03,2024-04-23 06:54:00
535,323,completed,7738.08,2024-12-19 08:58:00
536,567,pending,1033.44,2024-08-23 11:09:00
537,142,cancelled,3734.12,2024-10-25 07:14:00
538,263,cancelled,1009.86,2024-07-23 18:58:00
539,223,completed,7263.45,2024-09-04 05:31:00
540,846,completed,5992.79,2024-06-02 01:46:00
541,828,returned,876.93,2024-01-29 10:22:00
542,901,returned,4223.56,2024-03-02 07:47:00
543,669,completed,6375.48,2024-11-19 12:03:00
544,313,completed,3261.23,2024-10-16 04:20:00
545,515,pending,1616.66,2024-12-10 23:25:00
546,995,returned,7553.12,2024-10-21 16:05:00
547,228,returned,2968.85,2024-07-20 04:08:00
548,345,completed,4810.96,2024-01-26 17:25:00
549,269,completed,4045.42,2024-08-10 22:08:00
550,781,pending,4861.13,2024-04-11 15:25:00
551,668,pending,5655.56,2024-09-25 07:15:00
552,74,cancelled,7790.04,2024-06-14 21:59:00
553,590,completed,1214.05,2024-07-30 13:23:00
554,357,pending,3275.31,2024-10-31 20:01:00
555,789,cancelled,1775.63,2024-06-28 19:52:00
556,823,returned,6269.5,2024-08-13 01:59:00
557,838,pending,2076.88,2024-07-10 04:48:00
558,746,completed,1212.48,2024-01-28 07:39:00
559,949,pending,8700.65,2024-05-27 00:21:00
560,711,completed,3120.67,2024-08-29 00:21:00
561,215,pending,2117.63,2024-09-24 08:35:00
562,495,pending,6981.2,2024-12-08 00:24:00
563,597,completed,2629.02,2024-01-31 09:12:00
564,809,cancelled,625.54,2024-12-01 00:04:00
565,398,cancelled,6663.52,2024-12-03 11:55:00
566,111,completed,2995.71,2024-11-28 12:14:00
567,390,completed,9048.33,2024-09-05 19:34:00
568,91,pending,2068.86,2024-08-22 17:59:00
569,730,completed,493.55,2024-09-28 09:21:00
570,502,returned,7469.47,2024-01-10 11:43:00
571,361,cancelled,6289.79,2024-04-30 16:17:00
572,832,completed,6295.34,2024-07-17 00:35:00
573,972,cancelled,2333.27,2024-06-23 12:42:00
574,141,completed,7325.91,2024-09-23 21:39:00
575,894,pending,4231.6,2024-10-20 04:27:00
576,994,cancelled,9106.38,2024-06-17 14:34:00
577,135,pending,6559.48,2024-10-24 17:43:00
578,820,pending,8639.62,2024-06-07 22:45:00
579,921,pending,4357.64,2024-03-15 20:59:00
580,579,pending,3243.21,2024-10-12 17:46:00
581,122,pending,3244.22,2024-03-15 23:01:00
582,784,cancelled,8813.31,2024-07-30 13:19:00
583,454,cancelled,1604.37,2024-04-06 03:08:00
584,190,completed,7648.23,2024-11-09 19:17:00
585,621,pending,6003.97,2024-04-28 21:01:00
586,368,completed,6912.6,2024-09-01 04:32:00
587,867,returned,7148.99,2024-07-10 05:54:00
588,397,returned,4791.08,2024-03-24 06:14:00
589,34,returned,7668.93,2024-01-08 08:26:00
590,228,pending,7601.99,2024-02-03 05:59:00
591,978,returned,8684.58,2024-09-07 22:20:00
592,888,returned,8887.11,2024-08-06 12:49:00
593,43,returned,7229.99,2024-07-20 19:47:00
594,586,completed,5254.43,2024-08-19 14:52:00
595,899,completed,8790.02,2024-05-05 16:34:00
596,406,completed,5621.24,2024-09-21 20:03:00
597,195,cancelled,4451.58,2024-06-04 09:29:00
598,171,returned,3014.76,2024-01-28 22:33:00
599,926,pending,4689.43,2024-11-26 14:05:00
600,740,completed,1879.74,2024-10-26 22:34:00
601,139,returned,4194.24,2024-08-18 00:11:00
602,465,pending,8837.23,2024-02-16 08:20:00
603,709,pending,7211.91,2024-03-04 02:07:00
604,724,returned,6377.32,2024-02-13 16:45:00
605,394,pending,3848.92,2024-07-13 01:49:00
606,175,cancelled,5698.37,2024-12-03 04:10:00
607,890,pending,1870.78,2024-12-30 01:26:00
608,316,cancelled,7328.6,2024-08-16 09:40:00
609,186,completed,8995.56,2024-04-13 00:39:00
610,784,cancelled,220.86,2024-09-11 15:34:00
611,827,completed,6119.04,2024-09-09 07:13:00
612,603,returned,4592.01,2024-08-14 02:38:00
613,615,completed,2522.66,2024-10-07 08:39:00
614,644,pending,584.3,2024-03-16 01:41:00
615,358,completed,1539.21,2024-01-17 21:36:00
616,859,cancelled,3378.0,2024-02-14 01:06:00
617,427,pending,1697.22,2024-05-25 19:42:00
618,709,pending,9666.3,2024-10-23 11:59:00
619,37,completed,7708.27,2024-06-14 11:57:00
620,389,completed,7608.58,2024-10-08 02:18:00
621,483,pending,1308.03,2024-05-20 10:33:00
622,424,pending,6988.71,2024-11-09 01:06:00
623,586,completed,4888.26,2024-12-18 19:59:00
624,808,cancelled,4327.83,2024-06-11 08:33:00
625,589,cancelled,9278.34,2024-11-10 18:31:00
626,533,returned,4975.79,2024-04-02 19:14:00
627,726,cancelled,9794.65,2024-01-01 03:01:00
628,477,completed,7400.94,2024-04-16 19:26:00
629,424,completed,3404.54,2024-10-13 20:13:00
630,12,pending,6931.17,2024-05-10 02:19:00
631,308,cancelled,7693.62,2024-02-28 21:21:00
632,350,returned,7271.53,2024-11-11 00:53:00
633,180,pending,3372.1,2024-06-22 21:30:00
634,939,returned,7992.82,2024-11-26 04:30:00
635,160,returned,8931.38,2024-10-01 10:29:00
636,803,returned,9285.12,2024-01-29 16:19:00
637,579,cancelled,5596.25,2024-01-10 06:36:00
638,702,cancelled,8015.4,2024-06-30 02:09:00
639,288,completed,3457.61,2024-07-11 20:34:00
640,863,pending,5752.72,2024-07-18 05:38:00
641,120,cancelled,7082.14,2024-06-10 22:02:00
642,279,returned,959.3,2024-05-01 11:28:00
643,850,cancelled,2239.78,2024-06-03 05:07:00
644,384,completed,7800.12,2024-02-17 14:32:00
645,26,returned,9059.06,2024-03-19 06:21:00
646,946,returned,7351.17,2024-09-25 09:49:00
647,336,pending,7717.87,2024-02-20 16:43:00
648,136,pending,7273.25,2024-08-23 12:45:00
649,886,completed,140.69,2024-01-23 21:54:00
650,609,completed,3399.57,2024-01-24 03:33:00
651,785,cancelled,322.55,2024-06-08 20:57:00
652,215,cancelled,2085.5,2024-05-26 08:34:00
653,327,returned,6744.13,2024-05-19 04:10:00
654,281,completed,251.04,2024-11-14 17:32:00
655,105,pending,5471.03,2024-10-08 10:17:00
656,145,cancelled,5783.42,2024-03-28 02:19:00
657,628,cancelled,5451.71,2024-01-26 04:01:00
658,483,completed,1148.68,2024-01-28 02:27:00
659,402,pending,7076.31,2024-10-30 20:53:00
660,707,returned,6201.52,2024-06-08 10:52:00
661,203,completed,9739.45,2024-08-26 18:08:00
662,96,returned,1062.9,2024-06-07 21:41:00
663,728,returned,4758.4,2024-04-24 04:55:00
664,918,cancelled,9137.33,2024-07-19 05:44:00
665,940,cancelled,7908.91,2024-06-15 14:31:00
666,31,completed,4805.81,2024-06-28 15:29:00
667,867,pending,2894.35,2024-06-27 19:36:00
668,131,completed,4116.29,2024-12-31 03:20:00
669,570,completed,7945.07,2024-09-29 14:25:00
670,605,returned,2461.9,2024-05-04 17:10:00
671,998,returned,3899.78,2024-06-23 06:52:00
672,711,returned,7864.71,2024-08-10 18:50:00
673,351,pending,1813.55,2024-12-08 02:47:00
674,954,returned,1231.8,2024-11-01 14:20:00
675,569,completed,8238.03,2024-03-31 09:25:00
676,72,completed,6886.54,2024-11-01 12:20:00
677,507,completed,996.28,2024-03-12 18:57:00
678,774,completed,7595.07,2024-12-04 04:28:00
679,545,cancelled,3960.83,2024-10-22 14:12:00
680,211,cancelled,3067.38,2024-12-13 09:58:00
681,966,returned,7206.13,2024-06-25 02:37:00
682,9,returned,8491.6,2024-05-30 01:23:00
683,923,completed,108.35,2024-10-13 11:07:00
684,882,cancelled,8670.23,2024-04-30 13:44:00
685,605,returned,6289.62,2024-12-30 12:25:00
686,391,returned,5496.68,2024-12-05 05:30:00
687,143,pending,5598.67,2024-07-03 13:09:00
688,296,pending,1429.35,2024-02-06 20:01:00
689,148,returned,6613.47,2024-03-10 02:08:00
690,658,returned,8615.51,2024-12-22 19:59:00
691,436,pending,4598.5,2024-08-05 17:52:00
692,461,returned,3617.54,2024-04-05 13:38:00
693,8,returned,8483.36,2024-05-01 22:32:00
694,276,returned,9272.99,2024-10-22 11:02:00
695,39,returned,7078.34,2024-02-27 18:30:00
696,985,completed,1506.67,2024-09-26 08:29:00
697,530,completed,5281.23,2024-11-08 02:15:00
698,484,completed,6872.33,2024-10-03 18:19:00
699,628,completed,9045.49,2024-09-30 00:30:00
700,465,returned,5782.26,2024-06-18 13:22:00
701,984,cancelled,2963.16,2024-01-19 22:59:00
702,612,cancelled,7297.02,2024-10-15 08:03:00
703,645,returned,5823.6,2024-10-20 01:42:00
704,299,completed,2939.47,2024-02-12 04:32:00
705,79,cancelled,2595.3,2024-11-11 08:17:00
706,879,cancelled,240.61,2024-02-27 19:11:00
707,932,pending,6625.64,2024-07-08 05:16:00
708,802,pending,4900.69,2024-09-27 01:21:00
709,87,pending,5995.89,2024-03-19 15:48:00
710,423,returned,2455.68,2024-08-13 23:40:00
711,172,pending,5819.8,2024-06-25 01:41:00
712,271,completed,619.98,2024-08-25 12:30:00
713,309,returned,7486.89,2024-09-29 07:24:00
714,700,returned,4798.44,2024-03-15 16:55:00
715,446,completed,2959.04,2024-08-17 12:43:00
716,324,completed,1063.91,2024-09-29 20:22:00
717,980,returned,6143.81,2024-11-29 08:21:00
718,277,cancelled,8042.93,2024-05-10 20:37:00
719,401,returned,7754.2,2024-05-03 23:43:00
720,603,pending,5247.53,2024-12-12 22:11:00
721,321,completed,6760.74,2024-02-04 00:26:00
722,101,completed,6886.45,2024-06-28 07:46:00
723,291,cancelled,2011.49,2024-01-13 19:05:00
724,59,pending,9509.84,2024-11-22 03:45:00
725,981,completed,955.23,2024-11-05 04:24:00
726,673,pending,8970.42,2024-12-22 05:16:00
727,302,returned,6638.73,2024-02-08 20:29:00
728,945,cancelled,7716.66,2024-12-20 21:49:00
729,789,cancelled,2647.63,2024-02-07 08:49:00
730,64,returned,3947.05,2024-01-31 08:52:00
731,272,pending,4461.69,2024-09-08 06:39:00
732,403,pending,6490.28,2024-02-25 04:34:00
733,788,returned,2262.03,2024-11-25 03:58:00
734,453,cancelled,1122.54,2024-02-07 02:36:00
735,746,cancelled,7794.65,2024-01-10 15:09:00
736,669,completed,9335.65,2024-12-06 12:17:00
737,156,cancelled,9055.71,2024-10-21 00:32:00
738,725,returned,4833.58,2024-07-25 23:49:00
739,832,completed,5447.27,2024-01-02 12:44:00
740,838,returned,1299.92,2024-10-01 11:21:00
741,699,cancelled,4066.09,2024-11-19 20:05:00
742,375,cancelled,896.52,2024-08-23 09:41:00
743,208,pending,5589.31,2024-07-15 21:12:00
744,307,returned,8974.96,2024-11-18 22:22:00
745,499,completed,8863.62,2024-08-12 23:12:00
746,144,completed,2011.62,2024-10-30 07:31:00
747,399,completed,7948.12,2024-11-25 09:31:00
748,547,returned,9669.08,2024-01-09 01:21:00
749,58,cancelled,7899.01,2024-01-22 12:07:00
750,217,returned,9406.89,2024-10-01 04:47:00
751,594,pending,9255.68,2024-01-19 23:09:00
752,501,completed,4765.07,2024-11-12 01:15:00
753,719,pending,242.22,2024-11-19 01:57:00
754,315,completed,4616.23,2024-03-28 18:04:00
755,838,completed,1230.38,2024-10-31 19:14:00
756,65,pending,4319.49,2024-12-13 12:20:00
757,124,pending,3283.74,2024-04-19 01:37:00
758,178,cancelled,725.9,2024-05-20 04:48:00
759,426,pending,6993.33,2024-10-10 05:28:00
760,250,completed,1420.37,2024-11-19 19:24:00
761,797,pending,254.74,2024-09-06 02:00:00
762,8,pending,9268.76,2024-12-27 20:37:00
763,909,cancelled,4220.6,2024-08-31 22:08:00
764,212,pending,6434.27,2024-09-24 14:26:00
765,245,pending,6144.33,2024-01-20 19:11:00
766,735,returned,6159.29,2024-02-15 20:52:00
767,802,cancelled,3543.75,2024-01-03 17:15:00
768,197,completed,9867.37,2024-02-18 19:23:00
769,884,pending,4695.74,2024-11-16 21:13:00
770,284,completed,2017.82,2024-03-17 21:54:00
771,992,returned,5025.4,2024-03-22 21:59:00
772,45,completed,6484.12,2024-05-25 06:27:00
773,258,cancelled,6206.51,2024-08-20 01:06:00
774,759,completed,9256.13,2024-03-31 05:50:00
775,30,returned,5197.55,2024-02-06 07:46:00
776,456,cancelled,4248.76,2024-12-12 10:14:00
777,798,completed,3328.71,2024-02-20 07:47:00
778,423,pending,3817.77,2024-04-22 02:30:00
779,600,returned,637.96,2024-08-11 04:13:00
780,951,returned,1862.8,2024-07-10 04:29:00
781,738,pending,6357.01,2024-05-18 06:21:00
782,131,completed,6952.88,2024-01-31 08:08:00
783,114,returned,4639.93,2024-03-28 10:14:00
784,908,cancelled,6076.0,2024-11-22 19:57:00
785,175,pending,956.1,2024-09-24 15:55:00
786,222,returned,8386.19,2024-05-22 00:46:00
787,439,pending,2553.53,2024-08-10 18:14:00
788,914,pending,9146.17,2024-01-03 13:02:00
789,42,returned,7361.42,2024-09-15 01:27:00
790,544,returned,4844.77,2024-12-22 03:28:00
791,508,pending,922.61,2024-01-07 22:46:00
792,417,pending,1413.85,2024-05-31 07:41:00
793,93,completed,4849.85,2024-06-05 05:45:00
794,471,completed,9766.57,2024-08-25 04:55:00
795,721,returned,1930.96,2024-07-08 20:29:00
796,721,completed,8617.79,2024-02-06 12:57:00
797,708,cancelled,5356.11,2024-05-31 13:48:00
798,277,pending,7898.15,2024-02-11 19:56:00
799,344,completed,5195.89,2024-12-11 11:56:00
800,53,completed,3891.25,2024-08-26 19:02:00
801,375,cancelled,1835.15,2024-10-13 22:04:00
802,575,pending,1470.22,2024-06-20 07:34:00
803,117,returned,7400.06,2024-10-24 22:13:00
804,772,pending,3272.59,2024-05-16 16:43:00
805,434,cancelled,639.15,2024-07-09 11:28:00
806,498,completed,4754.62,2024-09-29 21:52:00
807,546,cancelled,4574.59,2024-07-07 21:44:00
808,829,completed,1964.7,2024-08-22 02:05:00
809,401,pending,2954.89,2024-02-09 03:10:00
810,283,completed,7001.11,2024-09-11 04:55:00
811,210,completed,3002.38,2024-12-15 17:59:00
812,136,returned,3532.33,2024-08-15 23:41:00
813,22,cancelled,1971.7,2024-01-12 07:53:00
814,971,cancelled,4175.75,2024-06-24 20:41:00
815,806,cancelled,4912.87,2024-12-06 22:33:00
816,863,returned,4634.27,2024-10-17 04:57:00
817,809,cancelled,1800.2,2024-05-13 07:30:00
818,381,cancelled,7720.52,2024-01-25 04:22:00
819,292,returned,9566.52,2024-11-12 05:45:00
820,549,cancelled,1904.58,2024-03-30 22:44:00
821,927,pending,1696.42,2024-02-29 01:20:00
822,589,pending,4464.8,2024-07-08 05:13:00
823,576,completed,6688.98,2024-06-25 04:23:00
824,460,pending,5383.07,2024-03-03 00:25:00
825,954,returned,7708.33,2024-08-22 10:09:00
826,5,cancelled,6507.72,2024-05-31 15:57:00
827,297,pending,8015.8,2024-08-14 10:44:00
828,116,returned,9011.73,2024-03-12 21:35:00
829,120,cancelled,345.48,2024-11-12 07:28:00
830,366,completed,3331.03,2024-11-07 20:12:00
831,598,pending,7834.71,2024-05-22 06:01:00
832,86,returned,6802.93,2024-02-14 16:25:00
833,200,returned,3245.8,2024-11-05 16:03:00
834,931,cancelled,4035.82,2024-08-06 11:24:00
835,382,completed,2918.04,2024-06-28 09:28:00
836,896,completed,2235.38,2024-08-15 23:26:00
837,823,returned,2957.48,2024-08-05 23:57:00
838,425,pending,8371.56,2024-11-02 02:09:00
839,213,cancelled,4798.67,2024-09-25 10:04:00
840,956,returned,975.64,2024-07-28 20:58:00
841,280,returned,1831.44,2024-08-24 22:36:00
842,774,pending,2072.65,2024-07-14 09:35:00
843,503,completed,8245.71,2024-06-03 18:19:00
844,506,returned,2322.75,2024-01-02 04:16:00
845,308,returned,1329.35,2024-12-06 09:26:00
846,184,returned,9077.25,2024-11-26 07:01:00
847,123,cancelled,4981.2,2024-02-04 19:47:00
848,371,returned,5699.19,2024-05-12 20:43:00
849,488,completed,3794.7,2024-10-21 00:54:00
850,266,pending,5858.38,2024-03-15 10:29:00
851,900,pending,3638.12,2024-01-28 08:23:00
852,430,cancelled,582.28,2024-05-29 16:40:00
853,959,completed,5187.28,2024-11-17 05:48:00
854,97,pending,5482.75,2024-06-10 21:51:00
855,309,cancelled,6885.89,2024-12-18 11:06:00
856,548,cancelled,8250.82,2024-01-07 04:33:00
857,289,cancelled,7810.2,2024-07-29 10:58:00
858,933,pending,1113.94,2024-03-20 16:14:00
859,852,pending,7971.56,2024-10-13 19:44:00
860,852,completed,4231.73,2024-02-09 03:52:00
861,135,completed,4847.23,2024-06-08 22:23:00
862,143,returned,8908.29,2024-11-01 16:48:00
863,994,cancelled,1804.85,2024-06-04 00:47:00
864,835,completed,2301.34,2024-12-21 04:44:00
865,233,cancelled,1340.91,2024-03-07 02:27:00
866,708,completed,869.58,2024-09-04 13:02:00
867,202,completed,424.65,2024-12-03 16:37:00
868,61,returned,1277.33,2024-05-09 01:04:00
869,309,completed,7570.05,2024-03-04 19:13:00
870,602,pending,1929.34,2024-06-28 00:05:00
871,150,cancelled,9493.04,2024-06-27 11:10:00
872,876,pending,5098.6,2024-02-04 03:52:00
873,593,completed,5335.5,2024-04-08 09:10:00
874,924,completed,9738.44,2024-02-20 06:58:00
875,517,returned,3727.98,2024-10-28 05:28:00
876,690,completed,1890.4,2024-06-30 12:27:00
877,220,pending,4135.02,2024-06-09 03:29:00
878,113,pending,5008.58,2024-07-03 22:18:00
879,571,completed,914.25,2024-09-09 03:24:00
880,291,returned,6043.86,2024-06-08 21:53:00
881,455,pending,5583.77,2024-05-28 13:12:00
882,878,completed,8958.07,2024-08-31 21:23:00
883,184,completed,9987.36,2024-09-08 21:06:00
884,406,returned,5274.36,2024-12-12 02:07:00
885,147,returned,4066.18,2024-10-29 03:47:00
886,948,pending,740.63,2024-04-11 10:12:00
887,610,returned,1315.35,2024-08-05 23:31:00
888,286,cancelled,7587.4,2024-11-25 12:22:00
889,488,returned,9876.48,2024-09-18 08:09:00
890,787,returned,1169.56,2024-05-08 15:31:00
891,237,pending,394.26,2024-01-28 02:31:00
892,695,completed,9723.52,2024-07-14 19:43:00
893,335,pending,3097.25,2024-11-15 03:48:00
894,79,returned,7948.04,2024-04-13 09:42:00
895,510,returned,5097.47,2024-10-04 10:51:00
896,881,completed,9530.55,2024-01-17 13:56:00
897,937,completed,3897.94,2024-06-10 12:28:00
898,471,completed,425.31,2024-10-12 21:55:00
899,799,cancelled,8858.53,2024-03-25 15:27:00
900,138,cancelled,7185.66,2024-09-06 03:36:00
901,692,returned,6634.78,2024-12-16 17:36:00
902,482,returned,5666.33,2024-03-21 16:03:00
903,401,cancelled,4997.44,2024-07-12 19:43:00
904,362,cancelled,3272.78,2024-01-15 18:02:00
905,132,cancelled,3553.88,2024-10-25 00:48:00
906,913,cancelled,3867.68,2024-08-07 11:22:00
907,422,cancelled,658.85,2024-05-05 07:15:00
908,664,cancelled,5966.06,2024-12-18 02:55:00
909,313,completed,3442.18,2024-01-11 17:20:00
910,39,returned,6611.9,2024-08-04 18:32:00
911,924,returned,2739.53,2024-12-22 15:37:00
912,23,cancelled,3839.6,2024-07-18 10:36:00
913,101,returned,1090.56,2024-12-11 06:21:00
914,509,cancelled,1749.61,2024-06-02 11:27:00
915,207,returned,6390.9,2024-02-08 17:13:00
916,295,cancelled,570.56,2024-10-20 12:51:00
917,232,completed,7205.3,2024-10-23 03:37:00
918,345,cancelled,765.97,2024-09-28 15:27:00
919,215,cancelled,7976.95,2024-11-29 09:32:00
920,824,cancelled,4385.81,2024-10-03 10:12:00
921,425,returned,2587.52,2024-09-20 14:42:00
922,782,pending,8820.88,2024-11-17 22:33:00
923,884,pending,5810.75,2024-04-19 21:52:00
924,761,returned,2752.57,2024-11-22 17:51:00
925,630,returned,9352.9,2024-11-16 01:33:00
926,206,cancelled,4678.62,2024-05-03 04:47:00
927,702,cancelled,8456.81,2024-07-29 10:55:00
928,851,completed,6375.88,2024-07-30 08:52:00
929,294,pending,2638.82,2024-11-03 07:25:00
930,245,completed,1584.63,2024-01-15 07:51:00
931,848,cancelled,4695.18,2024-10-13 13:27:00
932,663,completed,2099.71,2024-05-19 04:01:00
933,265,cancelled,6620.84,2024-03-31 20:54:00
934,44,returned,7844.11,2024-01-29 02:20:00
935,617,cancelled,8685.0,2024-07-27 11:42:00
936,674,completed,4029.26,2024-03-12 07:07:00
937,585,completed,5267.38,2024-10-24 16:16:00
938,509,completed,2456.96,2024-03-03 10:21:00
939,853,returned,8077.83,2024-04-30 13:13:00
940,148,completed,1834.03,2024-05-20 14:26:00
941,261,completed,4954.55,2024-07-10 22:07:00
942,325,returned,4801.06,2024-05-06 08:56:00
943,804,pending,3693.68,2024-07-07 09:01:00
944,661,completed,8430.58,2024-12-05 01:44:00
945,940,pending,2604.53,2024-07-15 09:40:00
946,982,cancelled,9041.26,2024-12-16 03:34:00
947,888,pending,8590.71,2024-07-17 00:58:00
948,984,returned,9282.32,2024-05-10 09:05:00
949,959,pending,3044.49,2024-03-23 14:40:00
950,325,returned,7914.24,2024-05-20 02:52:00
951,799,returned,4763.8,2024-07-30 10:45:00
952,433,completed,8261.57,2024-12-23 08:32:00
953,68,cancelled,4266.62,2024-10-07 23:20:00
954,465,completed,7643.56,2024-11-24 20:11:00
955,646,returned,7931.09,2024-03-10 00:25:00
956,205,cancelled,3205.85,2024-02-12 03:10:00
957,256,pending,8484.91,2024-12-17 13:50:00
958,962,cancelled,4569.75,2024-03-09 08:11:00
959,704,cancelled,8015.33,2024-04-11 02:26:00
960,377,pending,3995.59,2024-07-12 18:14:00
961,22,completed,9238.81,2024-11-27 19:40:00
962,235,completed,9743.86,2024-04-11 08:44:00
963,873,pending,592.85,2024-11-12 13:38:00
964,267,pending,981.71,2024-07-07 05:36:00
965,121,completed,7213.98,2024-08-10 14:52:00
966,690,returned,1273.27,2024-12-31 06:12:00
967,969,cancelled,2950.82,2024-09-10 12:08:00
968,442,pending,6040.82,2024-05-24 23:43:00
969,194,returned,1885.66,2024-03-15 00:18:00
970,1000,cancelled,2431.31,2024-08-18 07:23:00
971,597,returned,948.81,2024-08-28 04:55:00
972,332,returned,6899.84,2024-12-31 12:45:00
973,434,cancelled,823.25,2024-10-12 01:03:00
974,341,pending,4762.23,2024-06-30 19:42:00
975,991,completed,153.07,2024-09-15 19:24:00
976,310,returned,6745.49,2024-03-08 17:02:00
977,595,pending,2676.89,2024-09-14 15:59:00
978,348,returned,1406.0,2024-06-11 22:33:00
979,444,pending,2678.02,2024-06-09 01:08:00
980,512,cancelled,7503.45,2024-08-08 09:57:00
981,898,cancelled,6168.02,2024-05-15 16:20:00
982,447,pending,3223.87,2024-09-08 04:35:00
983,874,returned,626.9,2024-03-17 01:14:00
984,188,completed,4755.45,2024-03-24 22:29:00
985,447,completed,9952.5,2024-09-10 01:28:00
986,366,returned,4631.82,2024-02-27 23:55:00
987,152,completed,3561.08,2024-04-14 09:11:00
988,855,pending,7524.37,2024-05-19 18:57:00
989,680,pending,5877.12,2024-01-03 16:49:00
990,585,pending,4222.55,2024-02-09 07:49:00
991,511,completed,8884.94,2024-01-14 09:43:00
992,697,completed,4002.28,2024-10-29 03:53:00
993,332,pending,385.86,2024-08-23 22:42:00
994,492,returned,6320.73,2024-05-17 19:42:00
995,6,cancelled,9700.73,2024-12-01 19:28:00
996,333,pending,2192.53,2024-01-25 20:18:00
997,331,completed,7463.62,2024-10-07 19:24:00
998,95,returned,2626.12,2024-05-02 12:05:00
999,22,pending,1713.11,2024-07-25 09:41:00
1000,771,pending,1293.96,2024-09-08 13:47:00
1001,826,cancelled,9046.97,2024-11-04 04:22:00
1002,682,completed,8337.32,2024-09-19 06:31:00
1003,457,returned,4816.75,2024-10-15 19:27:00
1004,93,returned,8128.84,2024-11-10 05:27:00
1005,646,returned,1020.18,2024-09-19 10:29:00
1006,693,pending,6511.35,2024-12-31 04:59:00
1007,508,completed,2977.96,2024-08-11 02:58:00
1008,821,returned,3073.89,2024-03-06 21:57:00
1009,308,pending,5278.61,2024-05-31 18:03:00
1010,565,completed,9181.29,2024-09-19 03:32:00
1011,436,returned,1035.4,2024-12-04 23:36:00
1012,833,cancelled,3619.03,2024-10-26 02:49:00
1013,516,completed,1227.96,2024-12-04 14:11:00
1014,806,pending,8444.81,2024-01-24 02:26:00
1015,898,cancelled,3208.07,2024-08-20 21:28:00
1016,639,cancelled,3479.21,2024-04-05 06:11:00
1017,81,cancelled,8729.0,2024-02-24 13:34:00
1018,19,completed,4009.85,2024-01-07 05:41:00
1019,489,returned,6948.88,2024-12-02 23:38:00
1020,744,returned,3097.72,2024-11-11 11:44:00
1021,690,returned,8065.94,2024-02-14 04:08:00
1022,15,pending,1207.93,2024-01-09 22:12:00
1023,880,completed,2171.37,2024-11-28 04:41:00
1024,248,returned,8436.69,2024-10-02 06:05:00
1025,309,returned,1566.84,2024-08-04 00:07:00
1026,171,pending,7413.93,2024-08-15 15:30:00
1027,21,returned,5893.74,2024-04-13 09:36:00
1028,850,returned,604.13,2024-01-05 03:40:00
1029,868,returned,9796.92,2024-09-10 23:37:00
1030,611,cancelled,466.47,2024-07-23 15:32:00
1031,606,returned,2395.87,2024-02-01 16:01:00
1032,433,cancelled,5577.23,2024-05-17 20:26:00
1033,911,returned,1257.71,2024-11-14 20:22:00
1034,460,returned,305.99,2024-05-27 23:12:00
1035,481,cancelled,4437.3,2024-09-16 07:37:00
1036,931,cancelled,9225.18,2024-12-02 14:08:00
1037,905,cancelled,7257.65,2024-07-18 13:53:00
1038,964,cancelled,7980.13,2024-03-23 19:13:00
1039,290,completed,6703.86,2024-03-07 05:12:00
1040,161,returned,1098.95,2024-07-31 15:19:00
1041,241,pending,5612.62,2024-01-10 11:56:00
1042,268,cancelled,6801.59,2024-03-30 16:02:00
1043,827,completed,3443.57,2024-02-28 19:14:00
1044,124,pending,4915.02,2024-06-23 11:49:00
1045,48,cancelled,8973.55,2024-12-19 16:38:00
1046,686,completed,7093.41,2024-08-12 14:53:00
1047,774,completed,9749.13,2024-11-08 19:50:00
1048,879,completed,8253.74,2024-01-22 16:06:00
1049,172,completed,8721.61,2024-07-04 05:46:00
1050,300,returned,7643.45,2024-09-12 23:55:00
1051,102,pending,6506.22,2024-06-20 04:07:00
1052,869,pending,4447.17,2024-07-31 00:15:00
1053,855,returned,3479.07,2024-09-15 05:05:00
1054,273,cancelled,7180.48,2024-07-31 11:40:00
1055,681,pending,1600.95,2024-09-28 13:50:00
1056,234,pending,8037.51,2024-07-30 13:57:00
1057,470,cancelled,9443.03,2024-08-14 04:49:00
1058,11,completed,939.3,2024-06-10 12:49:00
1059,169,returned,708.54,2024-01-19 21:59:00
1060,657,pending,9034.86,2024-01-30 20:45:00
1061,819,cancelled,4251.12,2024-12-14 22:35:00
1062,895,cancelled,7243.36,2024-06-09 11:00:00
1063,847,cancelled,9012.06,2024-11-08 04:44:00
1064,414,returned,6474.41,2024-10-05 19:50:00
1065,634,returned,7004.96,2024-11-28 12:49:00
1066,203,cancelled,934.38,2024-10-02 10:24:00
1067,743,pending,5252.65,2024-10-03 09:13:00
1068,96,cancelled,5261.23,2024-11-21 05:01:00
1069,29,cancelled,2489.26,2024-06-04 23:27:00
1070,518,completed,7346.66,2024-07-09 08:40:00
1071,520,cancelled,1325.75,2024-11-29 03:28:00
1072,306,completed,4586.16,2024-04-30 23:37:00
1073,580,pending,3568.34,2024-05-25 21:50:00
1074,835,pending,7172.07,2024-09-23 23:15:00
1075,108,cancelled,5212.87,2024-04-08 11:29:00
1076,101,pending,7145.24,2024-07-29 02:05:00
1077,64,returned,8896.24,2024-08-31 06:28:00
1078,80,cancelled,6800.54,2024-07-25 18:35:00
1079,532,returned,8732.95,2024-10-26 15:40:00
1080,434,returned,6921.28,2024-09-07 23:26:00
1081,844,pending,1529.03,2024-03-06 15:45:00
1082,469,pending,9683.51,2024-09-19 16:07:00
1083,712,pending,4608.78,2024-01-17 23:10:00
1084,967,cancelled,9224.8,2024-03-01 19:54:00
1085,419,completed,1296.58,2024-10-19 09:02:00
1086,536,pending,1265.65,2024-06-05 11:19:00
1087,302,returned,376.98,2024-03-14 04:50:00
1088,604,returned,581.65,2024-06-05 09:13:00
1089,188,returned,120.65,2024-10-07 11:04:00
1090,892,completed,4233.99,2024-10-20 09:36:00
1091,464,cancelled,7835.36,2024-08-31 23:53:00
1092,621,pending,7643.32,2024-09-15 20:29:00
1093,780,returned,6705.49,2024-03-17 23:20:00
1094,92,returned,3933.63,2024-07-21 10:34:00
1095,47,returned,7385.54,2024-11-26 02:55:00
1096,170,completed,5762.75,2024-12-28 09:35:00
1097,661,completed,6474.75,2024-02-13 06:39:00
1098,555,completed,9577.2,2024-09-24 06:48:00
1099,488,completed,1290.8,2024-09-29 05:01:00
1100,282,pending,2528.34,2024-12-27 18:28:00
1101,87,cancelled,4077.8,2024-01-24 15:55:00
1102,957,completed,3465.57,2024-04-02 13:01:00
1103,881,cancelled,3881.91,2024-02-16 03:06:00
1104,555,pending,2924.98,2024-04-03 08:49:00
1105,92,pending,3137.26,2024-07-27 21:10:00
1106,61,cancelled,1896.43,2024-12-31 01:19:00
1107,400,completed,3268.41,2024-07-30 10:16:00
1108,385,completed,613.59,2024-05-02 19:37:00
1109,243,returned,5135.35,2024-09-15 12:07:00
1110,276,completed,3251.53,2024-10-10 13:04:00
1111,496,completed,4134.19,2024-04-29 00:17:00
1112,568,completed,2538.53,2024-10-11 20:50:00
1113,129,cancelled,5725.63,2024-08-16 02:54:00
1114,652,pending,7850.53,2024-03-13 11:34:00
1115,173,pending,5421.6,2024-08-04 17:28:00
1116,43,completed,8145.17,2024-11-13 09:41:00
1117,996,pending,105.38,2024-09-03 08:38:00
1118,257,returned,9992.49,2024-11-19 06:37:00
1119,861,cancelled,550.3,2024-09-30 18:04:00
1120,308,completed,4013.52,2024-03-03 04:46:00
1121,570,cancelled,8794.97,2024-04-17 19:32:00
1122,981,cancelled,8850.92,2024-06-24 20:16:00
1123,771,returned,2802.83,2024-12-05 10:21:00
1124,216,returned,9594.03,2024-06-17 00:58:00
1125,709,pending,6499.79,2024-01-02 19:30:00
1126,5,completed,6759.79,2024-07-30 17:57:00
1127,714,returned,7648.41,2024-10-02 02:50:00
1128,898,completed,5432.63,2024-12-09 14:43:00
1129,127,cancelled,9723.19,2024-07-11 19:22:00
1130,397,pending,8407.54,2024-12-22 00:07:00
1131,474,cancelled,9368.85,2024-08-15 00:14:00
1132,761,completed,7608.37,2024-12-14 22:22:00
1133,197,completed,8181.18,2024-11-16 09:51:00
1134,736,pending,2419.15,2024-09-09 11:02:00
1135,288,returned,9054.63,2024-12-27 19:13:00
1136,8,pending,9844.21,2024-11-22 12:07:00
1137,891,cancelled,5734.11,2024-09-09 05:35:00
1138,199,pending,747.07,2024-03-06 23:04:00
1139,131,cancelled,9342.28,2024-04-26 16:46:00
1140,802,cancelled,1999.33,2024-12-13 00:44:00
1141,695,cancelled,6838.74,2024-08-20 00:27:00
1142,657,completed,8553.21,2024-06-14 13:54:00
1143,417,cancelled,1305.01,2024-09-22 14:31:00
1144,371,completed,8849.64,2024-04-24 01:17:00
1145,941,returned,5370.86,2024-06-10 00:25:00
1146,200,cancelled,909.91,2024-10-19 00:47:00
1147,232,returned,9581.98,2024-05-07 06:10:00
1148,338,cancelled,722.16,2024-11-16 03:01:00
1149,492,returned,8099.78,2024-10-30 20:59:00
1150,343,cancelled,2546.82,2024-08-30 07:21:00
1151,853,completed,8234.17,2024-09-23 07:04:00
1152,795,returned,7664.58,2024-11-16 14:37:00
1153,128,completed,9747.8,2024-01-18 12:20:00
1154,912,completed,7848.2,2024-02-01 14:03:00
1155,309,returned,751.32,2024-12-12 01:35:00
1156,54,cancelled,8514.3,2024-07-24 03:39:00
1157,771,returned,2407.81,2024-11-02 21:39:00
1158,11,returned,3900.81,2024-08-07 19:39:00
1159,104,cancelled,6544.12,2024-12-11 00:29:00
1160,530,cancelled,5919.35,2024-02-25 03:00:00
1161,610,completed,5969.58,2024-04-09 18:08:00
1162,653,cancelled,3618.37,2024-09-03 23:39:00
1163,456,pending,2507.21,2024-01-23 01:08:00
1164,320,returned,5179.94,2024-11-29 11:19:00
1165,598,pending,1559.35,2024-06-07 19:21:00
1166,299,cancelled,9705.68,2024-09-22 18:42:00
1167,695,pending,667.44,2024-09-16 17:54:00
1168,56,returned,3503.78,2024-04-12 20:58:00
1169,207,completed,3481.36,2024-12-07 15:44:00
1170,709,returned,6037.65,2024-06-18 18:36:00
1171,987,cancelled,6199.42,2024-08-02 10:10:00
1172,108,returned,8773.44,2024-01-22 15:14:00
1173,943,completed,6423.79,2024-12-20 07:29:00
1174,639,pending,2466.29,2024-06-18 23:24:00
1175,211,returned,1924.02,2024-01-04 11:00:00
1176,76,cancelled,397.17,2024-02-28 04:18:00
1177,451,pending,6350.21,2024-07-03 01:01:00
1178,204,pending,2912.6,2024-04-22 08:46:00
1179,179,cancelled,8490.59,2024-05-05 05:12:00
1180,23,pending,8444.53,2024-02-21 00:53:00
1181,694,pending,3851.34,2024-02-26 10:59:00
1182,216,cancelled,4616.42,2024-07-08 11:42:00
1183,176,returned,8796.04,2024-02-03 03:09:00
1184,904,pending,7969.49,2024-04-08 17:24:00
1185,712,cancelled,3247.72,2024-08-07 20:15:00
1186,944,completed,7654.52,2024-10-27 06:54:00
1187,549,cancelled,7916.92,2024-06-16 07:03:00
1188,645,cancelled,8741.23,2024-09-17 18:56:00
1189,501,pending,7300.26,2024-08-28 21:39:00
1190,67,pending,5135.28,2024-11-26 16:23:00
1191,511,returned,1872.09,2024-12-30 11:33:00
1192,712,returned,7184.93,2024-09-10 15:17:00
1193,596,returned,6417.25,2024-10-25 20:02:00
1194,213,pending,8959.36,2024-08-19 07:25:00
1195,224,cancelled,4307.73,2024-07-12 18:10:00
1196,958,cancelled,2619.84,2024-02-13 04:48:00
1197,87,cancelled,4500.6,2024-06-29 07:37:00
1198,43,returned,5171.39,2024-06-21 13:28:00
1199,479,returned,4148.63,2024-09-11 10:17:00
1200,392,completed,1877.7,2024-04-29 08:41:00
1201,78,cancelled,9024.61,2024-05-30 16:32:00
1202,560,completed,7880.15,2024-04-26 03:07:00
1203,74,cancelled,478.99,2024-04-12 10:12:00
1204,692,cancelled,2575.23,2024-12-15 08:12:00
1205,723,pending,9984.21,2024-10-05 08:00:00
1206,789,cancelled,2890.27,2024-06-26 12:25:00
1207,842,completed,4772.84,2024-09-19 04:55:00
1208,408,pending,2346.57,2024-04-17 15:14:00
1209,529,returned,7252.85,2024-08-24 10:50:00
1210,88,cancelled,8473.44,2024-08-07 22:26:00
1211,215,returned,4554.72,2024-10-12 00:23:00
1212,143,pending,3125.16,2024-01-05 15:51:00
1213,675,cancelled,3464.24,2024-08-02 13:43:00
1214,771,returned,7652.13,2024-12-19 17:19:00
1215,334,completed,5719.02,2024-01-17 04:09:00
1216,976,cancelled,5725.09,2024-11-04 19:36:00
1217,888,returned,9803.7,2024-04-14 12:04:00
1218,548,returned,1964.55,2024-02-25 10:36:00
1219,986,returned,6426.13,2024-06-04 02:10:00
1220,107,pending,417.39,2024-12-18 19:31:00
1221,28,pending,2070.09,2024-07-16 09:13:00
1222,239,cancelled,6629.74,2024-02-05 14:03:00
1223,378,completed,1801.07,2024-07-29 12:10:00
1224,114,pending,5410.88,2024-09-01 23:04:00
1225,399,pending,1386.33,2024-04-15 09:27:00
1226,838,returned,1671.93,2024-10-21 09:37:00
1227,208,returned,2826.87,2024-01-04 04:28:00
1228,66,returned,6088.0,2024-05-06 16:21:00
1229,933,returned,4656.03,2024-10-21 01:47:00
1230,94,cancelled,6498.36,2024-08-21 11:44:00
1231,863,cancelled,3971.79,2024-03-30 13:15:00
1232,184,returned,4632.5,2024-12-03 05:44:00
1233,583,completed,3996.16,2024-01-23 07:56:00
1234,892,pending,2810.39,2024-11-17 17:18:00
1235,683,completed,7010.64,2024-04-21 15:26:00
1236,781,completed,9953.63,2024-02-09 03:32:00
1237,785,cancelled,4159.95,2024-03-25 08:13:00
1238,519,completed,4675.46,2024-02-07 20:44:00
1239,692,returned,3873.44,2024-07-23 06:25:00
1240,39,completed,2581.0,2024-12-29 04:20:00
1241,687,returned,4899.12,2024-02-04 02:35:00
1242,673,pending,7164.46,2024-08-12 04:30:00
1243,841,cancelled,8431.47,2024-03-28 00:38:00
1244,103,pending,3012.03,2024-09-30 23:25:00
1245,173,completed,6746.78,2024-01-06 21:17:00
1246,158,returned,3645.06,2024-04-20 22:02:00
1247,915,pending,4476.38,2024-01-25 20:51:00
1248,536,completed,3967.12,2024-06-06 14:03:00
1249,613,completed,581.78,2024-07-12 06:59:00
1250,256,cancelled,9096.69,2024-04-12 02:01:00
1251,432,completed,9893.98,2024-06-21 06:43:00
1252,686,completed,2283.62,2024-02-19 21:10:00
1253,742,pending,535.72,2024-09-19 03:52:00
1254,335,cancelled,5664.34,2024-04-07 19:13:00
1255,957,returned,9395.34,2024-03-02 07:13:00
1256,109,cancelled,3301.34,2024-01-08 12:41:00
1257,324,completed,3952.95,2024-08-22 07:04:00
1258,674,cancelled,6534.46,2024-07-07 01:04:00
1259,907,pending,4169.86,2024-11-02 15:06:00
1260,730,pending,2594.21,2024-02-18 19:20:00
1261,647,returned,6811.22,2024-12-21 04:21:00
1262,180,cancelled,9782.41,2024-12-07 15:04:00
1263,344,completed,6124.48,2024-10-26 14:24:00
1264,524,pending,5083.86,2024-12-26 00:14:00
1265,22,completed,3157.6,2024-08-07 07:39:00
1266,82,completed,1461.8,2024-09-12 09:12:00
1267,156,returned,2123.41,2024-01-20 07:59:00
1268,743,returned,7418.63,2024-06-17 04:17:00
1269,326,completed,5256.64,2024-07-31 20:52:00
1270,296,completed,2367.2,2024-06-18 10:15:00
1271,211,completed,9075.66,2024-12-06 07:51:00
1272,704,pending,6119.83,2024-07-14 16:20:00
1273,188,returned,6334.85,2024-02-03 15:04:00
1274,977,pending,615.86,2024-03-13 06:08:00
1275,94,pending,5967.04,2024-04-14 07:32:00
1276,81,returned,7277.39,2024-06-08 05:46:00
1277,203,pending,4297.77,2024-11-06 07:19:00
1278,293,returned,9680.49,2024-04-13 08:55:00
1279,801,returned,892.16,2024-07-03 12:24:00
1280,172,returned,4469.62,2024-09-15 19:47:00
1281,444,pending,8214.08,2024-09-03 00:48:00
1282,391,returned,8555.02,2024-06-02 19:34:00
1283,157,pending,2647.19,2024-08-25 09:29:00
1284,291,returned,5665.21,2024-09-03 02:21:00
1285,140,returned,2037.59,2024-04-07 00:00:00
1286,883,cancelled,4965.39,2024-07-31 12:47:00
1287,383,returned,4946.56,2024-11-24 18:04:00
1288,419,completed,9925.48,2024-03-04 12:59:00
1289,580,pending,2022.86,2024-08-11 08:49:00
1290,936,cancelled,5145.12,2024-09-07 20:44:00
1291,378,completed,6543.97,2024-08-05 23:15:00
1292,249,returned,441.62,2024-07-04 20:45:00
1293,693,completed,7004.97,2024-11-26 04:16:00
1294,620,returned,9448.23,2024-03-16 08:15:00
1295,617,pending,222.14,2024-02-17 20:45:00
1296,939,returned,4036.9,2024-10-27 02:33:00
1297,932,pending,8772.46,2024-03-25 13:16:00
1298,709,cancelled,5056.4,2024-09-29 21:56:00
1299,392,cancelled,7365.94,2024-02-15 03:40:00
1300,587,cancelled,8160.86,2024-05-17 23:13:00
1301,953,returned,7020.19,2024-01-04 05:52:00
1302,504,completed,1059.02,2024-12-22 13:33:00
1303,427,cancelled,7357.12,2024-03-28 05:23:00
1304,191,pending,2060.4,2024-04-03 16:07:00
1305,462,pending,1937.82,2024-01-31 23:11:00
1306,829,pending,2667.58,2024-07-28 14:40:00
1307,935,completed,8696.78,2024-03-26 02:18:00
1308,88,returned,1334.35,2024-02-02 10:01:00
1309,600,pending,4831.18,2024-12-10 03:00:00
1310,63,cancelled,7542.81,2024-01-04 21:37:00
1311,809,completed,1058.73,2024-09-24 00:24:00
1312,618,cancelled,9328.07,2024-08-30 10:38:00
1313,440,cancelled,3770.77,2024-06-24 10:52:00
1314,246,cancelled,6684.28,2024-07-12 19:03:00
1315,999,cancelled,8743.47,2024-02-21 00:29:00
1316,892,returned,7279.68,2024-03-12 00:38:00
1317,126,cancelled,9515.51,2024-05-07 11:28:00
1318,634,returned,5197.65,2024-12-04 06:00:00
1319,654,cancelled,264.64,2024-07-03 01:51:00
1320,754,cancelled,6811.5,2024-04-29 19:31:00
1321,410,completed,3548.51,2024-08-31 21:54:00
1322,717,completed,7369.35,2024-05-30 19:12:00
1323,730,pending,8711.6,2024-10-19 22:32:00
1324,33,pending,5029.46,2024-02-14 09:53:00
1325,690,returned,1763.72,2024-08-16 03:30:00
1326,679,pending,2509.22,2024-03-28 21:44:00
1327,92,completed,4405.44,2024-01-15 05:59:00
1328,952,cancelled,9036.22,2024-05-23 07:46:00
1329,264,returned,9519.89,2024-12-09 03:42:00
1330,140,returned,995.37,2024-12-20 10:55:00
1331,230,completed,6475.47,2024-07-12 22:47:00
1332,754,returned,6573.8,2024-10-14 13:51:00
1333,239,pending,2665.03,2024-05-28 02:07:00
1334,92,cancelled,7431.75,2024-04-06 23:07:00
1335,587,cancelled,1361.43,2024-06-09 12:36:00
1336,755,completed,3176.91,2024-10-29 17:12:00
1337,868,returned,9800.51,2024-06-12 11:51:00
1338,696,pending,5245.54,2024-11-04 18:14:00
1339,110,returned,190.97,2024-08-23 10:09:00
1340,836,cancelled,8388.44,2024-09-12 21:29:00
1341,151,cancelled,1544.12,2024-12-06 22:02:00
1342,614,cancelled,3158.03,2024-12-18 03:17:00
1343,869,returned,6347.66,2024-04-20 15:18:00
1344,722,returned,682.24,2024-06-19 04:52:00
1345,734,pending,8495.89,2024-04-25 22:47:00
1346,54,pending,8582.11,2024-07-19 09:52:00
1347,676,pending,9911.53,2024-10-07 12:21:00
1348,433,returned,9904.11,2024-07-19 12:04:00
1349,541,cancelled,2895.4,2024-04-09 22:54:00
1350,562,returned,1063.46,2024-06-14 18:55:00
1351,825,completed,8513.12,2024-12-29 09:29:00
1352,671,pending,5813.86,2024-08-14 22:30:00
1353,299,pending,2176.69,2024-04-10 23:41:00
1354,10,cancelled,7286.98,2024-10-21 03:43:00
1355,805,pending,3827.9,2024-08-06 21:53:00
1356,173,completed,1050.87,2024-08-30 05:03:00
1357,121,cancelled,5974.58,2024-03-17 20:46:00
1358,414,pending,436.53,2024-05-03 12:31:00
1359,310,pending,6562.69,2024-07-11 22:50:00
1360,687,completed,7799.54,2024-11-28 12:17:00
1361,648,returned,3736.5,2024-03-02 03:05:00
1362,125,returned,6449.95,2024-09-17 07:01:00
1363,601,returned,2809.88,2024-02-18 18:11:00
1364,394,returned,9999.55,2024-12-25 13:19:00
1365,586,pending,1084.47,2024-02-02 22:58:00
1366,883,pending,4112.77,2024-12-24 00:25:00
1367,570,returned,732.92,2024-10-26 17:45:00
1368,839,completed,7559.73,2024-04-16 21:57:00
1369,121,pending,8633.83,2024-12-21 05:00:00
1370,569,returned,8025.08,2024-03-03 01:08:00
1371,589,pending,6561.14,2024-02-14 17:16:00
1372,872,completed,937.64,2024-03-04 16:19:00
1373,373,pending,4288.21,2024-12-02 00:15:00
1374,308,completed,9467.52,2024-09-22 09:42:00
1375,547,returned,1484.56,2024-09-08 22:20:00
1376,536,cancelled,6101.1,2024-09-18 06:44:00
1377,102,completed,2447.29,2024-04-06 04:19:00
1378,877,pending,9578.49,2024-11-04 17:13:00
1379,606,cancelled,2846.22,2024-11-14 13:04:00
1380,564,cancelled,2680.68,2024-11-28 05:25:00
1381,468,completed,9452.93,2024-12-12 13:44:00
1382,147,pending,798.52,2024-05-17 20:44:00
1383,662,pending,7173.01,2024-10-15 21:41:00
1384,841,pending,4254.9,2024-03-19 10:50:00
1385,445,returned,356.51,2024-11-05 07:04:00
1386,277,completed,5361.55,2024-12-16 17:26:00
1387,68,cancelled,6437.76,2024-07-04 10:49:00
1388,280,pending,8701.67,2024-04-25 08:00:00
1389,101,returned,9796.9,2024-04-23 12:06:00
1390,802,completed,1839.74,2024-06-05 18:52:00
1391,827,returned,1045.85,2024-06-27 22:36:00
1392,887,cancelled,5560.27,2024-11-07 03:57:00
1393,50,pending,3248.16,2024-07-18 05:22:00
1394,826,returned,4820.93,2024-03-06 08:00:00
1395,704,pending,6609.87,2024-03-14 12:36:00
1396,754,cancelled,623.36,2024-11-23 11:45:00
1397,797,pending,6814.33,2024-08-02 22:29:00
1398,188,returned,9863.84,2024-08-27 16:18:00
1399,283,returned,5253.89,2024-04-27 09:40:00
1400,879,completed,9479.8,2024-07-27 10:54:00
1401,93,completed,859.26,2024-05-02 02:10:00
1402,590,completed,937.39,2024-05-26 17:59:00
1403,505,completed,9625.45,2024-08-05 21:32:00
1404,955,pending,4848.59,2024-09-20 21:43:00
1405,910,completed,4114.17,2024-11-11 06:58:00
1406,852,completed,7170.18,2024-12-25 17:47:00
1407,354,pending,9942.8,2024-12-04 16:43:00
1408,624,completed,6113.0,2024-03-27 21:59:00
1409,904,pending,1830.66,2024-07-06 04:32:00
1410,362,completed,4284.95,2024-07-13 05:23:00
1411,994,completed,3445.79,2024-12-13 07:53:00
1412,553,completed,2971.64,2024-09-04 09:16:00
1413,219,completed,7406.45,2024-10-18 12:13:00
1414,946,cancelled,9298.18,2024-11-25 16:52:00
1415,915,completed,9360.6,2024-11-12 15:03:00
1416,365,completed,6193.75,2024-06-17 09:22:00
1417,110,completed,3562.24,2024-04-05 12:22:00
1418,10,completed,4364.96,2024-04-11 02:33:00
1419,527,pending,4166.12,2024-09-06 00:09:00
1420,788,cancelled,2338.34,2024-07-21 11:19:00
1421,374,returned,8932.71,2024-10-01 08:06:00
1422,450,returned,1702.16,2024-06-30 23:27:00
1423,6,cancelled,8847.41,2024-12-29 06:07:00
1424,195,cancelled,498.54,2024-07-21 13:47:00
1425,340,completed,1687.09,2024-04-11 15:42:00
1426,273,completed,4268.84,2024-10-08 15:51:00
1427,699,pending,3316.39,2024-07-23 16:46:00
1428,946,returned,1401.03,2024-02-25 00:08:00
1429,160,cancelled,5050.01,2024-12-16 07:03:00
1430,695,cancelled,4353.68,2024-11-01 23:00:00
1431,445,returned,2965.72,2024-09-05 02:48:00
1432,440,pending,6214.37,2024-09-18 05:15:00
1433,288,completed,8655.25,2024-12-24 07:42:00
1434,841,returned,2064.28,2024-12-27 03:44:00
1435,748,pending,1967.82,2024-10-29 20:40:00
1436,153,pending,1292.57,2024-07-24 01:17:00
1437,197,pending,4320.4,2024-11-11 06:05:00
1438,886,completed,3865.49,2024-09-25 09:44:00
1439,649,pending,2295.57,2024-08-06 15:03:00
1440,523,returned,6474.34,2024-06-04 03:17:00
1441,373,cancelled,9435.69,2024-12-30 13:15:00
1442,328,completed,1899.34,2024-01-01 01:42:00
1443,763,cancelled,2198.58,2024-08-29 08:58:00
1444,622,completed,4365.98,2024-05-09 15:23:00
1445,343,cancelled,1204.13,2024-12-08 00:43:00
1446,566,pending,3379.0,2024-07-04 23:49:00
1447,604,cancelled,2458.7,2024-05-21 06:37:00
1448,394,completed,8883.22,2024-03-07 20:47:00
1449,617,completed,506.29,2024-12-01 06:12:00
1450,722,returned,9262.46,2024-02-08 17:39:00
1451,352,cancelled,7280.97,2024-04-13 17:46:00
1452,158,completed,1365.54,2024-08-02 17:45:00
1453,259,cancelled,8959.64,2024-08-17 20:45:00
1454,121,returned,770.31,2024-08-02 16:59:00
1455,976,completed,1752.66,2024-05-20 22:08:00
1456,297,completed,9562.45,2024-02-01 22:12:00
1457,759,returned,5000.76,2024-09-29 16:04:00
1458,170,returned,7532.21,2024-07-15 17:49:00
1459,400,returned,6111.46,2024-04-15 05:00:00
1460,164,pending,5961.92,2024-01-05 16:29:00
1461,516,cancelled,3103.76,2024-04-22 09:45:00
1462,275,completed,1793.98,2024-01-24 17:15:00
1463,299,completed,6432.19,2024-05-22 04:17:00
1464,895,completed,6459.89,2024-05-07 06:34:00
1465,119,completed,6521.59,2024-11-19 19:23:00
1466,333,completed,9469.64,2024-10-08 08:46:00
1467,137,returned,8993.52,2024-05-30 10:03:00
1468,641,completed,8256.92,2024-04-22 23:17:00
1469,181,cancelled,9718.89,2024-10-02 21:55:00
1470,797,completed,7253.76,2024-12-18 12:41:00
1471,264,pending,8186.79,2024-04-22 10:17:00
1472,209,returned,1640.85,2024-04-28 23:46:00
1473,445,cancelled,1568.51,2024-09-02 02:31:00
1474,186,returned,1931.78,2024-03-31 06:36:00
1475,503,pending,6510.89,2024-01-11 09:10:00
1476,907,pending,8193.24,2024-12-17 19:12:00
1477,72,pending,813.28,2024-05-05 14:58:00
1478,661,returned,1092.31,2024-09-26 04:46:00
1479,769,completed,6072.61,2024-07-12 12:01:00
1480,113,completed,7658.11,2024-11-25 01:08:00
1481,255,completed,2749.8,2024-11-17 19:00:00
1482,812,completed,9580.42,2024-02-24 17:47:00
1483,838,cancelled,8541.93,2024-02-13 06:08:00
1484,492,returned,8173.1,2024-06-06 10:30:00
1485,159,pending,653.17,2024-12-20 08:40:00
1486,557,completed,309.96,2024-01-23 03:34:00
1487,304,completed,5164.27,2024-07-31 04:00:00
1488,935,pending,337.61,2024-08-06 12:09:00
1489,362,cancelled,2336.26,2024-12-16 12:43:00
1490,906,completed,4969.02,2024-02-26 07:06:00
1491,980,cancelled,3637.35,2024-11-11 10:07:00
1492,370,completed,8966.31,2024-11-05 04:11:00
1493,439,cancelled,6036.15,2024-12-13 13:09:00
1494,915,cancelled,6285.11,2024-05-26 11:56:00
1495,107,cancelled,9170.72,2024-12-04 11:59:00
1496,272,completed,7909.68,2024-03-17 20:09:00
1497,328,pending,3966.94,2024-09-01 02:07:00
1498,592,returned,9599.89,2024-05-22 04:05:00
1499,331,pending,1900.54,2024-07-16 11:20:00
1500,507,returned,4864.76,2024-07-30 19:50:00
1501,652,cancelled,1468.39,2024-11-30 07:24:00
1502,429,returned,5433.6,2024-09-09 17:34:00
1503,842,pending,3907.81,2024-10-24 22:26:00
1504,540,pending,7060.62,2024-04-30 11:00:00
1505,209,completed,3687.74,2024-08-30 04:58:00
1506,113,completed,9122.48,2024-07-03 04:18:00
1507,472,pending,8369.0,2024-10-09 13:15:00
1508,216,pending,653.07,2024-03-11 03:44:00
1509,721,pending,3836.86,2024-01-14 22:27:00
1510,381,completed,7043.88,2024-12-05 18:04:00
1511,489,pending,398.84,2024-07-06 04:05:00
1512,251,completed,223.53,2024-08-01 04:48:00
1513,187,returned,7461.22,2024-09-27 22:19:00
1514,482,returned,7253.32,2024-08-15 20:44:00
1515,14,cancelled,1201.54,2024-01-31 20:02:00
1516,619,pending,5082.62,2024-01-06 12:53:00
1517,434,returned,5586.14,2024-05-12 18:32:00
1518,314,pending,4294.34,2024-03-21 08:05:00
1519,535,returned,9781.47,2024-03-05 23:13:00
1520,411,completed,2267.17,2024-04-04 23:35:00
1521,620,completed,8183.93,2024-08-27 15:20:00
1522,669,returned,8289.81,2024-03-25 01:51:00
1523,381,returned,2027.83,2024-02-25 03:04:00
1524,372,cancelled,377.68,2024-05-24 05:34:00
1525,110,completed,2197.91,2024-01-06 09:12:00
1526,565,pending,6420.05,2024-01-17 07:17:00
1527,88,completed,5681.02,2024-09-04 01:03:00
1528,323,completed,9440.74,2024-01-05 11:48:00
1529,290,returned,5052.14,2024-06-10 12:46:00
1530,365,pending,7056.3,2024-02-19 10:26:00
1531,919,completed,5071.55,2024-03-17 00:37:00
1532,816,returned,4821.84,2024-01-20 09:10:00
1533,156,returned,879.65,2024-11-16 02:45:00
1534,238,pending,8094.01,2024-11-30 04:49:00
1535,736,pending,9934.82,2024-09-13 16:46:00
1536,624,cancelled,4530.05,2024-03-08 10:18:00
1537,369,returned,496.13,2024-12-30 21:24:00
1538,245,pending,9970.39,2024-11-06 02:09:00
1539,581,returned,1064.32,2024-01-08 04:49:00
1540,892,cancelled,5516.65,2024-02-14 15:06:00
1541,466,cancelled,1780.2,2024-05-31 05:04:00
1542,287,cancelled,3598.35,2024-02-06 05:45:00
1543,791,returned,2653.65,2024-08-30 08:48:00
1544,898,returned,6537.89,2024-03-12 03:36:00
1545,500,completed,3698.37,2024-05-26 12:26:00
1546,878,pending,4464.19,2024-09-19 19:20:00
1547,383,completed,6853.79,2024-09-16 14:16:00
1548,899,completed,6244.08,2024-11-25 01:47:00
1549,810,pending,7027.48,2024-10-14 00:09:00
1550,874,completed,2977.54,2024-03-22 18:25:00
1551,875,completed,2308.21,2024-08-24 21:05:00
1552,358,returned,4738.04,2024-09-30 14:06:00
1553,88,pending,7344.6,2024-07-22 13:12:00
1554,412,cancelled,738.27,2024-06-24 19:31:00
1555,218,returned,1231.83,2024-08-20 01:34:00
1556,160,returned,1540.59,2024-04-19 10:36:00
1557,33,returned,717.76,2024-07-04 13:30:00
1558,219,completed,2193.78,2024-01-12 21:27:00
1559,277,cancelled,6393.3,2024-02-12 04:04:00
1560,281,returned,908.92,2024-12-30 14:55:00
1561,430,pending,6729.48,2024-05-12 05:53:00
1562,56,completed,8960.07,2024-08-07 10:48:00
1563,305,pending,2066.19,2024-08-02 15:30:00
1564,549,pending,9659.34,2024-08-11 11:58:00
1565,710,returned,8247.86,2024-10-14 19:12:00
1566,80,pending,3304.95,2024-06-11 00:09:00
1567,919,returned,9344.81,2024-09-12 10:07:00
1568,812,returned,2701.75,2024-01-02 14:53:00
1569,878,pending,6379.5,2024-11-23 18:06:00
1570,38,pending,7482.5,2024-04-06 13:44:00
1571,560,pending,6049.34,2024-04-20 11:13:00
1572,976,pending,9720.27,2024-10-22 00:23:00
1573,834,cancelled,260.29,2024-06-06 16:52:00
1574,889,completed,7023.24,2024-11-28 14:26:00
1575,421,cancelled,3586.89,2024-10-04 13:33:00
1576,998,cancelled,1222.46,2024-03-31 14:27:00
1577,383,pending,5572.26,2024-03-24 17:27:00
1578,391,cancelled,8466.41,2024-12-18 21:27:00
1579,650,cancelled,7050.72,2024-02-20 02:51:00
1580,858,completed,987.42,2024-01-09 19:59:00
1581,422,completed,5014.41,2024-11-15 17:06:00
1582,649,returned,5083.28,2024-01-17 21:18:00
1583,873,returned,2197.52,2024-08-20 17:24:00
1584,118,pending,8577.79,2024-03-04 11:50:00
1585,936,returned,4188.05,2024-11-26 22:50:00
1586,759,returned,175.29,2024-07-10 07:32:00
1587,291,cancelled,8808.11,2024-05-15 09:53:00
1588,925,returned,6765.68,2024-01-03 13:02:00
1589,16,completed,1618.42,2024-07-10 16:52:00
1590,760,cancelled,3417.39,2024-10-19 13:15:00
1591,570,returned,2007.34,2024-11-25 12:53:00
1592,53,returned,1375.82,2024-11-21 12:46:00
1593,178,returned,9051.3,2024-09-21 05:27:00
1594,237,completed,7129.25,2024-03-05 16:07:00
1595,647,returned,8446.0,2024-11-17 08:53:00
1596,567,pending,9492.13,2024-04-14 02:05:00
1597,27,returned,214.23,2024-10-30 04:01:00
1598,633,completed,5760.76,2024-01-13 23:46:00
1599,134,returned,6381.19,2024-07-02 05:15:00
1600,669,pending,3039.53,2024-10-01 07:46:00
1601,799,returned,7726.88,2024-12-03 01:17:00
1602,85,pending,6311.64,2024-11-22 18:55:00
1603,106,completed,4645.36,2024-11-01 03:06:00
1604,146,cancelled,2693.75,2024-04-02 02:04:00
1605,507,cancelled,9135.92,2024-04-16 12:06:00
1606,503,completed,4196.08,2024-09-06 20:04:00
1607,216,returned,3815.02,2024-06-09 20:58:00
1608,462,pending,1880.08,2024-01-06 05:42:00
1609,581,completed,1260.35,2024-06-24 11:30:00
1610,629,completed,1668.04,2024-05-10 03:12:00
1611,621,completed,5405.95,2024-09-22 16:48:00
1612,157,pending,8682.06,2024-02-28 06:01:00
1613,336,pending,2275.64,2024-12-20 04:17:00
1614,281,returned,2072.45,2024-02-17 11:45:00
1615,565,cancelled,4723.73,2024-09-10 13:32:00
1616,970,returned,9231.25,2024-05-08 05:12:00
1617,704,cancelled,9622.53,2024-02-22 18:50:00
1618,785,cancelled,1739.97,2024-04-15 23:31:00
1619,444,returned,4295.0,2024-05-19 10:39:00
1620,111,returned,4350.2,2024-10-17 11:23:00
1621,920,completed,4549.09,2024-01-18 16:16:00
1622,601,returned,3005.39,2024-11-26 16:22:00
1623,408,completed,1235.03,2024-06-14 13:50:00
1624,191,cancelled,2528.65,2024-04-20 21:23:00
1625,381,pending,7817.19,2024-03-03 00:20:00
1626,705,completed,7196.35,2024-04-19 14:36:00
1627,815,cancelled,8997.57,2024-10-14 02:24:00
1628,291,pending,5319.9,2024-02-22 17:17:00
1629,734,completed,5782.09,2024-11-26 13:43:00
1630,775,returned,3246.05,2024-06-12 06:12:00
1631,51,returned,5036.64,2024-05-20 13:07:00
1632,128,returned,1794.28,2024-06-16 18:24:00
1633,243,completed,2921.87,2024-11-25 18:00:00
1634,934,returned,2915.22,2024-07-25 01:57:00
1635,547,completed,3440.16,2024-01-09 02:30:00
1636,98,returned,7260.21,2024-05-20 10:48:00
1637,355,returned,889.7,2024-06-09 15:39:00
1638,49,returned,3054.59,2024-08-20 15:54:00
1639,657,completed,8446.45,2024-11-12 03:01:00
1640,230,completed,8272.02,2024-03-12 03:20:00
1641,883,returned,2340.78,2024-02-15 06:46:00
1642,924,cancelled,8179.86,2024-10-02 00:59:00
1643,705,completed,2670.91,2024-01-23 03:03:00
1644,970,cancelled,842.92,2024-06-17 22:39:00
1645,811,returned,2772.13,2024-03-28 04:37:00
1646,472,completed,1350.26,2024-03-16 18:56:00
1647,871,returned,6405.35,2024-12-08 03:33:00
1648,541,pending,5821.06,2024-12-04 15:17:00
1649,330,returned,2335.72,2024-05-15 09:45:00
1650,85,cancelled,5629.3,2024-05-04 21:41:00
1651,753,pending,6980.15,2024-02-08 15:03:00
1652,218,completed,6737.94,2024-08-27 12:12:00
1653,500,completed,3470.46,2024-10-29 16:32:00
1654,880,cancelled,7628.83,2024-06-08 22:29:00
1655,672,pending,8493.29,2024-02-24 04:14:00
1656,939,cancelled,3917.2,2024-08-19 19:32:00
1657,208,returned,1960.74,2024-05-22 13:10:00
1658,703,cancelled,9519.8,2024-10-22 20:06:00
1659,151,returned,8774.34,2024-02-26 07:01:00
1660,916,returned,1951.59,2024-01-15 15:42:00
1661,544,returned,3584.37,2024-03-01 17:05:00
1662,363,returned,2199.45,2024-07-22 16:27:00
1663,521,cancelled,626.26,2024-05-19 11:06:00
1664,51,returned,7346.82,2024-08-04 06:18:00
1665,194,returned,1848.79,2024-05-21 16:38:00
1666,506,returned,1180.93,2024-01-26 20:15:00
1667,982,completed,2273.84,2024-01-28 01:36:00
1668,273,pending,751.89,2024-02-21 08:14:00
1669,904,returned,3979.89,2024-02-21 07:46:00
1670,844,cancelled,5002.2,2024-03-28 06:22:00
1671,653,cancelled,7087.95,2024-05-27 23:00:00
1672,97,pending,5082.08,2024-12-24 19:30:00
1673,757,cancelled,8540.38,2024-12-18 07:10:00
1674,323,completed,1749.79,2024-06-19 14:09:00
1675,986,completed,6693.71,2024-08-07 10:01:00
1676,182,cancelled,8824.45,2024-03-28 21:48:00
1677,874,completed,5980.65,2024-08-30 18:00:00
1678,501,pending,4778.43,2024-01-24 00:36:00
1679,697,cancelled,8370.05,2024-09-25 16:10:00
1680,774,pending,7775.04,2024-02-21 09:51:00
1681,754,cancelled,4580.9,2024-06-28 17:16:00
1682,680,returned,2610.01,2024-08-22 00:52:00
1683,362,cancelled,7130.56,2024-09-22 21:54:00
1684,886,returned,1216.33,2024-12-17 16:46:00
1685,656,completed,1564.21,2024-07-29 07:42:00
1686,146,cancelled,5028.54,2024-05-05 18:47:00
1687,713,returned,3658.26,2024-02-15 06:58:00
1688,978,returned,6423.46,2024-05-20 20:43:00
1689,558,returned,9874.58,2024-09-26 05:16:00
1690,933,cancelled,8891.15,2024-07-19 18:26:00
1691,968,cancelled,3162.3,2024-01-22 18:33:00
1692,719,cancelled,8358.3,2024-03-03 13:50:00
1693,466,cancelled,2955.24,2024-01-05 15:59:00
1694,702,pending,4716.54,2024-03-17 16:18:00
1695,639,pending,3106.09,2024-05-27 02:51:00
1696,302,completed,4593.2,2024-04-21 09:52:00
1697,608,completed,626.61,2024-06-05 00:27:00
1698,361,completed,594.03,2024-03-11 11:56:00
1699,291,pending,9541.48,2024-12-31 08:09:00
1700,751,pending,4377.3,2024-02-11 09:14:00
1701,33,returned,9336.05,2024-05-07 21:40:00
1702,396,returned,4051.22,2024-02-20 08:58:00
1703,310,cancelled,1815.69,2024-08-11 21:56:00
1704,331,pending,6864.88,2024-04-12 08:08:00
1705,427,pending,3080.52,2024-02-13 09:36:00
1706,950,returned,5503.72,2024-07-11 13:06:00
1707,142,returned,6971.92,2024-09-14 21:45:00
1708,367,returned,3606.52,2024-08-26 13:26:00
1709,473,completed,9134.33,2024-01-14 13:05:00
1710,774,pending,6190.56,2024-06-03 07:37:00
1711,525,cancelled,1360.02,2024-10-05 18:56:00
1712,301,completed,7577.82,2024-07-20 04:25:00
1713,687,completed,4681.8,2024-09-22 14:53:00
1714,56,completed,641.46,2024-11-28 03:21:00
1715,609,completed,8237.21,2024-10-16 15:44:00
1716,340,completed,1302.28,2024-10-26 21:32:00
1717,758,completed,7045.57,2024-09-21 04:35:00
1718,759,returned,1450.39,2024-12-11 20:54:00
1719,159,cancelled,6319.57,2024-01-04 15:39:00
1720,705,pending,1235.62,2024-01-01 04:38:00
1721,902,completed,5246.24,2024-05-06 06:06:00
1722,486,completed,8343.99,2024-08-15 12:03:00
1723,949,completed,3069.25,2024-09-04 05:52:00
1724,241,cancelled,8234.7,2024-12-14 14:54:00
1725,674,completed,4380.3,2024-11-21 00:11:00
1726,146,pending,1790.68,2024-12-24 17:12:00
1727,488,returned,2971.36,2024-12-07 03:37:00
1728,505,cancelled,6710.23,2024-07-19 12:44:00
1729,820,completed,4693.24,2024-08-05 04:01:00
1730,291,returned,1289.25,2024-07-18 00:37:00
1731,311,completed,6486.58,2024-12-02 19:28:00
1732,44,cancelled,9631.69,2024-08-27 23:29:00
1733,284,completed,9819.36,2024-07-02 16:54:00
1734,882,pending,3553.46,2024-12-27 16:24:00
1735,526,completed,1827.52,2024-03-18 11:41:00
1736,737,cancelled,4648.87,2024-03-12 08:50:00
1737,781,cancelled,9242.42,2024-02-04 20:30:00
1738,386,returned,6097.83,2024-04-02 18:45:00
1739,950,cancelled,1381.28,2024-06-14 18:37:00
1740,357,returned,768.94,2024-01-16 23:10:00
1741,238,completed,6686.08,2024-09-12 21:30:00
1742,332,pending,9815.15,2024-05-01 03:57:00
1743,902,pending,7308.82,2024-07-15 13:59:00
1744,66,completed,6157.85,2024-02-28 01:54:00
1745,768,completed,4471.13,2024-07-10 19:40:00
1746,861,completed,9243.15,2024-06-13 03:44:00
1747,461,returned,1418.84,2024-11-22 18:35:00
1748,205,pending,2599.7,2024-08-12 21:18:00
1749,231,pending,7447.32,2024-08-10 16:51:00
1750,809,pending,951.58,2024-01-13 20:42:00
1751,99,pending,429.07,2024-03-12 00:23:00
1752,793,returned,5726.12,2024-02-06 10:11:00
1753,699,returned,1982.36,2024-04-16 18:52:00
1754,486,cancelled,3629.2,2024-10-13 04:51:00
1755,69,returned,4332.37,2024-07-11 02:36:00
1756,81,pending,7845.63,2024-06-01 03:07:00
1757,511,pending,609.64,2024-10-03 10:01:00
1758,230,cancelled,9230.51,2024-05-08 12:45:00
1759,367,completed,8737.18,2024-03-21 09:04:00
1760,548,pending,8546.63,2024-11-08 16:19:00
1761,409,completed,5504.82,2024-02-26 18:30:00
1762,960,cancelled,6567.0,2024-01-17 10:26:00
1763,268,pending,3411.96,2024-01-31 04:13:00
1764,561,cancelled,9249.33,2024-12-05 01:15:00
1765,506,completed,8076.05,2024-10-15 19:44:00
1766,856,completed,3523.87,2024-02-06 13:38:00
1767,758,completed,8886.43,2024-09-02 04:17:00
1768,741,completed,1130.21,2024-09-11 16:14:00
1769,666,cancelled,4372.0,2024-06-04 07:01:00
1770,954,completed,360.9,2024-04-10 17:38:00
1771,881,returned,6851.22,2024-01-10 17:30:00
1772,54,returned,7680.25,2024-12-22 04:27:00
1773,719,returned,5540.49,2024-02-29 14:07:00
1774,919,cancelled,3582.71,2024-06-24 13:58:00
1775,60,pending,2397.13,2024-10-28 00:14:00
1776,423,completed,9910.29,2024-01-08 23:15:00
1777,833,completed,858.46,2024-03-05 14:11:00
1778,290,completed,3209.85,2024-11-04 20:56:00
1779,251,cancelled,1384.19,2024-07-22 15:42:00
1780,126,completed,856.14,2024-10-05 06:31:00
1781,723,cancelled,8986.64,2024-04-22 14:45:00
1782,310,cancelled,7824.06,2024-05-29 20:15:00
1783,540,cancelled,3256.7,2024-10-04 16:06:00
1784,56,cancelled,9014.21,2024-12-27 19:31:00
1785,287,completed,2115.19,2024-03-11 16:14:00
1786,313,pending,1315.21,2024-03-13 01:15:00
1787,716,returned,6534.09,2024-08-20 03:01:00
1788,511,completed,2775.96,2024-10-28 12:19:00
1789,848,completed,691.23,2024-11-08 12:31:00
1790,20,returned,3908.17,2024-01-23 07:13:00
1791,389,pending,6633.26,2024-09-29 01:42:00
1792,313,completed,5461.34,2024-06-27 00:58:00
1793,624,cancelled,9234.72,2024-05-14 18:13:00
1794,776,completed,3475.35,2024-11-14 13:55:00
1795,438,completed,8093.23,2024-10-10 12:46:00
1796,955,cancelled,8599.29,2024-09-30 14:27:00
1797,587,cancelled,1709.23,2024-07-14 14:47:00
1798,947,pending,1405.54,2024-01-08 08:51:00
1799,699,cancelled,946.81,2024-05-07 17:18:00
1800,346,returned,482.2,2024-05-20 11:17:00
1801,676,cancelled,7846.02,2024-11-07 00:07:00
1802,315,cancelled,8376.4,2024-04-01 14:29:00
1803,18,returned,187.82,2024-01-19 11:30:00
1804,654,pending,4145.25,2024-10-23 02:17:00
1805,919,cancelled,9537.6,2024-08-13 05:16:00
1806,785,cancelled,2669.45,2024-09-10 04:14:00
1807,646,pending,1554.33,2024-11-12 20:03:00
1808,239,completed,6580.55,2024-04-04 21:32:00
1809,882,returned,5840.92,2024-01-22 17:45:00
1810,234,completed,9521.87,2024-05-12 08:01:00
1811,695,cancelled,5450.37,2024-01-23 19:15:00
1812,359,completed,867.04,2024-08-15 03:32:00
1813,80,pending,2120.01,2024-10-19 11:53:00
1814,843,returned,806.79,2024-08-06 09:09:00
1815,26,cancelled,6108.97,2024-07-03 10:26:00
1816,919,cancelled,4759.78,2024-05-30 19:01:00
1817,165,cancelled,541.64,2024-03-17 18:01:00
1818,109,pending,8099.54,2024-09-18 22:49:00
1819,760,cancelled,9405.4,2024-07-12 18:02:00
1820,673,pending,3872.79,2024-11-28 02:04:00
1821,982,pending,5697.48,2024-10-21 20:35:00
1822,752,returned,5435.78,2024-03-03 16:51:00
1823,53,returned,6626.06,2024-09-23 14:20:00
1824,276,pending,8376.49,2024-05-30 07:21:00
1825,249,cancelled,2385.82,2024-06-10 23:07:00
1826,710,pending,4505.57,2024-07-28 11:05:00
1827,361,completed,9154.89,2024-11-30 15:38:00
1828,236,returned,7884.41,2024-04-27 18:52:00
1829,847,pending,9264.6,2024-05-05 13:43:00
1830,599,pending,6094.9,2024-05-26 10:20:00
1831,121,completed,4144.18,2024-09-15 04:36:00
1832,507,pending,9008.74,2024-08-20 00:10:00
1833,124,returned,2707.42,2024-10-10 22:59:00
1834,482,completed,1351.34,2024-01-18 13:01:00
1835,707,pending,9900.34,2024-03-08 16:55:00
1836,543,returned,9052.18,2024-06-30 04:25:00
1837,714,pending,7148.64,2024-03-01 10:57:00
1838,845,cancelled,5955.63,2024-11-11 03:46:00
1839,47,completed,7413.61,2024-06-30 14:58:00
1840,419,returned,7432.91,2024-08-11 09:48:00
1841,489,pending,7361.09,2024-10-28 16:05:00
1842,156,completed,5976.18,2024-07-08 21:41:00
1843,465,returned,3272.33,2024-03-31 16:46:00
1844,603,cancelled,9453.2,2024-02-19 07:19:00
1845,506,cancelled,578.05,2024-09-22 16:37:00
1846,521,returned,2924.05,2024-07-15 10:48:00
1847,183,pending,515.15,2024-04-17 13:33:00
1848,285,cancelled,1084.72,2024-05-25 05:07:00
1849,295,cancelled,4917.69,2024-04-24 05:18:00
1850,962,cancelled,9889.18,2024-02-24 07:42:00
1851,286,pending,1050.16,2024-10-09 16:48:00
1852,173,completed,6024.08,2024-01-21 17:34:00
1853,819,pending,165.98,2024-01-14 11:13:00
1854,289,returned,7347.69,2024-09-23 04:53:00
1855,465,cancelled,9188.15,2024-12-27 03:28:00
1856,911,returned,4983.23,2024-02-14 04:17:00
1857,750,completed,9687.55,2024-02-10 23:50:00
1858,228,completed,3338.45,2024-09-16 10:17:00
1859,465,completed,7097.42,2024-06-10 01:27:00
1860,103,cancelled,1984.95,2024-10-12 21:53:00
1861,899,completed,9496.91,2024-11-17 00:15:00
1862,141,returned,8733.94,2024-04-22 21:12:00
1863,272,returned,1599.19,2024-04-05 23:31:00
1864,290,pending,2065.87,2024-02-15 16:54:00
1865,741,pending,131.66,2024-02-04 15:35:00
1866,626,pending,7128.91,2024-01-20 13:44:00
1867,270,returned,6347.16,2024-04-30 20:22:00
1868,496,pending,8791.11,2024-04-28 09:42:00
1869,497,returned,7987.79,2024-07-19 19:22:00
1870,557,returned,3024.63,2024-04-22 03:56:00
1871,919,cancelled,4253.98,2024-08-16 10:15:00
1872,679,returned,1246.61,2024-08-25 10:42:00
1873,117,cancelled,6999.99,2024-12-26 04:49:00
1874,904,returned,8417.2,2024-09-07 19:26:00
1875,704,pending,386.73,2024-05-17 16:13:00
1876,912,returned,701.95,2024-06-14 08:43:00
1877,326,returned,3974.65,2024-08-14 13:25:00
1878,267,completed,2756.34,2024-04-22 10:40:00
1879,839,completed,3154.26,2024-07-28 07:36:00
1880,897,pending,5406.53,2024-11-16 03:39:00
1881,626,cancelled,1379.23,2024-10-03 00:46:00
1882,22,returned,993.5,2024-12-26 10:58:00
1883,362,completed,6583.82,2024-09-22 06:23:00
1884,549,pending,9853.65,2024-10-01 12:55:00
1885,736,pending,2972.86,2024-03-23 11:21:00
1886,424,pending,5574.22,2024-05-07 00:02:00
1887,866,completed,7575.71,2024-09-26 03:32:00
1888,408,returned,518.62,2024-05-24 09:01:00
1889,236,pending,434.4,2024-03-04 12:41:00
1890,411,pending,8201.13,2024-05-18 02:04:00
1891,76,returned,299.53,2024-10-04 19:58:00
1892,156,completed,7385.15,2024-07-19 06:53:00
1893,621,cancelled,7869.24,2024-08-05 16:47:00
1894,24,cancelled,2813.09,2024-04-13 03:16:00
1895,993,returned,3828.15,2024-08-07 02:14:00
1896,991,returned,5653.86,2024-09-04 09:58:00
1897,720,pending,3885.84,2024-09-11 23:25:00
1898,975,cancelled,7650.73,2024-12-31 03:28:00
1899,230,completed,4033.75,2024-04-28 14:23:00
1900,489,completed,6463.9,2024-06-19 04:51:00
1901,646,completed,1044.35,2024-03-27 06:55:00
1902,965,returned,5974.75,2024-02-12 04:25:00
1903,632,returned,5281.72,2024-10-17 07:03:00
1904,786,returned,2595.04,2024-06-08 23:21:00
1905,855,pending,461.45,2024-12-18 18:38:00
1906,417,completed,2754.63,2024-04-17 17:50:00
1907,501,returned,3198.86,2024-11-29 07:20:00
1908,473,returned,5192.87,2024-02-11 03:27:00
1909,717,completed,3819.29,2024-01-07 05:33:00
1910,767,completed,1745.35,2024-08-12 03:02:00
1911,907,returned,5002.33,2024-11-16 16:31:00
1912,144,returned,4054.12,2024-05-31 03:27:00
1913,302,cancelled,5272.55,2024-11-10 11:36:00
1914,666,pending,1501.02,2024-09-24 21:13:00
1915,823,cancelled,5241.86,2024-05-08 15:29:00
1916,216,cancelled,9278.09,2024-03-10 05:33:00
1917,733,returned,197.23,2024-08-01 05:09:00
1918,482,completed,9933.77,2024-01-03 09:44:00
1919,193,pending,6971.05,2024-10-02 14:21:00
1920,97,completed,6287.23,2024-10-31 05:04:00
1921,359,pending,3515.08,2024-01-08 06:17:00
1922,292,returned,5886.24,2024-06-05 11:39:00
1923,786,returned,9349.65,2024-10-14 17:41:00
1924,676,pending,867.01,2024-03-19 03:46:00
1925,222,cancelled,1865.42,2024-10-15 03:08:00
1926,817,returned,3368.59,2024-10-30 19:17:00
1927,990,returned,2172.14,2024-01-02 07:13:00
1928,94,pending,1519.0,2024-08-31 00:20:00
1929,80,completed,1456.05,2024-08-13 13:42:00
1930,484,cancelled,3095.33,2024-03-01 07:35:00
1931,403,returned,7761.8,2024-12-27 15:22:00
1932,320,cancelled,5353.79,2024-11-05 06:10:00
1933,969,cancelled,7142.34,2024-08-11 17:28:00
1934,502,cancelled,6885.14,2024-10-12 13:41:00
1935,357,pending,350.43,2024-07-06 14:49:00
1936,687,cancelled,7312.07,2024-04-19 19:35:00
1937,898,pending,3886.33,2024-04-01 23:00:00
1938,201,returned,3673.81,2024-04-09 00:37:00
1939,318,cancelled,1031.67,2024-07-07 08:32:00
1940,944,completed,6107.07,2024-01-18 20:17:00
1941,658,returned,4043.11,2024-12-22 22:16:00
1942,281,completed,9714.29,2024-01-16 22:59:00
1943,483,returned,4953.97,2024-08-30 23:55:00
1944,664,completed,478.12,2024-01-15 19:57:00
1945,731,pending,7085.83,2024-03-31 04:05:00
1946,430,completed,654.88,2024-11-22 22:03:00
1947,322,completed,8593.11,2024-05-22 06:41:00
1948,629,completed,3393.38,2024-12-10 10:57:00
1949,727,pending,9066.68,2024-10-27 23:23:00
1950,529,completed,9411.4,2024-07-25 13:53:00
1951,684,completed,743.05,2024-09-13 04:46:00
1952,274,completed,1808.59,2024-01-23 08:38:00
1953,204,returned,1812.39,2024-01-02 09:17:00
1954,575,cancelled,1265.37,2024-08-26 18:53:00
1955,714,completed,5705.27,2024-08-25 02:07:00
1956,941,completed,1906.76,2024-02-14 05:20:00
1957,606,completed,7690.55,2024-01-06 06:40:00
1958,384,returned,904.62,2024-05-06 09:53:00
1959,698,pending,7499.34,2024-03-08 09:03:00
1960,389,cancelled,1862.24,2024-03-12 18:20:00
1961,424,pending,8369.23,2024-05-19 06:11:00
1962,303,cancelled,7005.83,2024-05-15 02:31:00
1963,364,cancelled,3553.71,2024-11-24 16:28:00
1964,850,pending,463.64,2024-10-26 12:09:00
1965,551,pending,9938.18,2024-08-10 11:41:00
1966,831,cancelled,2153.72,2024-12-24 16:35:00
1967,850,cancelled,998.5,2024-04-17 08:13:00
1968,479,cancelled,411.34,2024-02-29 16:42:00
1969,647,pending,4804.58,2024-08-27 18:20:00
1970,382,returned,6617.22,2024-01-18 10:44:00
1971,108,cancelled,8706.36,2024-01-05 05:26:00
1972,487,cancelled,3433.05,2024-02-21 05:58:00
1973,367,cancelled,1711.18,2024-10-06 05:48:00
1974,23,returned,8111.29,2024-08-21 18:36:00
1975,712,returned,7336.45,2024-08-30 07:16:00
1976,741,cancelled,6049.33,2024-09-04 21:25:00
1977,308,completed,9710.58,2024-04-29 16:06:00
1978,432,returned,7763.32,2024-10-22 12:37:00
1979,30,pending,5170.82,2024-06-02 19:44:00
1980,966,pending,9519.79,2024-10-17 04:08:00
1981,680,cancelled,7906.84,2024-01-28 02:19:00
1982,812,pending,8034.75,2024-08-22 12:10:00
1983,472,completed,6620.23,2024-04-12 05:19:00
1984,315,completed,1927.48,2024-04-14 13:05:00
1985,742,pending,1625.97,2024-10-11 11:00:00
1986,489,pending,3512.65,2024-08-29 17:43:00
1987,404,pending,9137.05,2024-12-08 12:53:00
1988,475,pending,7654.26,2024-02-19 12:08:00
1989,326,pending,4058.85,2024-06-16 09:52:00
1990,691,returned,6009.69,2024-09-30 02:22:00
1991,501,completed,2294.77,2024-11-07 05:49:00
1992,241,cancelled,3686.58,2024-09-13 00:39:00
1993,614,returned,9154.4,2024-11-26 07:08:00
1994,512,pending,538.05,2024-06-03 13:05:00
1995,348,returned,6575.04,2024-08-05 04:18:00
1996,319,returned,6785.2,2024-09-03 01:16:00
1997,982,returned,1877.23,2024-07-22 21:33:00
1998,855,completed,4702.73,2024-02-12 11:43:00
1999,751,completed,6593.1,2024-07-26 00:10:00
2000,327,pending,5789.35,2024-07-15 21:29:00
2001,12,returned,6572.79,2024-12-09 12:27:00
2002,790,completed,3099.25,2024-05-12 23:40:00
2003,119,returned,5070.41,2024-08-30 22:21:00
2004,865,cancelled,1205.55,2024-04-01 13:34:00
2005,778,returned,8716.11,2024-02-10 04:00:00
2006,346,cancelled,2056.37,2024-11-10 23:55:00
2007,466,returned,580.58,2024-05-24 01:07:00
2008,889,returned,4656.48,2024-01-26 19:43:00
2009,379,cancelled,4314.46,2024-12-11 09:49:00
2010,839,completed,5473.21,2024-04-01 09:22:00
2011,428,completed,4523.02,2024-06-01 20:02:00
2012,611,completed,3636.72,2024-01-19 17:47:00
2013,406,pending,1834.81,2024-09-30 03:08:00
2014,745,pending,6365.91,2024-08-08 08:22:00
2015,996,returned,6921.02,2024-05-04 23:52:00
2016,537,returned,502.35,2024-06-16 11:02:00
2017,151,completed,3880.94,2024-02-10 10:59:00
2018,653,cancelled,4283.05,2024-01-12 05:47:00
2019,264,completed,8384.85,2024-08-09 03:50:00
2020,197,cancelled,9949.69,2024-11-11 16:34:00
2021,875,pending,6973.15,2024-01-26 11:36:00
2022,485,pending,7631.12,2024-08-11 08:47:00
2023,706,pending,2840.85,2024-12-09 01:38:00
2024,409,pending,6814.26,2024-05-19 00:26:00
2025,213,completed,7842.3,2024-12-02 04:17:00
2026,274,returned,6030.89,2024-11-21 10:06:00
2027,227,pending,278.92,2024-06-15 07:04:00
2028,627,cancelled,7308.82,2024-11-07 14:37:00
2029,431,cancelled,5460.43,2024-08-31 17:00:00
2030,352,cancelled,3264.46,2024-08-15 04:29:00
2031,875,returned,2185.31,2024-12-23 05:43:00
2032,400,cancelled,4089.09,2024-12-04 18:05:00
2033,647,returned,5657.12,2024-06-25 02:13:00
2034,766,cancelled,3109.92,2024-06-10 14:43:00
2035,479,completed,1643.41,2024-10-26 05:39:00
2036,361,returned,4212.39,2024-01-12 09:35:00
2037,762,returned,9897.83,2024-07-11 17:08:00
2038,388,completed,1060.1,2024-04-21 06:07:00
2039,585,cancelled,1868.36,2024-03-22 23:25:00
2040,564,returned,3585.04,2024-04-21 13:57:00
2041,614,cancelled,3262.09,2024-07-04 20:06:00
2042,681,cancelled,5072.82,2024-09-29 12:14:00
2043,880,returned,4998.85,2024-08-25 09:52:00
2044,947,returned,1653.98,2024-03-31 12:18:00
2045,4,cancelled,7653.06,2024-12-01 05:43:00
2046,930,completed,3895.2,2024-11-30 13:26:00
2047,421,pending,6400.53,2024-11-12 07:08:00
2048,625,completed,6035.72,2024-07-28 00:20:00
2049,625,pending,1747.94,2024-11-16 15:43:00
2050,94,cancelled,324.92,2024-11-03 20:24:00
2051,566,pending,8518.06,2024-03-23 14:23:00
2052,741,pending,1834.59,2024-12-30 06:20:00
2053,136,cancelled,741.65,2024-01-16 06:36:00
2054,473,returned,2525.97,2024-11-04 14:15:00
2055,816,pending,9730.77,2024-09-13 20:07:00
2056,823,cancelled,8733.65,2024-03-22 07:29:00
2057,740,completed,168.14,2024-01-17 21:43:00
2058,417,returned,8635.47,2024-02-06 13:16:00
2059,905,completed,7186.37,2024-11-06 20:34:00
2060,732,completed,4441.36,2024-01-31 09:51:00
2061,408,completed,3697.4,2024-09-18 20:41:00
2062,451,returned,7895.49,2024-02-23 04:54:00
2063,269,completed,7247.74,2024-07-06 13:42:00
2064,348,pending,9138.45,2024-09-04 06:16:00
2065,100,cancelled,6456.15,2024-02-07 14:57:00
2066,727,returned,7549.77,2024-05-13 10:18:00
2067,706,returned,3373.55,2024-08-18 22:16:00
2068,582,cancelled,5984.84,2024-03-12 04:33:00
2069,296,completed,2288.11,2024-07-08 18:23:00
2070,731,cancelled,3135.96,2024-03-22 18:40:00
2071,313,returned,7159.48,2024-12-10 09:09:00
2072,762,pending,1550.61,2024-05-29 12:16:00
2073,653,pending,377.25,2024-04-18 18:19:00
2074,152,completed,2668.27,2024-09-17 23:55:00
2075,530,returned,4822.05,2024-03-28 11:41:00
2076,160,cancelled,5281.04,2024-07-12 15:41:00
2077,174,returned,1836.33,2024-07-13 00:42:00
2078,970,completed,3489.43,2024-06-07 06:14:00
2079,154,cancelled,6125.55,2024-03-02 20:12:00
2080,366,returned,4647.28,2024-11-22 00:53:00
2081,765,pending,7439.64,2024-07-05 21:02:00
2082,409,completed,9525.08,2024-09-16 02:17:00
2083,567,completed,9707.33,2024-01-29 14:36:00
2084,536,pending,2522.45,2024-04-03 22:59:00
2085,667,pending,2360.57,2024-08-21 05:02:00
2086,624,cancelled,5564.56,2024-02-16 23:12:00
2087,751,completed,9070.8,2024-03-08 16:19:00
2088,63,pending,2353.1,2024-10-26 18:30:00
2089,476,completed,5415.64,2024-01-27 10:50:00
2090,650,completed,2044.62,2024-02-29 14:05:00
2091,488,pending,1088.77,2024-10-28 06:38:00
2092,499,cancelled,5736.36,2024-10-24 13:55:00
2093,927,completed,7227.82,2024-08-14 20:12:00
2094,604,returned,9923.15,2024-05-08 13:38:00
2095,278,returned,6348.17,2024-06-17 16:30:00
2096,527,cancelled,9519.21,2024-06-02 08:55:00
2097,545,pending,3477.31,2024-12-13 17:32:00
2098,317,returned,1203.55,2024-04-03 15:00:00
2099,327,returned,5008.3,2024-04-01 02:48:00
2100,443,cancelled,1036.22,2024-08-14 10:40:00
2101,704,pending,2016.6,2024-02-25 07:13:00
2102,315,cancelled,3268.16,2024-09-28 15:06:00
2103,702,cancelled,9282.76,2024-04-17 18:43:00
2104,159,cancelled,1648.24,2024-07-21 05:54:00
2105,162,pending,3324.24,2024-09-21 15:41:00
2106,610,returned,7819.57,2024-05-17 07:59:00
2107,270,returned,9349.87,2024-06-04 11:09:00
2108,314,cancelled,7294.43,2024-06-10 14:19:00
2109,436,returned,7650.68,2024-01-03 12:03:00
2110,992,returned,3600.76,2024-03-12 14:49:00
2111,281,completed,8203.48,2024-04-13 06:42:00
2112,734,cancelled,3018.49,2024-07-10 00:20:00
2113,438,returned,3324.28,2024-10-13 23:12:00
2114,817,pending,6213.8,2024-08-13 08:06:00
2115,77,pending,1688.14,2024-09-02 23:37:00
2116,482,completed,7834.16,2024-07-18 22:58:00
2117,724,returned,2573.48,2024-11-06 18:24:00
2118,61,completed,655.53,2024-06-24 08:34:00
2119,379,returned,9243.7,2024-02-26 15:08:00
2120,902,completed,3313.0,2024-07-30 04:55:00
2121,155,cancelled,5783.47,2024-10-14 02:28:00
2122,252,cancelled,5770.06,2024-12-04 08:35:00
2123,544,cancelled,6926.74,2024-03-12 02:55:00
2124,805,cancelled,9576.28,2024-07-03 14:47:00
2125,906,pending,1922.99,2024-08-27 07:29:00
2126,371,cancelled,2069.95,2024-12-26 08:16:00
2127,619,completed,1488.67,2024-11-24 13:27:00
2128,406,returned,8001.16,2024-09-27 01:58:00
2129,525,cancelled,260.39,2024-08-11 01:32:00
2130,895,cancelled,7922.36,2024-09-08 09:36:00
2131,342,completed,7370.89,2024-10-16 02:35:00
2132,800,completed,5364.45,2024-09-19 02:36:00
2133,945,returned,6139.31,2024-04-07 02:49:00
2134,701,returned,8195.78,2024-08-26 14:56:00
2135,902,pending,6539.39,2024-02-07 05:41:00
2136,590,cancelled,4595.07,2024-12-20 23:52:00
2137,972,returned,8905.03,2024-07-24 18:18:00
2138,7,returned,286.83,2024-04-25 10:27:00
2139,155,cancelled,8570.19,2024-10-26 21:49:00
2140,335,returned,6570.77,2024-04-12 18:59:00
2141,364,pending,1969.59,2024-03-16 06:19:00
2142,186,completed,359.62,2024-11-04 01:49:00
2143,131,cancelled,9551.14,2024-06-16 10:59:00
2144,236,pending,2096.84,2024-03-24 13:17:00
2145,239,pending,7746.22,2024-01-14 04:56:00
2146,921,returned,1318.79,2024-07-11 00:28:00
2147,889,pending,3866.12,2024-08-16 14:25:00
2148,204,pending,7732.74,2024-10-29 03:05:00
2149,993,pending,5116.36,2024-10-23 23:33:00
2150,125,pending,7590.4,2024-03-02 15:47:00
2151,620,cancelled,7521.86,2024-06-11 13:12:00
2152,216,completed,8017.93,2024-07-03 15:16:00
2153,521,completed,9454.48,2024-01-09 00:24:00
2154,823,returned,4063.05,2024-02-21 11:23:00
2155,969,cancelled,8381.69,2024-08-10 20:19:00
2156,235,completed,6539.28,2024-07-18 15:01:00
2157,975,cancelled,7323.33,2024-06-14 01:09:00
2158,868,pending,1855.85,2024-01-05 04:33:00
2159,160,pending,6981.2,2024-01-20 01:38:00
2160,822,pending,8676.82,2024-12-04 09:23:00
2161,633,returned,8250.18,2024-08-02 05:11:00
2162,959,pending,7445.47,2024-12-08 05:23:00
2163,901,completed,7886.91,2024-01-16 15:13:00
2164,314,returned,6290.59,2024-05-15 19:20:00
2165,30,completed,3382.66,2024-08-28 01:47:00
2166,893,pending,9144.41,2024-01-24 17:24:00
2167,781,pending,1665.91,2024-01-08 11:57:00
2168,229,completed,4256.84,2024-02-03 03:30:00
2169,476,returned,8575.79,2024-10-01 14:08:00
2170,878,completed,3183.17,2024-08-28 08:08:00
2171,331,cancelled,9573.36,2024-12-08 22:06:00
2172,490,returned,7512.32,2024-10-19 06:08:00
2173,225,pending,8073.93,2024-03-14 07:42:00
2174,85,completed,7200.95,2024-05-24 19:06:00
2175,256,pending,2581.64,2024-12-03 09:21:00
2176,728,returned,6716.73,2024-09-23 16:36:00
2177,905,cancelled,7622.95,2024-03-08 10:27:00
2178,384,pending,5835.75,2024-01-18 23:57:00
2179,819,returned,6355.61,2024-04-11 05:00:00
2180,147,completed,8370.25,2024-05-01 05:25:00
2181,331,completed,5763.66,2024-09-04 11:12:00
2182,644,returned,4575.83,2024-04-19 14:39:00
2183,270,returned,1266.41,2024-05-23 20:49:00
2184,527,cancelled,3438.82,2024-04-05 08:21:00
2185,827,returned,7742.88,2024-08-21 21:06:00
2186,685,cancelled,7656.37,2024-05-14 02:50:00
2187,375,returned,6458.7,2024-10-05 04:06:00
2188,233,returned,8317.77,2024-03-02 17:45:00
2189,303,pending,8745.74,2024-06-06 14:27:00
2190,567,completed,9666.3,2024-09-15 05:25:00
2191,840,pending,1502.91,2024-12-14 07:49:00
2192,18,pending,7360.78,2024-06-30 16:38:00
2193,799,pending,5672.54,2024-09-28 16:03:00
2194,820,cancelled,5440.63,2024-12-21 16:10:00
2195,384,pending,1091.37,2024-03-25 20:40:00
2196,880,pending,8448.06,2024-03-18 17:39:00
2197,435,pending,2856.37,2024-07-24 09:24:00
2198,923,returned,8948.07,2024-08-27 10:08:00
2199,739,cancelled,103.5,2024-05-08 22:35:00
2200,685,cancelled,2166.67,2024-11-09 19:04:00
2201,61,returned,1489.0,2024-09-03 05:48:00
2202,996,pending,3973.26,2024-03-22 20:26:00
2203,401,pending,2560.88,2024-06-28 02:14:00
2204,987,cancelled,1490.36,2024-07-24 03:46:00
2205,758,pending,2137.73,2024-03-13 21:17:00
2206,779,cancelled,206.61,2024-03-01 16:19:00
2207,537,completed,7739.41,2024-11-02 15:14:00
2208,677,returned,3058.34,2024-03-04 17:47:00
2209,625,returned,1621.4,2024-06-23 08:02:00
2210,391,cancelled,1217.09,2024-08-26 13:37:00
2211,173,returned,7608.75,2024-04-25 16:06:00
2212,91,cancelled,2488.8,2024-12-06 15:53:00
2213,719,returned,4274.57,2024-11-22 03:55:00
2214,789,cancelled,8439.02,2024-05-21 08:40:00
2215,521,cancelled,4254.49,2024-05-08 11:05:00
2216,14,completed,7159.65,2024-09-05 07:37:00
2217,507,pending,5951.74,2024-12-06 08:06:00
2218,800,returned,5650.64,2024-10-16 12:38:00
2219,532,returned,516.8,2024-02-25 18:53:00
2220,813,completed,5798.69,2024-03-01 07:23:00
2221,595,returned,8171.31,2024-01-21 11:41:00
2222,808,returned,8537.11,2024-10-20 16:02:00
2223,963,returned,8150.29,2024-11-17 23:49:00
2224,443,completed,2238.79,2024-04-02 00:40:00
2225,969,cancelled,1078.16,2024-07-30 00:46:00
2226,468,cancelled,3650.03,2024-12-15 11:22:00
2227,997,pending,2838.66,2024-01-25 10:29:00
2228,716,cancelled,7709.25,2024-03-23 06:35:00
2229,790,cancelled,7432.98,2024-06-27 05:54:00
2230,512,completed,3404.26,2024-11-11 17:47:00
2231,825,pending,3233.69,2024-06-05 03:58:00
2232,740,completed,6430.57,2024-06-09 19:31:00
2233,655,pending,7589.99,2024-04-13 08:54:00
2234,725,returned,3570.88,2024-08-12 11:48:00
2235,164,pending,3295.32,2024-02-27 06:37:00
2236,318,cancelled,7592.03,2024-10-02 05:25:00
2237,634,completed,2066.33,2024-02-16 22:38:00
2238,937,returned,8536.87,2024-03-15 22:21:00
2239,546,cancelled,4027.89,2024-07-16 03:54:00
2240,980,cancelled,6172.86,2024-02-12 10:14:00
2241,454,completed,2534.45,2024-03-20 21:17:00
2242,27,returned,2322.24,2024-12-21 07:15:00
2243,897,pending,4459.52,2024-04-20 04:00:00
2244,304,pending,9649.45,2024-11-09 15:53:00
2245,450,returned,5607.59,2024-10-17 06:26:00
2246,191,returned,6309.83,2024-07-17 23:16:00
2247,724,cancelled,8053.92,2024-05-14 13:23:00
2248,374,pending,3269.53,2024-07-01 02:44:00
2249,138,cancelled,8613.45,2024-12-25 07:50:00
2250,552,pending,1056.55,2024-09-16 22:30:00
2251,549,cancelled,1137.6,2024-11-05 07:46:00
2252,357,pending,4706.34,2024-10-21 01:29:00
2253,634,returned,5021.62,2024-08-11 02:10:00
2254,23,returned,5634.06,2024-01-30 11:30:00
2255,889,pending,731.39,2024-06-30 02:46:00
2256,283,cancelled,9478.78,2024-01-15 22:38:00
2257,503,returned,7071.76,2024-03-09 12:13:00
2258,678,returned,3167.27,2024-12-22 21:19:00
2259,339,pending,5741.59,2024-09-17 13:09:00
2260,785,cancelled,8641.07,2024-11-08 01:45:00
2261,773,cancelled,5915.73,2024-02-06 19:04:00
2262,543,returned,7330.77,2024-04-09 07:38:00
2263,793,pending,8373.82,2024-01-16 20:59:00
2264,507,completed,3384.72,2024-02-18 12:36:00
2265,718,returned,8068.65,2024-07-14 22:30:00
2266,142,cancelled,1911.6,2024-06-08 11:11:00
2267,725,returned,8802.74,2024-09-12 02:11:00
2268,267,returned,2086.01,2024-06-28 20:40:00
2269,84,cancelled,4572.1,2024-02-18 16:16:00
2270,21,completed,9821.9,2024-01-31 21:23:00
2271,98,pending,117.12,2024-09-27 00:00:00
2272,335,returned,3132.01,2024-10-17 18:23:00
2273,880,completed,9561.55,2024-04-06 20:39:00
2274,511,pending,5398.62,2024-06-25 03:55:00
2275,700,pending,6037.21,2024-10-20 05:57:00
2276,452,pending,5122.55,2024-08-15 00:39:00
2277,40,completed,8091.33,2024-06-08 09:06:00
2278,358,pending,5942.05,2024-03-26 03:31:00
2279,198,pending,9973.68,2024-06-21 14:59:00
2280,675,returned,7862.22,2024-02-29 21:35:00
2281,68,cancelled,2537.6,2024-03-13 07:52:00
2282,503,pending,7961.13,2024-01-22 11:03:00
2283,939,returned,8127.98,2024-12-03 22:48:00
2284,860,completed,8492.96,2024-02-16 21:41:00
2285,329,returned,7593.54,2024-11-25 06:18:00
2286,329,pending,4534.26,2024-04-11 09:40:00
2287,437,returned,4407.87,2024-02-12 15:01:00
2288,504,completed,3282.99,2024-09-04 19:24:00
2289,314,returned,9923.64,2024-05-27 21:44:00
2290,57,completed,1961.98,2024-02-15 09:57:00
2291,602,pending,6445.23,2024-01-25 17:01:00
2292,49,cancelled,3910.52,2024-06-29 17:03:00
2293,844,returned,7411.55,2024-09-25 05:32:00
2294,380,completed,9115.55,2024-02-20 14:11:00
2295,914,pending,7152.86,2024-02-07 22:13:00
2296,508,pending,5754.34,2024-11-09 00:02:00
2297,945,returned,2139.7,2024-12-18 03:59:00
2298,298,completed,9053.52,2024-12-03 10:11:00
2299,400,pending,3780.66,2024-07-24 01:09:00
2300,146,pending,6255.46,2024-05-12 13:43:00
2301,585,cancelled,2128.28,2024-11-30 23:58:00
2302,280,returned,6933.78,2024-07-31 13:24:00
2303,285,pending,8185.57,2024-09-06 08:38:00
2304,11,returned,513.81,2024-08-17 04:42:00
2305,707,pending,798.19,2024-02-28 03:10:00
2306,924,returned,758.35,2024-10-01 10:10:00
2307,967,cancelled,9557.64,2024-12-21 12:18:00
2308,550,cancelled,2918.58,2024-10-18 08:06:00
2309,780,completed,4009.57,2024-04-13 02:35:00
2310,867,returned,2087.8,2024-09-22 01:30:00
2311,491,completed,1202.93,2024-01-20 12:11:00
2312,86,completed,2493.34,2024-11-11 11:28:00
2313,757,pending,4476.04,2024-01-22 21:59:00
2314,516,pending,7708.64,2024-06-11 01:36:00
2315,15,pending,3479.34,2024-05-08 05:22:00
2316,474,pending,9025.47,2024-01-29 12:24:00
2317,157,cancelled,5105.39,2024-04-25 05:40:00
2318,200,cancelled,6614.32,2024-08-12 00:55:00
2319,452,completed,8449.88,2024-11-04 16:18:00
2320,571,pending,1519.3,2024-06-11 01:07:00
2321,702,completed,4158.25,2024-09-30 00:39:00
2322,738,pending,7268.39,2024-06-13 11:02:00
2323,147,completed,6874.73,2024-01-04 12:00:00
2324,577,completed,8155.69,2024-10-17 03:54:00
2325,230,completed,5680.02,2024-02-07 00:41:00
2326,844,returned,9378.39,2024-11-26 12:18:00
2327,703,returned,4551.74,2024-05-01 21:31:00
2328,628,cancelled,3516.95,2024-11-21 14:30:00
2329,942,pending,4596.81,2024-07-03 07:09:00
2330,294,pending,9634.09,2024-07-17 08:56:00
2331,165,cancelled,7426.06,2024-08-09 09:09:00
2332,44,returned,4162.68,2024-10-04 07:25:00
2333,129,cancelled,2160.2,2024-07-26 13:56:00
2334,428,returned,7361.15,2024-08-15 12:29:00
2335,373,cancelled,3327.51,2024-07-23 04:46:00
2336,543,pending,2535.47,2024-12-30 06:36:00
2337,200,cancelled,9013.51,2024-10-07 13:23:00
2338,660,cancelled,2213.79,2024-03-13 15:06:00
2339,556,returned,3073.17,2024-11-15 13:03:00
2340,205,pending,3443.06,2024-03-21 21:24:00
2341,960,returned,1885.12,2024-08-14 00:44:00
2342,212,returned,5717.19,2024-03-29 08:47:00
2343,697,pending,6448.26,2024-10-21 06:09:00
2344,422,cancelled,4738.94,2024-03-07 15:20:00
2345,626,completed,6794.28,2024-02-03 02:01:00
2346,9,completed,3381.94,2024-02-16 10:59:00
2347,924,cancelled,2109.77,2024-03-18 06:19:00
2348,861,completed,3693.11,2024-06-10 18:57:00
2349,849,returned,4803.36,2024-12-26 05:18:00
2350,311,completed,8043.13,2024-03-22 04:10:00
2351,426,completed,5369.82,2024-11-12 13:10:00
2352,576,returned,7028.64,2024-05-23 22:54:00
2353,926,pending,9763.63,2024-12-05 04:58:00
2354,456,completed,7581.17,2024-03-10 12:30:00
2355,389,returned,1787.53,2024-01-11 18:44:00
2356,838,cancelled,9316.33,2024-10-26 18:11:00
2357,459,completed,9705.94,2024-12-09 18:22:00
2358,907,cancelled,9879.37,2024-07-08 02:11:00
2359,139,cancelled,6805.99,2024-03-17 03:59:00
2360,810,pending,9619.59,2024-06-13 09:45:00
2361,812,completed,3611.65,2024-09-10 00:39:00
2362,913,returned,9917.85,2024-07-05 08:12:00
2363,526,cancelled,9822.16,2024-01-13 15:20:00
2364,928,pending,614.91,2024-05-02 22:19:00
2365,270,returned,9961.92,2024-06-21 01:17:00
2366,768,returned,6628.16,2024-06-19 17:02:00
2367,134,completed,7372.95,2024-01-10 09:24:00
2368,205,returned,3862.17,2024-01-19 22:43:00
2369,277,returned,3422.79,2024-09-19 13:26:00
2370,725,cancelled,1410.17,2024-06-26 23:16:00
2371,566,pending,4939.42,2024-05-16 02:58:00
2372,461,completed,8074.2,2024-06-12 16:57:00
2373,117,completed,8126.48,2024-02-24 07:04:00
2374,182,cancelled,743.1,2024-10-19 07:49:00
2375,90,completed,195.49,2024-01-07 23:51:00
2376,350,completed,1646.81,2024-11-16 14:40:00
2377,895,cancelled,7882.7,2024-02-24 19:07:00
2378,58,pending,2075.26,2024-02-11 05:05:00
2379,736,completed,138.03,2024-12-17 07:13:00
2380,52,completed,3930.32,2024-11-16 16:12:00
2381,488,pending,7111.55,2024-09-10 19:45:00
2382,191,returned,2951.83,2024-12-12 18:55:00
2383,882,completed,4480.91,2024-09-16 00:05:00
2384,181,pending,2706.29,2024-10-04 18:12:00
2385,717,completed,7058.39,2024-02-08 06:11:00
2386,869,cancelled,7587.23,2024-04-26 05:25:00
2387,651,cancelled,6055.38,2024-09-16 20:18:00
2388,224,returned,2584.4,2024-06-25 23:15:00
2389,544,completed,6582.94,2024-12-15 08:18:00
2390,773,pending,740.07,2024-02-02 15:22:00
2391,925,completed,6236.47,2024-08-08 02:43:00
2392,783,returned,218.79,2024-12-11 02:20:00
2393,603,cancelled,7010.95,2024-11-06 21:04:00
2394,583,cancelled,7298.77,2024-06-12 14:22:00
2395,761,returned,3767.39,2024-06-02 15:20:00
2396,560,pending,2358.31,2024-03-28 01:44:00
2397,362,returned,4702.95,2024-08-24 10:59:00
2398,816,returned,4689.88,2024-08-25 14:09:00
2399,146,returned,4254.01,2024-01-13 04:50:00
2400,325,returned,9898.65,2024-11-19 04:25:00
2401,375,completed,4400.37,2024-12-04 05:09:00
2402,608,pending,2248.24,2024-01-09 12:30:00
2403,154,cancelled,3439.42,2024-01-12 15:25:00
2404,163,cancelled,8314.8,2024-10-08 08:14:00
2405,195,returned,6107.57,2024-09-12 13:27:00
2406,971,pending,4924.69,2024-12-06 01:22:00
2407,985,completed,762.37,2024-06-14 22:30:00
2408,623,cancelled,1500.63,2024-09-22 15:51:00
2409,222,returned,4956.02,2024-06-06 20:10:00
2410,347,cancelled,6872.17,2024-08-07 19:07:00
2411,614,pending,5343.4,2024-06-23 23:23:00
2412,827,pending,3758.72,2024-08-30 02:01:00
2413,458,cancelled,4228.31,2024-04-17 10:44:00
2414,240,cancelled,6375.33,2024-08-31 08:35:00
2415,349,cancelled,7013.46,2024-03-06 10:50:00
2416,648,pending,7110.24,2024-11-08 07:52:00
2417,840,pending,4937.02,2024-08-28 00:20:00
2418,524,completed,3903.02,2024-03-16 19:20:00
2419,84,returned,4680.62,2024-05-16 02:28:00
2420,399,pending,7933.69,2024-05-21 22:09:00
2421,373,completed,4790.09,2024-04-24 20:00:00
2422,336,cancelled,8265.88,2024-09-04 17:09:00
2423,803,cancelled,9571.01,2024-09-05 10:38:00
2424,905,pending,8258.95,2024-11-26 06:59:00
2425,612,completed,3026.63,2024-02-01 23:56:00
2426,200,cancelled,2557.44,2024-07-11 13:44:00
2427,839,completed,3051.95,2024-04-14 04:18:00
2428,26,completed,6551.19,2024-08-03 02:23:00
2429,477,pending,4522.18,2024-07-14 17:10:00
2430,609,returned,7608.77,2024-02-25 08:29:00
2431,283,pending,7092.34,2024-08-20 09:10:00
2432,601,pending,3295.76,2024-01-09 03:03:00
2433,889,cancelled,5570.49,2024-07-07 04:20:00
2434,852,returned,5546.26,2024-11-17 13:41:00
2435,332,returned,1862.18,2024-11-09 01:41:00
2436,290,cancelled,5699.61,2024-10-18 01:56:00
2437,524,completed,7255.49,2024-12-31 04:31:00
2438,66,completed,1485.12,2024-02-22 16:10:00
2439,963,pending,1009.41,2024-07-03 11:21:00
2440,84,returned,3501.37,2024-02-05 15:25:00
2441,559,completed,5294.33,2024-11-24 12:44:00
2442,159,completed,8162.21,2024-08-17 05:07:00
2443,782,cancelled,2351.22,2024-01-29 20:43:00
2444,572,completed,619.58,2024-12-23 07:30:00
2445,44,completed,2268.11,2024-04-29 04:55:00
2446,141,cancelled,3297.21,2024-11-20 21:25:00
2447,20,cancelled,4973.05,2024-12-08 22:44:00
2448,425,completed,497.29,2024-10-28 01:13:00
2449,236,returned,170.81,2024-12-25 02:37:00
2450,903,cancelled,5140.57,2024-03-25 12:13:00
2451,156,completed,9160.49,2024-11-14 09:17:00
2452,570,cancelled,5157.71,2024-03-22 06:48:00
2453,623,cancelled,3411.41,2024-06-16 08:25:00
2454,123,cancelled,4571.33,2024-08-16 19:41:00
2455,688,returned,2125.44,2024-02-27 01:24:00
2456,824,completed,7453.85,2024-04-15 06:48:00
2457,584,cancelled,8346.0,2024-12-11 06:56:00
2458,608,cancelled,3673.29,2024-01-28 20:40:00
2459,236,cancelled,2246.38,2024-01-13 09:00:00
2460,222,pending,8617.54,2024-04-15 15:46:00
2461,398,cancelled,4633.05,2024-07-19 19:48:00
2462,170,returned,4853.74,2024-11-01 09:50:00
2463,684,pending,868.97,2024-02-24 00:54:00
2464,32,completed,8585.94,2024-05-20 00:19:00
2465,456,returned,7314.61,2024-03-22 03:03:00
2466,377,pending,6493.14,2024-08-04 23:56:00
2467,382,completed,2871.79,2024-11-30 00:19:00
2468,789,completed,8995.36,2024-06-03 04:16:00
2469,468,pending,1291.22,2024-11-21 23:43:00
2470,812,completed,8814.88,2024-08-31 05:00:00
2471,116,completed,7275.61,2024-08-21 18:44:00
2472,571,cancelled,2773.66,2024-12-25 18:30:00
2473,65,pending,2233.21,2024-07-22 21:24:00
2474,31,completed,5024.49,2024-08-26 13:11:00
2475,997,completed,5809.93,2024-01-23 21:04:00
2476,983,cancelled,7128.03,2024-09-02 06:51:00
2477,274,completed,6745.3,2024-04-06 07:44:00
2478,459,completed,9958.79,2024-01-23 18:53:00
2479,878,returned,5633.55,2024-12-25 15:50:00
2480,238,completed,2936.52,2024-02-15 19:23:00
2481,468,returned,5491.45,2024-07-10 21:57:00
2482,381,pending,3275.04,2024-11-23 11:26:00
2483,179,returned,3783.89,2024-06-26 09:09:00
2484,834,returned,6789.54,2024-07-27 11:27:00
2485,89,cancelled,8859.25,2024-06-19 11:41:00
2486,478,returned,7561.66,2024-12-14 05:56:00
2487,44,cancelled,5112.89,2024-11-16 04:38:00
2488,350,pending,8525.87,2024-10-20 04:52:00
2489,812,pending,8264.39,2024-07-21 02:52:00
2490,430,completed,9905.99,2024-10-05 01:33:00
2491,107,completed,2621.7,2024-10-08 21:10:00
2492,758,pending,6871.71,2024-06-20 15:07:00
2493,334,cancelled,5529.66,2024-07-21 16:42:00
2494,840,returned,2268.81,2024-06-28 23:26:00
2495,705,completed,2335.57,2024-11-25 14:09:00
2496,855,pending,7190.4,2024-09-15 03:31:00
2497,148,completed,6979.88,2024-06-05 07:48:00
2498,416,cancelled,8269.8,2024-10-04 20:06:00
2499,975,pending,332.71,2024-01-16 09:07:00
2500,213,pending,8293.8,2024-12-14 02:04:00
2501,260,returned,9515.03,2024-08-04 11:42:00
2502,413,completed,7008.4,2024-06-02 10:24:00
2503,384,pending,3107.49,2024-11-13 18:58:00
2504,490,completed,6823.26,2024-01-17 15:20:00
2505,360,completed,2632.24,2024-08-30 12:48:00
2506,552,completed,4284.75,2024-10-27 19:56:00
2507,360,returned,9946.92,2024-07-13 01:31:00
2508,778,completed,4801.23,2024-10-05 02:05:00
2509,252,completed,4601.39,2024-06-21 07:38:00
2510,481,completed,3296.44,2024-10-09 22:54:00
2511,463,pending,6175.8,2024-02-18 00:43:00
2512,132,completed,9361.83,2024-08-15 02:32:00
2513,186,returned,2819.94,2024-10-16 12:51:00
2514,948,completed,2606.72,2024-03-01 22:33:00
2515,503,pending,9032.39,2024-05-30 05:02:00
2516,298,cancelled,4324.64,2024-12-17 04:53:00
2517,79,pending,4873.25,2024-05-07 00:24:00
2518,795,pending,7747.38,2024-01-23 09:11:00
2519,229,cancelled,8669.1,2024-10-25 15:14:00
2520,731,returned,8103.34,2024-02-29 03:10:00
2521,143,pending,7429.53,2024-11-05 18:01:00
2522,449,returned,3730.09,2024-12-23 13:01:00
2523,726,cancelled,6384.84,2024-02-24 13:30:00
2524,35,cancelled,4419.28,2024-12-25 13:04:00
2525,67,completed,2701.48,2024-12-06 11:30:00
2526,411,pending,9075.5,2024-03-11 03:01:00
2527,166,completed,5747.16,2024-12-06 06:28:00
2528,676,cancelled,5617.95,2024-09-01 02:50:00
2529,673,pending,5862.99,2024-02-29 17:02:00
2530,238,pending,1559.13,2024-03-09 23:44:00
2531,401,completed,3781.4,2024-09-18 00:07:00
2532,538,cancelled,5897.17,2024-01-05 09:56:00
2533,831,pending,3263.34,2024-05-04 15:51:00
2534,219,pending,6673.96,2024-09-01 15:13:00
2535,102,pending,3939.79,2024-11-20 20:34:00
2536,880,completed,1546.51,2024-03-06 16:09:00
2537,882,completed,4829.12,2024-02-07 18:10:00
2538,253,returned,8413.73,2024-07-04 07:52:00
2539,269,returned,690.76,2024-08-09 01:55:00
2540,329,returned,373.89,2024-12-09 23:59:00
2541,383,returned,4553.3,2024-04-25 23:58:00
2542,131,returned,6187.47,2024-09-17 13:41:00
2543,893,pending,2489.27,2024-09-23 09:31:00
2544,792,completed,4384.14,2024-01-16 13:04:00
2545,576,completed,7074.3,2024-03-15 20:02:00
2546,379,cancelled,3993.35,2024-08-25 20:51:00
2547,940,cancelled,3104.62,2024-10-01 19:20:00
2548,942,cancelled,8568.25,2024-08-28 16:31:00
2549,396,pending,4746.35,2024-02-16 22:31:00
2550,999,cancelled,5374.12,2024-11-11 20:04:00
2551,258,cancelled,9348.19,2024-05-27 19:32:00
2552,234,cancelled,9275.52,2024-06-14 07:36:00
2553,196,cancelled,9726.17,2024-04-08 10:33:00
2554,693,returned,2857.37,2024-11-02 13:42:00
2555,675,pending,7706.31,2024-03-12 22:18:00
2556,195,cancelled,7154.95,2024-10-10 10:13:00
2557,818,returned,5859.32,2024-03-29 03:46:00
2558,741,cancelled,6422.09,2024-04-15 19:50:00
2559,649,cancelled,1912.47,2024-11-27 15:23:00
2560,252,returned,4895.0,2024-05-18 18:29:00
2561,551,cancelled,1548.77,2024-11-06 02:16:00
2562,128,returned,8149.83,2024-07-20 00:04:00
2563,194,cancelled,9285.28,2024-08-20 17:37:00
2564,841,cancelled,5160.07,2024-08-03 06:17:00
2565,53,returned,6318.32,2024-09-07 19:06:00
2566,488,returned,3930.16,2024-03-02 04:11:00
2567,126,cancelled,7625.23,2024-01-28 01:54:00
2568,72,cancelled,1163.87,2024-10-01 08:08:00
2569,803,completed,9264.9,2024-12-17 13:13:00
2570,41,completed,197.58,2024-06-21 19:46:00
2571,284,cancelled,4355.05,2024-04-28 07:39:00
2572,619,cancelled,9285.73,2024-06-30 07:09:00
2573,24,cancelled,7647.28,2024-03-28 12:13:00
2574,555,completed,9549.29,2024-02-16 18:47:00
2575,629,cancelled,8114.55,2024-03-04 03:15:00
2576,866,returned,2287.64,2024-08-23 19:10:00
2577,914,pending,9184.49,2024-05-23 03:00:00
2578,245,cancelled,4408.41,2024-11-03 12:28:00
2579,219,pending,1093.63,2024-02-11 13:45:00
2580,455,returned,1588.82,2024-07-15 19:48:00
2581,390,completed,5458.52,2024-05-19 06:56:00
2582,690,returned,4422.84,2024-09-25 10:20:00
2583,22,returned,5124.84,2024-07-17 14:38:00
2584,211,cancelled,1530.71,2024-02-09 19:53:00
2585,716,returned,1766.98,2024-07-25 06:13:00
2586,322,cancelled,4110.51,2024-05-07 22:18:00
2587,921,pending,3856.5,2024-08-28 00:43:00
2588,958,pending,6490.22,2024-02-03 14:45:00
2589,820,completed,3949.81,2024-06-25 11:24:00
2590,21,returned,4419.29,2024-08-16 13:05:00
2591,448,cancelled,3547.48,2024-05-17 11:58:00
2592,267,returned,1665.17,2024-04-22 18:41:00
2593,530,pending,8474.44,2024-07-14 11:03:00
2594,779,pending,990.73,2024-03-22 02:39:00
2595,713,completed,2578.87,2024-09-25 08:28:00
2596,153,cancelled,1502.18,2024-08-11 08:55:00
2597,938,pending,2367.98,2024-06-08 05:33:00
2598,69,pending,8730.92,2024-11-13 01:36:00
2599,671,pending,2953.61,2024-08-28 13:57:00
2600,172,pending,270.1,2024-04-10 19:45:00
2601,79,completed,7751.08,2024-05-17 05:34:00
2602,128,returned,5579.04,2024-07-07 23:11:00
2603,157,pending,2531.9,2024-01-05 10:54:00
2604,176,cancelled,5181.13,2024-01-11 16:32:00
2605,917,completed,3998.68,2024-03-26 01:30:00
2606,160,pending,2495.06,2024-11-07 11:36:00
2607,802,cancelled,4677.81,2024-08-20 05:45:00
2608,113,pending,1704.66,2024-11-06 01:04:00
2609,387,pending,105.68,2024-08-23 16:51:00
2610,502,returned,5548.13,2024-07-25 16:29:00
2611,986,cancelled,7885.21,2024-10-22 22:53:00
2612,768,returned,7541.15,2024-09-25 13:10:00
2613,516,returned,1349.77,2024-01-19 06:04:00
2614,615,cancelled,8435.27,2024-02-29 19:57:00
2615,423,returned,3821.85,2024-07-10 00:20:00
2616,499,pending,7528.08,2024-04-20 13:49:00
2617,654,pending,4554.41,2024-10-29 23:08:00
2618,665,cancelled,4023.97,2024-03-13 00:57:00
2619,233,returned,2603.91,2024-07-23 14:45:00
2620,477,cancelled,8835.6,2024-08-25 04:26:00
2621,983,completed,2529.12,2024-03-15 20:59:00
2622,104,cancelled,3802.95,2024-06-28 14:58:00
2623,396,returned,873.42,2024-05-30 11:52:00
2624,525,returned,501.19,2024-09-02 02:22:00
2625,340,pending,3172.38,2024-09-16 05:00:00
2626,104,pending,7468.94,2024-10-14 08:03:00
2627,26,pending,6343.68,2024-07-09 00:28:00
2628,414,cancelled,8005.26,2024-08-23 11:39:00
2629,335,cancelled,3742.88,2024-09-21 18:07:00
2630,905,returned,7609.08,2024-08-09 16:02:00
2631,683,completed,9986.58,2024-03-19 12:21:00
2632,677,returned,7341.35,2024-11-21 08:09:00
2633,146,pending,1022.58,2024-07-15 08:25:00
2634,226,completed,535.73,2024-01-07 04:12:00
2635,429,pending,4234.13,2024-03-18 13:35:00
2636,582,cancelled,9905.22,2024-04-17 00:04:00
2637,168,completed,2728.53,2024-09-04 02:14:00
2638,480,pending,9255.74,2024-09-09 03:05:00
2639,686,returned,8135.73,2024-06-24 19:46:00
2640,382,returned,9561.12,2024-05-12 18:35:00
2641,562,cancelled,6352.09,2024-06-16 16:09:00
2642,684,cancelled,8081.27,2024-05-05 07:52:00
2643,23,returned,4885.62,2024-06-17 16:19:00
2644,511,returned,607.74,2024-10-29 09:51:00
2645,884,cancelled,1154.32,2024-03-16 17:14:00
2646,865,pending,8819.39,2024-05-07 14:57:00
2647,157,completed,7004.08,2024-09-15 11:26:00
2648,761,returned,4250.99,2024-06-18 09:05:00
2649,249,pending,6268.28,2024-12-05 02:49:00
2650,322,completed,4412.67,2024-08-09 04:26:00
2651,485,completed,3404.48,2024-07-08 03:19:00
2652,242,returned,8803.15,2024-09-08 12:37:00
2653,220,returned,4358.05,2024-04-30 09:15:00
2654,626,pending,3427.5,2024-11-02 10:37:00
2655,386,completed,1096.53,2024-02-12 23:00:00
2656,154,returned,4977.22,2024-02-17 22:41:00
2657,156,completed,120.66,2024-03-31 01:08:00
2658,299,cancelled,6819.52,2024-12-24 11:42:00
2659,586,completed,500.26,2024-06-07 10:06:00
2660,40,completed,9883.03,2024-11-10 00:52:00
2661,945,pending,7916.47,2024-07-19 15:06:00
2662,274,cancelled,6192.81,2024-09-26 02:53:00
2663,628,cancelled,1472.3,2024-08-24 19:54:00
2664,267,pending,6470.29,2024-12-24 16:06:00
2665,509,pending,6921.42,2024-01-17 12:54:00
2666,347,pending,6979.6,2024-08-19 11:32:00
2667,314,cancelled,6569.55,2024-07-24 13:51:00
2668,953,pending,7963.15,2024-06-07 21:20:00
2669,216,pending,4666.74,2024-12-26 04:02:00
2670,82,completed,5918.06,2024-03-01 04:06:00
2671,460,pending,1578.34,2024-02-07 09:49:00
2672,341,cancelled,5834.78,2024-09-03 13:26:00
2673,126,cancelled,9380.62,2024-04-17 15:41:00
2674,35,cancelled,1649.66,2024-04-08 11:04:00
2675,51,completed,8427.1,2024-05-09 12:11:00
2676,833,returned,4688.69,2024-07-22 22:55:00
2677,332,returned,1415.74,2024-06-16 23:45:00
2678,433,cancelled,9584.84,2024-10-17 22:11:00
2679,8,pending,9547.47,2024-07-31 02:31:00
2680,897,cancelled,1566.86,2024-03-12 07:32:00
2681,619,returned,9574.92,2024-04-13 23:11:00
2682,428,completed,7731.51,2024-11-19 11:45:00
2683,352,cancelled,3438.08,2024-02-23 15:49:00
2684,845,pending,2189.51,2024-06-19 21:42:00
2685,879,cancelled,5355.6,2024-09-27 18:39:00
2686,949,pending,4405.88,2024-01-21 14:46:00
2687,606,cancelled,5434.04,2024-08-21 01:18:00
2688,341,completed,4132.63,2024-11-17 02:30:00
2689,850,returned,9297.58,2024-11-07 18:14:00
2690,946,cancelled,8364.54,2024-04-24 14:16:00
2691,308,completed,8185.69,2024-12-08 18:16:00
2692,405,cancelled,142.42,2024-04-27 01:14:00
2693,975,returned,2465.9,2024-01-02 13:03:00
2694,982,completed,8043.67,2024-05-20 17:52:00
2695,922,returned,261.8,2024-11-23 09:49:00
2696,615,completed,5016.69,2024-10-24 06:34:00
2697,678,cancelled,7818.78,2024-04-30 12:35:00
2698,744,cancelled,1854.64,2024-12-01 06:00:00
2699,702,returned,888.8,2024-11-27 07:30:00
2700,22,completed,1385.79,2024-05-12 05:42:00
2701,300,cancelled,4214.2,2024-08-06 06:46:00
2702,168,cancelled,1066.28,2024-05-27 09:34:00
2703,709,completed,854.64,2024-03-20 03:54:00
2704,960,completed,9540.5,2024-02-03 08:11:00
2705,117,returned,3441.55,2024-09-13 17:29:00
2706,524,completed,4864.29,2024-11-10 08:50:00
2707,86,cancelled,7911.1,2024-06-29 05:24:00
2708,826,pending,5498.51,2024-05-08 23:01:00
2709,933,completed,9922.02,2024-03-24 04:21:00
2710,165,pending,4839.03,2024-11-19 11:01:00
2711,349,returned,7947.39,2024-08-09 03:51:00
2712,525,returned,2202.36,2024-04-07 19:40:00
2713,496,completed,9763.76,2024-04-26 21:59:00
2714,935,returned,5618.83,2024-08-22 12:20:00
2715,658,cancelled,2071.22,2024-01-22 01:28:00
2716,193,completed,5752.3,2024-01-09 21:59:00
2717,382,cancelled,4213.78,2024-01-04 10:55:00
2718,475,completed,1427.39,2024-02-19 19:33:00
2719,575,completed,5969.57,2024-08-30 15:35:00
2720,565,cancelled,1285.56,2024-01-17 20:20:00
2721,252,cancelled,5417.11,2024-08-05 09:02:00
2722,880,completed,643.64,2024-06-02 21:08:00
2723,713,cancelled,8175.36,2024-03-19 08:21:00
2724,871,returned,9814.97,2024-09-28 11:04:00
2725,511,cancelled,7412.42,2024-07-27 00:01:00
2726,292,cancelled,1929.28,2024-02-17 04:59:00
2727,538,completed,3689.07,2024-02-18 08:49:00
2728,342,cancelled,8895.24,2024-04-03 18:13:00
2729,597,completed,2392.04,2024-05-21 09:53:00
2730,779,completed,8134.61,2024-10-08 18:55:00
2731,708,cancelled,9072.56,2024-12-02 09:06:00
2732,917,returned,7547.79,2024-01-21 09:58:00
2733,900,returned,1020.38,2024-06-19 08:47:00
2734,54,pending,780.6,2024-10-28 00:06:00
2735,913,returned,521.0,2024-07-03 12:34:00
2736,110,cancelled,1672.19,2024-10-14 07:05:00
2737,343,pending,1932.78,2024-10-18 22:55:00
2738,107,completed,4756.13,2024-12-28 04:10:00
2739,756,pending,9897.5,2024-01-03 21:33:00
2740,897,cancelled,5809.24,2024-04-06 15:35:00
2741,244,completed,4354.26,2024-11-09 21:24:00
2742,198,cancelled,3508.25,2024-07-26 18:26:00
2743,933,cancelled,2766.67,2024-11-11 03:45:00
2744,431,cancelled,6518.54,2024-09-11 00:07:00
2745,416,pending,7493.18,2024-12-19 04:36:00
2746,189,completed,9675.03,2024-05-07 04:45:00
2747,42,pending,9981.64,2024-01-24 23:04:00
2748,701,returned,1416.32,2024-04-21 08:07:00
2749,589,completed,6553.34,2024-02-26 22:00:00
2750,424,completed,3479.43,2024-08-16 04:09:00
2751,742,completed,8701.13,2024-06-15 13:24:00
2752,676,cancelled,4489.78,2024-04-13 20:09:00
2753,212,returned,3596.46,2024-12-06 21:15:00
2754,502,returned,9496.52,2024-08-11 01:16:00
2755,4,returned,4689.47,2024-02-01 01:47:00
2756,470,cancelled,2118.01,2024-02-26 09:09:00
2757,291,cancelled,1852.89,2024-01-08 15:50:00
2758,781,completed,5906.2,2024-06-27 09:41:00
2759,230,returned,2089.15,2024-05-21 15:24:00
2760,277,pending,4855.47,2024-08-12 04:01:00
2761,800,pending,6487.68,2024-07-15 07:35:00
2762,522,pending,1187.26,2024-07-08 16:16:00
2763,707,completed,2790.94,2024-12-03 16:51:00
2764,318,returned,300.97,2024-10-17 03:15:00
2765,921,cancelled,2595.78,2024-05-05 21:59:00
2766,570,pending,6312.44,2024-09-27 00:09:00
2767,982,completed,3341.03,2024-12-19 17:26:00
2768,582,cancelled,114.46,2024-04-09 05:06:00
2769,751,cancelled,7236.72,2024-08-05 08:44:00
2770,824,cancelled,5903.3,2024-11-17 12:42:00
2771,863,cancelled,1051.29,2024-08-29 19:12:00
2772,912,pending,3314.68,2024-06-21 11:30:00
2773,778,pending,5371.61,2024-09-09 07:27:00
2774,981,completed,6928.32,2024-02-22 18:57:00
2775,141,pending,4166.28,2024-01-23 06:29:00
2776,423,completed,1115.89,2024-10-07 14:45:00
2777,139,pending,7406.44,2024-04-21 11:06:00
2778,38,cancelled,215.81,2024-10-27 13:07:00
2779,288,returned,8941.72,2024-02-17 10:59:00
2780,243,completed,1025.75,2024-05-08 19:34:00
2781,765,pending,537.29,2024-12-18 08:34:00
2782,172,completed,9269.66,2024-09-07 06:50:00
2783,422,cancelled,1090.93,2024-09-14 18:14:00
2784,948,cancelled,100.92,2024-12-22 11:59:00
2785,366,returned,5607.24,2024-03-25 00:47:00
2786,100,completed,6706.26,2024-04-08 05:52:00
2787,161,pending,7401.0,2024-04-01 06:52:00
2788,215,pending,1413.02,2024-08-23 01:42:00
2789,461,pending,6224.6,2024-01-17 03:46:00
2790,935,pending,3729.76,2024-06-02 21:27:00
2791,158,completed,8352.83,2024-03-22 15:24:00
2792,8,pending,3807.9,2024-09-29 05:43:00
2793,864,returned,1174.39,2024-03-21 06:04:00
2794,158,returned,1173.55,2024-04-27 22:52:00
2795,171,cancelled,7165.6,2024-12-31 17:56:00
2796,694,cancelled,8875.24,2024-03-21 19:34:00
2797,677,pending,9540.82,2024-08-05 05:39:00
2798,857,returned,2863.84,2024-05-13 19:13:00
2799,949,completed,2043.07,2024-05-31 12:49:00
2800,549,returned,9279.75,2024-10-24 03:50:00
2801,712,pending,9018.23,2024-04-27 23:44:00
2802,547,completed,5644.64,2024-07-21 20:37:00
2803,730,pending,623.03,2024-04-02 17:56:00
2804,238,pending,2480.78,2024-01-26 16:54:00
2805,622,completed,2490.8,2024-10-09 02:21:00
2806,538,completed,2670.62,2024-06-19 17:08:00
2807,848,pending,535.78,2024-09-08 06:08:00
2808,823,pending,7017.88,2024-02-15 16:09:00
2809,640,returned,807.21,2024-11-20 17:05:00
2810,756,cancelled,4662.9,2024-12-14 08:54:00
2811,346,completed,427.75,2024-01-06 00:49:00
2812,681,completed,8642.57,2024-01-16 02:20:00
2813,169,completed,918.06,2024-04-07 15:51:00
2814,101,returned,7858.13,2024-10-02 20:23:00
2815,59,completed,7220.33,2024-06-29 10:24:00
2816,689,completed,7967.43,2024-09-15 20:18:00
2817,771,cancelled,2681.96,2024-02-13 17:52:00
2818,152,returned,2943.12,2024-09-24 02:09:00
2819,180,cancelled,5064.01,2024-01-22 10:24:00
2820,481,completed,5120.72,2024-08-27 00:02:00
2821,614,completed,127.68,2024-05-13 07:24:00
2822,354,cancelled,978.02,2024-09-21 08:33:00
2823,154,returned,3839.44,2024-03-03 07:26:00
2824,153,cancelled,5165.66,2024-06-13 11:42:00
2825,51,cancelled,3170.25,2024-03-28 18:24:00
2826,748,completed,5570.18,2024-01-21 20:30:00
2827,55,returned,2158.37,2024-07-29 19:54:00
2828,629,returned,6219.1,2024-01-09 19:49:00
2829,652,pending,1345.09,2024-02-01 08:51:00
2830,49,completed,8665.99,2024-05-09 16:07:00
2831,912,completed,2689.92,2024-05-12 20:11:00
2832,561,returned,5034.63,2024-05-07 16:12:00
2833,388,pending,5330.38,2024-02-02 12:17:00
2834,249,pending,6762.7,2024-03-13 22:25:00
2835,634,cancelled,7287.3,2024-09-24 18:41:00
2836,686,cancelled,4135.65,2024-03-22 00:15:00
2837,901,returned,7589.15,2024-03-07 11:46:00
2838,743,returned,2217.36,2024-06-07 08:05:00
2839,474,completed,8238.17,2024-05-29 20:24:00
2840,161,cancelled,9466.8,2024-07-10 09:55:00
2841,895,completed,1947.23,2024-04-27 23:43:00
2842,378,cancelled,5480.35,2024-04-05 09:12:00
2843,983,completed,6719.78,2024-08-28 12:19:00
2844,422,cancelled,8644.53,2024-09-19 18:52:00
2845,544,completed,7743.17,2024-02-25 11:15:00
2846,570,pending,8321.11,2024-05-21 10:46:00
2847,996,pending,4710.26,2024-12-22 01:43:00
2848,705,cancelled,471.66,2024-12-17 20:03:00
2849,874,cancelled,2464.29,2024-04-20 06:48:00
2850,844,cancelled,2023.86,2024-09-26 08:37:00
2851,323,completed,4007.73,2024-04-23 04:51:00
2852,105,completed,1036.29,2024-11-03 14:33:00
2853,478,completed,5489.34,2024-11-06 06:15:00
2854,608,completed,6345.65,2024-04-11 15:13:00
2855,138,returned,6475.88,2024-04-25 01:56:00
2856,417,completed,7261.27,2024-02-12 19:48:00
2857,518,returned,7608.14,2024-06-16 12:06:00
2858,473,returned,7811.24,2024-09-25 00:00:00
2859,934,pending,2166.17,2024-01-14 00:37:00
2860,110,cancelled,7808.47,2024-02-27 17:08:00
2861,858,completed,2519.42,2024-07-12 10:30:00
2862,653,returned,2712.48,2024-05-25 19:07:00
2863,984,returned,9175.05,2024-11-13 21:13:00
2864,402,cancelled,6136.45,2024-06-26 04:56:00
2865,60,completed,3181.16,2024-02-06 03:55:00
2866,539,cancelled,1177.68,2024-05-29 07:14:00
2867,407,returned,3495.21,2024-01-14 18:08:00
2868,775,returned,2027.59,2024-03-21 06:38:00
2869,617,pending,827.67,2024-08-19 08:21:00
2870,346,returned,859.77,2024-05-10 01:44:00
2871,764,cancelled,1387.52,2024-10-01 13:47:00
2872,44,cancelled,6341.73,2024-06-21 07:31:00
2873,959,returned,4343.83,2024-01-24 16:44:00
2874,99,completed,7488.79,2024-08-06 00:02:00
2875,967,pending,8760.81,2024-01-29 16:56:00
2876,209,cancelled,3966.84,2024-11-07 02:52:00
2877,893,completed,3924.21,2024-12-16 14:04:00
2878,329,pending,1089.46,2024-03-30 06:16:00
2879,920,cancelled,3622.37,2024-08-08 16:35:00
2880,188,returned,5763.21,2024-09-05 20:54:00
2881,497,returned,7654.21,2024-11-25 04:39:00
2882,216,cancelled,2974.97,2024-01-21 03:15:00
2883,312,completed,7958.73,2024-08-17 06:21:00
2884,306,pending,4821.18,2024-12-07 17:47:00
2885,916,pending,4133.83,2024-04-18 07:41:00
2886,384,completed,628.66,2024-12-07 11:28:00
2887,708,completed,6096.25,2024-01-25 16:23:00
2888,579,completed,8052.54,2024-05-26 18:11:00
2889,958,completed,7175.06,2024-08-19 08:37:00
2890,827,pending,4088.27,2024-11-02 22:36:00
2891,639,returned,7689.62,2024-10-20 12:55:00
2892,800,cancelled,8319.79,2024-11-24 19:48:00
2893,615,returned,987.58,2024-09-24 09:09:00
2894,549,cancelled,5834.87,2024-11-22 18:15:00
2895,151,cancelled,5696.86,2024-05-30 00:49:00
2896,513,cancelled,5737.87,2024-04-09 05:56:00
2897,195,completed,1931.05,2024-04-24 09:49:00
2898,145,returned,4101.7,2024-10-13 01:26:00
2899,638,completed,9901.22,2024-08-30 04:25:00
2900,656,completed,4626.1,2024-08-01 00:41:00
2901,453,pending,7517.84,2024-06-07 17:46:00
2902,234,pending,3325.2,2024-12-05 19:58:00
2903,371,pending,8995.37,2024-09-23 04:42:00
2904,919,completed,8376.12,2024-05-25 00:57:00
2905,353,returned,8884.1,2024-03-01 04:57:00
2906,712,returned,3479.26,2024-10-08 04:25:00
2907,605,cancelled,5490.55,2024-03-16 13:42:00
2908,273,completed,7857.65,2024-07-14 18:24:00
2909,353,returned,6340.49,2024-04-20 00:35:00
2910,494,returned,1072.7,2024-12-17 04:49:00
2911,195,cancelled,5757.92,2024-03-02 08:53:00
2912,197,cancelled,4046.84,2024-03-17 07:37:00
2913,816,cancelled,8512.66,2024-05-19 20:57:00
2914,42,completed,8342.05,2024-03-25 15:48:00
2915,230,completed,164.48,2024-09-20 13:38:00
2916,401,returned,719.79,2024-01-29 03:53:00
2917,782,returned,5088.6,2024-02-08 02:42:00
2918,198,cancelled,8253.25,2024-01-14 01:04:00
2919,385,completed,6159.47,2024-05-22 02:18:00
2920,645,completed,8592.58,2024-06-13 01:29:00
2921,418,pending,8642.7,2024-09-24 06:55:00
2922,597,returned,6456.52,2024-11-17 04:03:00
2923,748,cancelled,2283.06,2024-05-23 08:01:00
2924,918,returned,4462.43,2024-11-02 09:25:00
2925,167,completed,7171.72,2024-08-17 04:46:00
2926,413,returned,6746.79,2024-11-01 04:22:00
2927,20,completed,7484.04,2024-09-08 23:40:00
2928,846,returned,9236.01,2024-01-25 05:36:00
2929,717,completed,7714.22,2024-05-14 00:25:00
2930,960,cancelled,764.87,2024-04-09 06:12:00
2931,465,pending,982.95,2024-03-08 10:22:00
2932,733,pending,2105.92,2024-07-24 03:29:00
2933,558,completed,4696.12,2024-04-14 05:43:00
2934,105,completed,6068.98,2024-01-01 12:07:00
2935,225,returned,2455.93,2024-09-19 21:20:00
2936,136,returned,5007.91,2024-10-20 11:24:00
2937,125,pending,2260.71,2024-02-08 21:34:00
2938,304,cancelled,2719.53,2024-01-26 23:10:00
2939,886,cancelled,573.08,2024-07-21 09:32:00
2940,45,completed,4368.48,2024-05-25 01:15:00
2941,463,pending,6852.28,2024-02-22 12:30:00
2942,548,completed,9284.07,2024-08-25 23:50:00
2943,512,pending,9160.19,2024-02-08 00:53:00
2944,166,completed,8794.0,2024-10-28 17:52:00
2945,187,completed,6319.83,2024-05-13 16:59:00
2946,998,returned,1799.03,2024-10-06 10:47:00
2947,850,returned,7865.51,2024-12-17 19:28:00
2948,240,returned,8679.18,2024-04-28 17:15:00
2949,898,completed,8495.95,2024-03-31 17:43:00
2950,327,returned,388.65,2024-04-27 18:48:00
2951,461,completed,4978.98,2024-12-25 18:34:00
2952,737,returned,4087.54,2024-03-01 14:30:00
2953,717,completed,4086.33,2024-09-11 07:57:00
2954,415,pending,8615.0,2024-01-08 11:48:00
2955,3,returned,5452.14,2024-02-13 21:53:00
2956,176,pending,2316.69,2024-06-27 10:43:00
2957,164,completed,9922.29,2024-12-13 21:23:00
2958,16,cancelled,5436.84,2024-08-17 03:43:00
2959,272,returned,5737.37,2024-02-07 16:41:00
2960,789,pending,820.26,2024-10-19 04:20:00
2961,582,returned,9692.27,2024-10-31 01:35:00
2962,605,cancelled,2428.67,2024-11-15 19:34:00
2963,296,completed,9535.56,2024-03-05 01:54:00
2964,339,completed,9518.86,2024-12-20 23:14:00
2965,679,returned,9752.59,2024-11-02 22:44:00
2966,257,cancelled,6518.87,2024-06-01 19:21:00
2967,867,completed,6507.98,2024-05-25 11:28:00
2968,642,returned,9628.06,2024-01-19 22:41:00
2969,452,completed,3633.68,2024-04-01 07:57:00
2970,558,returned,4531.03,2024-09-01 06:34:00
2971,788,pending,359.56,2024-11-11 14:17:00
2972,390,completed,9638.88,2024-02-02 23:40:00
2973,680,returned,4999.49,2024-09-29 15:24:00
2974,555,pending,8584.54,2024-10-21 13:32:00
2975,510,pending,8386.75,2024-03-07 10:33:00
2976,591,pending,4989.68,2024-01-20 20:34:00
2977,326,completed,4046.08,2024-04-05 21:40:00
2978,812,pending,3749.94,2024-12-22 08:56:00
2979,31,cancelled,7580.11,2024-07-18 12:46:00
2980,635,cancelled,6887.56,2024-10-18 01:01:00
2981,690,completed,1762.4,2024-10-04 05:49:00
2982,765,cancelled,8539.57,2024-05-17 08:11:00
2983,957,returned,4660.79,2024-07-20 06:08:00
2984,362,cancelled,1938.32,2024-05-06 20:08:00
2985,700,cancelled,7916.4,2024-04-23 06:34:00
2986,984,completed,3467.84,2024-03-25 08:05:00
2987,701,cancelled,1947.36,2024-06-21 23:59:00
2988,495,pending,9148.14,2024-06-24 12:10:00
2989,992,pending,4096.15,2024-10-28 07:55:00
2990,712,pending,3498.92,2024-11-07 21:23:00
2991,105,pending,8618.46,2024-09-15 03:35:00
2992,728,returned,3755.39,2024-01-14 20:31:00
2993,532,cancelled,9566.96,2024-10-13 10:01:00
2994,625,cancelled,7584.28,2024-12-14 09:52:00
2995,268,pending,175.26,2024-06-05 20:39:00
2996,123,completed,9270.55,2024-02-27 15:38:00
2997,496,pending,564.21,2024-09-24 22:21:00
2998,596,pending,2764.42,2024-01-20 02:53:00
2999,373,pending,4005.85,2024-02-15 10:18:00
3000,465,completed,3335.0,2024-06-16 06:06:00
3001,222,pending,3724.49,2024-04-19 13:30:00
3002,746,completed,2457.67,2024-08-06 14:54:00
3003,325,completed,258.96,2024-11-13 08:54:00
3004,154,completed,2906.44,2024-02-14 01:49:00
3005,363,pending,4620.67,2024-11-11 16:07:00
3006,713,returned,5658.71,2024-11-05 23:53:00
3007,135,returned,166.59,2024-07-03 04:15:00
3008,865,cancelled,4081.72,2024-03-11 10:35:00
3009,829,returned,4219.22,2024-06-15 18:32:00
3010,426,returned,5435.26,2024-05-23 09:55:00
3011,172,pending,4977.85,2024-06-21 16:21:00
3012,759,cancelled,5459.36,2024-06-22 23:37:00
3013,433,cancelled,7986.36,2024-06-11 22:53:00
3014,629,cancelled,1859.97,2024-03-06 09:39:00
3015,933,completed,9679.58,2024-12-20 13:21:00
3016,27,pending,9332.49,2024-01-04 01:02:00
3017,160,cancelled,3787.79,2024-04-27 18:41:00
3018,900,pending,820.21,2024-05-01 04:41:00
3019,899,completed,8013.19,2024-06-11 02:13:00
3020,6,cancelled,3465.3,2024-01-18 16:13:00
3021,649,returned,5599.91,2024-04-03 21:06:00
3022,291,cancelled,2915.19,2024-09-23 16:39:00
3023,393,returned,5905.69,2024-09-08 04:31:00
3024,987,pending,4288.42,2024-11-22 14:46:00
3025,973,cancelled,6467.14,2024-03-17 23:00:00
3026,133,cancelled,8475.04,2024-12-26 05:58:00
3027,378,cancelled,2170.59,2024-02-05 16:13:00
3028,825,pending,7104.9,2024-02-24 23:08:00
3029,195,completed,1350.32,2024-11-06 04:56:00
3030,862,completed,6306.43,2024-11-15 02:03:00
3031,387,completed,8866.27,2024-09-23 07:26:00
3032,269,returned,1685.49,2024-10-10 14:22:00
3033,25,pending,7692.66,2024-07-25 16:45:00
3034,90,returned,1851.72,2024-04-02 11:30:00
3035,476,cancelled,2677.37,2024-07-04 17:40:00
3036,273,returned,1443.1,2024-03-20 18:02:00
3037,334,pending,6224.25,2024-09-18 21:47:00
3038,465,returned,9006.55,2024-10-10 07:46:00
3039,105,returned,625.65,2024-04-03 22:28:00
3040,984,completed,6489.66,2024-03-30 02:29:00
3041,704,pending,2063.38,2024-04-21 18:41:00
3042,597,pending,9571.24,2024-01-15 10:11:00
3043,177,pending,5808.82,2024-10-17 19:13:00
3044,759,returned,8827.43,2024-02-21 23:27:00
3045,819,cancelled,6606.75,2024-10-26 02:40:00
3046,311,pending,5576.05,2024-03-14 07:57:00
3047,171,cancelled,6567.86,2024-12-25 07:50:00
3048,592,pending,3270.02,2024-06-06 08:26:00
3049,126,returned,7275.38,2024-08-25 23:47:00
3050,904,returned,2266.77,2024-07-20 09:15:00
3051,965,completed,5753.33,2024-05-13 08:36:00
3052,831,returned,6151.01,2024-02-29 05:57:00
3053,458,returned,126.61,2024-10-19 05:28:00
3054,72,pending,648.83,2024-05-06 21:57:00
3055,611,returned,7621.48,2024-09-11 23:07:00
3056,220,returned,7108.39,2024-06-16 04:37:00
3057,975,pending,1393.62,2024-01-15 21:48:00
3058,996,completed,1433.69,2024-07-05 12:46:00
3059,810,completed,5525.0,2024-03-29 01:56:00
3060,46,cancelled,7633.87,2024-09-07 19:51:00
3061,963,returned,5234.38,2024-09-16 18:28:00
3062,358,pending,6963.86,2024-12-26 11:42:00
3063,527,cancelled,1928.1,2024-11-22 17:25:00
3064,947,completed,8007.05,2024-01-21 06:01:00
3065,285,cancelled,2439.24,2024-07-17 20:05:00
3066,835,cancelled,1183.86,2024-02-04 11:53:00
3067,893,pending,9545.53,2024-10-19 02:01:00
3068,798,pending,6464.83,2024-03-26 23:37:00
3069,768,cancelled,6673.68,2024-02-17 09:12:00
3070,490,cancelled,6572.17,2024-09-18 06:03:00
3071,627,pending,9125.38,2024-10-22 13:30:00
3072,85,pending,6899.06,2024-09-12 02:38:00
3073,991,completed,1537.32,2024-01-25 20:09:00
3074,750,pending,1244.04,2024-03-21 03:55:00
3075,704,returned,4160.1,2024-12-04 04:03:00
3076,118,completed,1247.75,2024-07-14 12:06:00
3077,133,pending,514.33,2024-11-12 23:02:00
3078,458,pending,7257.69,2024-12-04 23:59:00
3079,542,returned,9330.78,2024-04-11 19:47:00
3080,748,pending,466.53,2024-10-19 06:27:00
3081,390,cancelled,2163.18,2024-01-07 21:11:00
3082,467,cancelled,7788.82,2024-02-23 04:48:00
3083,804,cancelled,1843.76,2024-02-16 09:01:00
3084,809,returned,6290.95,2024-03-12 10:55:00
3085,9,cancelled,9821.64,2024-03-17 19:18:00
3086,385,pending,269.44,2024-10-29 06:44:00
3087,868,cancelled,9946.21,2024-06-28 23:24:00
3088,860,completed,8123.6,2024-12-01 00:51:00
3089,954,pending,7185.17,2024-10-18 19:22:00
3090,132,returned,8252.59,2024-02-19 07:29:00
3091,122,pending,2827.07,2024-08-05 11:35:00
3092,335,cancelled,3934.95,2024-03-07 06:54:00
3093,28,cancelled,9420.98,2024-03-20 00:09:00
3094,494,completed,4282.35,2024-07-04 19:10:00
3095,491,pending,5619.53,2024-05-22 01:10:00
3096,614,completed,4486.83,2024-02-13 13:27:00
3097,883,completed,4182.18,2024-03-07 04:55:00
3098,289,completed,3489.66,2024-05-13 05:52:00
3099,900,completed,2296.19,2024-12-29 09:02:00
3100,256,completed,1334.48,2024-11-11 11:58:00
3101,927,returned,9570.23,2024-10-15 20:28:00
3102,378,returned,8941.12,2024-06-06 19:04:00
3103,380,returned,5942.22,2024-06-27 11:18:00
3104,436,pending,9463.12,2024-05-08 15:53:00
3105,109,pending,8384.03,2024-05-08 14:27:00
3106,3,completed,536.82,2024-01-31 03:51:00
3107,803,completed,483.43,2024-01-14 23:50:00
3108,423,pending,1093.73,2024-07-23 08:48:00
3109,966,completed,4940.94,2024-08-04 16:02:00
3110,558,completed,5216.83,2024-12-09 11:28:00
3111,110,pending,5968.2,2024-02-25 10:45:00
3112,63,returned,935.91,2024-09-17 01:26:00
3113,464,completed,2540.38,2024-08-24 22:14:00
3114,341,completed,9690.88,2024-05-27 11:33:00
3115,977,cancelled,4971.13,2024-04-12 12:11:00
3116,117,pending,345.42,2024-10-16 13:11:00
3117,358,cancelled,4523.52,2024-12-26 13:38:00
3118,260,returned,393.87,2024-03-02 17:00:00
3119,342,pending,9997.61,2024-04-12 19:25:00
3120,161,returned,9227.5,2024-08-11 12:27:00
3121,843,pending,881.44,2024-10-26 02:33:00
3122,247,pending,7024.82,2024-08-31 00:02:00
3123,59,cancelled,4089.54,2024-08-05 03:19:00
3124,989,cancelled,6305.69,2024-01-13 02:50:00
3125,120,completed,4524.62,2024-09-05 21:29:00
3126,128,cancelled,469.77,2024-12-01 08:37:00
3127,242,completed,8223.42,2024-10-15 22:54:00
3128,725,cancelled,5784.27,2024-06-10 07:42:00
3129,725,completed,3234.99,2024-03-29 01:16:00
3130,626,completed,8097.54,2024-06-01 20:53:00
3131,613,returned,9299.68,2024-07-21 19:33:00
3132,505,pending,6515.47,2024-04-11 14:37:00
3133,450,completed,8155.29,2024-07-14 19:35:00
3134,768,cancelled,1110.35,2024-07-14 03:09:00
3135,222,returned,2937.88,2024-01-26 15:30:00
3136,585,cancelled,2557.59,2024-03-30 10:27:00
3137,188,pending,7395.98,2024-09-20 21:37:00
3138,610,cancelled,5870.35,2024-02-28 19:28:00
3139,827,completed,763.26,2024-05-15 05:56:00
3140,442,pending,360.44,2024-08-27 01:32:00
3141,472,pending,1146.34,2024-07-29 01:53:00
3142,163,completed,6345.16,2024-12-04 20:16:00
3143,98,completed,2428.59,2024-12-16 22:48:00
3144,630,returned,9018.24,2024-02-27 02:28:00
3145,986,completed,7336.47,2024-10-02 16:40:00
3146,602,cancelled,9285.25,2024-09-17 00:52:00
3147,841,completed,9708.03,2024-07-23 08:19:00
3148,548,pending,1691.09,2024-03-02 14:56:00
3149,905,cancelled,5267.27,2024-04-29 18:28:00
3150,996,cancelled,4432.91,2024-01-06 17:11:00
3151,64,completed,2669.06,2024-01-24 13:30:00
3152,328,returned,6699.18,2024-04-02 06:24:00
3153,577,completed,3065.6,2024-07-25 02:48:00
3154,664,completed,9348.07,2024-09-18 15:43:00
3155,837,cancelled,7935.49,2024-11-03 21:27:00
3156,574,pending,4687.25,2024-07-19 18:42:00
3157,953,returned,6679.38,2024-01-26 08:02:00
3158,603,cancelled,2370.44,2024-03-01 08:57:00
3159,810,completed,7922.15,2024-08-04 03:22:00
3160,438,completed,4994.12,2024-10-09 20:15:00
3161,182,returned,2912.76,2024-12-19 17:35:00
3162,230,cancelled,7256.37,2024-06-30 03:49:00
3163,954,returned,5852.23,2024-12-03 21:41:00
3164,408,pending,2999.21,2024-01-24 19:59:00
3165,432,cancelled,8367.36,2024-07-11 12:34:00
3166,255,cancelled,9362.01,2024-08-07 00:17:00
3167,464,cancelled,1601.73,2024-08-15 00:09:00
3168,575,cancelled,1111.88,2024-03-13 05:59:00
3169,365,pending,8272.65,2024-07-27 08:34:00
3170,560,pending,103.4,2024-10-20 07:17:00
3171,548,returned,5373.76,2024-09-13 07:39:00
3172,43,returned,1460.85,2024-05-12 12:30:00
3173,155,returned,6059.23,2024-02-04 13:01:00
3174,639,completed,982.9,2024-02-07 06:53:00
3175,116,pending,3641.7,2024-11-03 20:52:00
3176,168,pending,7175.87,2024-02-25 07:13:00
3177,487,returned,8954.98,2024-06-23 05:15:00
3178,45,cancelled,3280.05,2024-09-18 03:25:00
3179,341,completed,9109.1,2024-07-03 08:48:00
3180,310,returned,1531.98,2024-03-04 19:06:00
3181,440,cancelled,6537.83,2024-04-08 22:18:00
3182,281,completed,7898.21,2024-08-01 12:54:00
3183,65,returned,7580.49,2024-09-04 23:04:00
3184,791,pending,7031.93,2024-10-31 17:36:00
3185,772,completed,5512.37,2024-01-02 12:29:00
3186,854,pending,1059.29,2024-02-10 14:17:00
3187,424,completed,7894.04,2024-06-16 19:11:00
3188,942,returned,6303.24,2024-05-15 17:27:00
3189,632,pending,7018.92,2024-10-24 12:44:00
3190,634,returned,3185.0,2024-09-16 12:36:00
3191,320,completed,3340.53,2024-10-28 08:20:00
3192,823,completed,1195.4,2024-11-10 04:46:00
3193,614,pending,680.02,2024-12-17 15:23:00
3194,253,returned,8902.62,2024-01-23 11:07:00
3195,73,returned,878.2,2024-12-15 23:03:00
3196,233,returned,2150.7,2024-06-09 07:26:00
3197,1000,pending,1090.08,2024-10-23 08:20:00
3198,382,completed,3851.93,2024-01-04 01:01:00
3199,609,cancelled,8089.24,2024-06-01 16:37:00
3200,257,pending,564.89,2024-07-11 12:43:00
3201,886,cancelled,7876.62,2024-10-12 19:27:00
3202,442,returned,4163.56,2024-06-16 13:16:00
3203,166,completed,8219.89,2024-06-08 10:27:00
3204,886,cancelled,4951.29,2024-08-14 10:34:00
3205,914,completed,5754.98,2024-06-06 10:14:00
3206,197,completed,4309.0,2024-05-04 11:16:00
3207,819,returned,8771.27,2024-03-07 20:11:00
3208,789,returned,3431.42,2024-05-28 01:06:00
3209,407,cancelled,6076.14,2024-06-26 07:59:00
3210,55,completed,6978.45,2024-12-11 13:10:00
3211,877,pending,1272.3,2024-03-18 09:11:00
3212,987,returned,4339.0,2024-09-01 22:42:00
3213,486,cancelled,4072.24,2024-06-10 19:04:00
3214,400,completed,1126.2,2024-03-31 08:45:00
3215,103,completed,3787.84,2024-09-14 08:34:00
3216,817,returned,9934.4,2024-01-04 17:00:00
3217,111,returned,5929.22,2024-07-21 15:45:00
3218,507,pending,2039.25,2024-02-10 05:36:00
3219,610,cancelled,4496.47,2024-01-07 08:28:00
3220,139,returned,7946.03,2024-03-25 20:51:00
3221,436,completed,1558.02,2024-02-26 05:03:00
3222,209,cancelled,2365.19,2024-09-02 10:14:00
3223,441,cancelled,6994.7,2024-07-16 17:03:00
3224,473,cancelled,9739.66,2024-11-21 05:23:00
3225,272,pending,3166.65,2024-03-04 21:35:00
3226,712,pending,5084.28,2024-05-09 11:51:00
3227,771,cancelled,566.78,2024-12-12 13:16:00
3228,313,cancelled,2923.55,2024-08-27 10:47:00
3229,150,pending,8470.55,2024-02-09 03:08:00
3230,968,pending,1626.22,2024-12-31 14:18:00
3231,789,returned,6853.5,2024-11-13 23:52:00
3232,87,returned,4440.04,2024-07-22 06:15:00
3233,681,cancelled,6486.14,2024-12-13 23:10:00
3234,502,pending,403.98,2024-10-11 17:24:00
3235,702,pending,8214.51,2024-08-31 11:45:00
3236,13,completed,8031.84,2024-02-04 19:50:00
3237,397,pending,8284.35,2024-05-10 10:45:00
3238,651,pending,428.68,2024-11-07 07:20:00
3239,737,pending,2740.98,2024-04-27 10:54:00
3240,236,cancelled,216.97,2024-12-24 20:47:00
3241,107,completed,7180.04,2024-07-21 14:30:00
3242,518,cancelled,5190.47,2024-02-04 13:22:00
3243,177,cancelled,2615.62,2024-12-09 11:16:00
3244,269,returned,629.52,2024-09-29 06:52:00
3245,548,cancelled,6915.5,2024-08-31 19:39:00
3246,223,returned,7075.31,2024-10-09 03:00:00
3247,658,cancelled,2485.14,2024-11-01 03:09:00
3248,550,returned,9607.42,2024-09-19 21:16:00
3249,896,returned,8058.66,2024-10-17 18:27:00
3250,601,pending,8859.51,2024-12-19 19:03:00
3251,314,cancelled,4864.28,2024-12-25 04:53:00
3252,491,completed,2814.98,2024-08-18 21:08:00
3253,260,returned,2402.26,2024-02-15 23:38:00
3254,554,returned,7133.68,2024-03-30 08:08:00
3255,927,pending,8333.25,2024-11-28 07:37:00
3256,461,pending,5262.49,2024-05-01 18:50:00
3257,106,pending,9760.28,2024-11-26 21:35:00
3258,512,completed,3979.78,2024-03-21 18:13:00
3259,177,completed,7145.74,2024-10-12 06:10:00
3260,150,completed,543.34,2024-02-29 00:11:00
3261,236,pending,8900.74,2024-01-09 02:44:00
3262,535,returned,4666.96,2024-07-13 03:02:00
3263,932,completed,5128.44,2024-11-19 19:42:00
3264,889,returned,7177.17,2024-03-03 00:35:00
3265,86,cancelled,1974.57,2024-07-15 02:18:00
3266,64,pending,8987.64,2024-05-28 10:41:00
3267,250,completed,5937.36,2024-01-25 15:17:00
3268,432,pending,2030.38,2024-06-07 13:55:00
3269,603,cancelled,8337.37,2024-02-20 01:00:00
3270,204,completed,4624.74,2024-07-25 05:00:00
3271,379,cancelled,9440.24,2024-10-28 12:28:00
3272,855,completed,3380.93,2024-12-18 01:27:00
3273,444,returned,4278.61,2024-02-17 02:00:00
3274,927,returned,9169.78,2024-06-02 02:45:00
3275,93,pending,9869.14,2024-01-01 14:34:00
3276,332,completed,4048.35,2024-10-29 08:49:00
3277,634,returned,515.38,2024-11-10 00:23:00
3278,792,pending,4355.98,2024-10-07 06:18:00
3279,568,pending,3841.41,2024-10-17 18:39:00
3280,415,pending,3945.3,2024-08-23 00:33:00
3281,240,returned,5624.5,2024-09-23 20:36:00
3282,122,returned,5338.47,2024-12-15 21:41:00
3283,497,completed,3704.44,2024-07-08 18:27:00
3284,185,cancelled,4589.99,2024-02-09 18:29:00
3285,919,returned,331.4,2024-10-31 07:08:00
3286,23,completed,1413.74,2024-12-25 11:29:00
3287,870,pending,3863.39,2024-06-03 02:35:00
3288,876,completed,7634.42,2024-10-19 11:59:00
3289,143,completed,7861.25,2024-07-03 10:32:00
3290,322,completed,4659.65,2024-08-21 09:45:00
3291,93,pending,4933.95,2024-07-16 19:11:00
3292,803,completed,1056.06,2024-12-10 20:35:00
3293,149,cancelled,1009.83,2024-12-30 18:25:00
3294,963,pending,4413.85,2024-03-31 05:09:00
3295,618,returned,3409.25,2024-10-27 02:28:00
3296,55,cancelled,7237.96,2024-07-06 08:58:00
3297,136,completed,8250.74,2024-06-26 21:18:00
3298,382,returned,8351.05,2024-01-24 10:27:00
3299,799,pending,128.57,2024-10-22 04:08:00
3300,865,cancelled,5019.76,2024-01-01 22:36:00
3301,19,completed,727.36,2024-07-23 07:59:00
3302,722,cancelled,4159.09,2024-01-28 14:10:00
3303,217,pending,2856.62,2024-08-28 05:32:00
3304,167,cancelled,8885.5,2024-05-23 00:03:00
3305,92,returned,5249.69,2024-09-21 05:10:00
3306,706,cancelled,7199.06,2024-05-03 02:08:00
3307,430,completed,3955.91,2024-10-04 11:00:00
3308,494,completed,683.28,2024-06-28 17:41:00
3309,715,completed,1005.52,2024-10-21 11:00:00
3310,626,pending,8454.02,2024-02-25 21:05:00
3311,323,pending,4331.3,2024-01-23 23:23:00
3312,233,returned,627.08,2024-10-18 04:12:00
3313,45,completed,4677.52,2024-08-08 18:20:00
3314,697,completed,145.57,2024-09-04 08:57:00
3315,718,completed,8784.84,2024-10-20 09:35:00
3316,729,cancelled,7021.36,2024-04-26 20:09:00
3317,817,returned,4190.72,2024-10-11 18:13:00
3318,886,returned,3511.68,2024-10-31 08:17:00
3319,980,returned,7683.31,2024-07-30 23:05:00
3320,983,pending,9776.3,2024-04-13 09:51:00
3321,552,completed,2210.85,2024-02-06 01:16:00
3322,341,completed,1621.92,2024-10-14 21:39:00
3323,413,pending,6877.56,2024-02-05 14:57:00
3324,304,pending,9711.12,2024-07-03 14:16:00
3325,537,pending,3440.21,2024-03-18 13:33:00
3326,62,returned,8634.24,2024-10-06 13:02:00
3327,764,returned,4533.27,2024-10-28 17:14:00
3328,735,cancelled,8920.86,2024-10-04 16:12:00
3329,561,cancelled,9679.96,2024-06-11 07:24:00
3330,944,cancelled,4118.33,2024-03-11 17:03:00
3331,339,cancelled,625.42,2024-08-15 08:45:00
3332,52,returned,3665.05,2024-11-13 10:22:00
3333,82,cancelled,9613.12,2024-03-22 06:36:00
3334,188,completed,5981.26,2024-10-03 10:57:00
3335,785,cancelled,1160.69,2024-09-09 20:44:00
3336,317,completed,6694.22,2024-11-03 03:56:00
3337,240,completed,9515.32,2024-02-21 14:49:00
3338,520,returned,1038.07,2024-12-17 00:09:00
3339,337,cancelled,7071.18,2024-08-15 21:24:00
3340,56,pending,1765.08,2024-01-13 12:45:00
3341,636,cancelled,9201.83,2024-06-10 08:44:00
3342,964,completed,6857.62,2024-01-01 02:42:00
3343,139,pending,4433.6,2024-06-09 18:22:00
3344,893,completed,204.7,2024-08-01 22:58:00
3345,52,completed,3263.12,2024-06-21 06:55:00
3346,737,pending,9074.41,2024-06-26 20:43:00
3347,703,cancelled,4457.53,2024-11-12 10:02:00
3348,449,cancelled,533.88,2024-09-09 03:48:00
3349,454,pending,8460.8,2024-08-25 19:35:00
3350,51,cancelled,7112.14,2024-10-29 21:23:00
3351,660,completed,9143.21,2024-12-07 02:03:00
3352,10,returned,2949.67,2024-12-12 19:13:00
3353,994,cancelled,7751.33,2024-01-07 06:44:00
3354,919,completed,129.74,2024-06-27 04:02:00
3355,900,pending,4341.24,2024-09-16 19:44:00
3356,996,cancelled,737.65,2024-10-04 09:40:00
3357,629,completed,9558.58,2024-11-30 10:56:00
3358,631,pending,9602.46,2024-07-02 11:48:00
3359,769,pending,9102.1,2024-12-17 18:21:00
3360,151,completed,3677.33,2024-02-06 01:03:00
3361,418,returned,5737.01,2024-10-22 00:41:00
3362,20,returned,5754.81,2024-10-07 01:04:00
3363,560,returned,7199.58,2024-09-01 08:02:00
3364,797,pending,9961.55,2024-09-13 08:44:00
3365,697,pending,7194.9,2024-04-21 21:12:00
3366,584,cancelled,3136.89,2024-12-23 11:55:00
3367,231,completed,127.51,2024-09-08 14:24:00
3368,777,pending,3408.33,2024-01-05 06:10:00
3369,649,cancelled,8301.58,2024-02-07 15:13:00
3370,389,cancelled,2625.53,2024-07-19 05:18:00
3371,109,returned,5418.67,2024-04-04 18:03:00
3372,643,pending,6648.77,2024-10-20 22:49:00
3373,154,pending,7913.84,2024-06-06 10:54:00
3374,98,completed,250.81,2024-01-17 18:02:00
3375,659,returned,8405.41,2024-01-24 11:15:00
3376,6,returned,5153.32,2024-05-04 00:09:00
3377,908,completed,975.02,2024-07-20 14:14:00
3378,814,pending,6201.04,2024-01-04 09:57:00
3379,695,cancelled,9581.11,2024-08-21 10:48:00
3380,898,returned,3300.45,2024-10-16 05:05:00
3381,176,returned,3185.68,2024-07-21 01:14:00
3382,977,pending,4248.89,2024-04-01 00:56:00
3383,711,pending,4629.97,2024-06-30 16:11:00
3384,80,cancelled,4673.24,2024-08-25 00:44:00
3385,611,pending,110.86,2024-08-15 03:05:00
3386,821,cancelled,8434.35,2024-04-25 22:48:00
3387,564,completed,1891.23,2024-08-08 22:10:00
3388,102,pending,768.5,2024-09-25 03:33:00
3389,587,returned,7255.62,2024-12-17 11:36:00
3390,97,returned,1153.52,2024-02-27 16:27:00
3391,217,cancelled,3389.93,2024-10-08 02:46:00
3392,603,cancelled,5732.85,2024-08-25 22:30:00
3393,172,completed,3879.03,2024-09-21 01:45:00
3394,52,cancelled,9179.96,2024-09-02 17:48:00
3395,828,pending,764.97,2024-07-11 19:09:00
3396,521,returned,9002.23,2024-09-17 08:21:00
3397,985,cancelled,8675.7,2024-12-02 03:32:00
3398,142,pending,7251.59,2024-09-01 05:00:00
3399,56,pending,5556.88,2024-11-10 09:34:00
3400,131,pending,1439.18,2024-03-20 01:16:00
3401,91,cancelled,2859.57,2024-05-22 20:13:00
3402,749,pending,9253.09,2024-09-25 23:07:00
3403,68,returned,9741.99,2024-07-03 18:38:00
3404,728,pending,7040.9,2024-12-10 04:47:00
3405,643,completed,1363.05,2024-11-20 06:03:00
3406,284,pending,2268.27,2024-03-08 04:45:00
3407,450,returned,3655.84,2024-03-06 22:56:00
3408,106,pending,3792.01,2024-04-09 01:57:00
3409,796,pending,5083.05,2024-08-01 10:56:00
3410,49,returned,2609.31,2024-04-10 00:43:00
3411,845,completed,3509.9,2024-10-31 07:59:00
3412,849,returned,4623.49,2024-07-01 12:57:00
3413,599,completed,6149.94,2024-04-24 04:49:00
3414,73,completed,6552.44,2024-11-02 02:26:00
3415,700,completed,4749.8,2024-07-12 19:02:00
3416,882,pending,5862.2,2024-09-28 06:07:00
3417,967,completed,2710.34,2024-10-04 08:04:00
3418,635,returned,3979.63,2024-03-18 18:05:00
3419,821,pending,9394.97,2024-08-02 15:00:00
3420,514,completed,3732.24,2024-10-12 11:53:00
3421,428,returned,4659.0,2024-01-21 12:14:00
3422,718,returned,9305.63,2024-02-13 18:32:00
3423,824,returned,3684.3,2024-01-31 09:37:00
3424,294,cancelled,3074.98,2024-01-19 14:27:00
3425,401,pending,6880.09,2024-11-05 06:45:00
3426,231,returned,3503.52,2024-06-03 20:38:00
3427,386,pending,4590.79,2024-03-07 05:24:00
3428,138,returned,8832.44,2024-03-01 02:18:00
3429,992,pending,2631.69,2024-07-29 21:08:00
3430,942,cancelled,9414.3,2024-10-11 22:20:00
3431,273,pending,1103.98,2024-09-20 16:40:00
3432,908,completed,5384.63,2024-09-09 19:43:00
3433,633,completed,7425.06,2024-07-27 04:40:00
3434,246,cancelled,9083.65,2024-12-30 02:42:00
3435,616,returned,2710.33,2024-04-12 17:21:00
3436,825,pending,8884.88,2024-05-24 14:11:00
3437,911,cancelled,6700.43,2024-07-05 17:15:00
3438,231,pending,2681.35,2024-04-13 01:51:00
3439,707,pending,867.73,2024-12-27 11:54:00
3440,685,returned,4116.11,2024-07-10 23:17:00
3441,379,returned,7805.78,2024-07-18 22:36:00
3442,692,cancelled,5043.86,2024-08-20 12:37:00
3443,730,cancelled,7245.28,2024-11-21 10:12:00
3444,370,pending,4422.2,2024-10-15 15:54:00
3445,278,returned,3927.93,2024-10-31 16:24:00
3446,986,completed,4365.99,2024-05-23 04:05:00
3447,182,cancelled,2926.95,2024-01-12 17:44:00
3448,931,completed,5769.6,2024-11-12 09:32:00
3449,90,cancelled,1935.11,2024-07-23 19:09:00
3450,331,cancelled,5799.59,2024-07-22 09:54:00
3451,458,pending,1217.13,2024-05-02 00:29:00
3452,891,cancelled,1453.42,2024-07-07 22:37:00
3453,122,cancelled,1897.77,2024-03-03 09:03:00
3454,684,cancelled,6541.59,2024-10-25 06:15:00
3455,812,pending,9415.49,2024-02-29 09:49:00
3456,325,cancelled,2213.56,2024-01-29 14:36:00
3457,423,pending,6612.08,2024-08-22 07:06:00
3458,985,completed,396.88,2024-11-26 21:46:00
3459,125,returned,9407.45,2024-07-01 05:09:00
3460,955,completed,886.07,2024-10-08 14:05:00
3461,939,cancelled,3251.52,2024-04-17 11:52:00
3462,993,cancelled,7417.33,2024-03-31 13:56:00
3463,928,returned,2671.64,2024-12-14 20:56:00
3464,696,returned,581.23,2024-09-11 06:41:00
3465,989,pending,8709.97,2024-12-12 00:44:00
3466,542,returned,7986.66,2024-03-16 07:57:00
3467,456,returned,4584.37,2024-10-22 13:25:00
3468,699,cancelled,4126.7,2024-04-09 14:00:00
3469,115,cancelled,9119.16,2024-11-26 01:59:00
3470,782,cancelled,8171.38,2024-08-12 17:04:00
3471,26,cancelled,3322.29,2024-09-22 21:02:00
3472,38,completed,9215.67,2024-09-04 21:11:00
3473,747,pending,750.55,2024-04-05 10:29:00
3474,679,pending,1287.16,2024-01-14 19:19:00
3475,233,completed,7715.47,2024-04-21 12:33:00
3476,826,completed,4994.33,2024-03-25 01:12:00
3477,125,pending,3843.03,2024-06-26 11:45:00
3478,158,returned,1842.5,2024-01-14 19:41:00
3479,191,returned,7862.52,2024-06-25 04:46:00
3480,383,cancelled,8289.75,2024-12-03 21:13:00
3481,932,pending,1568.75,2024-03-18 20:44:00
3482,790,returned,2345.71,2024-11-11 06:57:00
3483,535,pending,114.1,2024-07-05 15:44:00
3484,711,pending,7840.4,2024-04-25 04:14:00
3485,434,returned,962.37,2024-06-28 01:30:00
3486,407,completed,9083.24,2024-10-09 14:02:00
3487,524,pending,3951.99,2024-09-11 03:48:00
3488,518,pending,8314.67,2024-04-12 12:02:00
3489,102,completed,4964.78,2024-03-20 12:06:00
3490,363,pending,8940.19,2024-10-12 21:35:00
3491,648,pending,7090.26,2024-09-09 21:50:00
3492,863,returned,9238.12,2024-05-14 17:55:00
3493,265,returned,4836.92,2024-06-15 14:48:00
3494,269,pending,1536.97,2024-04-20 22:09:00
3495,146,pending,9204.46,2024-09-17 00:40:00
3496,109,cancelled,2612.19,2024-03-19 11:35:00
3497,687,pending,7201.81,2024-12-06 21:40:00
3498,881,pending,1868.52,2024-06-30 12:03:00
3499,387,pending,8228.42,2024-11-12 10:13:00
3500,381,completed,9012.16,2024-05-04 20:50:00
3501,740,returned,8658.48,2024-05-05 02:54:00
3502,664,completed,5362.57,2024-05-19 12:43:00
3503,813,returned,2830.22,2024-04-30 00:31:00
3504,686,cancelled,2368.24,2024-10-13 09:49:00
3505,125,cancelled,1570.12,2024-12-03 02:14:00
3506,794,returned,1827.7,2024-12-04 01:32:00
3507,804,cancelled,6673.3,2024-04-27 18:53:00
3508,738,returned,6602.82,2024-07-16 02:20:00
3509,749,cancelled,7928.47,2024-01-24 11:20:00
3510,258,completed,8012.89,2024-11-16 21:04:00
3511,378,completed,4338.38,2024-05-17 02:04:00
3512,580,cancelled,3366.49,2024-05-19 00:36:00
3513,956,completed,5804.7,2024-07-11 18:13:00
3514,606,cancelled,4563.51,2024-09-11 11:51:00
3515,190,completed,4823.89,2024-01-01 04:01:00
3516,260,pending,4402.51,2024-03-22 21:00:00
3517,73,returned,1051.33,2024-12-04 02:09:00
3518,315,completed,9413.93,2024-10-19 07:48:00
3519,734,returned,9068.78,2024-11-13 12:29:00
3520,545,returned,4119.24,2024-10-16 16:30:00
3521,221,completed,1733.24,2024-09-08 15:14:00
3522,82,pending,1405.33,2024-11-29 12:43:00
3523,783,completed,4657.78,2024-06-22 22:36:00
3524,987,returned,6522.61,2024-08-03 11:15:00
3525,861,pending,9412.98,2024-12-16 18:57:00
3526,938,cancelled,2109.85,2024-11-04 02:40:00
3527,789,returned,3355.28,2024-04-06 00:32:00
3528,689,cancelled,1898.72,2024-03-04 04:02:00
3529,163,completed,5902.33,2024-06-29 00:49:00
3530,358,returned,8094.79,2024-05-19 09:36:00
3531,656,returned,8015.45,2024-05-25 15:00:00
3532,729,completed,111.79,2024-08-03 17:29:00
3533,406,cancelled,3160.95,2024-12-06 13:31:00
3534,411,cancelled,5766.72,2024-10-30 14:59:00
3535,317,completed,4255.92,2024-04-13 12:56:00
3536,356,returned,6937.2,2024-01-18 08:54:00
3537,339,completed,328.23,2024-05-05 11:20:00
3538,716,pending,4755.57,2024-01-20 18:47:00
3539,396,cancelled,5693.96,2024-11-11 05:29:00
3540,452,completed,1188.11,2024-11-21 18:41:00
3541,367,pending,5736.17,2024-07-13 07:20:00
3542,211,completed,6977.74,2024-10-30 14:46:00
3543,9,pending,3743.27,2024-02-26 05:33:00
3544,165,returned,4193.9,2024-04-15 13:19:00
3545,241,completed,8547.92,2024-11-10 09:58:00
3546,538,cancelled,6156.07,2024-06-27 09:26:00
3547,674,returned,2555.34,2024-06-18 08:55:00
3548,923,cancelled,7478.76,2024-06-06 22:16:00
3549,805,completed,7937.9,2024-06-05 19:07:00
3550,406,pending,7554.52,2024-05-04 22:54:00
3551,265,cancelled,5825.36,2024-05-25 07:36:00
3552,903,cancelled,8783.03,2024-05-15 00:33:00
3553,778,pending,1546.43,2024-01-25 18:21:00
3554,513,returned,1370.21,2024-09-01 23:59:00
3555,224,cancelled,1087.61,2024-03-21 03:00:00
3556,916,returned,1377.98,2024-12-19 05:07:00
3557,882,returned,7640.67,2024-09-02 10:19:00
3558,921,cancelled,2007.89,2024-11-18 22:50:00
3559,423,cancelled,3433.11,2024-10-26 04:54:00
3560,797,pending,469.19,2024-01-06 01:19:00
3561,285,returned,8497.74,2024-07-14 02:09:00
3562,741,pending,5709.08,2024-01-15 04:57:00
3563,755,cancelled,1155.7,2024-02-28 06:46:00
3564,885,returned,3399.85,2024-07-20 11:33:00
3565,724,returned,1984.11,2024-10-25 10:40:00
3566,694,returned,9642.04,2024-10-11 13:51:00
3567,81,pending,9449.38,2024-05-13 22:23:00
3568,566,cancelled,1972.61,2024-12-22 10:25:00
3569,398,pending,937.96,2024-04-24 17:35:00
3570,380,completed,8861.68,2024-05-31 05:12:00
3571,849,returned,1659.96,2024-12-09 23:08:00
3572,35,pending,2029.54,2024-08-22 09:11:00
3573,272,returned,2158.33,2024-02-25 00:19:00
3574,238,returned,7170.64,2024-07-31 16:47:00
3575,710,returned,7836.17,2024-10-03 00:02:00
3576,566,cancelled,7136.48,2024-03-13 18:55:00
3577,288,returned,7557.31,2024-01-26 04:56:00
3578,825,completed,6501.67,2024-09-06 14:56:00
3579,293,completed,4711.58,2024-04-06 01:19:00
3580,213,cancelled,678.61,2024-04-26 17:50:00
3581,811,cancelled,9477.77,2024-03-24 05:52:00
3582,573,cancelled,4279.03,2024-06-22 05:28:00
3583,770,cancelled,7325.34,2024-03-22 06:12:00
3584,137,pending,6273.72,2024-04-29 00:08:00
3585,17,pending,3368.87,2024-10-20 03:13:00
3586,210,completed,2374.25,2024-04-22 06:16:00
3587,419,returned,4465.63,2024-12-20 03:42:00
3588,923,returned,7854.8,2024-07-05 00:28:00
3589,877,returned,1505.75,2024-09-01 19:39:00
3590,356,cancelled,2566.32,2024-01-30 05:17:00
3591,658,cancelled,2185.03,2024-02-10 05:58:00
3592,237,cancelled,8179.04,2024-03-28 07:01:00
3593,222,cancelled,7195.71,2024-03-08 01:08:00
3594,554,cancelled,4638.68,2024-10-24 23:51:00
3595,940,completed,999.58,2024-03-24 05:42:00
3596,817,pending,2997.47,2024-07-10 01:28:00
3597,834,returned,9171.29,2024-05-12 21:56:00
3598,560,returned,7323.51,2024-02-22 15:41:00
3599,652,returned,3279.04,2024-05-13 13:06:00
3600,638,pending,9264.03,2024-01-26 12:23:00
3601,656,pending,5414.55,2024-08-13 04:50:00
3602,694,returned,6326.33,2024-06-22 16:55:00
3603,954,completed,1880.8,2024-06-11 19:02:00
3604,822,cancelled,3914.25,2024-09-30 09:45:00
3605,261,pending,9476.83,2024-09-05 07:40:00
3606,193,returned,5776.69,2024-02-09 05:06:00
3607,134,completed,950.93,2024-01-25 03:33:00
3608,469,completed,2433.49,2024-06-26 22:35:00
3609,426,completed,6729.14,2024-02-07 14:54:00
3610,51,returned,2984.35,2024-01-19 20:59:00
3611,231,pending,3589.97,2024-10-27 19:39:00
3612,258,cancelled,1864.21,2024-06-11 23:56:00
3613,919,completed,4990.52,2024-03-29 05:09:00
3614,928,returned,9458.93,2024-05-10 07:14:00
3615,571,returned,1899.7,2024-01-11 11:54:00
3616,297,pending,1528.99,2024-07-11 05:24:00
3617,696,cancelled,6882.48,2024-05-13 18:56:00
3618,662,returned,8514.97,2024-04-08 06:47:00
3619,754,completed,6954.33,2024-04-10 06:18:00
3620,302,cancelled,4483.9,2024-01-10 09:32:00
3621,861,returned,5134.89,2024-10-24 10:00:00
3622,278,returned,306.01,2024-03-26 00:55:00
3623,384,returned,7682.96,2024-12-16 11:04:00
3624,627,cancelled,1975.72,2024-12-15 14:31:00
3625,264,pending,4032.88,2024-11-20 21:13:00
3626,164,cancelled,4199.74,2024-05-17 05:28:00
3627,944,returned,4794.24,2024-03-28 05:58:00
3628,368,pending,273.61,2024-02-11 12:22:00
3629,556,completed,1503.42,2024-11-05 04:01:00
3630,670,cancelled,5769.78,2024-03-21 04:37:00
3631,293,completed,806.23,2024-07-29 06:02:00
3632,156,cancelled,3226.47,2024-12-06 22:37:00
3633,412,pending,4415.33,2024-08-25 21:46:00
3634,832,pending,6492.95,2024-03-29 19:46:00
3635,304,pending,523.18,2024-07-12 02:21:00
3636,680,cancelled,6272.67,2024-01-14 20:42:00
3637,565,cancelled,1061.25,2024-04-14 23:06:00
3638,229,completed,531.73,2024-10-20 17:54:00
3639,872,pending,7073.29,2024-03-21 02:52:00
3640,658,completed,1850.12,2024-03-18 03:53:00
3641,178,completed,3783.92,2024-05-31 16:42:00
3642,934,completed,7141.17,2024-10-02 04:55:00
3643,446,returned,5404.28,2024-07-24 09:57:00
3644,9,completed,7659.4,2024-02-26 16:20:00
3645,269,completed,3955.69,2024-06-05 04:53:00
3646,857,completed,521.54,2024-07-17 05:36:00
3647,951,returned,4478.22,2024-09-25 15:15:00
3648,852,cancelled,5255.73,2024-07-17 20:25:00
3649,289,returned,7514.45,2024-03-01 19:27:00
3650,742,pending,2255.34,2024-12-03 05:07:00
3651,626,pending,7177.1,2024-08-11 04:11:00
3652,77,pending,1911.92,2024-06-05 22:04:00
3653,47,cancelled,1714.64,2024-05-09 17:13:00
3654,815,completed,2885.9,2024-09-05 16:58:00
3655,902,completed,991.47,2024-11-10 14:09:00
3656,846,returned,5922.46,2024-10-31 19:17:00
3657,590,completed,6551.71,2024-09-20 22:12:00
3658,114,completed,664.43,2024-08-09 13:26:00
3659,22,pending,7091.68,2024-02-01 00:22:00
3660,959,pending,7505.16,2024-10-03 10:12:00
3661,558,returned,1966.67,2024-02-19 00:20:00
3662,647,completed,3333.71,2024-04-01 08:15:00
3663,908,pending,5543.35,2024-01-01 11:35:00
3664,706,pending,9256.56,2024-11-11 05:42:00
3665,798,completed,690.45,2024-07-22 17:44:00
3666,443,pending,8244.09,2024-08-11 07:54:00
3667,233,pending,8453.98,2024-04-15 16:39:00
3668,915,returned,6764.43,2024-04-14 06:52:00
3669,496,returned,9011.27,2024-02-12 16:21:00
3670,651,completed,8844.4,2024-10-04 12:11:00
3671,408,returned,1137.07,2024-08-10 17:19:00
3672,989,completed,108.12,2024-02-08 06:09:00
3673,680,pending,2091.14,2024-04-25 22:38:00
3674,157,completed,6762.97,2024-09-17 23:14:00
3675,358,pending,4664.76,2024-11-03 23:54:00
3676,65,returned,3321.13,2024-12-24 00:25:00
3677,976,returned,4980.78,2024-02-18 20:02:00
3678,433,cancelled,8272.67,2024-03-26 00:40:00
3679,921,completed,8577.38,2024-05-16 07:49:00
3680,77,pending,4724.18,2024-08-15 13:07:00
3681,472,completed,3588.2,2024-10-30 13:37:00
3682,874,pending,5456.08,2024-06-02 11:42:00
3683,510,pending,7370.8,2024-01-09 22:52:00
3684,750,pending,7044.8,2024-07-11 11:44:00
3685,977,returned,5385.28,2024-03-28 19:55:00
3686,363,completed,1469.82,2024-08-17 06:19:00
3687,632,pending,3499.94,2024-04-24 19:17:00
3688,688,returned,6319.92,2024-01-05 14:47:00
3689,306,pending,5835.38,2024-11-07 00:28:00
3690,275,returned,1512.92,2024-11-12 13:27:00
3691,605,cancelled,723.0,2024-08-12 18:39:00
3692,406,returned,313.78,2024-01-02 17:50:00
3693,610,returned,3139.24,2024-12-14 15:16:00
3694,573,cancelled,6887.28,2024-10-19 09:25:00
3695,283,completed,9540.72,2024-04-09 19:51:00
3696,517,cancelled,1214.19,2024-08-24 07:18:00
3697,860,returned,5237.98,2024-11-18 10:13:00
3698,409,completed,9972.69,2024-05-29 18:34:00
3699,29,cancelled,2971.16,2024-01-06 19:10:00
3700,679,returned,8770.8,2024-06-16 05:07:00
3701,856,completed,1723.86,2024-03-12 14:02:00
3702,407,returned,2969.79,2024-11-04 01:01:00
3703,861,pending,2778.54,2024-05-09 11:33:00
3704,107,pending,105.39,2024-10-03 18:35:00
3705,195,completed,3365.81,2024-06-05 21:52:00
3706,554,pending,6226.66,2024-08-30 08:53:00
3707,876,completed,5577.99,2024-07-31 07:00:00
3708,153,returned,7904.2,2024-01-07 01:00:00
3709,218,completed,6828.6,2024-07-18 21:25:00
3710,105,cancelled,6485.99,2024-01-09 11:24:00
3711,300,completed,5623.79,2024-10-16 06:52:00
3712,449,cancelled,4376.73,2024-10-18 01:32:00
3713,780,returned,9148.41,2024-01-10 20:07:00
3714,544,returned,1703.76,2024-11-25 01:01:00
3715,116,pending,4334.5,2024-12-18 03:03:00
3716,237,cancelled,9197.45,2024-06-04 08:08:00
3717,616,completed,3994.61,2024-05-20 21:21:00
3718,978,returned,5630.4,2024-07-24 11:10:00
3719,309,completed,3840.52,2024-03-05 03:20:00
3720,933,cancelled,6151.69,2024-08-11 15:08:00
3721,323,returned,7704.37,2024-04-04 05:07:00
3722,624,completed,3384.67,2024-04-20 20:41:00
3723,676,cancelled,4451.81,2024-01-16 08:31:00
3724,315,returned,9017.59,2024-06-04 17:18:00
3725,702,cancelled,3786.42,2024-04-24 19:27:00
3726,335,pending,1054.25,2024-04-28 17:14:00
3727,321,completed,4942.08,2024-02-11 04:18:00
3728,342,cancelled,2259.8,2024-03-26 22:53:00
3729,883,completed,132.91,2024-05-07 12:08:00
3730,675,pending,9470.4,2024-02-04 22:49:00
3731,484,pending,9239.04,2024-11-23 04:40:00
3732,994,returned,4997.07,2024-08-05 08:34:00
3733,658,pending,6213.11,2024-10-11 10:45:00
3734,692,cancelled,5586.02,2024-03-28 05:37:00
3735,685,cancelled,1786.08,2024-06-26 04:45:00
3736,880,cancelled,1103.89,2024-02-29 16:20:00
3737,501,cancelled,6187.98,2024-08-17 02:03:00
3738,345,completed,5338.02,2024-11-22 01:23:00
3739,316,completed,2657.43,2024-08-20 09:17:00
3740,483,pending,7670.39,2024-11-22 06:22:00
3741,791,pending,3045.87,2024-09-27 23:47:00
3742,874,cancelled,1210.14,2024-08-24 03:22:00
3743,595,cancelled,7053.05,2024-10-19 14:12:00
3744,267,cancelled,8489.31,2024-11-04 06:02:00
3745,342,pending,4934.47,2024-09-30 00:14:00
3746,200,completed,5345.53,2024-08-03 02:55:00
3747,807,completed,6914.97,2024-05-02 20:33:00
3748,941,pending,4328.53,2024-01-20 16:30:00
3749,519,pending,8139.64,2024-10-12 02:22:00
3750,814,pending,4851.2,2024-08-31 06:00:00
3751,293,returned,1921.15,2024-12-16 02:20:00
3752,186,completed,4507.19,2024-06-05 13:20:00
3753,852,pending,9273.16,2024-04-25 15:51:00
3754,826,completed,1105.12,2024-10-16 03:22:00
3755,436,returned,1961.12,2024-05-22 12:31:00
3756,90,returned,4482.66,2024-07-12 05:37:00
3757,829,returned,5929.62,2024-02-03 09:14:00
3758,215,returned,1451.86,2024-11-05 18:16:00
3759,910,returned,6328.14,2024-08-08 08:57:00
3760,350,completed,6134.95,2024-10-21 18:50:00
3761,30,completed,1210.44,2024-09-29 19:35:00
3762,349,returned,2355.96,2024-01-09 17:57:00
3763,240,cancelled,1720.89,2024-12-26 02:34:00
3764,609,returned,6669.35,2024-05-28 09:10:00
3765,667,cancelled,3959.64,2024-09-20 16:19:00
3766,635,returned,5870.11,2024-08-12 05:35:00
3767,933,cancelled,8256.46,2024-09-08 10:40:00
3768,728,cancelled,7566.91,2024-03-05 16:47:00
3769,114,completed,1873.59,2024-02-06 14:47:00
3770,598,returned,7338.17,2024-11-07 21:57:00
3771,679,completed,8218.02,2024-06-02 16:34:00
3772,193,returned,8997.27,2024-08-24 00:59:00
3773,337,cancelled,9167.45,2024-05-14 10:51:00
3774,102,cancelled,7968.57,2024-04-15 13:31:00
3775,779,pending,5278.42,2024-07-19 16:06:00
3776,85,pending,7288.58,2024-11-22 00:13:00
3777,541,cancelled,7544.66,2024-10-01 03:49:00
3778,84,pending,6136.57,2024-09-08 17:05:00
3779,282,cancelled,5806.73,2024-01-12 23:50:00
3780,633,pending,8350.61,2024-08-15 14:36:00
3781,49,cancelled,3224.67,2024-10-13 13:59:00
3782,434,pending,2288.01,2024-07-10 02:40:00
3783,849,cancelled,7470.68,2024-10-02 00:48:00
3784,740,returned,9615.73,2024-01-07 21:20:00
3785,200,pending,6766.01,2024-01-11 23:47:00
3786,125,completed,5799.17,2024-10-26 02:00:00
3787,255,pending,8543.03,2024-08-30 09:08:00
3788,662,cancelled,3560.66,2024-05-04 23:27:00
3789,44,completed,6931.84,2024-06-16 17:51:00
3790,104,completed,522.89,2024-06-16 01:56:00
3791,139,cancelled,2200.56,2024-08-24 06:25:00
3792,72,cancelled,9333.4,2024-09-28 15:13:00
3793,389,returned,1484.62,2024-08-13 02:13:00
3794,707,cancelled,5145.6,2024-11-02 12:36:00
3795,252,pending,3596.98,2024-11-12 01:45:00
3796,8,cancelled,5491.07,2024-08-08 02:23:00
3797,649,cancelled,4558.59,2024-05-06 02:41:00
3798,343,returned,8222.07,2024-05-02 18:31:00
3799,582,pending,3634.98,2024-02-29 03:24:00
3800,298,pending,3989.59,2024-12-13 19:02:00
3801,676,pending,8399.36,2024-05-02 15:31:00
3802,187,returned,378.91,2024-03-22 17:38:00
3803,432,returned,4157.61,2024-06-24 07:18:00
3804,182,completed,3839.34,2024-05-10 08:04:00
3805,837,returned,857.78,2024-02-23 19:44:00
3806,473,cancelled,6382.6,2024-04-14 10:34:00
3807,894,cancelled,4154.99,2024-05-15 01:23:00
3808,987,completed,470.99,2024-12-08 17:34:00
3809,2,pending,4955.11,2024-04-19 00:16:00
3810,147,returned,4255.01,2024-08-04 04:59:00
3811,878,completed,2706.64,2024-05-12 21:17:00
3812,465,completed,5335.8,2024-10-23 07:37:00
3813,325,pending,9272.99,2024-10-21 13:36:00
3814,817,completed,4242.05,2024-07-24 08:44:00
3815,775,completed,5739.71,2024-03-29 16:34:00
3816,782,cancelled,9391.0,2024-09-17 14:48:00
3817,277,cancelled,7568.55,2024-06-28 03:54:00
3818,724,pending,8328.47,2024-06-17 17:47:00
3819,915,returned,1444.27,2024-09-08 03:29:00
3820,273,pending,310.6,2024-08-05 17:35:00
3821,123,completed,7599.83,2024-05-18 23:49:00
3822,849,completed,2110.64,2024-04-16 18:32:00
3823,779,completed,5121.85,2024-04-15 17:30:00
3824,454,cancelled,9621.83,2024-04-23 23:14:00
3825,220,returned,2911.25,2024-08-31 14:00:00
3826,850,cancelled,1033.5,2024-01-05 19:00:00
3827,638,completed,9426.59,2024-06-27 06:32:00
3828,846,returned,9696.31,2024-04-05 17:08:00
3829,406,pending,3551.94,2024-03-26 01:59:00
3830,269,completed,6586.57,2024-03-28 07:57:00
3831,88,completed,7269.2,2024-07-01 14:29:00
3832,138,completed,2758.46,2024-05-23 02:01:00
3833,58,returned,6925.72,2024-12-26 08:06:00
3834,579,pending,1679.65,2024-07-09 07:53:00
3835,565,completed,689.02,2024-09-04 22:39:00
3836,317,completed,9552.04,2024-03-14 04:48:00
3837,284,returned,378.8,2024-10-12 15:09:00
3838,763,returned,9831.34,2024-10-21 13:13:00
3839,188,pending,3794.62,2024-09-10 09:50:00
3840,148,pending,2967.16,2024-05-15 22:41:00
3841,690,pending,1806.67,2024-02-21 03:34:00
3842,849,completed,450.92,2024-06-05 12:33:00
3843,442,completed,6906.67,2024-04-20 01:30:00
3844,13,pending,5506.94,2024-08-17 22:41:00
3845,174,completed,9349.08,2024-03-18 01:02:00
3846,609,cancelled,7816.38,2024-05-01 12:57:00
3847,822,returned,7242.27,2024-02-05 18:23:00
3848,202,returned,9588.52,2024-10-25 00:00:00
3849,348,returned,4810.38,2024-06-09 00:03:00
3850,99,returned,2509.61,2024-06-19 18:00:00
3851,27,returned,2240.26,2024-08-24 02:12:00
3852,771,completed,6578.05,2024-03-28 05:05:00
3853,112,pending,5451.31,2024-07-13 18:02:00
3854,762,returned,8857.54,2024-12-01 12:31:00
3855,146,pending,1287.51,2024-05-09 10:55:00
3856,945,cancelled,7460.47,2024-02-27 15:07:00
3857,584,pending,5516.86,2024-02-05 15:53:00
3858,7,returned,2642.67,2024-05-05 13:03:00
3859,149,pending,7619.81,2024-05-30 04:11:00
3860,370,pending,1019.15,2024-07-22 00:09:00
3861,351,pending,2225.27,2024-10-27 08:48:00
3862,85,pending,9548.06,2024-12-06 23:01:00
3863,598,cancelled,3120.4,2024-08-16 15:56:00
3864,185,returned,6208.54,2024-04-16 21:11:00
3865,431,cancelled,3226.48,2024-04-25 04:30:00
3866,419,completed,6550.3,2024-11-04 09:46:00
3867,571,completed,9708.06,2024-12-12 04:17:00
3868,971,cancelled,8288.9,2024-07-02 18:34:00
3869,360,completed,3884.42,2024-03-08 03:06:00
3870,589,completed,3264.72,2024-10-01 18:59:00
3871,862,completed,1790.22,2024-08-08 17:56:00
3872,415,cancelled,7351.82,2024-10-01 13:16:00
3873,491,returned,7932.52,2024-09-20 21:26:00
3874,130,pending,4689.73,2024-01-31 00:32:00
3875,539,cancelled,3188.42,2024-05-12 00:32:00
3876,768,pending,4439.39,2024-12-02 17:05:00
3877,579,completed,5761.68,2024-09-08 09:39:00
3878,867,pending,948.96,2024-06-02 01:03:00
3879,414,pending,3991.08,2024-11-16 04:53:00
3880,203,cancelled,9798.51,2024-05-22 17:17:00
3881,523,returned,2777.15,2024-01-21 16:10:00
3882,121,pending,5783.43,2024-09-27 13:20:00
3883,281,returned,1956.17,2024-12-31 00:10:00
3884,68,pending,2073.09,2024-09-08 21:47:00
3885,152,completed,3656.87,2024-06-17 00:56:00
3886,214,pending,119.59,2024-01-11 00:35:00
3887,532,returned,2561.8,2024-05-29 23:45:00
3888,413,returned,2468.8,2024-02-26 19:00:00
3889,4,completed,1301.05,2024-03-01 12:51:00
3890,3,completed,5838.49,2024-02-17 12:36:00
3891,772,pending,8221.96,2024-03-12 21:31:00
3892,207,returned,7447.43,2024-10-24 21:34:00
3893,968,returned,7426.13,2024-11-12 01:24:00
3894,10,cancelled,3072.0,2024-02-12 17:27:00
3895,492,cancelled,3946.23,2024-01-21 01:01:00
3896,944,cancelled,6874.54,2024-05-07 13:07:00
3897,912,completed,7257.82,2024-05-05 14:05:00
3898,952,completed,5281.57,2024-02-13 10:05:00
3899,679,cancelled,6973.6,2024-06-17 16:09:00
3900,778,cancelled,1585.8,2024-01-10 06:40:00
3901,267,completed,777.29,2024-04-14 10:48:00
3902,245,cancelled,4187.44,2024-01-16 14:20:00
3903,385,cancelled,2905.5,2024-12-26 08:55:00
3904,415,returned,4472.01,2024-01-28 03:03:00
3905,564,pending,2743.27,2024-11-25 23:01:00
3906,830,pending,7092.77,2024-10-03 02:44:00
3907,520,pending,9214.44,2024-11-30 07:32:00
3908,458,cancelled,9684.65,2024-03-17 12:09:00
3909,35,cancelled,5057.89,2024-02-05 15:16:00
3910,706,cancelled,9057.86,2024-08-27 07:50:00
3911,935,cancelled,6408.02,2024-04-08 13:19:00
3912,164,pending,3509.96,2024-08-20 00:00:00
3913,302,completed,1678.76,2024-02-18 17:08:00
3914,565,cancelled,1161.11,2024-02-29 21:26:00
3915,961,completed,6320.58,2024-11-19 10:22:00
3916,579,completed,2939.96,2024-07-22 03:56:00
3917,33,completed,4700.02,2024-03-29 07:03:00
3918,271,returned,4143.15,2024-01-28 02:08:00
3919,576,pending,5271.48,2024-08-22 02:01:00
3920,92,pending,2084.99,2024-03-06 18:47:00
3921,948,returned,779.57,2024-02-15 04:01:00
3922,671,cancelled,9470.39,2024-07-10 00:31:00
3923,754,returned,4408.74,2024-06-15 07:52:00
3924,791,cancelled,3189.36,2024-01-24 09:41:00
3925,182,pending,9786.85,2024-08-02 07:54:00
3926,650,cancelled,3889.91,2024-01-13 03:39:00
3927,91,cancelled,2442.32,2024-07-06 15:46:00
3928,762,pending,9643.98,2024-06-07 15:54:00
3929,153,cancelled,2425.3,2024-10-12 13:05:00
3930,503,returned,5394.1,2024-03-24 10:48:00
3931,104,pending,8277.9,2024-12-08 05:25:00
3932,464,completed,5142.94,2024-08-02 22:51:00
3933,397,cancelled,9325.63,2024-07-23 04:54:00
3934,134,cancelled,9837.29,2024-11-14 14:56:00
3935,419,returned,5155.3,2024-05-18 19:18:00
3936,485,returned,8315.71,2024-12-05 05:37:00
3937,62,pending,3679.9,2024-01-19 13:59:00
3938,112,cancelled,5055.93,2024-09-04 09:09:00
3939,129,pending,3200.75,2024-05-19 06:19:00
3940,55,cancelled,7287.98,2024-07-12 17:09:00
3941,971,completed,1593.08,2024-06-21 20:27:00
3942,864,cancelled,6085.55,2024-07-01 05:22:00
3943,263,pending,270.2,2024-07-23 21:44:00
3944,284,cancelled,6463.9,2024-02-15 03:06:00
3945,687,returned,7763.69,2024-10-06 17:05:00
3946,544,pending,4689.63,2024-01-02 21:27:00
3947,240,cancelled,2330.94,2024-12-12 18:50:00
3948,295,pending,7267.75,2024-09-27 16:17:00
3949,601,returned,5414.72,2024-07-26 12:16:00
3950,887,completed,3538.44,2024-02-20 03:02:00
3951,187,completed,1693.88,2024-07-08 09:12:00
3952,673,cancelled,914.39,2024-04-05 07:55:00
3953,31,completed,7111.51,2024-01-27 09:39:00
3954,762,returned,141.49,2024-05-02 15:09:00
3955,103,returned,623.43,2024-01-30 06:10:00
3956,64,pending,1139.84,2024-08-16 17:52:00
3957,607,completed,893.8,2024-05-21 01:00:00
3958,215,cancelled,9197.94,2024-08-31 03:15:00
3959,110,returned,7500.63,2024-10-28 14:48:00
3960,668,returned,551.31,2024-02-23 20:48:00
3961,398,pending,7629.54,2024-06-30 21:45:00
3962,632,completed,7245.41,2024-05-12 03:37:00
3963,664,cancelled,8469.47,2024-11-21 14:52:00
3964,537,cancelled,8686.62,2024-01-05 20:07:00
3965,79,pending,9586.22,2024-06-23 07:21:00
3966,543,pending,7091.07,2024-01-12 15:59:00
3967,171,returned,5273.6,2024-01-02 15:08:00
3968,799,returned,6027.57,2024-01-29 22:14:00
3969,480,completed,9460.38,2024-02-24 13:01:00
3970,566,completed,7814.05,2024-08-28 04:08:00
3971,916,pending,6800.78,2024-10-28 20:24:00
3972,258,returned,4955.06,2024-03-02 17:12:00
3973,497,cancelled,8391.26,2024-01-21 14:56:00
3974,430,completed,9006.74,2024-01-04 05:51:00
3975,294,completed,6769.99,2024-10-08 11:50:00
3976,361,returned,8684.6,2024-09-13 01:00:00
3977,174,cancelled,6724.38,2024-05-30 06:51:00
3978,787,pending,2211.54,2024-07-21 05:10:00
3979,994,completed,3967.96,2024-01-20 12:38:00
3980,685,returned,5559.71,2024-08-21 08:25:00
3981,683,returned,297.24,2024-08-14 21:43:00
3982,366,completed,4425.61,2024-12-19 03:15:00
3983,592,cancelled,7000.12,2024-03-13 02:20:00
3984,57,completed,8403.42,2024-06-01 04:24:00
3985,75,completed,4855.39,2024-01-05 06:12:00
3986,373,completed,9794.33,2024-11-28 16:49:00
3987,265,pending,2892.49,2024-04-18 22:47:00
3988,712,completed,6238.03,2024-04-23 18:08:00
3989,296,cancelled,5083.55,2024-04-22 00:00:00
3990,309,completed,7412.04,2024-11-03 02:52:00
3991,16,cancelled,8595.7,2024-01-24 04:06:00
3992,378,completed,3832.86,2024-07-05 22:35:00
3993,398,cancelled,4102.37,2024-05-05 07:42:00
3994,889,cancelled,2403.46,2024-10-08 02:05:00
3995,4,cancelled,269.05,2024-03-01 08:58:00
3996,511,returned,2669.81,2024-03-20 15:32:00
3997,840,returned,8569.68,2024-03-03 10:30:00
3998,253,cancelled,3277.42,2024-02-26 04:34:00
3999,789,completed,9067.75,2024-09-09 10:51:00
4000,101,pending,2418.68,2024-07-09 18:31:00
4001,519,completed,3479.52,2024-05-12 04:24:00
4002,875,completed,7648.03,2024-11-02 14:10:00
4003,233,returned,286.72,2024-05-31 09:27:00
4004,777,cancelled,7739.85,2024-08-04 14:29:00
4005,145,completed,3645.22,2024-08-14 03:01:00
4006,472,pending,705.35,2024-09-13 14:07:00
4007,371,returned,8074.54,2024-11-29 15:34:00
4008,657,pending,4863.43,2024-02-01 06:06:00
4009,499,cancelled,3138.27,2024-04-26 16:01:00
4010,795,pending,8897.81,2024-05-31 02:53:00
4011,309,cancelled,7086.21,2024-12-09 05:24:00
4012,52,pending,5669.96,2024-06-19 08:49:00
4013,770,returned,6883.99,2024-07-25 04:57:00
4014,462,pending,5594.51,2024-06-02 01:28:00
4015,427,returned,2581.65,2024-01-06 14:41:00
4016,914,returned,6863.61,2024-03-14 15:04:00
4017,881,pending,9436.48,2024-04-16 23:35:00
4018,991,returned,4811.29,2024-12-20 04:22:00
4019,619,pending,2257.09,2024-09-27 13:46:00
4020,517,returned,6113.08,2024-07-27 21:44:00
4021,31,cancelled,5218.42,2024-09-24 12:37:00
4022,696,pending,1846.01,2024-12-21 10:49:00
4023,380,pending,2671.11,2024-06-26 00:43:00
4024,538,pending,4795.23,2024-10-22 13:47:00
4025,86,cancelled,6002.19,2024-08-18 13:16:00
4026,796,completed,3211.28,2024-12-15 20:47:00
4027,330,returned,4557.3,2024-08-30 16:38:00
4028,903,returned,5048.13,2024-06-22 11:16:00
4029,163,returned,8520.33,2024-10-27 22:55:00
4030,29,pending,8328.62,2024-09-26 08:09:00
4031,866,pending,4820.88,2024-07-25 23:53:00
4032,134,returned,7313.56,2024-04-02 01:45:00
4033,181,pending,9442.56,2024-03-16 15:06:00
4034,109,completed,8375.57,2024-07-08 20:56:00
4035,502,returned,6106.8,2024-09-08 03:27:00
4036,169,completed,7816.43,2024-03-21 19:56:00
4037,557,cancelled,1228.8,2024-05-17 17:25:00
4038,591,pending,420.58,2024-03-30 03:53:00
4039,436,completed,2152.57,2024-04-01 05:01:00
4040,921,pending,7494.09,2024-10-18 17:00:00
4041,98,cancelled,1925.41,2024-07-22 08:31:00
4042,849,completed,699.45,2024-10-06 00:55:00
4043,74,returned,4699.08,2024-01-10 06:51:00
4044,83,returned,9246.12,2024-08-16 01:56:00
4045,351,completed,9419.49,2024-05-29 18:12:00
4046,214,pending,4191.36,2024-08-22 05:16:00
4047,939,cancelled,3829.68,2024-04-24 03:55:00
4048,828,returned,1683.11,2024-05-22 14:27:00
4049,248,completed,5445.32,2024-10-15 01:47:00
4050,408,cancelled,2675.08,2024-03-21 11:39:00
4051,747,cancelled,1176.38,2024-11-05 07:47:00
4052,620,pending,1359.48,2024-12-24 05:48:00
4053,506,pending,5455.09,2024-02-14 05:57:00
4054,587,completed,8240.24,2024-04-23 11:41:00
4055,49,cancelled,9751.91,2024-10-15 13:03:00
4056,129,returned,7213.41,2024-08-19 12:41:00
4057,340,pending,4590.81,2024-03-26 17:41:00
4058,312,cancelled,9774.58,2024-10-28 15:16:00
4059,639,cancelled,331.61,2024-01-01 16:54:00
4060,560,returned,3083.39,2024-01-02 13:47:00
4061,508,cancelled,7560.02,2024-01-12 05:02:00
4062,559,completed,6684.56,2024-02-22 18:53:00
4063,865,pending,5990.72,2024-03-25 05:49:00
4064,80,cancelled,7788.63,2024-06-02 07:39:00
4065,34,cancelled,2664.58,2024-10-20 01:37:00
4066,231,pending,8997.65,2024-06-27 06:15:00
4067,212,pending,164.95,2024-03-26 07:22:00
4068,69,completed,1624.25,2024-07-10 20:51:00
4069,340,cancelled,8549.72,2024-01-31 03:39:00
4070,906,pending,9894.17,2024-05-25 10:50:00
4071,736,completed,2337.76,2024-07-26 18:32:00
4072,833,cancelled,6981.91,2024-04-16 19:12:00
4073,774,pending,2008.21,2024-03-24 09:54:00
4074,253,returned,9199.45,2024-10-30 13:08:00
4075,8,completed,3533.51,2024-10-02 20:14:00
4076,126,pending,8333.37,2024-05-17 08:05:00
4077,166,completed,4498.88,2024-06-19 19:25:00
4078,321,pending,9518.65,2024-03-01 04:15:00
4079,991,returned,4074.74,2024-02-08 15:29:00
4080,317,cancelled,2850.77,2024-02-03 00:24:00
4081,187,cancelled,6445.08,2024-10-16 06:57:00
4082,459,cancelled,6259.13,2024-02-20 18:08:00
4083,186,returned,4518.75,2024-12-25 07:06:00
4084,494,cancelled,2397.98,2024-07-24 04:27:00
4085,876,cancelled,4787.18,2024-03-18 21:54:00
4086,521,returned,2593.56,2024-02-22 04:44:00
4087,27,returned,1292.61,2024-04-27 00:00:00
4088,585,pending,6632.46,2024-09-29 08:20:00
4089,896,pending,2777.77,2024-04-07 05:45:00
4090,109,completed,3602.95,2024-04-27 10:22:00
4091,11,cancelled,1031.46,2024-04-17 23:49:00
4092,143,completed,5860.68,2024-02-23 09:15:00
4093,683,completed,5222.5,2024-08-14 15:58:00
4094,606,returned,6413.34,2024-05-13 14:38:00
4095,998,pending,3806.18,2024-05-08 04:09:00
4096,995,completed,5067.01,2024-04-30 22:52:00
4097,261,cancelled,7034.08,2024-10-03 03:37:00
4098,185,completed,3094.86,2024-10-04 15:31:00
4099,43,returned,4977.82,2024-07-14 18:12:00
4100,985,pending,8818.21,2024-03-28 18:37:00
4101,572,returned,3607.47,2024-07-02 19:03:00
4102,170,cancelled,4725.97,2024-10-04 21:18:00
4103,984,returned,2821.88,2024-09-23 10:40:00
4104,516,cancelled,7378.88,2024-09-28 06:53:00
4105,757,pending,9729.34,2024-06-13 22:27:00
4106,728,returned,1436.26,2024-03-29 00:47:00
4107,521,cancelled,4039.2,2024-03-05 21:37:00
4108,798,pending,3687.88,2024-04-20 20:55:00
4109,327,cancelled,893.52,2024-10-26 12:10:00
4110,569,pending,1808.87,2024-06-28 00:48:00
4111,109,pending,3591.42,2024-12-05 20:25:00
4112,173,cancelled,4527.5,2024-10-09 13:12:00
4113,604,cancelled,8820.04,2024-11-26 00:05:00
4114,872,pending,7949.9,2024-05-05 08:05:00
4115,295,pending,5980.81,2024-01-07 19:44:00
4116,671,returned,4004.75,2024-12-21 14:02:00
4117,138,returned,4045.17,2024-05-14 10:52:00
4118,860,completed,9632.44,2024-07-03 13:12:00
4119,190,completed,4824.42,2024-05-25 20:02:00
4120,20,pending,6183.78,2024-01-26 23:48:00
4121,87,pending,2531.54,2024-04-12 17:39:00
4122,182,pending,1687.19,2024-08-25 02:05:00
4123,973,pending,3884.98,2024-01-03 22:02:00
4124,430,completed,9324.47,2024-03-14 14:31:00
4125,675,completed,3271.67,2024-05-23 12:07:00
4126,946,returned,8326.44,2024-01-29 15:27:00
4127,892,pending,3970.13,2024-04-21 22:33:00
4128,731,cancelled,202.2,2024-10-20 10:14:00
4129,475,pending,2078.86,2024-08-04 02:28:00
4130,846,returned,6624.44,2024-04-24 21:07:00
4131,211,pending,7886.36,2024-02-28 00:41:00
4132,960,cancelled,2902.83,2024-02-17 13:19:00
4133,141,pending,7182.62,2024-07-18 11:17:00
4134,922,cancelled,1251.41,2024-04-10 14:11:00
4135,476,returned,6619.07,2024-07-17 16:23:00
4136,489,returned,8953.53,2024-01-17 13:54:00
4137,710,pending,7921.39,2024-11-05 09:11:00
4138,639,completed,8206.02,2024-08-07 02:30:00
4139,336,cancelled,1090.86,2024-10-08 14:01:00
4140,89,returned,6235.25,2024-10-16 06:11:00
4141,307,pending,507.65,2024-03-27 09:35:00
4142,225,returned,3145.76,2024-05-16 02:49:00
4143,509,pending,2268.34,2024-06-25 13:49:00
4144,344,pending,5059.73,2024-07-18 18:16:00
4145,460,completed,1738.53,2024-05-30 17:23:00
4146,764,pending,3847.15,2024-03-11 13:35:00
4147,582,completed,2880.65,2024-08-27 05:12:00
4148,529,returned,7366.03,2024-05-16 02:41:00
4149,13,completed,5996.64,2024-04-26 16:55:00
4150,346,cancelled,4868.92,2024-05-17 05:05:00
4151,401,cancelled,2421.11,2024-10-29 19:01:00
4152,856,completed,5857.36,2024-04-22 15:34:00
4153,80,cancelled,6752.42,2024-01-26 09:31:00
4154,867,returned,7396.69,2024-05-30 07:29:00
4155,518,cancelled,2830.49,2024-08-22 01:25:00
4156,746,returned,915.31,2024-08-19 20:54:00
4157,360,returned,2638.43,2024-07-31 14:08:00
4158,696,returned,7574.68,2024-07-25 17:59:00
4159,829,completed,3740.66,2024-06-01 22:05:00
4160,532,cancelled,8183.12,2024-11-07 18:02:00
4161,961,completed,1576.61,2024-08-31 22:10:00
4162,591,completed,209.82,2024-09-21 09:21:00
4163,42,returned,6533.14,2024-10-14 12:01:00
4164,298,pending,3697.08,2024-08-07 01:21:00
4165,922,completed,2356.15,2024-05-06 14:17:00
4166,937,returned,5962.19,2024-05-05 06:01:00
4167,406,returned,6481.66,2024-12-06 06:01:00
4168,838,returned,4762.93,2024-03-02 17:59:00
4169,139,pending,7375.47,2024-08-03 13:56:00
4170,879,returned,9121.12,2024-11-24 08:49:00
4171,84,completed,7733.86,2024-08-19 16:41:00
4172,520,returned,3358.06,2024-09-14 10:43:00
4173,613,completed,3933.39,2024-04-15 18:26:00
4174,210,cancelled,6829.4,2024-03-27 22:32:00
4175,711,returned,9875.37,2024-01-13 23:54:00
4176,323,cancelled,8496.79,2024-12-09 20:19:00
4177,585,pending,1476.09,2024-03-01 22:29:00
4178,61,cancelled,6514.33,2024-10-14 13:48:00
4179,717,completed,5496.14,2024-07-24 21:46:00
4180,454,completed,4130.64,2024-04-15 05:53:00
4181,63,completed,4081.97,2024-03-24 18:59:00
4182,986,completed,4798.21,2024-10-24 18:11:00
4183,786,completed,6761.75,2024-10-17 17:59:00
4184,164,returned,1287.98,2024-03-19 13:44:00
4185,331,pending,7748.89,2024-04-29 14:05:00
4186,469,completed,5385.55,2024-06-06 19:16:00
4187,176,returned,5914.39,2024-03-21 00:13:00
4188,736,pending,9727.51,2024-02-14 21:49:00
4189,244,cancelled,3094.62,2024-11-23 19:44:00
4190,20,completed,2894.54,2024-10-16 19:26:00
4191,461,completed,9939.45,2024-11-02 05:04:00
4192,632,cancelled,8213.31,2024-08-12 06:00:00
4193,377,cancelled,9962.72,2024-09-28 05:17:00
4194,238,cancelled,6621.02,2024-05-05 01:44:00
4195,151,completed,4712.49,2024-10-02 03:26:00
4196,483,completed,3925.01,2024-07-11 20:17:00
4197,680,pending,6810.23,2024-06-24 20:33:00
4198,594,completed,1119.27,2024-11-29 08:56:00
4199,791,pending,9022.4,2024-11-30 16:05:00
4200,337,completed,2077.16,2024-08-17 01:07:00
4201,488,completed,9375.47,2024-03-20 13:40:00
4202,306,completed,4518.04,2024-01-25 06:01:00
4203,526,completed,5224.06,2024-02-03 14:10:00
4204,412,pending,5334.05,2024-11-03 13:35:00
4205,179,cancelled,8345.94,2024-09-26 10:48:00
4206,970,completed,6639.08,2024-01-10 14:09:00
4207,529,cancelled,9518.95,2024-04-04 20:41:00
4208,479,cancelled,979.29,2024-08-02 17:00:00
4209,434,completed,7220.4,2024-07-16 03:10:00
4210,820,returned,4120.83,2024-03-08 00:35:00
4211,34,pending,8422.65,2024-05-02 19:07:00
4212,468,completed,6392.47,2024-03-30 13:12:00
4213,689,cancelled,2878.05,2024-04-21 10:51:00
4214,610,returned,6339.12,2024-04-04 20:16:00
4215,343,returned,9009.9,2024-02-11 05:00:00
4216,754,cancelled,8124.01,2024-12-02 04:19:00
4217,167,cancelled,2228.0,2024-11-01 00:37:00
4218,93,pending,9572.56,2024-08-22 11:15:00
4219,10,pending,5558.07,2024-05-16 18:28:00
4220,415,completed,2574.26,2024-07-11 20:48:00
4221,460,completed,1405.41,2024-05-30 07:24:00
4222,326,pending,8460.17,2024-12-19 09:02:00
4223,361,cancelled,2300.83,2024-08-05 08:32:00
4224,772,completed,7029.13,2024-08-13 11:49:00
4225,965,cancelled,6828.73,2024-05-04 12:52:00
4226,719,cancelled,8419.96,2024-09-18 17:09:00
4227,122,cancelled,8755.36,2024-10-18 14:31:00
4228,255,cancelled,2836.81,2024-12-30 12:26:00
4229,156,pending,9611.23,2024-04-28 13:02:00
4230,391,returned,8087.29,2024-11-05 19:33:00
4231,418,cancelled,5894.54,2024-03-07 11:37:00
4232,318,returned,9681.13,2024-12-07 05:08:00
4233,767,completed,9518.03,2024-04-05 19:33:00
4234,397,pending,1741.28,2024-07-29 18:39:00
4235,132,completed,3899.93,2024-07-22 02:29:00
4236,972,returned,1851.52,2024-06-25 12:39:00
4237,605,pending,5921.08,2024-11-04 23:35:00
4238,254,pending,3274.1,2024-10-10 23:30:00
4239,886,returned,5604.18,2024-08-25 22:31:00
4240,462,pending,3784.47,2024-08-10 00:19:00
4241,125,pending,2622.59,2024-03-29 01:33:00
4242,971,cancelled,8962.61,2024-05-06 03:20:00
4243,205,pending,9762.88,2024-11-02 02:09:00
4244,130,returned,197.45,2024-01-03 02:18:00
4245,305,completed,6558.48,2024-12-03 22:29:00
4246,953,returned,1553.26,2024-11-11 23:47:00
4247,967,completed,9570.18,2024-06-05 23:41:00
4248,678,pending,8543.78,2024-05-25 23:59:00
4249,578,completed,2255.5,2024-03-01 00:13:00
4250,529,returned,3281.83,2024-11-21 17:30:00
4251,136,completed,5955.22,2024-10-03 13:41:00
4252,336,returned,3041.51,2024-12-07 22:08:00
4253,304,completed,3362.11,2024-12-29 20:09:00
4254,57,pending,2411.97,2024-04-28 00:36:00
4255,955,returned,9933.93,2024-08-07 19:51:00
4256,105,cancelled,5631.12,2024-11-13 12:08:00
4257,938,completed,6525.45,2024-07-08 12:34:00
4258,135,completed,943.23,2024-12-03 11:15:00
4259,644,completed,4540.84,2024-07-28 13:06:00
4260,959,returned,5761.52,2024-09-02 04:48:00
4261,783,cancelled,8510.78,2024-01-04 09:15:00
4262,815,cancelled,4958.45,2024-03-02 22:10:00
4263,326,pending,9647.21,2024-12-02 06:30:00
4264,677,cancelled,8519.16,2024-02-19 00:03:00
4265,509,returned,5009.09,2024-11-24 05:04:00
4266,509,cancelled,714.89,2024-08-02 02:48:00
4267,590,pending,9663.38,2024-03-16 22:21:00
4268,854,completed,5948.78,2024-09-21 15:12:00
4269,216,returned,499.12,2024-06-01 23:11:00
4270,830,cancelled,8532.66,2024-06-07 08:54:00
4271,460,cancelled,5544.51,2024-01-01 08:31:00
4272,442,completed,4494.92,2024-09-30 13:55:00
4273,132,pending,3220.61,2024-02-03 00:44:00
4274,858,returned,4194.03,2024-02-09 19:04:00
4275,806,returned,6335.76,2024-12-18 17:54:00
4276,800,cancelled,989.3,2024-12-21 07:42:00
4277,171,cancelled,876.72,2024-06-29 12:12:00
4278,995,cancelled,466.69,2024-02-07 17:50:00
4279,363,completed,3508.7,2024-10-05 23:05:00
4280,747,completed,3277.51,2024-08-19 08:17:00
4281,736,returned,6723.86,2024-05-07 19:42:00
4282,120,returned,564.22,2024-09-08 15:00:00
4283,52,cancelled,211.95,2024-05-05 00:45:00
4284,319,cancelled,8938.61,2024-03-01 17:17:00
4285,19,pending,6081.65,2024-12-30 17:09:00
4286,183,completed,8062.29,2024-01-13 21:13:00
4287,603,returned,3997.2,2024-03-23 23:46:00
4288,41,pending,5186.04,2024-10-05 17:25:00
4289,701,cancelled,6320.59,2024-12-21 23:01:00
4290,676,returned,5388.36,2024-01-07 04:25:00
4291,330,pending,6120.0,2024-06-22 02:57:00
4292,392,cancelled,6951.29,2024-12-29 19:13:00
4293,888,pending,7251.51,2024-06-24 23:26:00
4294,136,pending,649.39,2024-04-07 19:29:00
4295,308,cancelled,8515.04,2024-09-14 16:57:00
4296,55,returned,4925.08,2024-09-15 23:38:00
4297,572,returned,9924.76,2024-01-22 19:10:00
4298,43,completed,6034.9,2024-11-10 02:34:00
4299,860,cancelled,8669.96,2024-02-10 02:12:00
4300,698,pending,8126.49,2024-07-12 03:06:00
4301,344,cancelled,5580.09,2024-10-14 01:21:00
4302,167,returned,2485.59,2024-12-02 03:07:00
4303,609,returned,420.25,2024-08-20 21:43:00
4304,163,pending,279.09,2024-04-25 19:57:00
4305,482,completed,4812.88,2024-05-19 11:45:00
4306,286,cancelled,4854.45,2024-12-23 01:55:00
4307,545,pending,9193.49,2024-04-10 02:28:00
4308,769,completed,2963.83,2024-02-07 19:36:00
4309,348,pending,5808.13,2024-08-03 15:51:00
4310,397,returned,1409.48,2024-07-27 05:15:00
4311,335,returned,9236.21,2024-07-05 07:00:00
4312,142,returned,829.36,2024-09-30 09:01:00
4313,133,cancelled,4913.0,2024-10-11 14:00:00
4314,222,returned,5217.67,2024-01-25 10:59:00
4315,833,completed,3994.37,2024-01-22 12:25:00
4316,245,returned,8309.43,2024-07-08 01:08:00
4317,749,completed,6505.1,2024-08-07 08:53:00
4318,9,completed,208.4,2024-04-20 18:02:00
4319,607,completed,9885.52,2024-01-31 23:15:00
4320,655,completed,1517.31,2024-03-10 00:38:00
4321,269,cancelled,1664.99,2024-04-12 14:48:00
4322,380,returned,6991.53,2024-07-06 07:54:00
4323,115,pending,9694.84,2024-01-22 01:39:00
4324,734,returned,525.68,2024-08-25 11:58:00
4325,835,returned,9351.0,2024-12-04 10:16:00
4326,831,cancelled,9816.68,2024-10-29 04:02:00
4327,327,cancelled,7496.95,2024-11-05 09:44:00
4328,293,cancelled,2328.78,2024-02-16 03:35:00
4329,17,completed,7211.83,2024-10-31 12:22:00
4330,645,cancelled,5340.99,2024-05-25 09:48:00
4331,339,returned,9805.47,2024-03-21 05:38:00
4332,814,cancelled,1579.14,2024-09-09 19:31:00
4333,54,cancelled,7024.17,2024-07-13 00:15:00
4334,993,returned,1115.23,2024-08-03 04:19:00
4335,555,returned,401.79,2024-01-06 09:28:00
4336,885,pending,7601.92,2024-07-26 00:08:00
4337,202,cancelled,8017.79,2024-02-02 11:32:00
4338,374,completed,802.96,2024-04-11 21:00:00
4339,70,returned,2380.95,2024-11-21 02:27:00
4340,509,completed,3228.73,2024-01-28 11:33:00
4341,451,completed,3796.85,2024-04-01 08:19:00
4342,77,pending,2528.42,2024-06-16 09:28:00
4343,581,cancelled,660.48,2024-07-11 08:46:00
4344,764,cancelled,2216.56,2024-12-14 10:44:00
4345,962,returned,5876.89,2024-06-12 23:29:00
4346,127,completed,7608.87,2024-09-25 20:36:00
4347,545,returned,4403.8,2024-06-02 22:25:00
4348,595,pending,4353.88,2024-07-17 03:35:00
4349,241,pending,8822.96,2024-12-31 19:31:00
4350,271,returned,4020.28,2024-01-04 11:43:00
4351,480,completed,7742.77,2024-05-04 23:44:00
4352,490,returned,8032.76,2024-02-15 17:16:00
4353,251,completed,8076.54,2024-02-21 18:11:00
4354,168,completed,6074.35,2024-08-09 15:15:00
4355,223,pending,8518.06,2024-03-14 22:45:00
4356,619,returned,2205.74,2024-12-15 04:13:00
4357,580,returned,2962.05,2024-01-21 05:55:00
4358,575,pending,3289.38,2024-03-24 12:59:00
4359,824,returned,3823.01,2024-10-30 20:11:00
4360,265,pending,4449.03,2024-05-01 19:59:00
4361,727,pending,2315.96,2024-09-30 10:41:00
4362,145,completed,1452.94,2024-12-17 05:01:00
4363,590,completed,2588.49,2024-01-01 02:27:00
4364,632,pending,2356.74,2024-03-30 16:17:00
4365,301,pending,2202.94,2024-06-01 15:42:00
4366,73,pending,8905.63,2024-01-05 21:30:00
4367,340,cancelled,8633.98,2024-06-17 08:44:00
4368,351,pending,8977.32,2024-01-30 14:20:00
4369,447,completed,2097.22,2024-04-23 03:01:00
4370,4,returned,7907.16,2024-05-05 06:43:00
4371,159,pending,7757.22,2024-08-09 20:46:00
4372,798,pending,9144.75,2024-09-09 14:29:00
4373,479,pending,2117.15,2024-02-08 13:56:00
4374,744,completed,9553.92,2024-07-24 09:46:00
4375,490,completed,9262.58,2024-08-14 00:13:00
4376,572,cancelled,618.36,2024-07-12 01:21:00
4377,630,cancelled,1777.71,2024-09-14 09:08:00
4378,646,cancelled,939.66,2024-01-20 20:30:00
4379,811,cancelled,7306.45,2024-03-08 15:17:00
4380,19,returned,4785.1,2024-07-06 16:10:00
4381,439,returned,4260.46,2024-07-09 18:59:00
4382,3,returned,8321.02,2024-01-08 01:15:00
4383,724,returned,1990.01,2024-09-17 21:22:00
4384,650,returned,8842.08,2024-05-14 13:46:00
4385,73,cancelled,5779.4,2024-05-16 10:38:00
4386,498,pending,1134.42,2024-04-21 18:44:00
4387,789,returned,7510.76,2024-10-04 22:17:00
4388,863,completed,2651.11,2024-12-27 16:27:00
4389,36,cancelled,8157.29,2024-01-08 09:38:00
4390,720,pending,1514.93,2024-08-01 13:18:00
4391,222,pending,1404.7,2024-04-23 18:16:00
4392,915,returned,1104.15,2024-02-21 05:45:00
4393,562,completed,6639.28,2024-02-23 10:39:00
4394,296,cancelled,2356.99,2024-01-09 00:44:00
4395,75,pending,6882.05,2024-08-11 23:44:00
4396,942,pending,1460.96,2024-04-08 18:33:00
4397,721,cancelled,9396.56,2024-06-02 05:52:00
4398,911,pending,3475.98,2024-08-24 23:32:00
4399,713,returned,735.72,2024-09-19 16:33:00
4400,145,pending,2129.79,2024-09-26 20:34:00
4401,665,returned,672.3,2024-12-02 17:54:00
4402,298,completed,3940.54,2024-01-26 12:44:00
4403,79,pending,7009.29,2024-05-10 18:41:00
4404,379,returned,3128.88,2024-10-21 19:34:00
4405,996,cancelled,3975.01,2024-12-13 10:32:00
4406,439,returned,6272.97,2024-10-17 12:12:00
4407,905,pending,9713.55,2024-11-13 14:09:00
4408,207,returned,8059.45,2024-01-26 17:03:00
4409,588,pending,4230.09,2024-07-15 12:08:00
4410,8,completed,4245.08,2024-07-01 10:46:00
4411,461,returned,9515.72,2024-06-18 15:42:00
4412,950,returned,3292.49,2024-07-02 15:22:00
4413,103,pending,2622.18,2024-08-08 08:00:00
4414,8,completed,3925.51,2024-08-16 10:33:00
4415,806,returned,8102.73,2024-03-08 09:43:00
4416,59,cancelled,805.78,2024-07-14 11:16:00
4417,333,completed,1623.67,2024-05-11 09:16:00
4418,71,returned,9336.24,2024-01-03 04:51:00
4419,869,pending,2095.75,2024-07-27 17:27:00
4420,18,pending,8381.32,2024-08-28 01:46:00
4421,66,returned,296.81,2024-05-05 13:12:00
4422,47,cancelled,8117.91,2024-05-17 04:58:00
4423,218,returned,701.56,2024-01-24 22:21:00
4424,749,completed,5451.52,2024-09-30 07:01:00
4425,624,cancelled,7492.41,2024-04-18 08:42:00
4426,593,completed,5880.43,2024-08-09 20:04:00
4427,844,returned,6004.13,2024-10-21 15:08:00
4428,861,cancelled,3432.69,2024-03-19 17:17:00
4429,113,pending,3689.53,2024-11-08 08:33:00
4430,14,cancelled,3245.95,2024-01-22 14:13:00
4431,363,returned,7542.74,2024-09-08 09:32:00
4432,998,completed,5773.07,2024-09-12 20:40:00
4433,977,pending,5773.07,2024-12-12 00:56:00
4434,345,completed,1489.52,2024-08-09 00:10:00
4435,735,cancelled,2775.62,2024-11-29 01:51:00
4436,239,completed,3602.36,2024-09-28 19:48:00
4437,144,cancelled,5253.79,2024-11-08 00:29:00
4438,196,cancelled,1620.29,2024-04-26 03:36:00
4439,762,returned,6683.38,2024-08-29 09:34:00
4440,448,returned,3689.48,2024-07-06 03:42:00
4441,317,completed,5183.5,2024-08-05 23:17:00
4442,931,pending,2094.52,2024-09-13 16:48:00
4443,742,pending,8407.08,2024-06-12 20:33:00
4444,895,returned,6993.68,2024-05-21 03:36:00
4445,431,pending,2522.46,2024-04-22 05:57:00
4446,440,completed,7394.6,2024-07-03 23:35:00
4447,386,cancelled,1740.89,2024-08-03 15:18:00
4448,951,pending,1076.7,2024-08-15 06:44:00
4449,3,returned,4088.27,2024-10-29 06:42:00
4450,990,completed,3778.15,2024-09-28 02:29:00
4451,554,pending,3019.52,2024-03-16 12:52:00
4452,371,cancelled,5674.95,2024-07-31 19:35:00
4453,608,completed,9342.29,2024-03-19 07:08:00
4454,472,pending,2278.63,2024-08-30 03:28:00
4455,640,completed,9808.89,2024-03-28 07:30:00
4456,696,completed,455.52,2024-08-07 10:52:00
4457,280,returned,650.73,2024-10-09 08:51:00
4458,478,returned,5851.16,2024-12-26 08:04:00
4459,643,returned,4265.12,2024-06-09 10:12:00
4460,608,completed,9889.45,2024-10-05 17:39:00
4461,702,completed,8445.63,2024-04-17 14:32:00
4462,68,cancelled,5873.54,2024-06-13 15:38:00
4463,60,cancelled,3758.98,2024-11-07 22:40:00
4464,400,pending,4109.37,2024-10-08 06:32:00
4465,270,returned,4169.15,2024-09-25 00:55:00
4466,160,completed,6883.95,2024-07-23 02:09:00
4467,244,returned,6844.46,2024-04-02 03:59:00
4468,647,completed,6357.14,2024-06-19 23:05:00
4469,561,completed,1631.39,2024-10-17 20:50:00
4470,553,returned,8488.61,2024-02-20 16:49:00
4471,138,completed,6523.67,2024-09-07 00:58:00
4472,412,returned,7181.16,2024-11-01 01:55:00
4473,122,completed,4601.35,2024-03-08 07:30:00
4474,799,pending,5935.85,2024-03-14 12:35:00
4475,622,pending,2316.65,2024-12-27 16:42:00
4476,953,returned,6647.39,2024-11-07 14:58:00
4477,48,pending,7167.1,2024-01-23 13:31:00
4478,336,returned,5159.22,2024-07-30 16:50:00
4479,748,pending,9965.78,2024-04-07 10:22:00
4480,708,returned,231.37,2024-09-06 14:15:00
4481,758,completed,7682.83,2024-12-02 06:06:00
4482,331,cancelled,3468.61,2024-01-22 21:54:00
4483,787,cancelled,4455.79,2024-01-17 11:08:00
4484,660,completed,5295.5,2024-11-12 19:43:00
4485,899,pending,5214.13,2024-12-29 08:16:00
4486,46,cancelled,3739.68,2024-09-17 17:13:00
4487,108,completed,3182.5,2024-06-06 15:03:00
4488,668,completed,7550.17,2024-04-26 20:50:00
4489,331,completed,2064.68,2024-10-01 14:07:00
4490,333,returned,8209.44,2024-09-30 19:04:00
4491,762,completed,5869.52,2024-08-12 14:39:00
4492,458,completed,8749.73,2024-03-13 07:40:00
4493,997,cancelled,8062.54,2024-11-17 08:22:00
4494,437,cancelled,2707.71,2024-08-30 18:51:00
4495,301,completed,9158.3,2024-04-28 13:46:00
4496,877,returned,9542.41,2024-01-12 02:27:00
4497,224,pending,6170.24,2024-09-02 06:48:00
4498,511,pending,8699.18,2024-06-30 18:31:00
4499,375,returned,7093.54,2024-03-23 19:58:00
4500,721,pending,6659.21,2024-04-29 03:32:00
4501,403,pending,7135.64,2024-03-10 18:53:00
4502,91,cancelled,5636.18,2024-12-27 21:19:00
4503,658,pending,9959.7,2024-04-26 07:11:00
4504,308,completed,3821.56,2024-07-09 02:35:00
4505,356,cancelled,5421.69,2024-10-25 13:51:00
4506,399,completed,9472.67,2024-04-16 09:18:00
4507,814,returned,8480.93,2024-12-29 08:24:00
4508,181,completed,3519.23,2024-11-19 18:22:00
4509,558,cancelled,6537.99,2024-11-17 15:17:00
4510,759,completed,4304.48,2024-08-14 00:21:00
4511,14,pending,8985.84,2024-02-09 16:42:00
4512,97,returned,5688.99,2024-02-06 20:53:00
4513,966,cancelled,8923.28,2024-02-20 07:50:00
4514,782,cancelled,8393.99,2024-12-07 15:24:00
4515,716,completed,7081.81,2024-05-10 17:13:00
4516,711,returned,8127.53,2024-05-27 00:47:00
4517,132,pending,5406.54,2024-05-27 21:40:00
4518,248,pending,7729.44,2024-01-15 04:27:00
4519,985,cancelled,9695.52,2024-01-16 18:46:00
4520,662,returned,7100.09,2024-04-05 03:35:00
4521,913,pending,4214.6,2024-08-19 14:07:00
4522,615,returned,9900.48,2024-07-30 13:04:00
4523,2,pending,9974.08,2024-07-20 07:17:00
4524,179,completed,1430.83,2024-03-06 04:43:00
4525,716,pending,2759.78,2024-10-28 17:02:00
4526,75,pending,7279.46,2024-08-04 17:14:00
4527,913,returned,4933.4,2024-11-12 23:01:00
4528,97,returned,8656.02,2024-11-10 02:20:00
4529,154,cancelled,2833.17,2024-07-25 03:17:00
4530,301,completed,6206.14,2024-04-18 07:49:00
4531,879,cancelled,720.4,2024-06-04 12:58:00
4532,370,returned,8828.65,2024-03-12 12:52:00
4533,54,completed,5540.9,2024-05-06 15:48:00
4534,132,returned,2260.03,2024-10-17 18:50:00
4535,769,cancelled,7377.13,2024-11-25 12:57:00
4536,628,cancelled,3624.55,2024-03-21 20:11:00
4537,498,returned,3818.73,2024-05-14 02:19:00
4538,623,completed,360.63,2024-10-07 10:00:00
4539,997,pending,7455.22,2024-06-20 10:04:00
4540,747,pending,8334.26,2024-05-18 09:59:00
4541,700,cancelled,8762.55,2024-07-23 15:09:00
4542,185,pending,5769.36,2024-06-02 15:48:00
4543,247,pending,754.44,2024-07-03 08:24:00
4544,749,completed,3800.53,2024-09-03 09:37:00
4545,850,pending,1573.29,2024-02-17 03:16:00
4546,714,returned,5307.23,2024-08-26 18:52:00
4547,325,pending,728.92,2024-12-18 00:18:00
4548,15,cancelled,2925.61,2024-08-13 15:41:00
4549,446,returned,1038.11,2024-04-09 01:44:00
4550,542,cancelled,5070.28,2024-01-31 03:46:00
4551,714,returned,9653.79,2024-02-13 09:13:00
4552,597,completed,3313.27,2024-02-03 08:14:00
4553,444,returned,5395.12,2024-03-28 20:06:00
4554,968,completed,4910.26,2024-10-07 02:35:00
4555,468,completed,548.84,2024-12-09 12:40:00
4556,538,cancelled,4290.12,2024-03-06 10:48:00
4557,466,completed,4124.81,2024-10-07 20:53:00
4558,3,pending,8650.88,2024-10-23 21:12:00
4559,251,completed,3785.65,2024-05-14 05:45:00
4560,761,pending,221.15,2024-01-18 01:11:00
4561,200,completed,1931.69,2024-09-14 13:55:00
4562,344,cancelled,9108.54,2024-01-10 21:20:00
4563,938,pending,1765.18,2024-02-18 03:18:00
4564,808,pending,370.35,2024-07-28 15:02:00
4565,106,cancelled,846.34,2024-06-12 23:37:00
4566,580,pending,289.02,2024-07-24 13:57:00
4567,256,pending,8503.17,2024-09-22 04:08:00
4568,139,pending,2850.97,2024-01-17 10:14:00
4569,890,pending,1923.47,2024-03-31 01:23:00
4570,387,pending,6584.65,2024-02-18 21:47:00
4571,629,completed,8518.33,2024-02-28 06:16:00
4572,548,cancelled,2169.85,2024-10-21 03:12:00
4573,234,pending,3699.81,2024-09-21 12:07:00
4574,816,pending,1667.41,2024-11-02 08:21:00
4575,853,returned,6824.82,2024-06-19 04:13:00
4576,312,pending,5055.91,2024-06-01 09:39:00
4577,454,returned,7951.21,2024-03-29 08:37:00
4578,525,returned,4351.05,2024-05-17 05:47:00
4579,56,cancelled,2550.42,2024-08-20 20:42:00
4580,485,pending,2839.61,2024-10-20 17:40:00
4581,641,cancelled,1855.73,2024-08-29 07:22:00
4582,415,completed,3412.62,2024-03-31 12:25:00
4583,380,cancelled,5670.93,2024-02-03 08:31:00
4584,783,returned,9608.37,2024-07-08 07:55:00
4585,655,completed,6233.93,2024-08-01 13:19:00
4586,108,cancelled,4780.05,2024-07-08 07:15:00
4587,415,cancelled,1676.61,2024-08-14 08:59:00
4588,784,returned,4399.59,2024-06-11 21:14:00
4589,347,pending,5655.81,2024-12-23 22:44:00
4590,949,returned,1360.09,2024-11-20 18:35:00
4591,910,cancelled,7504.58,2024-03-19 09:12:00
4592,899,returned,4989.16,2024-10-30 04:19:00
4593,106,cancelled,4800.73,2024-03-21 20:29:00
4594,885,returned,9513.93,2024-11-16 17:59:00
4595,230,cancelled,2787.39,2024-12-03 09:26:00
4596,562,cancelled,5052.09,2024-08-07 07:42:00
4597,592,completed,4188.29,2024-02-21 12:46:00
4598,552,pending,3030.75,2024-08-28 18:40:00
4599,243,completed,4211.28,2024-06-30 07:43:00
4600,970,completed,1104.91,2024-09-20 20:12:00
4601,712,returned,975.01,2024-05-05 00:31:00
4602,826,pending,4792.44,2024-07-13 01:30:00
4603,708,pending,7772.65,2024-01-03 03:17:00
4604,550,returned,8163.73,2024-10-10 22:01:00
4605,570,pending,3927.32,2024-05-20 18:13:00
4606,121,pending,9794.2,2024-05-26 12:50:00
4607,202,cancelled,7851.67,2024-08-14 12:11:00
4608,332,cancelled,8399.45,2024-10-23 20:10:00
4609,398,cancelled,3510.28,2024-07-26 06:58:00
4610,836,pending,6018.69,2024-08-23 04:47:00
4611,954,cancelled,212.35,2024-07-21 18:16:00
4612,518,completed,9935.41,2024-02-26 05:41:00
4613,424,returned,7214.19,2024-10-17 14:05:00
4614,636,returned,4569.83,2024-12-10 00:26:00
4615,699,pending,2262.66,2024-04-22 19:07:00
4616,34,completed,9563.73,2024-02-25 05:22:00
4617,805,completed,1224.53,2024-05-06 18:38:00
4618,279,completed,7638.04,2024-02-11 06:14:00
4619,238,cancelled,9723.42,2024-04-20 15:58:00
4620,682,returned,8348.98,2024-12-02 06:43:00
4621,281,completed,2886.32,2024-10-15 17:51:00
4622,708,cancelled,977.25,2024-02-01 02:55:00
4623,445,returned,6044.9,2024-01-20 02:16:00
4624,931,completed,1126.92,2024-01-06 09:37:00
4625,671,completed,7739.42,2024-01-25 09:41:00
4626,921,pending,8946.96,2024-01-20 04:33:00
4627,576,returned,8546.84,2024-03-01 12:58:00
4628,558,completed,7505.1,2024-02-07 19:38:00
4629,41,pending,2990.58,2024-03-03 06:16:00
4630,514,cancelled,3093.4,2024-05-13 04:03:00
4631,215,cancelled,2055.07,2024-08-05 01:44:00
4632,490,completed,4908.07,2024-10-29 03:13:00
4633,943,returned,681.73,2024-06-14 15:06:00
4634,876,completed,7928.09,2024-02-29 06:56:00
4635,139,completed,5871.37,2024-06-07 00:08:00
4636,311,returned,6723.17,2024-01-03 05:59:00
4637,534,completed,2964.35,2024-03-02 04:53:00
4638,547,returned,8525.74,2024-06-02 10:08:00
4639,931,returned,9345.48,2024-02-08 19:13:00
4640,994,returned,4816.72,2024-09-18 11:31:00
4641,390,cancelled,8615.84,2024-04-06 19:04:00
4642,245,completed,471.34,2024-11-22 15:19:00
4643,630,completed,6610.45,2024-07-13 03:50:00
4644,592,cancelled,1776.26,2024-11-24 04:07:00
4645,357,cancelled,8782.09,2024-02-08 22:15:00
4646,85,cancelled,2256.17,2024-01-27 13:38:00
4647,680,returned,9661.54,2024-04-04 12:04:00
4648,417,cancelled,8160.07,2024-06-21 05:20:00
4649,180,returned,7421.98,2024-02-08 00:08:00
4650,649,cancelled,2901.66,2024-02-03 22:29:00
4651,598,cancelled,5253.9,2024-07-02 13:24:00
4652,620,cancelled,5116.17,2024-11-02 07:03:00
4653,32,cancelled,1149.07,2024-11-17 22:46:00
4654,349,returned,4569.04,2024-12-05 12:13:00
4655,375,cancelled,7805.14,2024-05-31 04:54:00
4656,189,returned,6417.7,2024-02-14 14:09:00
4657,400,returned,1419.36,2024-11-30 11:25:00
4658,376,completed,2664.01,2024-01-05 15:01:00
4659,680,completed,921.73,2024-11-30 08:07:00
4660,859,pending,150.43,2024-07-12 16:41:00
4661,979,returned,8625.34,2024-05-13 01:50:00
4662,718,returned,7802.49,2024-02-22 00:00:00
4663,992,returned,4150.86,2024-11-02 01:43:00
4664,279,completed,4910.03,2024-10-01 04:00:00
4665,484,returned,1768.16,2024-09-13 23:07:00
4666,125,cancelled,8714.8,2024-12-03 05:08:00
4667,235,pending,5566.92,2024-04-02 05:35:00
4668,159,cancelled,230.39,2024-05-22 15:20:00
4669,888,pending,5307.49,2024-07-02 19:37:00
4670,610,cancelled,416.3,2024-05-19 02:02:00
4671,744,cancelled,4578.47,2024-02-29 07:23:00
4672,912,completed,7074.86,2024-05-06 11:42:00
4673,31,cancelled,2022.98,2024-08-14 04:10:00
4674,785,pending,9243.0,2024-01-04 13:18:00
4675,121,cancelled,9569.37,2024-10-11 01:38:00
4676,778,returned,5289.49,2024-01-15 04:59:00
4677,554,completed,8529.72,2024-01-13 09:06:00
4678,637,cancelled,9109.33,2024-12-30 10:15:00
4679,309,completed,6171.32,2024-03-05 16:48:00
4680,929,completed,9305.37,2024-05-14 09:30:00
4681,570,returned,8018.69,2024-05-27 23:56:00
4682,644,pending,5550.97,2024-03-30 02:41:00
4683,523,pending,323.47,2024-04-23 11:31:00
4684,935,completed,6769.52,2024-04-26 14:35:00
4685,600,completed,6709.58,2024-02-19 07:52:00
4686,677,returned,2580.75,2024-05-02 23:25:00
4687,611,completed,3257.47,2024-06-18 17:20:00
4688,981,cancelled,9158.17,2024-07-09 18:36:00
4689,314,completed,5492.84,2024-05-22 05:36:00
4690,917,completed,8357.74,2024-11-04 13:36:00
4691,653,completed,6925.76,2024-07-02 04:33:00
4692,623,returned,246.25,2024-02-04 23:03:00
4693,398,cancelled,4261.75,2024-05-03 07:28:00
4694,775,cancelled,3775.42,2024-01-23 02:25:00
4695,326,pending,4497.18,2024-02-17 07:26:00
4696,680,completed,3058.53,2024-10-09 01:08:00
4697,367,pending,6386.68,2024-09-19 08:12:00
4698,491,returned,6198.06,2024-03-23 20:39:00
4699,870,returned,3028.03,2024-06-03 14:49:00
4700,858,returned,8610.84,2024-04-02 10:51:00
4701,898,completed,5361.89,2024-12-11 05:15:00
4702,762,pending,9019.45,2024-03-30 06:19:00
4703,525,completed,7691.24,2024-05-20 02:29:00
4704,727,pending,3147.36,2024-06-18 10:15:00
4705,965,returned,6043.49,2024-06-16 17:21:00
4706,323,returned,2889.71,2024-10-26 00:24:00
4707,179,returned,5674.69,2024-07-12 00:10:00
4708,285,pending,3752.33,2024-02-01 07:48:00
4709,219,pending,6605.87,2024-11-13 10:43:00
4710,615,cancelled,3652.48,2024-04-23 02:20:00
4711,656,pending,5301.07,2024-04-25 01:17:00
4712,21,pending,6090.5,2024-07-19 05:57:00
4713,903,completed,4481.96,2024-02-20 15:18:00
4714,975,pending,6042.36,2024-03-08 00:19:00
4715,90,returned,4693.71,2024-03-31 03:22:00
4716,701,pending,5944.37,2024-07-26 12:38:00
4717,215,returned,8598.53,2024-01-03 12:14:00
4718,130,cancelled,7540.09,2024-04-20 03:53:00
4719,237,pending,5051.11,2024-06-03 17:49:00
4720,961,cancelled,175.14,2024-03-18 01:26:00
4721,98,completed,1151.8,2024-05-02 20:15:00
4722,217,cancelled,6228.05,2024-09-07 19:31:00
4723,87,completed,120.41,2024-11-26 00:11:00
4724,726,cancelled,4359.84,2024-07-11 04:11:00
4725,862,cancelled,3828.07,2024-12-12 08:44:00
4726,505,completed,5189.82,2024-07-07 11:38:00
4727,317,completed,7298.23,2024-10-23 19:51:00
4728,921,pending,2346.35,2024-05-26 11:46:00
4729,824,pending,1453.49,2024-04-29 02:24:00
4730,667,returned,4708.18,2024-09-30 02:18:00
4731,340,returned,2967.29,2024-05-27 07:28:00
4732,14,completed,6187.89,2024-06-29 06:43:00
4733,630,completed,9207.97,2024-12-09 14:31:00
4734,439,returned,7143.83,2024-06-23 01:22:00
4735,182,returned,6516.22,2024-08-02 02:08:00
4736,28,pending,5582.37,2024-12-24 20:20:00
4737,489,completed,4127.12,2024-02-07 23:39:00
4738,62,pending,1407.25,2024-02-05 21:07:00
4739,401,returned,6298.03,2024-12-14 14:01:00
4740,396,returned,6362.85,2024-04-14 10:15:00
4741,139,pending,2064.38,2024-09-05 03:34:00
4742,365,pending,808.96,2024-03-11 12:52:00
4743,652,cancelled,6506.5,2024-07-07 13:14:00
4744,934,returned,929.5,2024-05-26 04:38:00
4745,320,pending,313.58,2024-01-15 23:15:00
4746,465,cancelled,7751.8,2024-05-05 18:48:00
4747,551,pending,8749.64,2024-12-25 22:04:00
4748,213,pending,2670.57,2024-06-25 19:42:00
4749,642,returned,3861.9,2024-04-16 04:30:00
4750,774,cancelled,1122.49,2024-12-03 17:12:00
4751,821,returned,4186.07,2024-10-18 02:56:00
4752,350,pending,9201.56,2024-03-12 01:06:00
4753,101,cancelled,6706.26,2024-01-16 12:51:00
4754,362,pending,7033.26,2024-07-20 09:11:00
4755,442,returned,8671.41,2024-04-22 11:04:00
4756,825,pending,4929.73,2024-05-23 10:22:00
4757,226,pending,4941.19,2024-07-06 21:25:00
4758,322,returned,6174.59,2024-07-29 08:33:00
4759,452,cancelled,5927.94,2024-03-22 05:17:00
4760,834,cancelled,7110.76,2024-03-02 00:19:00
4761,417,pending,3217.52,2024-07-30 18:08:00
4762,994,returned,3337.21,2024-09-30 10:54:00
4763,113,pending,8202.39,2024-01-28 13:49:00
4764,130,returned,8770.58,2024-12-30 15:11:00
4765,612,pending,7422.98,2024-12-25 00:39:00
4766,452,pending,2648.27,2024-05-17 04:04:00
4767,135,completed,3081.5,2024-12-02 11:57:00
4768,5,pending,1558.71,2024-04-10 09:57:00
4769,506,returned,5546.03,2024-12-19 22:42:00
4770,748,completed,2940.06,2024-06-25 15:46:00
4771,581,returned,8593.9,2024-03-11 11:07:00
4772,885,cancelled,7011.33,2024-01-27 14:01:00
4773,209,pending,6532.33,2024-09-28 04:05:00
4774,300,returned,5599.46,2024-03-14 07:12:00
4775,456,pending,6964.81,2024-10-17 22:45:00
4776,277,cancelled,733.91,2024-07-21 15:25:00
4777,785,returned,216.33,2024-04-10 13:40:00
4778,225,pending,8502.15,2024-09-23 13:12:00
4779,5,completed,766.9,2024-03-11 04:01:00
4780,842,completed,8924.28,2024-12-12 16:18:00
4781,516,cancelled,1352.35,2024-05-09 17:13:00
4782,210,pending,4286.31,2024-08-19 21:36:00
4783,391,completed,9475.27,2024-09-17 05:44:00
4784,554,returned,5037.78,2024-11-22 02:44:00
4785,212,returned,186.4,2024-06-20 20:43:00
4786,260,cancelled,8917.46,2024-11-02 04:01:00
4787,576,cancelled,9180.55,2024-05-23 18:45:00
4788,854,completed,1225.87,2024-04-06 04:16:00
4789,637,cancelled,7659.62,2024-02-17 18:59:00
4790,221,cancelled,594.19,2024-11-30 00:04:00
4791,111,cancelled,2988.56,2024-02-26 15:22:00
4792,806,completed,5454.84,2024-01-25 06:33:00
4793,752,completed,2929.83,2024-11-22 02:03:00
4794,289,completed,2792.2,2024-02-02 11:25:00
4795,395,cancelled,850.89,2024-04-19 10:12:00
4796,535,completed,2816.96,2024-11-26 06:30:00
4797,318,returned,3265.22,2024-09-15 01:12:00
4798,44,completed,1120.78,2024-07-25 16:59:00
4799,326,returned,2890.14,2024-02-26 15:53:00
4800,836,returned,5534.26,2024-01-19 02:59:00
4801,623,completed,1632.2,2024-08-24 21:06:00
4802,415,pending,4888.96,2024-02-22 13:05:00
4803,110,cancelled,5207.97,2024-07-18 13:51:00
4804,530,returned,1216.95,2024-10-18 18:30:00
4805,847,returned,4441.55,2024-10-23 23:45:00
4806,534,pending,6673.56,2024-03-22 13:04:00
4807,488,completed,7222.23,2024-01-15 10:34:00
4808,213,cancelled,1976.95,2024-07-01 20:34:00
4809,69,cancelled,4277.62,2024-08-13 22:09:00
4810,559,cancelled,2544.45,2024-05-02 07:37:00
4811,672,pending,2894.66,2024-07-17 12:42:00
4812,146,completed,4734.43,2024-12-24 15:21:00
4813,573,completed,758.7,2024-06-18 17:52:00
4814,275,returned,4334.79,2024-09-05 19:55:00
4815,214,completed,8166.39,2024-04-13 00:09:00
4816,808,cancelled,2124.63,2024-08-24 05:30:00
4817,773,returned,4356.98,2024-10-13 20:14:00
4818,262,cancelled,789.36,2024-07-08 23:45:00
4819,63,pending,3267.36,2024-09-22 11:19:00
4820,437,completed,9685.98,2024-01-03 17:29:00
4821,838,pending,9419.63,2024-01-04 17:58:00
4822,578,returned,1338.11,2024-01-05 20:29:00
4823,784,pending,5600.14,2024-03-26 15:50:00
4824,487,returned,4613.22,2024-02-29 03:56:00
4825,779,cancelled,1488.06,2024-03-06 22:46:00
4826,493,returned,2064.35,2024-11-04 01:00:00
4827,454,completed,1549.63,2024-01-25 04:45:00
4828,879,cancelled,1494.04,2024-05-31 21:18:00
4829,501,pending,8895.63,2024-01-27 11:47:00
4830,675,returned,8502.79,2024-12-20 21:28:00
4831,481,completed,7598.17,2024-12-30 13:59:00
4832,124,returned,1172.53,2024-07-05 22:39:00
4833,445,cancelled,7741.62,2024-07-25 14:26:00
4834,304,completed,6111.83,2024-12-14 12:33:00
4835,876,pending,2028.24,2024-05-16 00:01:00
4836,630,cancelled,1608.16,2024-05-24 04:43:00
4837,389,cancelled,2043.14,2024-08-22 19:12:00
4838,981,pending,1359.12,2024-02-15 18:04:00
4839,779,cancelled,2514.38,2024-11-15 22:00:00
4840,470,completed,3682.27,2024-05-25 15:42:00
4841,250,returned,595.68,2024-02-28 10:31:00
4842,808,completed,917.9,2024-06-17 01:47:00
4843,719,completed,534.18,2024-07-22 22:53:00
4844,932,pending,4248.68,2024-01-16 16:02:00
4845,138,returned,3551.63,2024-10-19 22:13:00
4846,686,cancelled,8462.49,2024-06-21 19:29:00
4847,885,pending,2284.5,2024-05-27 16:32:00
4848,731,pending,3645.75,2024-02-15 19:11:00
4849,111,cancelled,5747.5,2024-08-29 18:05:00
4850,838,cancelled,3905.6,2024-12-29 16:59:00
4851,424,returned,8545.33,2024-12-13 07:51:00
4852,160,completed,8778.3,2024-02-16 15:44:00
4853,143,returned,4290.5,2024-03-15 16:09:00
4854,318,returned,5433.39,2024-05-15 18:57:00
4855,171,returned,6731.12,2024-05-28 00:02:00
4856,831,completed,6923.14,2024-12-11 21:09:00
4857,22,returned,6674.3,2024-02-14 09:42:00
4858,765,returned,7920.12,2024-06-12 02:37:00
4859,25,cancelled,2870.05,2024-03-14 15:56:00
4860,118,returned,9548.15,2024-04-13 23:03:00
4861,901,pending,9884.68,2024-06-12 13:54:00
4862,672,pending,3875.76,2024-12-30 06:51:00
4863,14,completed,9080.04,2024-01-30 23:02:00
4864,604,completed,5310.6,2024-10-31 18:15:00
4865,68,returned,5258.31,2024-01-02 09:54:00
4866,844,completed,1817.55,2024-11-25 07:21:00
4867,716,cancelled,738.24,2024-10-05 19:48:00
4868,185,completed,6254.21,2024-04-27 01:59:00
4869,269,pending,6370.24,2024-08-01 13:05:00
4870,249,returned,3999.69,2024-09-30 20:01:00
4871,525,completed,1489.27,2024-03-11 21:40:00
4872,440,completed,3553.02,2024-10-19 09:49:00
4873,470,cancelled,7714.13,2024-01-02 11:58:00
4874,736,pending,829.14,2024-02-15 01:22:00
4875,698,pending,6776.0,2024-05-05 00:55:00
4876,628,returned,5022.23,2024-04-13 19:28:00
4877,634,cancelled,9789.45,2024-02-18 17:37:00
4878,128,cancelled,1485.32,2024-08-04 19:14:00
4879,486,returned,7361.12,2024-07-01 20:01:00
4880,776,completed,4114.81,2024-09-05 13:30:00
4881,707,completed,5139.96,2024-09-02 12:55:00
4882,920,pending,6616.2,2024-10-04 06:26:00
4883,950,pending,4381.18,2024-09-26 21:42:00
4884,367,completed,969.04,2024-12-01 12:56:00
4885,795,pending,4652.91,2024-07-24 05:37:00
4886,163,pending,4308.63,2024-08-10 14:32:00
4887,851,completed,5741.77,2024-12-18 06:28:00
4888,660,returned,947.69,2024-07-21 10:10:00
4889,192,completed,4691.62,2024-10-24 18:15:00
4890,828,cancelled,5699.45,2024-02-24 04:20:00
4891,350,returned,4854.7,2024-03-18 13:20:00
4892,998,returned,3863.8,2024-01-13 17:53:00
4893,193,cancelled,9599.96,2024-09-29 00:20:00
4894,31,completed,9192.71,2024-05-28 03:49:00
4895,452,completed,8930.22,2024-07-17 10:30:00
4896,565,pending,5759.41,2024-03-12 18:55:00
4897,361,returned,3574.1,2024-02-17 17:34:00
4898,452,completed,6518.04,2024-06-06 16:27:00
4899,41,completed,8743.07,2024-07-03 01:00:00
4900,736,pending,2692.71,2024-10-31 22:40:00
4901,186,returned,5655.66,2024-09-08 11:40:00
4902,475,completed,6301.95,2024-11-24 00:49:00
4903,145,pending,278.38,2024-02-22 23:56:00
4904,154,cancelled,6372.84,2024-02-02 20:32:00
4905,401,completed,4984.74,2024-03-28 18:48:00
4906,993,completed,4074.85,2024-11-25 19:22:00
4907,153,pending,1704.3,2024-04-06 13:38:00
4908,216,completed,6376.48,2024-01-09 12:10:00
4909,908,completed,235.04,2024-09-12 20:12:00
4910,21,pending,8142.62,2024-03-29 12:41:00
4911,728,returned,1475.04,2024-12-25 18:28:00
4912,373,pending,4748.78,2024-11-21 09:01:00
4913,715,cancelled,4998.7,2024-12-19 02:51:00
4914,658,cancelled,3120.25,2024-12-05 19:23:00
4915,923,returned,6815.06,2024-09-10 08:03:00
4916,738,returned,5473.23,2024-09-09 06:23:00
4917,662,cancelled,2606.21,2024-07-09 07:16:00
4918,339,completed,2878.81,2024-12-01 13:57:00
4919,563,returned,3603.96,2024-09-20 06:42:00
4920,766,cancelled,5116.1,2024-05-31 17:47:00
4921,877,pending,6647.37,2024-06-29 20:35:00
4922,968,returned,6336.81,2024-08-01 15:13:00
4923,445,returned,8315.72,2024-09-22 10:15:00
4924,158,completed,8620.7,2024-08-23 15:23:00
4925,538,returned,145.3,2024-09-17 19:18:00
4926,250,pending,7754.08,2024-11-29 13:49:00
4927,824,pending,6603.18,2024-11-28 08:19:00
4928,250,returned,9968.49,2024-12-19 10:55:00
4929,549,completed,3624.71,2024-06-05 10:51:00
4930,62,cancelled,9945.81,2024-01-17 19:11:00
4931,545,cancelled,4068.84,2024-03-25 23:52:00
4932,9,completed,4633.07,2024-05-23 05:58:00
4933,777,pending,5714.73,2024-12-22 14:28:00
4934,233,returned,9079.16,2024-10-29 10:17:00
4935,651,cancelled,6702.85,2024-12-17 00:15:00
4936,576,completed,728.01,2024-03-11 10:35:00
4937,360,completed,3608.04,2024-12-12 04:44:00
4938,714,completed,3068.98,2024-06-24 00:42:00
4939,190,completed,3185.35,2024-06-24 07:56:00
4940,67,pending,9097.67,2024-11-01 08:49:00
4941,701,pending,8261.21,2024-09-08 19:54:00
4942,853,cancelled,1962.1,2024-02-21 03:09:00
4943,245,cancelled,5803.43,2024-05-20 05:25:00
4944,367,pending,8860.7,2024-05-15 04:35:00
4945,445,returned,9070.5,2024-12-07 11:07:00
4946,709,completed,5283.37,2024-09-10 07:33:00
4947,198,cancelled,3550.76,2024-06-24 02:16:00
4948,648,returned,9770.31,2024-11-05 20:05:00
4949,599,pending,3309.37,2024-02-10 15:42:00
4950,924,cancelled,3505.8,2024-07-02 10:48:00
4951,701,pending,6917.51,2024-12-23 01:59:00
4952,784,returned,1443.55,2024-04-05 17:54:00
4953,111,returned,4610.71,2024-05-06 14:16:00
4954,395,completed,9977.11,2024-03-12 02:42:00
4955,326,returned,3808.06,2024-08-04 23:46:00
4956,781,pending,7634.4,2024-05-11 03:11:00
4957,772,returned,384.6,2024-05-11 16:07:00
4958,524,returned,3983.32,2024-01-08 18:39:00
4959,956,completed,4296.57,2024-04-29 02:38:00
4960,853,returned,2480.94,2024-04-30 19:38:00
4961,345,completed,4414.68,2024-09-09 01:19:00
4962,344,completed,7151.54,2024-11-11 18:34:00
4963,147,pending,9152.36,2024-12-26 23:26:00
4964,452,pending,6799.32,2024-02-21 05:48:00
4965,221,cancelled,7838.28,2024-09-28 17:33:00
4966,981,completed,3154.91,2024-06-25 02:42:00
4967,299,pending,666.12,2024-07-08 19:52:00
4968,249,returned,3048.02,2024-01-24 21:09:00
4969,567,pending,7875.79,2024-05-01 03:15:00
4970,262,pending,4766.67,2024-07-08 14:24:00
4971,478,pending,6103.15,2024-02-02 03:45:00
4972,340,cancelled,5945.65,2024-05-26 20:16:00
4973,199,completed,5261.24,2024-12-28 06:41:00
4974,307,pending,4415.2,2024-11-10 11:14:00
4975,938,completed,8877.33,2024-12-17 20:54:00
4976,161,returned,4888.08,2024-12-13 20:06:00
4977,329,completed,4139.2,2024-12-15 18:07:00
4978,972,returned,6089.07,2024-07-18 10:51:00
4979,66,returned,2214.93,2024-03-23 16:07:00
4980,863,returned,1498.42,2024-11-10 02:47:00
4981,55,returned,2363.02,2024-11-12 04:10:00
4982,101,pending,4031.0,2024-02-08 10:28:00
4983,224,returned,4407.98,2024-09-04 03:49:00
4984,28,cancelled,1455.4,2024-09-20 21:28:00
4985,500,completed,4476.5,2024-05-29 11:54:00
4986,610,completed,3794.29,2024-04-10 01:16:00
4987,281,cancelled,606.07,2024-03-31 00:08:00
4988,795,returned,7449.77,2024-09-23 07:35:00
4989,507,completed,8881.84,2024-06-07 20:22:00
4990,902,completed,1784.0,2024-06-10 16:25:00
4991,464,returned,567.59,2024-11-28 01:17:00
4992,9,pending,2804.11,2024-12-16 22:29:00
4993,696,cancelled,3046.21,2024-02-05 17:45:00
4994,741,pending,2476.93,2024-08-05 17:32:00
4995,99,completed,847.62,2024-05-04 17:42:00
4996,136,returned,1807.98,2024-01-25 10:06:00
4997,250,pending,2880.09,2024-01-31 03:34:00
4998,318,pending,1574.08,2024-02-20 07:34:00
4999,674,pending,3680.45,2024-04-30 05:02:00
5000,790,pending,6882.9,2024-02-09 21:24:00
